category,title,description,image,price,sku,in_stock,product_id
Audio Components,00XL284 - Lenovo 55mm Internal Speaker for ThinkCentre M710Q,,https://cdn.cmshardware.com/images/Images/Products/00XL284.webp,$68.00,00XL284,True,252
Audio Components,017PW - Dell 2-in-1 Left & Right Laptop Speaker Set for Chromebook 11,,https://cdn.cmshardware.com/images/Images/Products/017PW.webp,$62.00,017PW,True,154
Audio Components,029MKK - Dell Internal Speaker for OptiPlex 390 790 990 3010 7010,,https://pub-4ae70fe1d6cf4e5ea327e14b66c0ad8e.r2.dev/dtsupply-products/029MKK.webp,Get a Quote for price,029MKK,True,172
Audio Components,04N567 - Dell Desktop Speakers And Power Supply,,https://pub-4ae70fe1d6cf4e5ea327e14b66c0ad8e.r2.dev/dtsupply-products/04N567.webp,$170.00,04N567,True,147
Audio Components,056397-000 - NEC Fax/Modem/Sound Card with ISA MT1720 Game Port,,https://cdn.cmshardware.com/images/Images/Products/056397-000.webp,Get a Quote for price,056397-000,True,249
Audio Components,05N356 - Dell Speakers And Power Supply,,https://pub-4ae70fe1d6cf4e5ea327e14b66c0ad8e.r2.dev/dtsupply-products/05N356.webp,$170.00,05N356,True,146
Audio Components,0DKY0 - Dell Tablet Right Speaker for Latitude 11 5175 5179,,https://cdn.cmshardware.com/images/Images/Products/0DKY0.webp,$62.00,0DKY0,True,155
Audio Components,0G017A - Dell Asus Hangouts Meet Speaker Mic,,https://cdn.cmshardware.com/images/Images/Products/0G017A.webp,$110.00,0G017A,True,221
Audio Components,0R533 - Dell Sound Blaster Live 5.1 PCI Sound Card,,https://pub-4ae70fe1d6cf4e5ea327e14b66c0ad8e.r2.dev/dtsupply-products/0R533.webp,$62.00,0R533,True,156
Audio Components,0WV2P - Dell Left and Right Speaker Set for Latitude 3510,,https://cdn.cmshardware.com/images/Images/Products/0WV2P.webp,$62.00,0WV2P,True,148
Audio Components,0YYM2 - Dell Left and Right Speaker for Latitude 5580 E5580,,https://cdn.cmshardware.com/images/Images/Products/0YYM2.webp,Get a Quote for price,0YYM2,True,178
Audio Components,14101-19 - Jabra Ear Cushion,,https://pub-4ae70fe1d6cf4e5ea327e14b66c0ad8e.r2.dev/dtsupply-products/14101-19.webp,$72.00,14101-19,True,130
Audio Components,14121-26 - Jabra Ear Hook,,https://pub-4ae70fe1d6cf4e5ea327e14b66c0ad8e.r2.dev/dtsupply-products/14121-26.webp,$70.00,14121-26,True,124
Audio Components,14201-16 - Jabra headphone/headset accessory,,https://pub-4ae70fe1d6cf4e5ea327e14b66c0ad8e.r2.dev/dtsupply-products/14201-16.webp,$68.00,14201-16,True,114
Audio Components,14201-17 - Jabra EHS Adapter Polycom EHS Hookswitch Cord,,https://pub-4ae70fe1d6cf4e5ea327e14b66c0ad8e.r2.dev/dtsupply-products/14201-17.webp,$98.00,14201-17,True,113
Audio Components,14207-10 - Jabra BusyLight Visual,,https://pub-4ae70fe1d6cf4e5ea327e14b66c0ad8e.r2.dev/dtsupply-products/14207-10.webp,$80.00,14207-10,True,115
Audio Components,1600-719 - JABRA DanaSwitch Switch for Headset Telephone Handset,,https://pub-4ae70fe1d6cf4e5ea327e14b66c0ad8e.r2.dev/dtsupply-products/1600-719.webp,$80.00,1600-719,True,120
Audio Components,174922-003 - HP Internal Desktop Speaker Case for D310,,https://cdn.cmshardware.com/images/Images/Products/174922-003.webp,Get a Quote for price,174922-003,True,210
Audio Components,181UR - Dell Sound Blaster Live 5.1 Surround Digital PCI Audio Card,,https://cdn.cmshardware.com/images/Images/Products/181UR.webp,$98.00,181UR,True,188
Audio Components,207414-03 - Plantronics MDA220 USB Desk Phone Softphone Switch,,https://pub-4ae70fe1d6cf4e5ea327e14b66c0ad8e.r2.dev/dtsupply-products/207414-03.webp,$62.00,207414-03,True,119
Audio Components,2200-15660-001 - Polycom Sound Station Conference Phone with Power,,https://pub-4ae70fe1d6cf4e5ea327e14b66c0ad8e.r2.dev/dtsupply-products/2200-15660-001.webp,$348.00,2200-15660-001,True,118
Audio Components,2200-17910-001 - Polycom VoiceStation 300 2-Way Communication Phone,,https://pub-4ae70fe1d6cf4e5ea327e14b66c0ad8e.r2.dev/dtsupply-products/2200-17910-001.webp,$160.00,2200-17910-001,True,111
Audio Components,2201-61063-001 - Polycom Real Presence Microphone with Cable,,https://cdn.cmshardware.com/images/Images/Products/2201-61063-001.webp,$96.00,2201-61063-001,True,244
Audio Components,250-0094-01 - 3Com NBX/VCX 3102A Speakerphone,,https://cdn.cmshardware.com/images/Images/Products/250-0094-01.webp,$110.00,250-0094-01,True,241
Audio Components,2FGX8 - Dell Internal Speaker for Vostro 1014/ 1015,,https://cdn.cmshardware.com/images/Images/Products/2FGX8.webp,$62.00,2FGX8,True,153
Audio Components,2MCFR - Dell Laptop Speaker for Venue 8 5830,,https://cdn.cmshardware.com/images/Images/Products/2MCFR.webp,$62.00,2MCFR,True,157
Audio Components,2RJ7P - Dell Left & Right Internal Speaker Set for Inspiron 3542,,https://cdn.cmshardware.com/images/Images/Products/2RJ7P.webp,$62.00,2RJ7P,True,150
Audio Components,36832-41 - Plantronics SupraPlus Over Ear WideBand Headset,,https://cdn.cmshardware.com/images/Images/Products/36832-41.webp,$68.00,36832-41,True,250
Audio Components,385980-003 - HP Internal Case Speaker for DC7700 DC770p Desktop SFF,,https://cdn.cmshardware.com/images/Images/Products/385980-003.webp,$55.00,385980-003,True,216
Audio Components,3KJ1T - Dell Right and Left Laptop Internal Speaker for Latitude E7250,,https://cdn.cmshardware.com/images/Images/Products/3KJ1T.webp,$62.00,3KJ1T,True,158
Audio Components,3P11H - Dell Left & Right Speaker Kit for Inspiron 7579 7569,,https://cdn.cmshardware.com/images/Images/Products/3P11H.webp,$62.00,3P11H,True,149
Audio Components,3WTMD - Dell USB Stereo Headset with Boom Microphone,,https://cdn.cmshardware.com/images/Images/Products/3WTMD.webp,$82.00,3WTMD,True,152
Audio Components,434060-001 - HP USB Powered Audio Speaker,,https://pub-4ae70fe1d6cf4e5ea327e14b66c0ad8e.r2.dev/dtsupply-products/434060-001.webp,$95.00,434060-001,True,192
Audio Components,440920-001 - HP 1.5W 113M Internal Audio Speaker for RP5700,,https://cdn.cmshardware.com/images/Images/Products/440920-001.webp,$72.00,440920-001,True,215
Audio Components,443909-001 - HP Internal Speaker Assembly for 6510 / 6510B / 6515B,,https://cdn.cmshardware.com/images/Images/Products/443909-001.webp,$52.00,443909-001,True,193
Audio Components,48K3T - Dell Microphone Only for OptiPlex 9010,,https://pub-4ae70fe1d6cf4e5ea327e14b66c0ad8e.r2.dev/dtsupply-products/48K3T.webp,$130.00,48K3T,True,140
Audio Components,4TYFR - Dell Left & Right Internal Speaker Set for Latitude E5520,,https://cdn.cmshardware.com/images/Images/Products/4TYFR.webp,$62.00,4TYFR,True,162
Audio Components,531565-001 - HP 5V DC 2.5-Watts 500mA LCD Speaker Bar,,https://pub-4ae70fe1d6cf4e5ea327e14b66c0ad8e.r2.dev/dtsupply-products/531565-001.webp,$62.00,531565-001,True,194
Audio Components,540-2072 - Sun Electromagnetic Loudspeaker for Microsystems,,https://cdn.cmshardware.com/images/Images/Products/540-2072.webp,$102.00,540-2072,True,247
Audio Components,583283-001 - HP Internal Left & Right Speaker Set,,https://cdn.cmshardware.com/images/Images/Products/583283-001.webp,Get a Quote for price,583283-001,True,205
Audio Components,5M40S38055 - Lenovo Microphone Assembly C 81XE FPC,,https://cdn.cmshardware.com/images/Images/Products/5M40S38055.webp,Get a Quote for price,5M40S38055,True,138
Audio Components,5SB0S73516 - Lenovo Speakers Kit for ThinkPad T14 T15 P14S,,https://cdn.cmshardware.com/images/Images/Products/5SB0S73516.webp,$72.00,5SB0S73516,True,243
Audio Components,60PC4 - Dell Left & Right Speaker Assembly for Alienware 17 R3 Laptop,,https://cdn.cmshardware.com/images/Images/Products/60PC4.webp,$62.00,60PC4,True,151
Audio Components,640449-001 - HP Left & Right Internal Speaker Set,,https://cdn.cmshardware.com/images/Images/Products/640449-001.webp,Get a Quote for price,640449-001,True,204
Audio Components,642798-001 - HP Microphone Module for EliteBook 8460P/ 2560P,,https://cdn.cmshardware.com/images/Images/Products/642798-001.webp,$50.00,642798-001,True,213
Audio Components,644320-005 - HP Power Button with Speaker for Z820,,https://cdn.cmshardware.com/images/Images/Products/644320-005.webp,$82.00,644320-005,True,211
Audio Components,682097-001 - HP Subwoofer Speaker Assembly for Envy DV6T-7000 Series,,https://pub-4ae70fe1d6cf4e5ea327e14b66c0ad8e.r2.dev/dtsupply-products/682097-001.webp,$62.00,682097-001,True,191
Audio Components,686695-001 - HP Steamer 21.5 Left & Right Speaker,,https://cdn.cmshardware.com/images/Images/Products/686695-001.webp,$62.00,686695-001,True,212
Audio Components,68KKR - Dell Left & Right Speaker set for Inspiron 15 5570,,https://cdn.cmshardware.com/images/Images/Products/68KKR.webp,$62.00,68KKR,True,161
Audio Components,6X34R - Dell Left & Right Speaker Kit for Chromebook 13 3380,,https://cdn.cmshardware.com/images/Images/Products/6X34R.webp,$62.00,6X34R,True,164
Audio Components,700411176 - Avaya 4690 IP Conference Telephone,,https://pub-4ae70fe1d6cf4e5ea327e14b66c0ad8e.r2.dev/dtsupply-products/700411176.webp,$575.00,700411176,True,110
Audio Components,702FF - Dell Left & Right Internal Speaker for Inspiron 11 3152,,https://cdn.cmshardware.com/images/Images/Products/702FF.webp,Get a Quote for price,702FF,True,176
Audio Components,716048-001 - HP 27-inch Audio Beats Left & Right Speaker,,https://cdn.cmshardware.com/images/Images/Products/716048-001.webp,$108.00,716048-001,True,214
Audio Components,7410-109 - Jabra USB 2.0 Speak 410 MS Conference Speakerphone,,https://pub-4ae70fe1d6cf4e5ea327e14b66c0ad8e.r2.dev/dtsupply-products/7410-109.webp,$195.00,7410-109,True,126
Audio Components,74J6M - Dell UC350 Pro Stereo USB Headset Black,,https://pub-4ae70fe1d6cf4e5ea327e14b66c0ad8e.r2.dev/dtsupply-products/74J6M.webp,Get a Quote for price,74J6M,True,173
Audio Components,7510-409 - Jabra Speak 510+ UC USB/Bluetooth Speakerphone,,https://pub-4ae70fe1d6cf4e5ea327e14b66c0ad8e.r2.dev/dtsupply-products/7510-409.webp,$190.00,7510-409,True,134
Audio Components,7810-109 - Jabra USB Speak 810 MS Conference Speakerphone,,https://pub-4ae70fe1d6cf4e5ea327e14b66c0ad8e.r2.dev/dtsupply-products/7810-109.webp,$542.00,7810-109,True,127
Audio Components,799107-001 - HP Internal Speaker for ProDesk 400 Gen3 MT,,https://cdn.cmshardware.com/images/Images/Products/799107-001.webp,$55.00,799107-001,True,195
Audio Components,7K0CH - Dell Left & Right Internal Speakers Set for Latitude E6220,,https://cdn.cmshardware.com/images/Images/Products/7K0CH.webp,$62.00,7K0CH,True,165
Audio Components,7W073AA#ABA - HP CS540A Wireless Headset TAA With Handset lifter,,https://cdn.cmshardware.com/images/Images/Products/7W073AA#ABA.webp,$268.00,7W073AA#ABA,True,109
Audio Components,88001-03 - Jabra headphone/headset accessory Cable,,https://pub-4ae70fe1d6cf4e5ea327e14b66c0ad8e.r2.dev/dtsupply-products/88001-03.webp,$95.00,88001-03,True,121
Audio Components,88001-04 - Jabra headphone/headset accessory Cable,,https://pub-4ae70fe1d6cf4e5ea327e14b66c0ad8e.r2.dev/dtsupply-products/88001-04.webp,$90.00,88001-04,True,133
Audio Components,8VKRK - Dell Subwoofer Speaker Assembly for the Alienware 17 R4,,https://cdn.cmshardware.com/images/Images/Products/8VKRK.webp,$62.00,8VKRK,True,182
Audio Components,924343-001 - HP Internal Left Right Speaker Set,,https://cdn.cmshardware.com/images/Images/Products/924343-001.webp,$62.00,924343-001,True,208
Audio Components,924935-001 - HP LCD Left And Right Speaker Kit,,https://cdn.cmshardware.com/images/Images/Products/924935-001.webp,$50.00,924935-001,True,206
Audio Components,925445-001 - HP Speaker Kit for Elite X2 1012 G2,,https://cdn.cmshardware.com/images/Images/Products/925445-001.webp,$62.00,925445-001,True,209
Audio Components,92F1319 - IBM Information Panel Card with Speaker,,https://cdn.cmshardware.com/images/Images/Products/92F1319.webp,$110.00,92F1319,True,242
Audio Components,9559-583-125 - Jabra Engage 75 Stereo Headset,,https://cdn.cmshardware.com/images/Images/Products/9559-583-125.webp,Get a Quote for price,9559-583-125,True,189
Audio Components,980-000012 - Logitech S120 Wired 3.5mm/2.3 Watts/2.0 Channel Speaker System (Black),,https://pub-4ae70fe1d6cf4e5ea327e14b66c0ad8e.r2.dev/dtsupply-products/980-000012.webp,$135.00,980-000012,True,239
Audio Components,980-000800 - Logitech Z200 Wired 3.5mm/10 Watts/2.0 Channel Speaker System (Midnight Black),,https://pub-4ae70fe1d6cf4e5ea327e14b66c0ad8e.r2.dev/dtsupply-products/980-000800.webp,$100.00,980-000800,True,238
Audio Components,A1221 - Apple Iphone Bluetooth Headset,,https://pub-4ae70fe1d6cf4e5ea327e14b66c0ad8e.r2.dev/dtsupply-products/A1221.webp,$58.00,A1221,True,217
Audio Components,AX210 - Dell USB Multimedia Stereo Speaker System Black,,https://pub-4ae70fe1d6cf4e5ea327e14b66c0ad8e.r2.dev/dtsupply-products/AX210.webp,$78.00,AX210,True,144
Audio Components,AX510 - Dell Sound Bar Speaker for Monitors C729C,,https://pub-4ae70fe1d6cf4e5ea327e14b66c0ad8e.r2.dev/dtsupply-products/AX510.webp,$62.00,AX510,True,159
Audio Components,BA96-07675A - Samsung Left and Right Speaker Set,,https://cdn.cmshardware.com/images/Images/Products/BA96-07675A.webp,$110.00,BA96-07675A,True,246
Audio Components,BT008-BLACK - iMicro Portable Bluetooth Sound Bar Speaker,,https://cdn.cmshardware.com/images/Images/Products/BT008-BLACK.webp,$62.00,BT008-BLACK,True,100
Audio Components,BT008-RED - iMicro IKANOO BT008 Portable Bluetooth Sound Bar Speaker,,https://cdn.cmshardware.com/images/Images/Products/BT008-RED.webp,$62.00,BT008-RED,True,91
Audio Components,BT009-BLACK - iMicro Radio Clock Wireless Bluetooth Portable Speaker,,https://cdn.cmshardware.com/images/Images/Products/BT009-BLACK.webp,$78.00,BT009-BLACK,True,92
Audio Components,BT012-BLACK - iMicro Portable Bluetooth Speaker System,,https://cdn.cmshardware.com/images/Images/Products/BT012-BLACK.webp,$62.00,BT012-BLACK,True,90
Audio Components,BT012-PINK - iMicro IKANOO BT012 Portable Bluetooth Speaker System,,https://cdn.cmshardware.com/images/Images/Products/BT012-PINK.webp,$62.00,BT012-PINK,True,96
Audio Components,BT012-SILVER - iMicro IKANOO BT012 Portable Bluetooth Speaker System,,https://cdn.cmshardware.com/images/Images/Products/BT012-SILVER.webp,$62.00,BT012-SILVER,True,97
Audio Components,BT014-BLACK - iMicro Power Bank Wireless Bluetooth Portable Speaker,,https://cdn.cmshardware.com/images/Images/Products/BT014-BLACK.webp,$62.00,BT014-BLACK,True,98
Audio Components,BT014-WHITE - iMicro IKANOO BT014 Wireless Bluetooth Portable Speaker,,https://cdn.cmshardware.com/images/Images/Products/BT014-WHITE.webp,$62.00,BT014-WHITE,True,99
Audio Components,C054A - Plantronics Wireless Headset With Headset Base Stand & Charger,,https://cdn.cmshardware.com/images/Images/Products/C054A.webp,Get a Quote for price,C054A,True,219
Audio Components,CH8TH - Dell Left and Right Internal Speaker Set,,https://cdn.cmshardware.com/images/Images/Products/CH8TH.webp,$62.00,CH8TH,True,179
Audio Components,CN7FW - Dell Left & Right Laptop Speaker Set for Inspiron 14,,https://cdn.cmshardware.com/images/Images/Products/CN7FW.webp,$62.00,CN7FW,True,160
Audio Components,CT4520 - Creative Labs Sound Blaster AWE64 Value CT4520 16-Bit ISA Sound Card,,https://pub-4ae70fe1d6cf4e5ea327e14b66c0ad8e.r2.dev/dtsupply-products/CT4520.webp,$62.00,CT4520,True,231
Audio Components,CT602 - Dell Sound Blaster SB0460 X-Fi Xtreme Portable Wireless Bluetooth Speaker,,https://pub-4ae70fe1d6cf4e5ea327e14b66c0ad8e.r2.dev/dtsupply-products/CT602.webp,$148.00,CT602,True,187
Audio Components,Dell 2FR79 Silicom PCI-Express Auxiliary Card with Cable,,https://pub-4ae70fe1d6cf4e5ea327e14b66c0ad8e.r2.dev/dtsupply-products/2FR79.webp,$322.00,2FR79,True,142
Audio Components,Dell TFM86 Mellanox PCI-Express Auxiliary Card with Cable,,https://pub-4ae70fe1d6cf4e5ea327e14b66c0ad8e.r2.dev/dtsupply-products/TFM86.webp,$322.00,TFM86,True,141
Audio Components,DS-5014D - Samsung 14-Button Display Speakerphone,,https://pub-4ae70fe1d6cf4e5ea327e14b66c0ad8e.r2.dev/dtsupply-products/DS-5014D.webp,$186.00,DS-5014D,True,87
Audio Components,EHS36 - Yealink Wireless Headphone Adapter Compatible With Jabra A,,https://pub-4ae70fe1d6cf4e5ea327e14b66c0ad8e.r2.dev/dtsupply-products/EHS36.webp,$120.00,EHS36,True,129
Audio Components,"EXP43 - Yealink 4.3"" LCD 272 x 480 1x Mini-USB 2.0 Expansion Module",,https://pub-4ae70fe1d6cf4e5ea327e14b66c0ad8e.r2.dev/dtsupply-products/EXP43.webp,$168.00,EXP43,True,88
Audio Components,F333J - Dell Sound Blaster SB0880 X-Fi PCI-Express Card,,https://pub-4ae70fe1d6cf4e5ea327e14b66c0ad8e.r2.dev/dtsupply-products/F333J.webp,$72.00,F333J,True,186
Audio Components,FON-870I - Fortinet FortiFone-870i Cordless Extension Handset,,https://pub-4ae70fe1d6cf4e5ea327e14b66c0ad8e.r2.dev/dtsupply-products/FON-870I.webp,Get a Quote for price,FON-870I,True,235
Audio Components,FON-870I-H - Fortinet FortiFone-870i Cordless Extension Handset,,https://pub-4ae70fe1d6cf4e5ea327e14b66c0ad8e.r2.dev/dtsupply-products/FON-870I-H.webp,Get a Quote for price,FON-870I-H,True,236
Audio Components,G017A - Asus Hangouts Meet Speaker Mic,,https://pub-4ae70fe1d6cf4e5ea327e14b66c0ad8e.r2.dev/dtsupply-products/G017A.webp,$72.00,G017A,True,232
Audio Components,G4NDK - Dell Left and Right Speakers for Inspiron 14 7437,,https://cdn.cmshardware.com/images/Images/Products/G4NDK.webp,$62.00,G4NDK,True,163
Audio Components,G9035 - Dell Internal Speaker Assembly for Optiplex G6X20,,https://cdn.cmshardware.com/images/Images/Products/G9035.webp,$62.00,G9035,True,184
Audio Components,GS550 - Redragon 2.0 Channel Stereo Desktop Computer Sound Bar,,https://cdn.cmshardware.com/images/Images/Products/GS550.webp,$80.00,GS550,True,107
Audio Components,H21BK - Microlab Minimum 50Hz Maximum 20kHz Bluetooth Speaker System,,https://cdn.cmshardware.com/images/Images/Products/H21BK.webp,$162.00,H21BK,True,108
Audio Components,H21WHITE - Microlab H21 Wireless Bluetooth Bookshelf Speaker System,,https://cdn.cmshardware.com/images/Images/Products/H21WHITE.webp,$185.00,H21WHITE,True,101
Audio Components,H510 BLACK - Redragon Zeus 7.1 Surround Gaming Headset,,https://cdn.cmshardware.com/images/Images/Products/H510 BLACK.webp,$152.00,H510 BLACK,True,102
Audio Components,HPE MTMK0011 InfiniBand HDR PCI-Express 3.0 x16 Auxiliary Card,,https://pub-4ae70fe1d6cf4e5ea327e14b66c0ad8e.r2.dev/dtsupply-products/MTMK0011.webp,$300.00,MTMK0011,True,224
Audio Components,HPE P10234-001 InfiniBand HDR PCI-Express 3.0 x16 Auxiliary Card,,https://pub-4ae70fe1d6cf4e5ea327e14b66c0ad8e.r2.dev/dtsupply-products/P10234-001.webp,$300.00,P10234-001,True,222
Audio Components,HPE P10330-001 InfiniBand HDR PCI-Express 3.0 x16 Auxiliary Card,,https://pub-4ae70fe1d6cf4e5ea327e14b66c0ad8e.r2.dev/dtsupply-products/P10330-001.webp,$300.00,P10330-001,True,223
Audio Components,HPE TMK00 InfiniBand HDR PCI-Express 3.0 x16 Auxiliary Card,,https://pub-4ae70fe1d6cf4e5ea327e14b66c0ad8e.r2.dev/dtsupply-products/TMK00.webp,$300.00,TMK00,True,201
Audio Components,HW251N - Plantronics SupraPlus Over Ear WideBand Headset,,https://cdn.cmshardware.com/images/Images/Products/HW251N.webp,$72.00,HW251N,True,251
Audio Components,HW510 - Plantronics EncorePro Noise Cancelling Over Head Monaural Headset,,https://pub-4ae70fe1d6cf4e5ea327e14b66c0ad8e.r2.dev/dtsupply-products/HW510.webp,$62.00,HW510,True,233
Audio Components,HW520 - Plantronics EncorePro Black Headband Headset,,https://pub-4ae70fe1d6cf4e5ea327e14b66c0ad8e.r2.dev/dtsupply-products/HW520.webp,Get a Quote for price,HW520,True,245
Audio Components,J1XV6 - Dell Left and Right Speaker Set for Latitude 13 7350,,https://cdn.cmshardware.com/images/Images/Products/J1XV6.webp,Get a Quote for price,J1XV6,True,175
Audio Components,K4562 - Dell Sound Blaster Live 7.1 Surround 24-Bit PCI Card,,https://pub-4ae70fe1d6cf4e5ea327e14b66c0ad8e.r2.dev/dtsupply-products/K4562.webp,$72.00,K4562,True,185
Audio Components,KX-TG9322T - Panasonic KX-TG9322T Cordless Phone 1.90 GHz DECT 6.0 Metallic Black 2 x Phone Line 1 x Handset Caller ID Speakerphone Backlight,,https://pub-4ae70fe1d6cf4e5ea327e14b66c0ad8e.r2.dev/dtsupply-products/KX-TG9322T.webp,Get a Quote for price,KX-TG9322T,True,116
Audio Components,L20453-001 - HP Left & Right Speaker Set for 14/ 14S/ 15/ 15T,,https://cdn.cmshardware.com/images/Images/Products/L20453-001.webp,$50.00,L20453-001,True,203
Audio Components,L28271-001 - HP SPS-Speaker Kit for ProBook 440 Gen1 x360,,https://cdn.cmshardware.com/images/Images/Products/L28271-001.webp,$50.00,L28271-001,True,198
Audio Components,L28747-001 - HP Speaker with Bracket for Z2 Mini Gen3,,https://pub-4ae70fe1d6cf4e5ea327e14b66c0ad8e.r2.dev/dtsupply-products/L28747-001.webp,$105.00,L28747-001,True,196
Audio Components,L44513-001 - HP Left and Right Speaker Assembly for ProBook 430 Gen6,,https://cdn.cmshardware.com/images/Images/Products/L44513-001.webp,$58.00,L44513-001,True,199
Audio Components,L71978-001 - HP Speakers for Spectre x360 13-AW0150TU,,https://pub-4ae70fe1d6cf4e5ea327e14b66c0ad8e.r2.dev/dtsupply-products/L71978-001.webp,$50.00,L71978-001,True,200
Audio Components,L73318-001 - HP Left & Right Dual Speaker,,https://cdn.cmshardware.com/images/Images/Products/L73318-001.webp,$50.00,L73318-001,True,207
Audio Components,M07208-001 - HP Microphone Module,,https://cdn.cmshardware.com/images/Images/Products/M07208-001.webp,$58.00,M07208-001,True,202
Audio Components,M07209-001 - HP Third MIC Board for Elitebook 830 840 845,,https://cdn.cmshardware.com/images/Images/Products/M07209-001.webp,Get a Quote for price,M07209-001,True,139
Audio Components,M4000 - Nvidia Quadro M4000 Quad 8GB 256-Bit GDDR5 PCIe 3.0 x16 GPU,,https://pub-4ae70fe1d6cf4e5ea327e14b66c0ad8e.r2.dev/dtsupply-products/M4000.webp,$318.00,M4000,True,132
Audio Components,M7310 - TP-LINK 4G LTE Mobile Wi-Fi Router,,https://pub-4ae70fe1d6cf4e5ea327e14b66c0ad8e.r2.dev/dtsupply-products/M7310.webp,Get a Quote for price,M7310,True,117
Audio Components,MD212RED - Microlab MD212 Wireless Bluetooth Portable Stereo Speaker,,https://cdn.cmshardware.com/images/Images/Products/MD212RED.webp,$78.00,MD212RED,True,93
Audio Components,MD212WHITE - Microlab MD212 Wireless Bluetooth Portable Stereo Speaker,,https://cdn.cmshardware.com/images/Images/Products/MD212WHITE.webp,$78.00,MD212WHITE,True,89
Audio Components,MFX68 - Dell Speaker Left & Right Set for Chromebook 11 3100,,https://cdn.cmshardware.com/images/Images/Products/MFX68.webp,$62.00,MFX68,True,171
Audio Components,MKD1J - Dell Right Speaker Grill Cover for Latitude E6400,,https://cdn.cmshardware.com/images/Images/Products/MKD1J.webp,$62.00,MKD1J,True,183
Audio Components,MM8P6 - Dell Left & Right Speaker Set with Subwoofer,,https://cdn.cmshardware.com/images/Images/Products/MM8P6.webp,Get a Quote for price,MM8P6,True,177
Audio Components,MP501 - Dell 80GB 4200RPM ATA/100 2.5-inch Hard Drive,,https://pub-4ae70fe1d6cf4e5ea327e14b66c0ad8e.r2.dev/dtsupply-products/MP501.webp,$275.00,MP501,True,123
Audio Components,MTMK0012 - Mellanox ConnectX-6 Extension Kit Auxiliary Card With Cable,,https://pub-4ae70fe1d6cf4e5ea327e14b66c0ad8e.r2.dev/dtsupply-products/MTMK0012.webp,$220.00,MTMK0012,True,190
Audio Components,NY6W3 - Dell Left & Right Internal Speaker Set for Inspiron 15 5568,,https://cdn.cmshardware.com/images/Images/Products/NY6W3.webp,$55.00,NY6W3,True,170
Audio Components,P07CN - Dell Left Right Speaker Set for Inspiron 15 3521,,https://cdn.cmshardware.com/images/Images/Products/P07CN.webp,$62.00,P07CN,True,169
Audio Components,P400 - Nvidia Quadro-P400 2GB GDDR5 PCIe x16 Video Graphics Card,,https://pub-4ae70fe1d6cf4e5ea327e14b66c0ad8e.r2.dev/dtsupply-products/P400.webp,$158.00,P400,True,112
Audio Components,P743W - Dell Left & Right Speaker Set for Latitude 7400 Laptop,,https://pub-4ae70fe1d6cf4e5ea327e14b66c0ad8e.r2.dev/dtsupply-products/P743W.webp,$60.00,P743W,True,143
Audio Components,"PEXSOUND7CH  - 7.1 Channel Sound Card - PCI Express, 24-bit, 192KHz",,https://cdn.cmshardware.com/images/Images/Products/PEXSOUND7CH.webp,$169.00,PEXSOUND7CH  ,True,135
Audio Components,POWER-SUPPLY - SonicWall Pro 2040 180W AC Power Supply,,https://pub-4ae70fe1d6cf4e5ea327e14b66c0ad8e.r2.dev/dtsupply-products/HSZ-POWER-SUPPLY.webp,Get a Quote for price,HSZ-POWER-SUPPLY,True,122
Audio Components,PV3707UMXK - Patriot Viper Gaming V370 High Definition 7.1 Virtual Surround Gaming Full RGB Color Headset,,https://pub-4ae70fe1d6cf4e5ea327e14b66c0ad8e.r2.dev/dtsupply-products/PV3707UMXK.webp,Get a Quote for price,PV3707UMXK,True,237
Audio Components,PX3DR - Dell Left and Right Speaker Set for Inspiron 11 3135,,https://cdn.cmshardware.com/images/Images/Products/PX3DR.webp,$62.00,PX3DR,True,181
Audio Components,QY-BG002 D107726 - Thomson Bluetooth True Wireless Stereo Speaker,,https://cdn.cmshardware.com/images/Images/Products/QY-BG002 D107726.webp,$248.00,QY-BG002 D107726,True,94
Audio Components,QY-BG002 D109890 - Thomson Bluetooth True Wireless Stereo Speaker,,https://cdn.cmshardware.com/images/Images/Products/QY-BG002 D109890.webp,$248.00,QY-BG002 D109890,True,95
Audio Components,R6JWX - Dell Left & Right Speakers Assembly for Inspiron 14z 5423,,https://cdn.cmshardware.com/images/Images/Products/R6JWX.webp,Get a Quote for price,R6JWX,True,174
Audio Components,S630 BLACK - Bornd S630 Wired 3.5mm Microphone Stereo Earphone,,https://cdn.cmshardware.com/images/Images/Products/S630 BLACK.webp,$62.00,S630 BLACK,True,103
Audio Components,SB0200 - Creative Sound Blaster Live 5.1 PCI Sound Card,,https://pub-4ae70fe1d6cf4e5ea327e14b66c0ad8e.r2.dev/dtsupply-products/SB0200.webp,$55.00,SB0200,True,218
Audio Components,SB0220 - Creative Sound Blaster Live 5.1 Dolby Digital 5.1 Channels 16-bit PCI Sound Card,,https://cdn.cmshardware.com/images/Images/Products/SB0220.webp,$62.00,SB0220,True,248
Audio Components,SB0240 - Dell Sound Blaster Audigy 2 6.1 Channel PCI Card,,https://pub-4ae70fe1d6cf4e5ea327e14b66c0ad8e.r2.dev/dtsupply-products/SB0240.webp,$72.00,SB0240,True,220
Audio Components,SB0410 - Creative Labs Sound Blaster Live 7.1 Channel PCI Sound Card,,https://pub-4ae70fe1d6cf4e5ea327e14b66c0ad8e.r2.dev/dtsupply-products/SB0410.webp,$72.00,SB0410,True,234
Audio Components,SIP-T48U - Yealink 16-Lines 3-Way 7-inch Color LCD Display VoIP Phone,,https://pub-4ae70fe1d6cf4e5ea327e14b66c0ad8e.r2.dev/dtsupply-products/SIP-T48U.webp,$245.00,SIP-T48U,True,131
Audio Components,SIP-T57W - Yealink 16 VoIP Accounts 802.11ac Wi-Fi Dual-Port GbE,,https://pub-4ae70fe1d6cf4e5ea327e14b66c0ad8e.r2.dev/dtsupply-products/SIP-T57W.webp,$255.00,SIP-T57W,True,125
Audio Components,SIP-T58W-PRO - Yealink 10-Party Wi-Fi / Bluetooth VoIP Phone,,https://pub-4ae70fe1d6cf4e5ea327e14b66c0ad8e.r2.dev/dtsupply-products/SIP-T58W-PRO.webp,Get a Quote for price,SIP-T58W-PRO,True,136
Audio Components,SP03A01 - HP Silver Flat Panel LCD USB Speaker Bar,,https://pub-4ae70fe1d6cf4e5ea327e14b66c0ad8e.r2.dev/dtsupply-products/SP03A01.webp,$62.00,SP03A01,True,197
Audio Components,SP-DE126 - VCOM Kids Headphones W/ Microphone Earphone,,https://cdn.cmshardware.com/images/Images/Products/SP-DE126.webp,$62.00,SP-DE126,True,106
Audio Components,SRSXB13/B - Sony Extra Bass Portable Wireless Bluetooth Speaker,,https://pub-4ae70fe1d6cf4e5ea327e14b66c0ad8e.r2.dev/dtsupply-products/SRSXB13_B.webp,$145.00,SRSXB13/B,True,229
Audio Components,SRSXB13/L - Sony Extra Bass Portable Wireless Bluetooth Speaker,,https://pub-4ae70fe1d6cf4e5ea327e14b66c0ad8e.r2.dev/dtsupply-products/SRSXB13_L.webp,$125.00,SRSXB13/L,True,228
Audio Components,SRS-XE200/H - Sony X-Series Portable Wireless Speaker,,https://pub-4ae70fe1d6cf4e5ea327e14b66c0ad8e.r2.dev/dtsupply-products/SRS-XE200_H.webp,$200.00,SRS-XE200/H,True,226
Audio Components,T11 - iMicro SP-IM Earphones With Mic Ear-bud Wired 3.5mm Jack,,https://cdn.cmshardware.com/images/Images/Products/T11.webp,$62.00,T11,True,104
Audio Components,T22 - iMicro SP-IM Earphones With Mic in-Ear Wired 3.5mm Jack,,https://cdn.cmshardware.com/images/Images/Products/T22.webp,$62.00,T22,True,105
Audio Components,T7100 - Dell 1.80GHz PPGA478 Core 2 Duo T7100 2-Core Processor,,https://pub-4ae70fe1d6cf4e5ea327e14b66c0ad8e.r2.dev/dtsupply-products/T7100.webp,$132.00,T7100,True,86
Audio Components,TX47W - Dell Left Right Speakers Set for XPS 15 9550 9570 Laptop,,https://cdn.cmshardware.com/images/Images/Products/TX47W.webp,$105.00,TX47W,True,168
Audio Components,V20-J8 - Vizio V-Series 2.0 Compact Sound Bar,,https://pub-4ae70fe1d6cf4e5ea327e14b66c0ad8e.r2.dev/dtsupply-products/V20-J8.webp,$202.00,V20-J8,True,225
Audio Components,V21-H8 - Vizio V-Series Channel Soundbar System,,https://pub-4ae70fe1d6cf4e5ea327e14b66c0ad8e.r2.dev/dtsupply-products/V21-H8.webp,$292.00,V21-H8,True,230
Audio Components,W2739 - Dell 12V Aux Stereo Multimedia A215 Speakers,,https://pub-4ae70fe1d6cf4e5ea327e14b66c0ad8e.r2.dev/dtsupply-products/W2739.webp,$120.00,W2739,True,145
Audio Components,W3TJ3 - Dell Left & Right Speaker set for Inspiron 17 3780 3781,,https://cdn.cmshardware.com/images/Images/Products/W3TJ3.webp,$62.00,W3TJ3,True,167
Audio Components,W56H - Yealink DECT Expansion Handset for Cordless VoIP Phone,,https://pub-4ae70fe1d6cf4e5ea327e14b66c0ad8e.r2.dev/dtsupply-products/W56H.webp,$165.00,W56H,True,128
Audio Components,"W79P - Yealink 3-Way 1.8"" Color LCD Bluetooth Cordless VoIP Phone",,https://pub-4ae70fe1d6cf4e5ea327e14b66c0ad8e.r2.dev/dtsupply-products/W79P.webp,$328.00,W79P,True,137
Audio Components,WEP450 - Samsung Bluetooth Headset Mono Wireless Bluetooth Over-the-ear Monaural Open,,https://pub-4ae70fe1d6cf4e5ea327e14b66c0ad8e.r2.dev/dtsupply-products/WEP450.webp,Get a Quote for price,WEP450,True,240
Audio Components,WH3022 - Dell Pro Stereo Headset for Latitude 5421 / Optiplex,,https://cdn.cmshardware.com/images/Images/Products/WH3022.webp,Get a Quote for price,WH3022,True,253
Audio Components,X42FT - Dell Left and Right Speaker Set for Vostro 3501,,https://cdn.cmshardware.com/images/Images/Products/X42FT.webp,$62.00,X42FT,True,180
Audio Components,XHPCN - Dell Left & Right Internal Laptop Speaker for Inspiron 15 3558,,https://cdn.cmshardware.com/images/Images/Products/XHPCN.webp,$62.00,XHPCN,True,166
Audio Components,YAS-109BL - Yamaha Sound Bar with Built-In Subwoofers,,https://pub-4ae70fe1d6cf4e5ea327e14b66c0ad8e.r2.dev/dtsupply-products/YAS-109BL.webp,$635.00,YAS-109BL,True,227
Cables,003-0080-01 - EMC 3m 28 AWG STD 40GB QSFP to CX4 Cable,,https://cdn.cmshardware.com/images/Images/Products/003-0080-01.webp,$62.00,003-0080-01,True,6694
Cables,"00AR086 - IBM 1m Fiber Cable (LC) Fiber Optic for Network Device, Storage Equipment 3.28 ft LC Male Network",,https://pub-4ae70fe1d6cf4e5ea327e14b66c0ad8e.r2.dev/dtsupply-products/00AR086.webp,Get a Quote for price,00AR086,True,5559
Cables,"00AR088 - IBM 5m Fiber Cable (LC) Fiber Optic for Network Device, Storage Equipment 16.40 ft LC Male Network",,https://pub-4ae70fe1d6cf4e5ea327e14b66c0ad8e.r2.dev/dtsupply-products/00AR088.webp,$95.00,00AR088,True,5915
Cables,00AR092 - IBM OM3 Fiber Cable (LC) Fiber Optic 32.80ft For Network Device,,https://pub-4ae70fe1d6cf4e5ea327e14b66c0ad8e.r2.dev/dtsupply-products/00AR092.webp,$76.00,00AR092,True,7431
Cables,00AR272 - IBM 0.6m 12GB Mini SAS to Mini SAS HD Cable,,https://cdn.cmshardware.com/images/Images/Products/00AR272.webp,$102.00,00AR272,True,6241
Cables,00AR317 - IBM 2076-ACUC 3M 12Gb/s Mini SAS to Mini SAS Cable,,https://cdn.cmshardware.com/images/Images/Products/00AR317.webp,$125.00,00AR317,True,4168
Cables,00AY762 - Lenovo Passive DAC SFP+ 1.5m Cable,,https://pub-4ae70fe1d6cf4e5ea327e14b66c0ad8e.r2.dev/dtsupply-products/00AY762.webp,$108.00,00AY762,True,5161
Cables,00AY764 - Lenovo 1.5m SFP+ Passive Direct Attach Cable,,https://pub-4ae70fe1d6cf4e5ea327e14b66c0ad8e.r2.dev/dtsupply-products/00AY764.webp,$170.00,00AY764,True,4636
Cables,00AY765 - Lenovo 2m SFP+ Passive Direct Attach Cable,,https://pub-4ae70fe1d6cf4e5ea327e14b66c0ad8e.r2.dev/dtsupply-products/00AY765.webp,$168.00,00AY765,True,4643
Cables,00D2144 - IBM 1.5-Meter SFF-8088 to SFF-8644 Mini SAS External Cable,,https://pub-4ae70fe1d6cf4e5ea327e14b66c0ad8e.r2.dev/dtsupply-products/00D2144.webp,$188.00,00D2144,True,7181
Cables,00D2145 - IBM 1.5-Meter SFF-8088 to SFF-8644 Mini SAS External Cable,,https://pub-4ae70fe1d6cf4e5ea327e14b66c0ad8e.r2.dev/dtsupply-products/00D2145.webp,$178.00,00D2145,True,7223
Cables,00D2147 - IBM 3m Mini SAS To Mini SAS HD Cable,,https://cdn.cmshardware.com/images/Images/Products/00D2147.webp,$188.00,00D2147,True,6438
Cables,00D2148 - IBM 3-Meter SFF-8088 to SFF-8643 Mini SAS 40GbE External Cable,,https://pub-4ae70fe1d6cf4e5ea327e14b66c0ad8e.r2.dev/dtsupply-products/00D2148.webp,$200.00,00D2148,True,7180
Cables,00D2817 - Lenovo 0.7m SFF SAS Cable for X3300 M4,,https://cdn.cmshardware.com/images/Images/Products/00D2817.webp,$75.00,00D2817,True,6295
Cables,00D3049 - IBM 2.5-inch Hard Drive I2C Cable For x3650 M4,,https://pub-4ae70fe1d6cf4e5ea327e14b66c0ad8e.r2.dev/dtsupply-products/00D3049.webp,$110.00,00D3049,True,3731
Cables,00D3276 - IBM 24-inch Mini SAS Backplane Cable,,https://pub-4ae70fe1d6cf4e5ea327e14b66c0ad8e.r2.dev/dtsupply-products/00D3276.webp,$62.00,00D3276,True,5879
Cables,00D4048 - IBM Slim Line SATA Optical Drive Cable for X3550 M4,,https://cdn.cmshardware.com/images/Images/Products/00D4048.webp,$62.00,00D4048,True,6419
Cables,00D5809 - Lenovo QSFP+ to QSFP+ Passive Copper Direct Attach 5m Cable,,https://pub-4ae70fe1d6cf4e5ea327e14b66c0ad8e.r2.dev/dtsupply-products/00D5809.webp,$178.00,00D5809,True,5163
Cables,00D5810 - Ibm 5M 40Gb Qsfp+ Twinax Passive Cable,,https://pub-4ae70fe1d6cf4e5ea327e14b66c0ad8e.r2.dev/dtsupply-products/00D5810.webp,$178.00,00D5810,True,7705
Cables,00D5813 - Lenovo 23ft QSFP+ to QSFP+ Network Cable,,https://pub-4ae70fe1d6cf4e5ea327e14b66c0ad8e.r2.dev/dtsupply-products/00D5813.webp,$372.00,00D5813,True,7437
Cables,00D6151 - Lenovo 7m SFP+ Passive Direct Attach Cable,,https://pub-4ae70fe1d6cf4e5ea327e14b66c0ad8e.r2.dev/dtsupply-products/00D6151.webp,$155.00,00D6151,True,4639
Cables,00D6288 - Lenovo 0.5m SFP+ Passive Direct Attach Cable,,https://pub-4ae70fe1d6cf4e5ea327e14b66c0ad8e.r2.dev/dtsupply-products/00D6288.webp,$110.00,00D6288,True,4638
Cables,00D6289 - Lenovo Passive DAC SFP+ 0.5m Cable for Rack Switch G7028,,https://pub-4ae70fe1d6cf4e5ea327e14b66c0ad8e.r2.dev/dtsupply-products/00D6289.webp,$80.00,00D6289,True,5167
Cables,00E6292 - IBM SAS YO Cable 1.5m (HD Narrow 6Gb Adapter to Enclosure),,https://cdn.cmshardware.com/images/Images/Products/00E6292.webp,$220.00,00E6292,True,6463
Cables,00FC273 - Lenovo HDD Backplane Power Cable For RD550,,https://cdn.cmshardware.com/images/Images/Products/00FC273.webp,$78.00,00FC273,True,7956
Cables,00FC338 - Lenovo Front Panel Cable for ThinkServer TD350,,https://pub-4ae70fe1d6cf4e5ea327e14b66c0ad8e.r2.dev/dtsupply-products/00FC338.webp,$298.00,00FC338,True,7029
Cables,00FK431 - IBM 50cm Optical Drive SATA Cable for X3550 M4 M5,,https://cdn.cmshardware.com/images/Images/Products/00FK431.webp,$62.00,00FK431,True,6418
Cables,00FK817 - IBM 9.8-InchSFF-8643 to SFF-8643 Mini SAS HD Cable for Lenovo System X3650 M5,,https://pub-4ae70fe1d6cf4e5ea327e14b66c0ad8e.r2.dev/dtsupply-products/00FK817.webp,$75.00,00FK817,True,7224
Cables,00FK840 - IBM 770mm 12Gb/s SAS Cable for System X3650 M5,,https://cdn.cmshardware.com/images/Images/Products/00FK840.webp,$100.00,00FK840,True,6229
Cables,00FK841 - IBM 770mm 12Gb/s SAS HDD Cable for System X3650 M5,,https://cdn.cmshardware.com/images/Images/Products/00FK841.webp,$100.00,00FK841,True,6227
Cables,00FK845 - IBM 450/450 mm SAS Cable,,https://cdn.cmshardware.com/images/Images/Products/00FK845.webp,$138.00,00FK845,True,6179
Cables,00FL173 - IBM NX360 M5 1.8-inch SSD 12G Short Vertical Cable,,https://pub-4ae70fe1d6cf4e5ea327e14b66c0ad8e.r2.dev/dtsupply-products/00FL173.webp,$118.00,00FL173,True,4680
Cables,00FL467 - IBM NX360 M5 1.8-inch Rear Solid State Drive Cable,,https://pub-4ae70fe1d6cf4e5ea327e14b66c0ad8e.r2.dev/dtsupply-products/00FL467.webp,$87.00,00FL467,True,4659
Cables,00FM412 - Lenovo 1 m MMF MTP-4xLC OM3 Breakout Cable,,https://pub-4ae70fe1d6cf4e5ea327e14b66c0ad8e.r2.dev/dtsupply-products/00FM412.webp,$102.00,00FM412,True,7116
Cables,00FM413 - Lenovo 3m MPO-4xLC OM3 Multi-mode Patch Cable,,https://pub-4ae70fe1d6cf4e5ea327e14b66c0ad8e.r2.dev/dtsupply-products/00FM413.webp,$192.00,00FM413,True,7117
Cables,00FM414 - IBM 5m MTP-4xLC OM3 MMF Breakout Cable,,https://pub-4ae70fe1d6cf4e5ea327e14b66c0ad8e.r2.dev/dtsupply-products/00FM414.webp,$132.00,00FM414,True,7110
Cables,00FN501 - IBM 19.5-inch Mini SAS Cable for X3850 X6,,https://cdn.cmshardware.com/images/Images/Products/00FN501.webp,$75.00,00FN501,True,6405
Cables,00FV689 - IBM Internal SAS Backplane Cable for P-Series,,https://cdn.cmshardware.com/images/Images/Products/00FV689.webp,$200.00,00FV689,True,6424
Cables,00FV874 - IBM Operator Panel Cable,,https://cdn.cmshardware.com/images/Images/Products/00FV874.webp,$78.00,00FV874,True,4269
Cables,00FW686 - IBM I/O Planar to Front USB Cable,,https://cdn.cmshardware.com/images/Images/Products/00FW686.webp,$218.00,00FW686,True,6239
Cables,00FX686 - IBM 12 Bay SAS Backplane Power Cable,,https://cdn.cmshardware.com/images/Images/Products/00FX686.webp,$218.00,00FX686,True,6386
Cables,00J6142 - IBM USB Cable for x3550 M4 Server,,https://pub-4ae70fe1d6cf4e5ea327e14b66c0ad8e.r2.dev/dtsupply-products/00J6142.webp,$62.00,00J6142,True,7416
Cables,00KC952 - Lenovo 29.5-inch Mini SAS Hard Drive Cable for X3550 M5,,https://cdn.cmshardware.com/images/Images/Products/00KC952.webp,$108.00,00KC952,True,6277
Cables,00KC954 - IBM 550mm SAS Cable for System x3550 M5,,https://cdn.cmshardware.com/images/Images/Products/00KC954.webp,$72.00,00KC954,True,6232
Cables,00KF002 - Lenovo Mellanox 0.75m QSFP Passive Direct Attach Cable Cable for Lenovo System X,,https://pub-4ae70fe1d6cf4e5ea327e14b66c0ad8e.r2.dev/dtsupply-products/00KF002.webp,Get a Quote for price,00KF002,True,7061
Cables,00KF003 - Lenovo Mellanox 1m QSFP Passive Direct Attach Cable Cable for Lenovo System X,,https://pub-4ae70fe1d6cf4e5ea327e14b66c0ad8e.r2.dev/dtsupply-products/00KF003.webp,$102.00,00KF003,True,7084
Cables,00KF005 - Lenovo Mellanox 1.5m 40GBase-CR4 QSFP to QSFP Passive Direct Attach Cable for Lenovo System X,,https://pub-4ae70fe1d6cf4e5ea327e14b66c0ad8e.r2.dev/dtsupply-products/00KF005.webp,$118.00,00KF005,True,7141
Cables,00KF006 - IBM 3m Mellanox QSFP Passive DAC Cable for System x,,https://pub-4ae70fe1d6cf4e5ea327e14b66c0ad8e.r2.dev/dtsupply-products/00KF006.webp,$128.00,00KF006,True,7698
Cables,00KF007 - Lenovo Optical Cable 3m 40GbE QSFP,,https://pub-4ae70fe1d6cf4e5ea327e14b66c0ad8e.r2.dev/dtsupply-products/00KF007.webp,$240.00,00KF007,True,7208
Audio Components,00XL284 - Lenovo 55mm Internal Speaker for ThinkCentre M710Q,,https://cdn.cmshardware.com/images/Images/Products/00XL284.webp,$68.00,00XL284,True,252
Cables,00KF008 - Lenovo Mellanox Active IB FDR Optical Fiber Cable 5m,,https://pub-4ae70fe1d6cf4e5ea327e14b66c0ad8e.r2.dev/dtsupply-products/00KF008.webp,$272.00,00KF008,True,5377
Audio Components,017PW - Dell 2-in-1 Left & Right Laptop Speaker Set for Chromebook 11,,https://cdn.cmshardware.com/images/Images/Products/017PW.webp,$62.00,017PW,True,154
Audio Components,056397-000 - NEC Fax/Modem/Sound Card with ISA MT1720 Game Port,,https://cdn.cmshardware.com/images/Images/Products/056397-000.webp,Get a Quote for price,056397-000,True,249
Cables,00KF009 - Lenovo / IBM Mellanox 10 Active IB FDR Optical Fiber Cable for System x,,https://pub-4ae70fe1d6cf4e5ea327e14b66c0ad8e.r2.dev/dtsupply-products/00KF009.webp,$272.00,00KF009,True,5375
Audio Components,0DKY0 - Dell Tablet Right Speaker for Latitude 11 5175 5179,,https://cdn.cmshardware.com/images/Images/Products/0DKY0.webp,$62.00,0DKY0,True,155
Cables,00KF010 - Lenovo Mellanox 15m Active IB FDR Optical Fiber Cable for IBM Lenovo System X,,https://pub-4ae70fe1d6cf4e5ea327e14b66c0ad8e.r2.dev/dtsupply-products/00KF010.webp,$600.00,00KF010,True,7122
Audio Components,0G017A - Dell Asus Hangouts Meet Speaker Mic,,https://cdn.cmshardware.com/images/Images/Products/0G017A.webp,$110.00,0G017A,True,221
Cables,00KF011 - Lenovo Mellanox 20m Active IB FDR Optical Fiber Cable for Lenovo System X,,https://pub-4ae70fe1d6cf4e5ea327e14b66c0ad8e.r2.dev/dtsupply-products/00KF011.webp,Get a Quote for price,00KF011,True,5239
Audio Components,0WV2P - Dell Left and Right Speaker Set for Latitude 3510,,https://cdn.cmshardware.com/images/Images/Products/0WV2P.webp,$62.00,0WV2P,True,148
Audio Components,0YYM2 - Dell Left and Right Speaker for Latitude 5580 E5580,,https://cdn.cmshardware.com/images/Images/Products/0YYM2.webp,Get a Quote for price,0YYM2,True,178
Cables,00KF012 - Lenovo Mellanox 30m Active IB FDR Optical Fiber InfiniBand Cable for System x,,https://pub-4ae70fe1d6cf4e5ea327e14b66c0ad8e.r2.dev/dtsupply-products/00KF012.webp,$490.00,00KF012,True,7123
Audio Components,174922-003 - HP Internal Desktop Speaker Case for D310,,https://cdn.cmshardware.com/images/Images/Products/174922-003.webp,Get a Quote for price,174922-003,True,210
Cables,00KG403 - IBM 570mm Mini SAS HD Cable for X3250 M5,,https://cdn.cmshardware.com/images/Images/Products/00KG403.webp,$75.00,00KG403,True,6202
Audio Components,181UR - Dell Sound Blaster Live 5.1 Surround Digital PCI Audio Card,,https://cdn.cmshardware.com/images/Images/Products/181UR.webp,$98.00,181UR,True,188
Cables,00MJ168 - Lenovo 1M Fibre Cable LC,,https://pub-4ae70fe1d6cf4e5ea327e14b66c0ad8e.r2.dev/dtsupply-products/00MJ168.webp,$110.00,00MJ168,True,5372
Audio Components,2201-61063-001 - Polycom Real Presence Microphone with Cable,,https://cdn.cmshardware.com/images/Images/Products/2201-61063-001.webp,$96.00,2201-61063-001,True,244
Audio Components,250-0094-01 - 3Com NBX/VCX 3102A Speakerphone,,https://cdn.cmshardware.com/images/Images/Products/250-0094-01.webp,$110.00,250-0094-01,True,241
Cables,00MJ170 - IBM 5M Fiber Cable LC,,https://pub-4ae70fe1d6cf4e5ea327e14b66c0ad8e.r2.dev/dtsupply-products/00MJ170.webp,$80.00,00MJ170,True,5369
Audio Components,2FGX8 - Dell Internal Speaker for Vostro 1014/ 1015,,https://cdn.cmshardware.com/images/Images/Products/2FGX8.webp,$62.00,2FGX8,True,153
Cables,00MJ172 - Lenovo 25M LC Fiber Optic Cable,,https://pub-4ae70fe1d6cf4e5ea327e14b66c0ad8e.r2.dev/dtsupply-products/00MJ172.webp,$132.00,00MJ172,True,7582
Audio Components,2MCFR - Dell Laptop Speaker for Venue 8 5830,,https://cdn.cmshardware.com/images/Images/Products/2MCFR.webp,$62.00,2MCFR,True,157
Audio Components,2RJ7P - Dell Left & Right Internal Speaker Set for Inspiron 3542,,https://cdn.cmshardware.com/images/Images/Products/2RJ7P.webp,$62.00,2RJ7P,True,150
Cables,00MJ174 - IBM 10M OM3 Fiber Cable LC,,https://pub-4ae70fe1d6cf4e5ea327e14b66c0ad8e.r2.dev/dtsupply-products/00MJ174.webp,Get a Quote for price,00MJ174,True,5563
Audio Components,36832-41 - Plantronics SupraPlus Over Ear WideBand Headset,,https://cdn.cmshardware.com/images/Images/Products/36832-41.webp,$68.00,36832-41,True,250
Audio Components,385980-003 - HP Internal Case Speaker for DC7700 DC770p Desktop SFF,,https://cdn.cmshardware.com/images/Images/Products/385980-003.webp,$55.00,385980-003,True,216
Cables,00MN499 - Lenovo 0.5m LC to LC OM3 Multi Mode Fibre Cable,,https://pub-4ae70fe1d6cf4e5ea327e14b66c0ad8e.r2.dev/dtsupply-products/00MN499.webp,$62.00,00MN499,True,7145
Audio Components,3KJ1T - Dell Right and Left Laptop Internal Speaker for Latitude E7250,,https://cdn.cmshardware.com/images/Images/Products/3KJ1T.webp,$62.00,3KJ1T,True,158
Cables,00MN502 - Lenovo 1M LC-LC OM3 Multimode Fiber Optic Cable,,https://pub-4ae70fe1d6cf4e5ea327e14b66c0ad8e.r2.dev/dtsupply-products/00MN502.webp,$62.00,00MN502,True,5374
Audio Components,3P11H - Dell Left & Right Speaker Kit for Inspiron 7579 7569,,https://cdn.cmshardware.com/images/Images/Products/3P11H.webp,$62.00,3P11H,True,149
Audio Components,3WTMD - Dell USB Stereo Headset with Boom Microphone,,https://cdn.cmshardware.com/images/Images/Products/3WTMD.webp,$82.00,3WTMD,True,152
Cables,00MN505 - Lenovo 3m LC to LC OM3 Multi Mode Fibre Cable,,https://pub-4ae70fe1d6cf4e5ea327e14b66c0ad8e.r2.dev/dtsupply-products/00MN505.webp,$62.00,00MN505,True,7221
Audio Components,440920-001 - HP 1.5W 113M Internal Audio Speaker for RP5700,,https://cdn.cmshardware.com/images/Images/Products/440920-001.webp,$72.00,440920-001,True,215
Cables,00MN508 - Lenovo 5m LC to LC OM3 Multi Mode Fibre Cable,,https://pub-4ae70fe1d6cf4e5ea327e14b66c0ad8e.r2.dev/dtsupply-products/00MN508.webp,$62.00,00MN508,True,7207
Audio Components,443909-001 - HP Internal Speaker Assembly for 6510 / 6510B / 6515B,,https://cdn.cmshardware.com/images/Images/Products/443909-001.webp,$52.00,443909-001,True,193
Cables,00MN511 - Lenovo 10m LC to LC OM3 Multi Mode Fibre Cable,,https://pub-4ae70fe1d6cf4e5ea327e14b66c0ad8e.r2.dev/dtsupply-products/00MN511.webp,$132.00,00MN511,True,7114
Audio Components,4TYFR - Dell Left & Right Internal Speaker Set for Latitude E5520,,https://cdn.cmshardware.com/images/Images/Products/4TYFR.webp,$62.00,4TYFR,True,162
Audio Components,540-2072 - Sun Electromagnetic Loudspeaker for Microsystems,,https://cdn.cmshardware.com/images/Images/Products/540-2072.webp,$102.00,540-2072,True,247
Cables,00MN514 - Lenovo 15m LC to LC OM3 Multi Mode Fibre Cable,,https://pub-4ae70fe1d6cf4e5ea327e14b66c0ad8e.r2.dev/dtsupply-products/00MN514.webp,$78.00,00MN514,True,7146
Audio Components,583283-001 - HP Internal Left & Right Speaker Set,,https://cdn.cmshardware.com/images/Images/Products/583283-001.webp,Get a Quote for price,583283-001,True,205
Audio Components,5M40S38055 - Lenovo Microphone Assembly C 81XE FPC,,https://cdn.cmshardware.com/images/Images/Products/5M40S38055.webp,Get a Quote for price,5M40S38055,True,138
Audio Components,5SB0S73516 - Lenovo Speakers Kit for ThinkPad T14 T15 P14S,,https://cdn.cmshardware.com/images/Images/Products/5SB0S73516.webp,$72.00,5SB0S73516,True,243
Cables,00MN517 - Lenovo 25m LC to LC OM3 Multi Mode Fibre Cable,,https://pub-4ae70fe1d6cf4e5ea327e14b66c0ad8e.r2.dev/dtsupply-products/00MN517.webp,$168.00,00MN517,True,7147
Audio Components,60PC4 - Dell Left & Right Speaker Assembly for Alienware 17 R3 Laptop,,https://cdn.cmshardware.com/images/Images/Products/60PC4.webp,$62.00,60PC4,True,151
Audio Components,640449-001 - HP Left & Right Internal Speaker Set,,https://cdn.cmshardware.com/images/Images/Products/640449-001.webp,Get a Quote for price,640449-001,True,204
Audio Components,642798-001 - HP Microphone Module for EliteBook 8460P/ 2560P,,https://cdn.cmshardware.com/images/Images/Products/642798-001.webp,$50.00,642798-001,True,213
Cables,00MN520 - Lenovo 98ft LC OM3 Multi-mode (M) to LC Multi-mode (M) fiber optic Cable,,https://pub-4ae70fe1d6cf4e5ea327e14b66c0ad8e.r2.dev/dtsupply-products/00MN520.webp,$72.00,00MN520,True,7148
Audio Components,644320-005 - HP Power Button with Speaker for Z820,,https://cdn.cmshardware.com/images/Images/Products/644320-005.webp,$82.00,644320-005,True,211
Audio Components,686695-001 - HP Steamer 21.5 Left & Right Speaker,,https://cdn.cmshardware.com/images/Images/Products/686695-001.webp,$62.00,686695-001,True,212
Cables,00MP516 - Lenovo 0.5m 100GBase-CR4 QSFP28 to QSFP28 Direct Attach Cable Passive Twinax,,https://pub-4ae70fe1d6cf4e5ea327e14b66c0ad8e.r2.dev/dtsupply-products/00MP516.webp,$138.00,00MP516,True,7074
Audio Components,68KKR - Dell Left & Right Speaker set for Inspiron 15 5570,,https://cdn.cmshardware.com/images/Images/Products/68KKR.webp,$62.00,68KKR,True,161
Audio Components,6X34R - Dell Left & Right Speaker Kit for Chromebook 13 3380,,https://cdn.cmshardware.com/images/Images/Products/6X34R.webp,$62.00,6X34R,True,164
Audio Components,702FF - Dell Left & Right Internal Speaker for Inspiron 11 3152,,https://cdn.cmshardware.com/images/Images/Products/702FF.webp,Get a Quote for price,702FF,True,176
Cables,00MP524 - Lenovo 3ft 100GBase-CR4 QSFP28 to QSFP 28 Infiniband Cable Passive Twinax,,https://pub-4ae70fe1d6cf4e5ea327e14b66c0ad8e.r2.dev/dtsupply-products/00MP524.webp,$162.00,00MP524,True,7124
Audio Components,716048-001 - HP 27-inch Audio Beats Left & Right Speaker,,https://cdn.cmshardware.com/images/Images/Products/716048-001.webp,$108.00,716048-001,True,214
Audio Components,799107-001 - HP Internal Speaker for ProDesk 400 Gen3 MT,,https://cdn.cmshardware.com/images/Images/Products/799107-001.webp,$55.00,799107-001,True,195
Cables,00MP532 - Lenovo 1.5m 100GBase-CR4 QSFP28 to QSFP28 Passive Copper Direct Attach Cable,,https://pub-4ae70fe1d6cf4e5ea327e14b66c0ad8e.r2.dev/dtsupply-products/00MP532.webp,$272.00,00MP532,True,7125
Audio Components,7K0CH - Dell Left & Right Internal Speakers Set for Latitude E6220,,https://cdn.cmshardware.com/images/Images/Products/7K0CH.webp,$62.00,7K0CH,True,165
Audio Components,7W073AA#ABA - HP CS540A Wireless Headset TAA With Handset lifter,,https://cdn.cmshardware.com/images/Images/Products/7W073AA#ABA.webp,$268.00,7W073AA#ABA,True,109
Cables,00MP536 - Lenovo Mellanox 2m 100GB QSFP28 To QSFP28 InfiniBand Switch Fiber Optic Cable,,https://pub-4ae70fe1d6cf4e5ea327e14b66c0ad8e.r2.dev/dtsupply-products/00MP536.webp,Get a Quote for price,00MP536,True,7062
Audio Components,8VKRK - Dell Subwoofer Speaker Assembly for the Alienware 17 R4,,https://cdn.cmshardware.com/images/Images/Products/8VKRK.webp,$62.00,8VKRK,True,182
Audio Components,924343-001 - HP Internal Left Right Speaker Set,,https://cdn.cmshardware.com/images/Images/Products/924343-001.webp,$62.00,924343-001,True,208
Cables,00MP540 - Lenovo 5m 850 nm 103.125Gbps QSFP28 to QSFP28 Active Optical Direct Attach Cable,,https://pub-4ae70fe1d6cf4e5ea327e14b66c0ad8e.r2.dev/dtsupply-products/00MP540.webp,Get a Quote for price,00MP540,True,7043
Audio Components,924935-001 - HP LCD Left And Right Speaker Kit,,https://cdn.cmshardware.com/images/Images/Products/924935-001.webp,$50.00,924935-001,True,206
Audio Components,925445-001 - HP Speaker Kit for Elite X2 1012 G2,,https://cdn.cmshardware.com/images/Images/Products/925445-001.webp,$62.00,925445-001,True,209
Cables,00MP544 - Lenovo 10m 850 nm 103.125Gbps QSFP28 to QSFP28 Active Optical Direct Attach Cable,,https://pub-4ae70fe1d6cf4e5ea327e14b66c0ad8e.r2.dev/dtsupply-products/00MP544.webp,Get a Quote for price,00MP544,True,7071
Audio Components,92F1319 - IBM Information Panel Card with Speaker,,https://cdn.cmshardware.com/images/Images/Products/92F1319.webp,$110.00,92F1319,True,242
Cables,00MP548 - Lenovo 15m 850 nm 103.125Gbps QSFP28 to QSFP28 Active Optical Direct Attach Cable,,https://pub-4ae70fe1d6cf4e5ea327e14b66c0ad8e.r2.dev/dtsupply-products/00MP548.webp,$380.00,00MP548,True,7127
Audio Components,9559-583-125 - Jabra Engage 75 Stereo Headset,,https://cdn.cmshardware.com/images/Images/Products/9559-583-125.webp,Get a Quote for price,9559-583-125,True,189
Audio Components,BA96-07675A - Samsung Left and Right Speaker Set,,https://cdn.cmshardware.com/images/Images/Products/BA96-07675A.webp,$110.00,BA96-07675A,True,246
Cables,00MP552 - Lenovo 20m 850 nm 103.125Gbps QSFP28 to QSFP28 Active Optical Direct Attach Cable,,https://pub-4ae70fe1d6cf4e5ea327e14b66c0ad8e.r2.dev/dtsupply-products/00MP552.webp,Get a Quote for price,00MP552,True,5228
Audio Components,BT008-BLACK - iMicro Portable Bluetooth Sound Bar Speaker,,https://cdn.cmshardware.com/images/Images/Products/BT008-BLACK.webp,$62.00,BT008-BLACK,True,100
Audio Components,BT008-RED - iMicro IKANOO BT008 Portable Bluetooth Sound Bar Speaker,,https://cdn.cmshardware.com/images/Images/Products/BT008-RED.webp,$62.00,BT008-RED,True,91
Cables,00MP556 - Lenovo 30m 850 nm 103.125Gbps QSFP28 to QSFP28 Active Optical Direct Attach Cable for Infiniband SX6025,,https://pub-4ae70fe1d6cf4e5ea327e14b66c0ad8e.r2.dev/dtsupply-products/00MP556.webp,$730.00,00MP556,True,7128
Audio Components,BT009-BLACK - iMicro Radio Clock Wireless Bluetooth Portable Speaker,,https://cdn.cmshardware.com/images/Images/Products/BT009-BLACK.webp,$78.00,BT009-BLACK,True,92
Audio Components,BT012-BLACK - iMicro Portable Bluetooth Speaker System,,https://cdn.cmshardware.com/images/Images/Products/BT012-BLACK.webp,$62.00,BT012-BLACK,True,90
Audio Components,BT012-PINK - iMicro IKANOO BT012 Portable Bluetooth Speaker System,,https://cdn.cmshardware.com/images/Images/Products/BT012-PINK.webp,$62.00,BT012-PINK,True,96
Cables,00MP560 - Lenovo 3m 100GBase-CR4 QSFP28 to QSFP28 Passive Twinax Direct Attach Cable,,https://pub-4ae70fe1d6cf4e5ea327e14b66c0ad8e.r2.dev/dtsupply-products/00MP560.webp,$178.00,00MP560,True,7126
Audio Components,BT012-SILVER - iMicro IKANOO BT012 Portable Bluetooth Speaker System,,https://cdn.cmshardware.com/images/Images/Products/BT012-SILVER.webp,$62.00,BT012-SILVER,True,97
Audio Components,BT014-BLACK - iMicro Power Bank Wireless Bluetooth Portable Speaker,,https://cdn.cmshardware.com/images/Images/Products/BT014-BLACK.webp,$62.00,BT014-BLACK,True,98
Cables,00MP563 - Lenovo 3m 100GBase QSFP28 to QSFP28 Active Optical Cable,,https://pub-4ae70fe1d6cf4e5ea327e14b66c0ad8e.r2.dev/dtsupply-products/00MP563.webp,Get a Quote for price,00MP563,True,5258
Audio Components,BT014-WHITE - iMicro IKANOO BT014 Wireless Bluetooth Portable Speaker,,https://cdn.cmshardware.com/images/Images/Products/BT014-WHITE.webp,$62.00,BT014-WHITE,True,99
Audio Components,C054A - Plantronics Wireless Headset With Headset Base Stand & Charger,,https://cdn.cmshardware.com/images/Images/Products/C054A.webp,Get a Quote for price,C054A,True,219
Cables,00MP566 - Lenovo 50m 850 nm 103.125Gbps QSFP28 to QSFP28 Active Optical Direct Attach Cable,,https://pub-4ae70fe1d6cf4e5ea327e14b66c0ad8e.r2.dev/dtsupply-products/00MP566.webp,"$1,090.00",00MP566,True,7075
Audio Components,CH8TH - Dell Left and Right Internal Speaker Set,,https://cdn.cmshardware.com/images/Images/Products/CH8TH.webp,$62.00,CH8TH,True,179
Cables,00MU796 - Lenovo GPU Power Cable For x3500 M5,,https://pub-4ae70fe1d6cf4e5ea327e14b66c0ad8e.r2.dev/dtsupply-products/00MU796.webp,$188.00,00MU796,True,4112
Audio Components,CN7FW - Dell Left & Right Laptop Speaker Set for Inspiron 14,,https://cdn.cmshardware.com/images/Images/Products/CN7FW.webp,$62.00,CN7FW,True,160
Cables,00MW108 - IBM LTO Tape Drive 12Gb/s SAS Cable,,https://pub-4ae70fe1d6cf4e5ea327e14b66c0ad8e.r2.dev/dtsupply-products/00MW108.webp,Get a Quote for price,00MW108,True,4655
Audio Components,G4NDK - Dell Left and Right Speakers for Inspiron 14 7437,,https://cdn.cmshardware.com/images/Images/Products/G4NDK.webp,$62.00,G4NDK,True,163
Audio Components,G9035 - Dell Internal Speaker Assembly for Optiplex G6X20,,https://cdn.cmshardware.com/images/Images/Products/G9035.webp,$62.00,G9035,True,184
Cables,00MW573 - Lenovo SLIM-SAS SFF-8654 8I 15cm SAS Cable,,https://pub-4ae70fe1d6cf4e5ea327e14b66c0ad8e.r2.dev/dtsupply-products/00MW573.webp,$108.00,00MW573,True,5162
Audio Components,GS550 - Redragon 2.0 Channel Stereo Desktop Computer Sound Bar,,https://cdn.cmshardware.com/images/Images/Products/GS550.webp,$80.00,GS550,True,107
Cables,00N5151 - IBM Internal Speaker Assembly with Cable For ThinkCentre,,https://pub-4ae70fe1d6cf4e5ea327e14b66c0ad8e.r2.dev/dtsupply-products/00N5151.webp,$78.00,00N5151,True,3718
Audio Components,H21BK - Microlab Minimum 50Hz Maximum 20kHz Bluetooth Speaker System,,https://cdn.cmshardware.com/images/Images/Products/H21BK.webp,$162.00,H21BK,True,108
Cables,00N6579 - IBM 55cm Backplane Power Cable Black For Netfinity 5100,,https://cdn.cmshardware.com/images/Images/Products/00N6579.webp,$78.00,00N6579,True,7957
Audio Components,H21WHITE - Microlab H21 Wireless Bluetooth Bookshelf Speaker System,,https://cdn.cmshardware.com/images/Images/Products/H21WHITE.webp,$185.00,H21WHITE,True,101
Cables,00N6580 - IBM 25cm 2x 10-Pin Power Cable For Netfinity 5600,,https://cdn.cmshardware.com/images/Images/Products/00N6580.webp,$78.00,00N6580,True,7958
Audio Components,H510 BLACK - Redragon Zeus 7.1 Surround Gaming Headset,,https://cdn.cmshardware.com/images/Images/Products/H510 BLACK.webp,$152.00,H510 BLACK,True,102
Cables,00N6581 - IBM Backplane to Processor Board Power Cable,,https://cdn.cmshardware.com/images/Images/Products/00N6581.webp,$78.00,00N6581,True,7959
Audio Components,HW251N - Plantronics SupraPlus Over Ear WideBand Headset,,https://cdn.cmshardware.com/images/Images/Products/HW251N.webp,$72.00,HW251N,True,251
Cables,00N6582 - IBM 27cm 18-Pin Backplane to System Board Power Cable,,https://cdn.cmshardware.com/images/Images/Products/00N6582.webp,$78.00,00N6582,True,7960
Audio Components,J1XV6 - Dell Left and Right Speaker Set for Latitude 13 7350,,https://cdn.cmshardware.com/images/Images/Products/J1XV6.webp,Get a Quote for price,J1XV6,True,175
Cables,00N6583 - IBM 65cm 4x 4-Pin 1x 8-Pin Power Cable For Netfinity 5100,,https://cdn.cmshardware.com/images/Images/Products/00N6583.webp,$78.00,00N6583,True,7961
Cables,00N6989 - IBM CD Power Cable For x330,,https://cdn.cmshardware.com/images/Images/Products/00N6989.webp,$78.00,00N6989,True,7962
Audio Components,L20453-001 - HP Left & Right Speaker Set for 14/ 14S/ 15/ 15T,,https://cdn.cmshardware.com/images/Images/Products/L20453-001.webp,$50.00,L20453-001,True,203
Cables,00N7005 - IBM 2M Analog KVM Chaining Cable for xSeries X330,,https://cdn.cmshardware.com/images/Images/Products/00N7005.webp,$78.00,00N7005,True,6499
Audio Components,L28271-001 - HP SPS-Speaker Kit for ProBook 440 Gen1 x360,,https://cdn.cmshardware.com/images/Images/Products/L28271-001.webp,$50.00,L28271-001,True,198
Cables,00N7181 - IBM IO Planner Cable for xSeries eServer,,https://pub-4ae70fe1d6cf4e5ea327e14b66c0ad8e.r2.dev/dtsupply-products/00N7181.webp,$62.00,00N7181,True,7445
Audio Components,L44513-001 - HP Left and Right Speaker Assembly for ProBook 430 Gen6,,https://cdn.cmshardware.com/images/Images/Products/L44513-001.webp,$58.00,L44513-001,True,199
Audio Components,L73318-001 - HP Left & Right Dual Speaker,,https://cdn.cmshardware.com/images/Images/Products/L73318-001.webp,$50.00,L73318-001,True,207
Audio Components,M07208-001 - HP Microphone Module,,https://cdn.cmshardware.com/images/Images/Products/M07208-001.webp,$58.00,M07208-001,True,202
Cables,00N7198 - IBM 68-Pin Male to Female LVD SCSI Cable for Netfinity,,https://pub-4ae70fe1d6cf4e5ea327e14b66c0ad8e.r2.dev/dtsupply-products/00N7198.webp,$72.00,00N7198,True,4772
Audio Components,M07209-001 - HP Third MIC Board for Elitebook 830 840 845,,https://cdn.cmshardware.com/images/Images/Products/M07209-001.webp,Get a Quote for price,M07209-001,True,139
Cables,00NA009 - Lenovo 2m Mini SAS to Mini SAS Cable,,https://cdn.cmshardware.com/images/Images/Products/00NA009.webp,$102.00,00NA009,True,6267
Audio Components,MD212RED - Microlab MD212 Wireless Bluetooth Portable Stereo Speaker,,https://cdn.cmshardware.com/images/Images/Products/MD212RED.webp,$78.00,MD212RED,True,93
Cables,00NA085 - Lenovo 13MLC LC Fibre Cable,,https://pub-4ae70fe1d6cf4e5ea327e14b66c0ad8e.r2.dev/dtsupply-products/00NA085.webp,Get a Quote for price,00NA085,True,5534
Audio Components,MD212WHITE - Microlab MD212 Wireless Bluetooth Portable Stereo Speaker,,https://cdn.cmshardware.com/images/Images/Products/MD212WHITE.webp,$78.00,MD212WHITE,True,89
Cables,00P2401 - IBM 4.3m 720 Power Cable,,https://cdn.cmshardware.com/images/Images/Products/00P2401.webp,$62.00,00P2401,True,4262
Audio Components,MFX68 - Dell Speaker Left & Right Set for Chromebook 11 3100,,https://cdn.cmshardware.com/images/Images/Products/MFX68.webp,$62.00,MFX68,True,171
Cables,00RR483 - IBM Backplane SAS Signal Cable Short Slot C14 1st Ad,,https://cdn.cmshardware.com/images/Images/Products/00RR483.webp,$62.00,00RR483,True,6225
Cables,00RY335 - IBM Battery Backplane Voltage Sense Cable,,https://cdn.cmshardware.com/images/Images/Products/00RY335.webp,$55.00,00RY335,True,4264
Audio Components,MKD1J - Dell Right Speaker Grill Cover for Latitude E6400,,https://cdn.cmshardware.com/images/Images/Products/MKD1J.webp,$62.00,MKD1J,True,183
Cables,00RY374 - Lenovo 1m External Mini SAS Cable for EXP2512,,https://cdn.cmshardware.com/images/Images/Products/00RY374.webp,$105.00,00RY374,True,6265
Audio Components,MM8P6 - Dell Left & Right Speaker Set with Subwoofer,,https://cdn.cmshardware.com/images/Images/Products/MM8P6.webp,Get a Quote for price,MM8P6,True,177
Cables,00RY376 - Lenovo 1m Mini SAS Cable for EXP2512,,https://cdn.cmshardware.com/images/Images/Products/00RY376.webp,$105.00,00RY376,True,6258
Audio Components,NY6W3 - Dell Left & Right Internal Speaker Set for Inspiron 15 5568,,https://cdn.cmshardware.com/images/Images/Products/NY6W3.webp,$55.00,NY6W3,True,170
Cables,00VJ138 - IBM 5.5M SFF-8088 to SFF-8088 External Mini-SAS Cable,,https://pub-4ae70fe1d6cf4e5ea327e14b66c0ad8e.r2.dev/dtsupply-products/00VJ138.webp,$95.00,00VJ138,True,5888
Audio Components,P07CN - Dell Left Right Speaker Set for Inspiron 15 3521,,https://cdn.cmshardware.com/images/Images/Products/P07CN.webp,$62.00,P07CN,True,169
Cables,00VJ141 - IBM 5.5m 1x External SAS Cable,,https://pub-4ae70fe1d6cf4e5ea327e14b66c0ad8e.r2.dev/dtsupply-products/00VJ141.webp,$73.00,00VJ141,True,4658
Audio Components,"PEXSOUND7CH  - 7.1 Channel Sound Card - PCI Express, 24-bit, 192KHz",,https://cdn.cmshardware.com/images/Images/Products/PEXSOUND7CH.webp,$169.00,PEXSOUND7CH  ,True,135
Audio Components,PX3DR - Dell Left and Right Speaker Set for Inspiron 11 3135,,https://cdn.cmshardware.com/images/Images/Products/PX3DR.webp,$62.00,PX3DR,True,181
Cables,00VX003 - Lenovo G50/125æm 10m MTP-MTP OM3 Multi-mode Patch Cable,,https://pub-4ae70fe1d6cf4e5ea327e14b66c0ad8e.r2.dev/dtsupply-products/00VX003.webp,$168.00,00VX003,True,7105
Audio Components,QY-BG002 D107726 - Thomson Bluetooth True Wireless Stereo Speaker,,https://cdn.cmshardware.com/images/Images/Products/QY-BG002 D107726.webp,$248.00,QY-BG002 D107726,True,94
Audio Components,QY-BG002 D109890 - Thomson Bluetooth True Wireless Stereo Speaker,,https://cdn.cmshardware.com/images/Images/Products/QY-BG002 D109890.webp,$248.00,QY-BG002 D109890,True,95
Cables,00VX005 - Lenovo 10m G50/125æm QSFP+ MTP-MTP OM3 Multimode Fiber Cable ,,https://pub-4ae70fe1d6cf4e5ea327e14b66c0ad8e.r2.dev/dtsupply-products/00VX005.webp,$272.00,00VX005,True,7115
Audio Components,R6JWX - Dell Left & Right Speakers Assembly for Inspiron 14z 5423,,https://cdn.cmshardware.com/images/Images/Products/R6JWX.webp,Get a Quote for price,R6JWX,True,174
Audio Components,S630 BLACK - Bornd S630 Wired 3.5mm Microphone Stereo Earphone,,https://cdn.cmshardware.com/images/Images/Products/S630 BLACK.webp,$62.00,S630 BLACK,True,103
Cables,00VX111 - Lenovo 1m Active DAC SFP+Cables,,https://pub-4ae70fe1d6cf4e5ea327e14b66c0ad8e.r2.dev/dtsupply-products/00VX111.webp,$95.00,00VX111,True,7702
Audio Components,SB0220 - Creative Sound Blaster Live 5.1 Dolby Digital 5.1 Channels 16-bit PCI Sound Card,,https://cdn.cmshardware.com/images/Images/Products/SB0220.webp,$62.00,SB0220,True,248
Audio Components,SP-DE126 - VCOM Kids Headphones W/ Microphone Earphone,,https://cdn.cmshardware.com/images/Images/Products/SP-DE126.webp,$62.00,SP-DE126,True,106
Cables,00VX114 - Lenovo 10ft 10GBase SFP+ to SFP+ Direct Attach Cable,,https://pub-4ae70fe1d6cf4e5ea327e14b66c0ad8e.r2.dev/dtsupply-products/00VX114.webp,$138.00,00VX114,True,7222
Audio Components,T11 - iMicro SP-IM Earphones With Mic Ear-bud Wired 3.5mm Jack,,https://cdn.cmshardware.com/images/Images/Products/T11.webp,$62.00,T11,True,104
Audio Components,T22 - iMicro SP-IM Earphones With Mic in-Ear Wired 3.5mm Jack,,https://cdn.cmshardware.com/images/Images/Products/T22.webp,$62.00,T22,True,105
Cables,00VX117 - Lenovo 5m 10Gb/s SFP+ Active Twinax Cable,,https://pub-4ae70fe1d6cf4e5ea327e14b66c0ad8e.r2.dev/dtsupply-products/00VX117.webp,$160.00,00VX117,True,7085
Audio Components,TX47W - Dell Left Right Speakers Set for XPS 15 9550 9570 Laptop,,https://cdn.cmshardware.com/images/Images/Products/TX47W.webp,$105.00,TX47W,True,168
Cables,00W0049 - IBM 1M Mellanox QSFP Passive Copper FDR14 InfiniBand Cable,,https://pub-4ae70fe1d6cf4e5ea327e14b66c0ad8e.r2.dev/dtsupply-products/00W0049.webp,$72.00,00W0049,True,5396
Audio Components,W3TJ3 - Dell Left & Right Speaker set for Inspiron 17 3780 3781,,https://cdn.cmshardware.com/images/Images/Products/W3TJ3.webp,$62.00,W3TJ3,True,167
Audio Components,WH3022 - Dell Pro Stereo Headset for Latitude 5421 / Optiplex,,https://cdn.cmshardware.com/images/Images/Products/WH3022.webp,Get a Quote for price,WH3022,True,253
Cables,00W0051 - Lenovo 1M Mellanox QSFP Passive Copper FDR14 InfiniBand Cable,,https://pub-4ae70fe1d6cf4e5ea327e14b66c0ad8e.r2.dev/dtsupply-products/00W0051.webp,$138.00,00W0051,True,5775
Audio Components,X42FT - Dell Left and Right Speaker Set for Vostro 3501,,https://cdn.cmshardware.com/images/Images/Products/X42FT.webp,$62.00,X42FT,True,180
Audio Components,XHPCN - Dell Left & Right Internal Laptop Speaker for Inspiron 15 3558,,https://cdn.cmshardware.com/images/Images/Products/XHPCN.webp,$62.00,XHPCN,True,166
Cables,003-0080-01 - EMC 3m 28 AWG STD 40GB QSFP to CX4 Cable,,https://cdn.cmshardware.com/images/Images/Products/003-0080-01.webp,$62.00,003-0080-01,True,6694
Cables,00WE031 - Lenovo 0.5m 100GBase-CR4 QSFP28 to QSFP28 Copper Passive Direct Attach Cable,,https://pub-4ae70fe1d6cf4e5ea327e14b66c0ad8e.r2.dev/dtsupply-products/00WE031.webp,Get a Quote for price,00WE031,True,7056
Cables,00AR272 - IBM 0.6m 12GB Mini SAS to Mini SAS HD Cable,,https://cdn.cmshardware.com/images/Images/Products/00AR272.webp,$102.00,00AR272,True,6241
Cables,00WE037 - Lenovo 0.75m DAC QSFP28 OPA Passive Copper Cable,,https://pub-4ae70fe1d6cf4e5ea327e14b66c0ad8e.r2.dev/dtsupply-products/00WE037.webp,$122.00,00WE037,True,7111
Cables,00AR317 - IBM 2076-ACUC 3M 12Gb/s Mini SAS to Mini SAS Cable,,https://cdn.cmshardware.com/images/Images/Products/00AR317.webp,$125.00,00AR317,True,4168
Cables,00D2147 - IBM 3m Mini SAS To Mini SAS HD Cable,,https://cdn.cmshardware.com/images/Images/Products/00D2147.webp,$188.00,00D2147,True,6438
Cables,00WE039 - Lenovo 1m QSFP28 Passive Copper Cable,,https://pub-4ae70fe1d6cf4e5ea327e14b66c0ad8e.r2.dev/dtsupply-products/00WE039.webp,$148.00,00WE039,True,7129
Cables,00D2817 - Lenovo 0.7m SFF SAS Cable for X3300 M4,,https://cdn.cmshardware.com/images/Images/Products/00D2817.webp,$75.00,00D2817,True,6295
Cables,00D4048 - IBM Slim Line SATA Optical Drive Cable for X3550 M4,,https://cdn.cmshardware.com/images/Images/Products/00D4048.webp,$62.00,00D4048,True,6419
Cables,00WE047 - Lenovo OPA 100 Series 1.5m QSFP28 Passive Copper Cable,,https://pub-4ae70fe1d6cf4e5ea327e14b66c0ad8e.r2.dev/dtsupply-products/00WE047.webp,Get a Quote for price,00WE047,True,7039
Cables,00E6292 - IBM SAS YO Cable 1.5m (HD Narrow 6Gb Adapter to Enclosure),,https://cdn.cmshardware.com/images/Images/Products/00E6292.webp,$220.00,00E6292,True,6463
Cables,00FC273 - Lenovo HDD Backplane Power Cable For RD550,,https://cdn.cmshardware.com/images/Images/Products/00FC273.webp,$78.00,00FC273,True,7956
Cables,00WE051 - Lenovo OPA 100 Series 2m QSFP28 Passive Copper Cable,,https://pub-4ae70fe1d6cf4e5ea327e14b66c0ad8e.r2.dev/dtsupply-products/00WE051.webp,$62.00,00WE051,True,7130
Cables,00FK431 - IBM 50cm Optical Drive SATA Cable for X3550 M4 M5,,https://cdn.cmshardware.com/images/Images/Products/00FK431.webp,$62.00,00FK431,True,6418
Cables,00WE055 - Lenovo OPA 100 3m 100GBase-CR4 QSFP28 Passive Copper Cable,,https://pub-4ae70fe1d6cf4e5ea327e14b66c0ad8e.r2.dev/dtsupply-products/00WE055.webp,Get a Quote for price,00WE055,True,7206
Cables,00FK840 - IBM 770mm 12Gb/s SAS Cable for System X3650 M5,,https://cdn.cmshardware.com/images/Images/Products/00FK840.webp,$100.00,00FK840,True,6229
Cables,00FK841 - IBM 770mm 12Gb/s SAS HDD Cable for System X3650 M5,,https://cdn.cmshardware.com/images/Images/Products/00FK841.webp,$100.00,00FK841,True,6227
Cables,00WE057 - Lenovo 100 OPA Series Passive Copper QSFP28 3m Cable,,https://pub-4ae70fe1d6cf4e5ea327e14b66c0ad8e.r2.dev/dtsupply-products/00WE057.webp,$208.00,00WE057,True,5187
Cables,00FK845 - IBM 450/450 mm SAS Cable,,https://cdn.cmshardware.com/images/Images/Products/00FK845.webp,$138.00,00FK845,True,6179
Cables,00FN501 - IBM 19.5-inch Mini SAS Cable for X3850 X6,,https://cdn.cmshardware.com/images/Images/Products/00FN501.webp,$75.00,00FN501,True,6405
Cables,00FV689 - IBM Internal SAS Backplane Cable for P-Series,,https://cdn.cmshardware.com/images/Images/Products/00FV689.webp,$200.00,00FV689,True,6424
Cables,00WE059 - Lenovo 5m 100GBase QSFP28 to QSFP28 Active Optical Cable,,https://pub-4ae70fe1d6cf4e5ea327e14b66c0ad8e.r2.dev/dtsupply-products/00WE059.webp,$545.00,00WE059,True,7131
Cables,00FV874 - IBM Operator Panel Cable,,https://cdn.cmshardware.com/images/Images/Products/00FV874.webp,$78.00,00FV874,True,4269
Cables,00WE063 - Lenovo 10m QSFP28 Active Copper Cable,,https://pub-4ae70fe1d6cf4e5ea327e14b66c0ad8e.r2.dev/dtsupply-products/00WE063.webp,"$1,128.00",00WE063,True,7086
Cables,00FW686 - IBM I/O Planar to Front USB Cable,,https://cdn.cmshardware.com/images/Images/Products/00FW686.webp,$218.00,00FW686,True,6239
Cables,00WE065 - IBM 10-Meter QSFP28 to QSFP28 100GbE Copper Cable,,https://pub-4ae70fe1d6cf4e5ea327e14b66c0ad8e.r2.dev/dtsupply-products/00WE065.webp,"$1,128.00",00WE065,True,7087
Cables,00FX686 - IBM 12 Bay SAS Backplane Power Cable,,https://cdn.cmshardware.com/images/Images/Products/00FX686.webp,$218.00,00FX686,True,6386
Cables,00KC952 - Lenovo 29.5-inch Mini SAS Hard Drive Cable for X3550 M5,,https://cdn.cmshardware.com/images/Images/Products/00KC952.webp,$108.00,00KC952,True,6277
Cables,00WE067 - Lenovo OPA 100 Series 15m 100GBE QSFP28 TO QSFP28 Active Optical Cable,,https://pub-4ae70fe1d6cf4e5ea327e14b66c0ad8e.r2.dev/dtsupply-products/00WE067.webp,Get a Quote for price,00WE067,True,5238
Cables,00KC954 - IBM 550mm SAS Cable for System x3550 M5,,https://cdn.cmshardware.com/images/Images/Products/00KC954.webp,$72.00,00KC954,True,6232
Cables,00KF005 - Lenovo Mellanox 1.5m 40GBase-CR4 QSFP to QSFP Passive Direct Attach Cable for Lenovo System X,,https://pub-4ae70fe1d6cf4e5ea327e14b66c0ad8e.r2.dev/dtsupply-products/00KF005.webp,$118.00,00KF005,True,7141
Cables,00WE071 - Lenovo OPA 100 Series 2m QSFP28 Active Optical Cable,,https://pub-4ae70fe1d6cf4e5ea327e14b66c0ad8e.r2.dev/dtsupply-products/00WE071.webp,Get a Quote for price,00WE071,True,7023
Cables,00KF006 - IBM 3m Mellanox QSFP Passive DAC Cable for System x,,https://pub-4ae70fe1d6cf4e5ea327e14b66c0ad8e.r2.dev/dtsupply-products/00KF006.webp,$128.00,00KF006,True,7698
Cables,00WE099 - Lenovo 2.5ft Cat 5 e RJ-45 Patch Cable ,,https://pub-4ae70fe1d6cf4e5ea327e14b66c0ad8e.r2.dev/dtsupply-products/00WE099.webp,Get a Quote for price,00WE099,True,7058
Cables,00KF007 - Lenovo Optical Cable 3m 40GbE QSFP,,https://pub-4ae70fe1d6cf4e5ea327e14b66c0ad8e.r2.dev/dtsupply-products/00KF007.webp,$240.00,00KF007,True,7208
Cables,00KF008 - Lenovo Mellanox Active IB FDR Optical Fiber Cable 5m,,https://pub-4ae70fe1d6cf4e5ea327e14b66c0ad8e.r2.dev/dtsupply-products/00KF008.webp,$272.00,00KF008,True,5377
Cables,00WE103 - Lenovo 3.3ft Cat 5 e RJ-45 Patch Network Cable ,,https://pub-4ae70fe1d6cf4e5ea327e14b66c0ad8e.r2.dev/dtsupply-products/00WE103.webp,Get a Quote for price,00WE103,True,7064
Cables,00KF009 - Lenovo / IBM Mellanox 10 Active IB FDR Optical Fiber Cable for System x,,https://pub-4ae70fe1d6cf4e5ea327e14b66c0ad8e.r2.dev/dtsupply-products/00KF009.webp,$272.00,00KF009,True,5375
Cables,00WE107 - Lenovo 4.1ft Cat 5 e RJ-45 Patch Network Cable,,https://pub-4ae70fe1d6cf4e5ea327e14b66c0ad8e.r2.dev/dtsupply-products/00WE107.webp,Get a Quote for price,00WE107,True,7025
Cables,00KF010 - Lenovo Mellanox 15m Active IB FDR Optical Fiber Cable for IBM Lenovo System X,,https://pub-4ae70fe1d6cf4e5ea327e14b66c0ad8e.r2.dev/dtsupply-products/00KF010.webp,$600.00,00KF010,True,7122
Cables,00KF011 - Lenovo Mellanox 20m Active IB FDR Optical Fiber Cable for Lenovo System X,,https://pub-4ae70fe1d6cf4e5ea327e14b66c0ad8e.r2.dev/dtsupply-products/00KF011.webp,Get a Quote for price,00KF011,True,5239
Cables,00WE111 - Lenovo 0.75m Cat 5 e Patch Cable,,https://pub-4ae70fe1d6cf4e5ea327e14b66c0ad8e.r2.dev/dtsupply-products/00WE111.webp,Get a Quote for price,00WE111,True,7066
Cables,00KF012 - Lenovo Mellanox 30m Active IB FDR Optical Fiber InfiniBand Cable for System x,,https://pub-4ae70fe1d6cf4e5ea327e14b66c0ad8e.r2.dev/dtsupply-products/00KF012.webp,$490.00,00KF012,True,7123
Cables,00KG403 - IBM 570mm Mini SAS HD Cable for X3250 M5,,https://cdn.cmshardware.com/images/Images/Products/00KG403.webp,$75.00,00KG403,True,6202
Cables,00WE115 - Lenovo 3.3ft Cat 5 e RJ-45 Patch Network Cable ,,https://pub-4ae70fe1d6cf4e5ea327e14b66c0ad8e.r2.dev/dtsupply-products/00WE115.webp,Get a Quote for price,00WE115,True,5256
Cables,00MJ168 - Lenovo 1M Fibre Cable LC,,https://pub-4ae70fe1d6cf4e5ea327e14b66c0ad8e.r2.dev/dtsupply-products/00MJ168.webp,$110.00,00MJ168,True,5372
Cables,00WE119 - Lenovo 4.1ft Cat 5 e RJ-45 Patch Network Cable,,https://pub-4ae70fe1d6cf4e5ea327e14b66c0ad8e.r2.dev/dtsupply-products/00WE119.webp,Get a Quote for price,00WE119,True,7049
Cables,00MJ170 - IBM 5M Fiber Cable LC,,https://pub-4ae70fe1d6cf4e5ea327e14b66c0ad8e.r2.dev/dtsupply-products/00MJ170.webp,$80.00,00MJ170,True,5369
Cables,00MJ172 - Lenovo 25M LC Fiber Optic Cable,,https://pub-4ae70fe1d6cf4e5ea327e14b66c0ad8e.r2.dev/dtsupply-products/00MJ172.webp,$132.00,00MJ172,True,7582
Cables,00WE123 - Lenovo 2.46ft Cat 6 RJ-45 Network Patch Cable ,,https://pub-4ae70fe1d6cf4e5ea327e14b66c0ad8e.r2.dev/dtsupply-products/00WE123.webp,$62.00,00WE123,True,7170
Cables,00MJ174 - IBM 10M OM3 Fiber Cable LC,,https://pub-4ae70fe1d6cf4e5ea327e14b66c0ad8e.r2.dev/dtsupply-products/00MJ174.webp,Get a Quote for price,00MJ174,True,5563
Cables,00WE127 - Lenovo 3.28ft Cat 6 Patch Network Cable,,https://pub-4ae70fe1d6cf4e5ea327e14b66c0ad8e.r2.dev/dtsupply-products/00WE127.webp,Get a Quote for price,00WE127,True,7022
Cables,00MN499 - Lenovo 0.5m LC to LC OM3 Multi Mode Fibre Cable,,https://pub-4ae70fe1d6cf4e5ea327e14b66c0ad8e.r2.dev/dtsupply-products/00MN499.webp,$62.00,00MN499,True,7145
Cables,00WE131 - Lenovo 1.25m Cat 6 Patch Cable ,,https://pub-4ae70fe1d6cf4e5ea327e14b66c0ad8e.r2.dev/dtsupply-products/00WE131.webp,Get a Quote for price,00WE131,True,7042
Cables,00MN502 - Lenovo 1M LC-LC OM3 Multimode Fiber Optic Cable,,https://pub-4ae70fe1d6cf4e5ea327e14b66c0ad8e.r2.dev/dtsupply-products/00MN502.webp,$62.00,00MN502,True,5374
Cables,00MN505 - Lenovo 3m LC to LC OM3 Multi Mode Fibre Cable,,https://pub-4ae70fe1d6cf4e5ea327e14b66c0ad8e.r2.dev/dtsupply-products/00MN505.webp,$62.00,00MN505,True,7221
Cables,"00WE135 - Lenovo 1.5m Cat 6 Patch Cable for Thinksystem NE2580,Thinksystem DM5000",,https://pub-4ae70fe1d6cf4e5ea327e14b66c0ad8e.r2.dev/dtsupply-products/00WE135.webp,$62.00,00WE135,True,7088
Cables,00MN508 - Lenovo 5m LC to LC OM3 Multi Mode Fibre Cable,,https://pub-4ae70fe1d6cf4e5ea327e14b66c0ad8e.r2.dev/dtsupply-products/00MN508.webp,$62.00,00MN508,True,7207
Cables,00WE139 - Lenovo 3m Cat 6 RJ-45 Networking Cable,,https://pub-4ae70fe1d6cf4e5ea327e14b66c0ad8e.r2.dev/dtsupply-products/00WE139.webp,$62.00,00WE139,True,7171
Cables,00MN511 - Lenovo 10m LC to LC OM3 Multi Mode Fibre Cable,,https://pub-4ae70fe1d6cf4e5ea327e14b66c0ad8e.r2.dev/dtsupply-products/00MN511.webp,$132.00,00MN511,True,7114
Cables,00WV101 - IBM Battery Backplane With Cable,,https://cdn.cmshardware.com/images/Images/Products/00WV101.webp,$85.00,00WV101,True,7963
Cables,00XL187 - Lenovo 310mm SATA Cable 1 Latch S Angle,,https://cdn.cmshardware.com/images/Images/Products/00XL187.webp,$62.00,00XL187,True,6289
Cables,00MN514 - Lenovo 15m LC to LC OM3 Multi Mode Fibre Cable,,https://pub-4ae70fe1d6cf4e5ea327e14b66c0ad8e.r2.dev/dtsupply-products/00MN514.webp,$78.00,00MN514,True,7146
Cables,00XL201 - Lenovo 380m SATA Power Connector Cable ThinkCentre M710s,,https://cdn.cmshardware.com/images/Images/Products/00XL201.webp,$62.00,00XL201,True,6268
Cables,00XL204 - Lenovo SATA Power Cable for ThinkStation P330,,https://cdn.cmshardware.com/images/Images/Products/00XL204.webp,$62.00,00XL204,True,6274
Cables,00MN517 - Lenovo 25m LC to LC OM3 Multi Mode Fibre Cable,,https://pub-4ae70fe1d6cf4e5ea327e14b66c0ad8e.r2.dev/dtsupply-products/00MN517.webp,$168.00,00MN517,True,7147
Cables,00XL211 - Lenovo 50mm SATA Power Cable for ThinkCentre M920X/M910X,,https://cdn.cmshardware.com/images/Images/Products/00XL211.webp,$62.00,00XL211,True,6284
Cables,00MN520 - Lenovo 98ft LC OM3 Multi-mode (M) to LC Multi-mode (M) fiber optic Cable,,https://pub-4ae70fe1d6cf4e5ea327e14b66c0ad8e.r2.dev/dtsupply-products/00MN520.webp,$72.00,00MN520,True,7148
Cables,00Y2461 - IBM 1.5-Meter SFF-8088 to SFF-8644 Mini SAS External Cable,,https://pub-4ae70fe1d6cf4e5ea327e14b66c0ad8e.r2.dev/dtsupply-products/00Y2461.webp,$155.00,00Y2461,True,7229
Cables,00Y2463 - IBM 3m SAS Cable Mini SAS HD to Mini SAS HD,,https://cdn.cmshardware.com/images/Images/Products/00Y2463.webp,$182.00,00Y2463,True,6257
Cables,00Y2467 - IBM 1.5m Mini SAS HD to Mini SAS HD Cable,,https://cdn.cmshardware.com/images/Images/Products/00Y2467.webp,$155.00,00Y2467,True,6186
Cables,00MP516 - Lenovo 0.5m 100GBase-CR4 QSFP28 to QSFP28 Direct Attach Cable Passive Twinax,,https://pub-4ae70fe1d6cf4e5ea327e14b66c0ad8e.r2.dev/dtsupply-products/00MP516.webp,$138.00,00MP516,True,7074
Cables,00Y8354 - IBM 3m 12Gb/s Mini SAS HD to Mini SAS Cable,,https://cdn.cmshardware.com/images/Images/Products/00Y8354.webp,$182.00,00Y8354,True,6253
Cables,00YD786 - Lenovo 14-inch 8 Pin GPU Power Cable For Nvidia Tesla K80,,https://cdn.cmshardware.com/images/Images/Products/00YD786.webp,$62.00,00YD786,True,4011
Cables,00MP524 - Lenovo 3ft 100GBase-CR4 QSFP28 to QSFP 28 Infiniband Cable Passive Twinax,,https://pub-4ae70fe1d6cf4e5ea327e14b66c0ad8e.r2.dev/dtsupply-products/00MP524.webp,$162.00,00MP524,True,7124
Cables,00YE299 - IBM 1m 6Gb/s SFF-8088 to SFF-8088 mini-SAS External Cable,,https://pub-4ae70fe1d6cf4e5ea327e14b66c0ad8e.r2.dev/dtsupply-products/00YE299.webp,Get a Quote for price,00YE299,True,7186
Cables,00MP532 - Lenovo 1.5m 100GBase-CR4 QSFP28 to QSFP28 Passive Copper Direct Attach Cable,,https://pub-4ae70fe1d6cf4e5ea327e14b66c0ad8e.r2.dev/dtsupply-products/00MP532.webp,$272.00,00MP532,True,7125
Cables,00YE305 - IBM 2m 8Gb/s SFF-8088 to SFF-8088 mini-SAS External Cable,,https://pub-4ae70fe1d6cf4e5ea327e14b66c0ad8e.r2.dev/dtsupply-products/00YE305.webp,Get a Quote for price,00YE305,True,7041
Cables,00YJ416 - Lenovo 2.5-inch Mini SAS Power Cable,,https://cdn.cmshardware.com/images/Images/Products/00YJ416.webp,$95.00,00YJ416,True,6294
Cables,00MP536 - Lenovo Mellanox 2m 100GB QSFP28 To QSFP28 InfiniBand Switch Fiber Optic Cable,,https://pub-4ae70fe1d6cf4e5ea327e14b66c0ad8e.r2.dev/dtsupply-products/00MP536.webp,Get a Quote for price,00MP536,True,7062
Cables,00MP540 - Lenovo 5m 850 nm 103.125Gbps QSFP28 to QSFP28 Active Optical Direct Attach Cable,,https://pub-4ae70fe1d6cf4e5ea327e14b66c0ad8e.r2.dev/dtsupply-products/00MP540.webp,Get a Quote for price,00MP540,True,7043
Cables,00YJ523 - IBM 4x SFF 2.5-inch Backplane Kit with SAS Cable,,https://pub-4ae70fe1d6cf4e5ea327e14b66c0ad8e.r2.dev/dtsupply-products/00YJ523.webp,$75.00,00YJ523,True,4668
Cables,00MP544 - Lenovo 10m 850 nm 103.125Gbps QSFP28 to QSFP28 Active Optical Direct Attach Cable,,https://pub-4ae70fe1d6cf4e5ea327e14b66c0ad8e.r2.dev/dtsupply-products/00MP544.webp,Get a Quote for price,00MP544,True,7071
Cables,00YL634 - Lenovo 1m SFP+ to SFP+ Active Optical Cable,,https://pub-4ae70fe1d6cf4e5ea327e14b66c0ad8e.r2.dev/dtsupply-products/00YL634.webp,$148.00,00YL634,True,7152
Cables,00MP548 - Lenovo 15m 850 nm 103.125Gbps QSFP28 to QSFP28 Active Optical Direct Attach Cable,,https://pub-4ae70fe1d6cf4e5ea327e14b66c0ad8e.r2.dev/dtsupply-products/00MP548.webp,$380.00,00MP548,True,7127
Cables,00MP552 - Lenovo 20m 850 nm 103.125Gbps QSFP28 to QSFP28 Active Optical Direct Attach Cable,,https://pub-4ae70fe1d6cf4e5ea327e14b66c0ad8e.r2.dev/dtsupply-products/00MP552.webp,Get a Quote for price,00MP552,True,5228
Cables,00YL637 - Lenovo 3m SFP+ to SFP+ Active Optical Cable,,https://pub-4ae70fe1d6cf4e5ea327e14b66c0ad8e.r2.dev/dtsupply-products/00YL637.webp,$148.00,00YL637,True,7089
Cables,00MP556 - Lenovo 30m 850 nm 103.125Gbps QSFP28 to QSFP28 Active Optical Direct Attach Cable for Infiniband SX6025,,https://pub-4ae70fe1d6cf4e5ea327e14b66c0ad8e.r2.dev/dtsupply-products/00MP556.webp,$730.00,00MP556,True,7128
Cables,00YL640 - Lenovo 5m SFP+ to SFP+ Active Optical Cable,,https://pub-4ae70fe1d6cf4e5ea327e14b66c0ad8e.r2.dev/dtsupply-products/00YL640.webp,$138.00,00YL640,True,7153
Cables,00MP560 - Lenovo 3m 100GBase-CR4 QSFP28 to QSFP28 Passive Twinax Direct Attach Cable,,https://pub-4ae70fe1d6cf4e5ea327e14b66c0ad8e.r2.dev/dtsupply-products/00MP560.webp,$178.00,00MP560,True,7126
Cables,00YL643 - Lenovo 7m SFP+ to SFP+ Active Optical Cable,,https://pub-4ae70fe1d6cf4e5ea327e14b66c0ad8e.r2.dev/dtsupply-products/00YL643.webp,Get a Quote for price,00YL643,True,5230
Cables,00MP563 - Lenovo 3m 100GBase QSFP28 to QSFP28 Active Optical Cable,,https://pub-4ae70fe1d6cf4e5ea327e14b66c0ad8e.r2.dev/dtsupply-products/00MP563.webp,Get a Quote for price,00MP563,True,5258
Cables,00MP566 - Lenovo 50m 850 nm 103.125Gbps QSFP28 to QSFP28 Active Optical Direct Attach Cable,,https://pub-4ae70fe1d6cf4e5ea327e14b66c0ad8e.r2.dev/dtsupply-products/00MP566.webp,"$1,090.00",00MP566,True,7075
Cables,00YL646 - Lenovo 15m SFP+ to SFP+ Active Optical Cable,,https://pub-4ae70fe1d6cf4e5ea327e14b66c0ad8e.r2.dev/dtsupply-products/00YL646.webp,Get a Quote for price,00YL646,True,7014
Cables,00MU796 - Lenovo GPU Power Cable For x3500 M5,,https://pub-4ae70fe1d6cf4e5ea327e14b66c0ad8e.r2.dev/dtsupply-products/00MU796.webp,$188.00,00MU796,True,4112
Cables,00YL649 - Lenovo 20m SFP+ to SFP+ Active Optical Cable,,https://pub-4ae70fe1d6cf4e5ea327e14b66c0ad8e.r2.dev/dtsupply-products/00YL649.webp,Get a Quote for price,00YL649,True,7057
Cables,00MW108 - IBM LTO Tape Drive 12Gb/s SAS Cable,,https://pub-4ae70fe1d6cf4e5ea327e14b66c0ad8e.r2.dev/dtsupply-products/00MW108.webp,Get a Quote for price,00MW108,True,4655
Cables,00MW573 - Lenovo SLIM-SAS SFF-8654 8I 15cm SAS Cable,,https://pub-4ae70fe1d6cf4e5ea327e14b66c0ad8e.r2.dev/dtsupply-products/00MW573.webp,$108.00,00MW573,True,5162
Cables,00YL652 - Lenovo 3m QSFP+ to QSFP+ 40GBASE-SR4 Active Optical Cable,,https://pub-4ae70fe1d6cf4e5ea327e14b66c0ad8e.r2.dev/dtsupply-products/00YL652.webp,$302.00,00YL652,True,7159
Cables,00N5151 - IBM Internal Speaker Assembly with Cable For ThinkCentre,,https://pub-4ae70fe1d6cf4e5ea327e14b66c0ad8e.r2.dev/dtsupply-products/00N5151.webp,$78.00,00N5151,True,3718
Cables,00N6579 - IBM 55cm Backplane Power Cable Black For Netfinity 5100,,https://cdn.cmshardware.com/images/Images/Products/00N6579.webp,$78.00,00N6579,True,7957
Cables,00YL655 - Lenovo 5m QSFP + to QSFP+ Active Optical Cable for Lenovo Flex System Server,,https://pub-4ae70fe1d6cf4e5ea327e14b66c0ad8e.r2.dev/dtsupply-products/00YL655.webp,Get a Quote for price,00YL655,True,5248
Cables,00N6580 - IBM 25cm 2x 10-Pin Power Cable For Netfinity 5600,,https://cdn.cmshardware.com/images/Images/Products/00N6580.webp,$78.00,00N6580,True,7958
Cables,00YL658 - Lenovo 7m QSFP+ to QSFP+ Active Optical Cable for Lenovo Flex System Server,,https://pub-4ae70fe1d6cf4e5ea327e14b66c0ad8e.r2.dev/dtsupply-products/00YL658.webp,$370.00,00YL658,True,7160
Cables,00N6581 - IBM Backplane to Processor Board Power Cable,,https://cdn.cmshardware.com/images/Images/Products/00N6581.webp,$78.00,00N6581,True,7959
Cables,00N6582 - IBM 27cm 18-Pin Backplane to System Board Power Cable,,https://cdn.cmshardware.com/images/Images/Products/00N6582.webp,$78.00,00N6582,True,7960
Cables,00YL661 - Lenovo 15m QSFP+ to QSFP+ 40GBase Active Optical Cable,,https://pub-4ae70fe1d6cf4e5ea327e14b66c0ad8e.r2.dev/dtsupply-products/00YL661.webp,$380.00,00YL661,True,7090
Cables,00N6583 - IBM 65cm 4x 4-Pin 1x 8-Pin Power Cable For Netfinity 5100,,https://cdn.cmshardware.com/images/Images/Products/00N6583.webp,$78.00,00N6583,True,7961
Cables,00N6989 - IBM CD Power Cable For x330,,https://cdn.cmshardware.com/images/Images/Products/00N6989.webp,$78.00,00N6989,True,7962
Cables,00YL664 - Lenovo 20m QSFP+ to QSFP+ Active Optic Cable,,https://pub-4ae70fe1d6cf4e5ea327e14b66c0ad8e.r2.dev/dtsupply-products/00YL664.webp,Get a Quote for price,00YL664,True,5247
Cables,00N7005 - IBM 2M Analog KVM Chaining Cable for xSeries X330,,https://cdn.cmshardware.com/images/Images/Products/00N7005.webp,$78.00,00N7005,True,6499
Cables,00N7181 - IBM IO Planner Cable for xSeries eServer,,https://pub-4ae70fe1d6cf4e5ea327e14b66c0ad8e.r2.dev/dtsupply-products/00N7181.webp,$62.00,00N7181,True,7445
Cables,00YL667 - Lenovo 1m 850nm 40GBase QSFP+ to 4xSFP+ Multi-mode Active Optical Cable,,https://pub-4ae70fe1d6cf4e5ea327e14b66c0ad8e.r2.dev/dtsupply-products/00YL667.webp,$380.00,00YL667,True,7161
Cables,00N7198 - IBM 68-Pin Male to Female LVD SCSI Cable for Netfinity,,https://pub-4ae70fe1d6cf4e5ea327e14b66c0ad8e.r2.dev/dtsupply-products/00N7198.webp,$72.00,00N7198,True,4772
Cables,00NA009 - Lenovo 2m Mini SAS to Mini SAS Cable,,https://cdn.cmshardware.com/images/Images/Products/00NA009.webp,$102.00,00NA009,True,6267
Cables,00YL670 - Lenovo 3m QSFP+ to 4xSFP+ Active Optical Cable,,https://pub-4ae70fe1d6cf4e5ea327e14b66c0ad8e.r2.dev/dtsupply-products/00YL670.webp,$538.00,00YL670,True,7091
Cables,00NA085 - Lenovo 13MLC LC Fibre Cable,,https://pub-4ae70fe1d6cf4e5ea327e14b66c0ad8e.r2.dev/dtsupply-products/00NA085.webp,Get a Quote for price,00NA085,True,5534
Cables,00YL673 - Lenovo 5m 40GBase QSFP+ to 4XSFP+ Active Optical Cable,,https://pub-4ae70fe1d6cf4e5ea327e14b66c0ad8e.r2.dev/dtsupply-products/00YL673.webp,$432.00,00YL673,True,7162
Cables,00P2401 - IBM 4.3m 720 Power Cable,,https://cdn.cmshardware.com/images/Images/Products/00P2401.webp,$62.00,00P2401,True,4262
Cables,00RR483 - IBM Backplane SAS Signal Cable Short Slot C14 1st Ad,,https://cdn.cmshardware.com/images/Images/Products/00RR483.webp,$62.00,00RR483,True,6225
Cables,00YL842 - IBM 0.5M Mini-SAS External Cable,,https://pub-4ae70fe1d6cf4e5ea327e14b66c0ad8e.r2.dev/dtsupply-products/00YL842.webp,$62.00,00YL842,True,7144
Cables,00YL843 - Lenovo 1m External Mini SAS HD to Mini SAS HD SAS Attachment Cable,,https://cdn.cmshardware.com/images/Images/Products/00YL843.webp,$197.00,00YL843,True,6297
Cables,00RY335 - IBM Battery Backplane Voltage Sense Cable,,https://cdn.cmshardware.com/images/Images/Products/00RY335.webp,$55.00,00RY335,True,4264
Cables,00RY374 - Lenovo 1m External Mini SAS Cable for EXP2512,,https://cdn.cmshardware.com/images/Images/Products/00RY374.webp,$105.00,00RY374,True,6265
Cables,00YL847 - Lenovo 50cm Mini SAS External Cable,,https://pub-4ae70fe1d6cf4e5ea327e14b66c0ad8e.r2.dev/dtsupply-products/00YL847.webp,$102.00,00YL847,True,7101
Cables,00RY376 - Lenovo 1m Mini SAS Cable for EXP2512,,https://cdn.cmshardware.com/images/Images/Products/00RY376.webp,$105.00,00RY376,True,6258
Cables,00VJ138 - IBM 5.5M SFF-8088 to SFF-8088 External Mini-SAS Cable,,https://pub-4ae70fe1d6cf4e5ea327e14b66c0ad8e.r2.dev/dtsupply-products/00VJ138.webp,$95.00,00VJ138,True,5888
Cables,00YL848 - Lenovo External MiniSAS HD 8644/MiniSAS HD 8644 1M Cable,,https://pub-4ae70fe1d6cf4e5ea327e14b66c0ad8e.r2.dev/dtsupply-products/00YL848.webp,$88.00,00YL848,True,4804
Cables,00VJ141 - IBM 5.5m 1x External SAS Cable,,https://pub-4ae70fe1d6cf4e5ea327e14b66c0ad8e.r2.dev/dtsupply-products/00VJ141.webp,$73.00,00VJ141,True,4658
Cables,00YL852 - IBM Mini-SAS External Cable 1.64ft,,https://pub-4ae70fe1d6cf4e5ea327e14b66c0ad8e.r2.dev/dtsupply-products/00YL852.webp,$62.00,00YL852,True,7142
Cables,00VX003 - Lenovo G50/125æm 10m MTP-MTP OM3 Multi-mode Patch Cable,,https://pub-4ae70fe1d6cf4e5ea327e14b66c0ad8e.r2.dev/dtsupply-products/00VX003.webp,$168.00,00VX003,True,7105
Cables,00YL853 - Lenovo SAS External 8644/8644 1m Cable for ThinkSystem de120s Expansion Enclosure,,https://pub-4ae70fe1d6cf4e5ea327e14b66c0ad8e.r2.dev/dtsupply-products/00YL853.webp,$88.00,00YL853,True,5168
Cables,00YL866 - Lenovo 450/450mm SAS HD Cable,,https://cdn.cmshardware.com/images/Images/Products/00YL866.webp,$188.00,00YL866,True,6275
Cables,00VX005 - Lenovo 10m G50/125æm QSFP+ MTP-MTP OM3 Multimode Fiber Cable ,,https://pub-4ae70fe1d6cf4e5ea327e14b66c0ad8e.r2.dev/dtsupply-products/00VX005.webp,$272.00,00VX005,True,7115
Cables,010WY - Dell Cable SLIM ODD TO BP TO SATA for PowerEdge T620,,https://cdn.cmshardware.com/images/Images/Products/010WY.webp,$62.00,010WY,True,688
Cables,01AF192 - IBM 1m 6Gb/s SFF External Mini SAS Cable,,https://cdn.cmshardware.com/images/Images/Products/01AF192.webp,$70.00,01AF192,True,6414
Cables,00VX111 - Lenovo 1m Active DAC SFP+Cables,,https://pub-4ae70fe1d6cf4e5ea327e14b66c0ad8e.r2.dev/dtsupply-products/00VX111.webp,$95.00,00VX111,True,7702
Cables,01AF504 - IBM 3m 12Gb/s HD Narrow SAS Cable,,https://cdn.cmshardware.com/images/Images/Products/01AF504.webp,$92.00,01AF504,True,6188
Cables,01AV935 - Lenovo DC Power Jack Cable For ThinkPad L450 / L460 / L470,,https://cdn.cmshardware.com/images/Images/Products/01AV935.webp,$78.00,01AV935,True,7964
Cables,00VX114 - Lenovo 10ft 10GBase SFP+ to SFP+ Direct Attach Cable,,https://pub-4ae70fe1d6cf4e5ea327e14b66c0ad8e.r2.dev/dtsupply-products/00VX114.webp,$138.00,00VX114,True,7222
Cables,01AV988 - Lenovo Non-Touch LCD Video Cable For ThinkPad 11e Chromebook,,https://cdn.cmshardware.com/images/Images/Products/01AV988.webp,$78.00,01AV988,True,7760
Cables,01EJ190 - IBM 6m 12Gb/s Mini SAS HD Cable,,https://cdn.cmshardware.com/images/Images/Products/01EJ190.webp,$200.00,01EJ190,True,6130
Cables,00VX117 - Lenovo 5m 10Gb/s SFP+ Active Twinax Cable,,https://pub-4ae70fe1d6cf4e5ea327e14b66c0ad8e.r2.dev/dtsupply-products/00VX117.webp,$160.00,00VX117,True,7085
Cables,01EJ362 - IBM Battery Backplane Power Cable For V9000,,https://cdn.cmshardware.com/images/Images/Products/01EJ362.webp,$78.00,01EJ362,True,7965
Cables,01EJ364 - IBM Battery Backplane LPC Cable For V9000,,https://cdn.cmshardware.com/images/Images/Products/01EJ364.webp,$78.00,01EJ364,True,7966
Cables,00W0049 - IBM 1M Mellanox QSFP Passive Copper FDR14 InfiniBand Cable,,https://pub-4ae70fe1d6cf4e5ea327e14b66c0ad8e.r2.dev/dtsupply-products/00W0049.webp,$72.00,00W0049,True,5396
Cables,01EJ372 - IBM Operator Information Panel USB Cable For V9000,,https://cdn.cmshardware.com/images/Images/Products/01EJ372.webp,$78.00,01EJ372,True,7967
Cables,01EJ373 - IBM Operator Panel LED Power Button Cable For V9000,,https://cdn.cmshardware.com/images/Images/Products/01EJ373.webp,$78.00,01EJ373,True,7968
Cables,00W0051 - Lenovo 1M Mellanox QSFP Passive Copper FDR14 InfiniBand Cable,,https://pub-4ae70fe1d6cf4e5ea327e14b66c0ad8e.r2.dev/dtsupply-products/00W0051.webp,$138.00,00W0051,True,5775
Cables,01EJ375 - IBM SATA Drive Backplane Power Cable for V9000,,https://cdn.cmshardware.com/images/Images/Products/01EJ375.webp,$62.00,01EJ375,True,6416
Cables,01EJ376 - IBM SATA Drive Backplane SATA Cable for V9000,,https://cdn.cmshardware.com/images/Images/Products/01EJ376.webp,$62.00,01EJ376,True,6248
Cables,00WE031 - Lenovo 0.5m 100GBase-CR4 QSFP28 to QSFP28 Copper Passive Direct Attach Cable,,https://pub-4ae70fe1d6cf4e5ea327e14b66c0ad8e.r2.dev/dtsupply-products/00WE031.webp,Get a Quote for price,00WE031,True,7056
Cables,01H666 - Dell 68-Pin SCSI Cable for PowerEdge 6650,,https://cdn.cmshardware.com/images/Images/Products/01H666.webp,$62.00,01H666,True,524
Cables,00WE037 - Lenovo 0.75m DAC QSFP28 OPA Passive Copper Cable,,https://pub-4ae70fe1d6cf4e5ea327e14b66c0ad8e.r2.dev/dtsupply-products/00WE037.webp,$122.00,00WE037,True,7111
Cables,01K1481 - IBM 68 pin Ultra Wide SCSI Cable,,https://cdn.cmshardware.com/images/Images/Products/01K1481.webp,$72.00,01K1481,True,6146
Cables,01K1540 - IBM 4ft 68-Pin LVD SCSI Cable,,https://cdn.cmshardware.com/images/Images/Products/01K1540.webp,$172.00,01K1540,True,6148
Cables,00WE039 - Lenovo 1m QSFP28 Passive Copper Cable,,https://pub-4ae70fe1d6cf4e5ea327e14b66c0ad8e.r2.dev/dtsupply-products/00WE039.webp,$148.00,00WE039,True,7129
Cables,01K6484 - IBM External 68-Pin to VHDC68m SCSI Cable,,https://pub-4ae70fe1d6cf4e5ea327e14b66c0ad8e.r2.dev/dtsupply-products/01K6484.webp,$125.00,01K6484,True,4698
Cables,00WE047 - Lenovo OPA 100 Series 1.5m QSFP28 Passive Copper Cable,,https://pub-4ae70fe1d6cf4e5ea327e14b66c0ad8e.r2.dev/dtsupply-products/00WE047.webp,Get a Quote for price,00WE047,True,7039
Cables,01K6523 - IBM 8651 Hard File Fan 10k Drives Cable,,https://pub-4ae70fe1d6cf4e5ea327e14b66c0ad8e.r2.dev/dtsupply-products/01K6523.webp,$148.00,01K6523,True,7313
Cables,00WE051 - Lenovo OPA 100 Series 2m QSFP28 Passive Copper Cable,,https://pub-4ae70fe1d6cf4e5ea327e14b66c0ad8e.r2.dev/dtsupply-products/00WE051.webp,$62.00,00WE051,True,7130
Cables,00WE055 - Lenovo OPA 100 3m 100GBase-CR4 QSFP28 Passive Copper Cable,,https://pub-4ae70fe1d6cf4e5ea327e14b66c0ad8e.r2.dev/dtsupply-products/00WE055.webp,Get a Quote for price,00WE055,True,7206
Cables,01K7003 - IBM Power Switch Board with Cable For Netfinity 5500,,https://pub-4ae70fe1d6cf4e5ea327e14b66c0ad8e.r2.dev/dtsupply-products/01K7003.webp,$78.00,01K7003,True,7969
Cables,00WE057 - Lenovo 100 OPA Series Passive Copper QSFP28 3m Cable,,https://pub-4ae70fe1d6cf4e5ea327e14b66c0ad8e.r2.dev/dtsupply-products/00WE057.webp,$208.00,00WE057,True,5187
Cables,01KN076 - Lenovo System Board Cable,,https://pub-4ae70fe1d6cf4e5ea327e14b66c0ad8e.r2.dev/dtsupply-products/01KN076.webp,$80.00,01KN076,True,5164
Cables,00WE059 - Lenovo 5m 100GBase QSFP28 to QSFP28 Active Optical Cable,,https://pub-4ae70fe1d6cf4e5ea327e14b66c0ad8e.r2.dev/dtsupply-products/00WE059.webp,$545.00,00WE059,True,7131
Cables,01KN084 - Lenovo ThinkSystem Backplane SAS Cable,,https://pub-4ae70fe1d6cf4e5ea327e14b66c0ad8e.r2.dev/dtsupply-products/01KN084.webp,$70.00,01KN084,True,5165
Cables,00WE063 - Lenovo 10m QSFP28 Active Copper Cable,,https://pub-4ae70fe1d6cf4e5ea327e14b66c0ad8e.r2.dev/dtsupply-products/00WE063.webp,"$1,128.00",00WE063,True,7086
Cables,00WE065 - IBM 10-Meter QSFP28 to QSFP28 100GbE Copper Cable,,https://pub-4ae70fe1d6cf4e5ea327e14b66c0ad8e.r2.dev/dtsupply-products/00WE065.webp,"$1,128.00",00WE065,True,7087
Cables,01PE244 - Lenovo OPA 100 QSFP28 DAC Active Optical Copper 10m Cable,,https://pub-4ae70fe1d6cf4e5ea327e14b66c0ad8e.r2.dev/dtsupply-products/01PE244.webp,$178.00,01PE244,True,5202
Cables,00WE067 - Lenovo OPA 100 Series 15m 100GBE QSFP28 TO QSFP28 Active Optical Cable,,https://pub-4ae70fe1d6cf4e5ea327e14b66c0ad8e.r2.dev/dtsupply-products/00WE067.webp,Get a Quote for price,00WE067,True,5238
Cables,01-SSC-9787 - SonicWall 1M 10GBASE SFP+ Twinax Cable,,https://pub-4ae70fe1d6cf4e5ea327e14b66c0ad8e.r2.dev/dtsupply-products/01-SSC-9787.webp,$192.00,01-SSC-9787,True,5781
Cables,01YN089 - Lenovo LVDS LED RGB Camera Cable For ThinkPad X280 / A285,,https://cdn.cmshardware.com/images/Images/Products/01YN089.webp,$65.00,01YN089,True,7970
Cables,01YN270 - Lenovo USB Port Board Cable for ThinkPad T490s / X390,,https://cdn.cmshardware.com/images/Images/Products/01YN270.webp,$62.00,01YN270,True,6272
Cables,00WE071 - Lenovo OPA 100 Series 2m QSFP28 Active Optical Cable,,https://pub-4ae70fe1d6cf4e5ea327e14b66c0ad8e.r2.dev/dtsupply-products/00WE071.webp,Get a Quote for price,00WE071,True,7023
Cables,01YW376 - Lenovo SATA Power Cable for ThinkCentre M710e,,https://cdn.cmshardware.com/images/Images/Products/01YW376.webp,$62.00,01YW376,True,6395
Cables,00WE099 - Lenovo 2.5ft Cat 5 e RJ-45 Patch Cable ,,https://pub-4ae70fe1d6cf4e5ea327e14b66c0ad8e.r2.dev/dtsupply-products/00WE099.webp,Get a Quote for price,00WE099,True,7058
Cables,0231A0KM - HP X240 3-Meters SFP+ to SFP+ Direct Attach Copper Cable,,https://pub-4ae70fe1d6cf4e5ea327e14b66c0ad8e.r2.dev/dtsupply-products/0231A0KM.webp,$105.00,0231A0KM,True,1385
Cables,00WE103 - Lenovo 3.3ft Cat 5 e RJ-45 Patch Network Cable ,,https://pub-4ae70fe1d6cf4e5ea327e14b66c0ad8e.r2.dev/dtsupply-products/00WE103.webp,Get a Quote for price,00WE103,True,7064
Cables,0231A0L7 - HP X240 10Gbe SFP+ to SFP+ 1.2M (3.93ft) Long DAC Cable,,https://pub-4ae70fe1d6cf4e5ea327e14b66c0ad8e.r2.dev/dtsupply-products/0231A0L7.webp,$95.00,0231A0L7,True,1748
Cables,00WE107 - Lenovo 4.1ft Cat 5 e RJ-45 Patch Network Cable,,https://pub-4ae70fe1d6cf4e5ea327e14b66c0ad8e.r2.dev/dtsupply-products/00WE107.webp,Get a Quote for price,00WE107,True,7025
Cables,0231A0LM - HP X240 10g SFP+ 0.65m Direct Attach Cable,,https://pub-4ae70fe1d6cf4e5ea327e14b66c0ad8e.r2.dev/dtsupply-products/0231A0LM.webp,$252.00,0231A0LM,True,1309
Cables,00WE111 - Lenovo 0.75m Cat 5 e Patch Cable,,https://pub-4ae70fe1d6cf4e5ea327e14b66c0ad8e.r2.dev/dtsupply-products/00WE111.webp,Get a Quote for price,00WE111,True,7066
Cables,0231A1MB - HPE Aruba X240 1-Meter 40Gb/s SFP+ to SFP+ Direct Attach Copper Cable,,https://cdn.cmshardware.com/images/Images/Products/0231A1MB.webp,$202.00,0231A1MB,True,4441
Cables,0231A1WM - HPE Aruba X240 7-Meters 10Gb/s SFP+ to SFP+ Direct Attach Copper Cable,,https://cdn.cmshardware.com/images/Images/Products/0231A1WM.webp,$265.00,0231A1WM,True,4439
Cables,00WE115 - Lenovo 3.3ft Cat 5 e RJ-45 Patch Network Cable ,,https://pub-4ae70fe1d6cf4e5ea327e14b66c0ad8e.r2.dev/dtsupply-products/00WE115.webp,Get a Quote for price,00WE115,True,5256
Cables,02R0714 - IBM SCSI Cable for eServer xSeries 450,,https://pub-4ae70fe1d6cf4e5ea327e14b66c0ad8e.r2.dev/dtsupply-products/02R0714.webp,$88.00,02R0714,True,3937
Cables,02R0715 - IBM Internal SCSI Cable for Server,,https://cdn.cmshardware.com/images/Images/Products/02R0715.webp,$62.00,02R0715,True,6404
Cables,00WE119 - Lenovo 4.1ft Cat 5 e RJ-45 Patch Network Cable,,https://pub-4ae70fe1d6cf4e5ea327e14b66c0ad8e.r2.dev/dtsupply-products/00WE119.webp,Get a Quote for price,00WE119,True,7049
Cables,02R0726 - IBM SCSI Signal Cable for eServer xSeries 346,,https://cdn.cmshardware.com/images/Images/Products/02R0726.webp,$62.00,02R0726,True,6203
Cables,02R1661 - IBM 20-Pin Planar Remote Supervisor Adapter Cable,,https://cdn.cmshardware.com/images/Images/Products/02R1661.webp,$100.00,02R1661,True,3749
Cables,00WE123 - Lenovo 2.46ft Cat 6 RJ-45 Network Patch Cable ,,https://pub-4ae70fe1d6cf4e5ea327e14b66c0ad8e.r2.dev/dtsupply-products/00WE123.webp,$62.00,00WE123,True,7170
Cables,02R2061 - IBM Serial Port Cable For eServer xSeries 226,,https://cdn.cmshardware.com/images/Images/Products/02R2061.webp,$78.00,02R2061,True,7971
Cables,00WE127 - Lenovo 3.28ft Cat 6 Patch Network Cable,,https://pub-4ae70fe1d6cf4e5ea327e14b66c0ad8e.r2.dev/dtsupply-products/00WE127.webp,Get a Quote for price,00WE127,True,7022
Cables,02R9307 - IBM xSeries 235 Fan Cable,,https://pub-4ae70fe1d6cf4e5ea327e14b66c0ad8e.r2.dev/dtsupply-products/02R9307.webp,Get a Quote for price,02R9307,True,5509
Cables,030-0173-000 - PNY DisplayPort to DVI-D Adapter Cable,,https://cdn.cmshardware.com/images/Images/Products/030-0173-000.webp,$62.00,030-0173-000,True,4275
Cables,00WE131 - Lenovo 1.25m Cat 6 Patch Cable ,,https://pub-4ae70fe1d6cf4e5ea327e14b66c0ad8e.r2.dev/dtsupply-products/00WE131.webp,Get a Quote for price,00WE131,True,7042
Cables,030-0238-000 - NVIDIA Quadro4 Leoni High Speed Video Card Cable,,https://pub-4ae70fe1d6cf4e5ea327e14b66c0ad8e.r2.dev/dtsupply-products/030-0238-000.webp,Get a Quote for price,030-0238-000,True,4027
Cables,"00WE135 - Lenovo 1.5m Cat 6 Patch Cable for Thinksystem NE2580,Thinksystem DM5000",,https://pub-4ae70fe1d6cf4e5ea327e14b66c0ad8e.r2.dev/dtsupply-products/00WE135.webp,$62.00,00WE135,True,7088
Cables,030-0278-000 - nVidia Simula Display-Port to Single Link DVI Adapter,,https://pub-4ae70fe1d6cf4e5ea327e14b66c0ad8e.r2.dev/dtsupply-products/030-0278-000.webp,$73.00,030-0278-000,True,7479
Cables,035-0244-0031 - Paradyne 25-Pin Male RS232 Cable Converter,,https://cdn.cmshardware.com/images/Images/Products/035-0244-0031.webp,$108.00,035-0244-0031,True,7972
Cables,00WE139 - Lenovo 3m Cat 6 RJ-45 Networking Cable,,https://pub-4ae70fe1d6cf4e5ea327e14b66c0ad8e.r2.dev/dtsupply-products/00WE139.webp,$62.00,00WE139,True,7171
Cables,03799V - Dell Battery Cable For Latitude E7270,,https://cdn.cmshardware.com/images/Images/Products/03799V.webp,$102.00,03799V,True,510
Cables,00WV101 - IBM Battery Backplane With Cable,,https://cdn.cmshardware.com/images/Images/Products/00WV101.webp,$85.00,00WV101,True,7963
Cables,038-001-973 - EMC SC-LC Fiber Cable Multimode Duplex 30M,,https://pub-4ae70fe1d6cf4e5ea327e14b66c0ad8e.r2.dev/dtsupply-products/038-001-973.webp,Get a Quote for price,038-001-973,True,5518
Cables,00XL187 - Lenovo 310mm SATA Cable 1 Latch S Angle,,https://cdn.cmshardware.com/images/Images/Products/00XL187.webp,$62.00,00XL187,True,6289
Cables,038-001-977 - EMC 3M SC to LC Fibre Optic Cable,,https://pub-4ae70fe1d6cf4e5ea327e14b66c0ad8e.r2.dev/dtsupply-products/038-001-977.webp,$62.00,038-001-977,True,7447
Cables,00XL201 - Lenovo 380m SATA Power Connector Cable ThinkCentre M710s,,https://cdn.cmshardware.com/images/Images/Products/00XL201.webp,$62.00,00XL201,True,6268
Cables,00XL204 - Lenovo SATA Power Cable for ThinkStation P330,,https://cdn.cmshardware.com/images/Images/Products/00XL204.webp,$62.00,00XL204,True,6274
Cables,038-003-022 - EMC 4Gb/s Fibre Channel HSSDC to HSSDC Cable (1-meter),,https://pub-4ae70fe1d6cf4e5ea327e14b66c0ad8e.r2.dev/dtsupply-products/038-003-022.webp,$62.00,038-003-022,True,5777
Cables,00XL211 - Lenovo 50mm SATA Power Cable for ThinkCentre M920X/M910X,,https://cdn.cmshardware.com/images/Images/Products/00XL211.webp,$62.00,00XL211,True,6284
Cables,038-003-085 - EMC Micro DB9 to RJ-12 SPS Serial Sense Cable,,https://pub-4ae70fe1d6cf4e5ea327e14b66c0ad8e.r2.dev/dtsupply-products/038-003-085.webp,$62.00,038-003-085,True,7347
Cables,00Y2461 - IBM 1.5-Meter SFF-8088 to SFF-8644 Mini SAS External Cable,,https://pub-4ae70fe1d6cf4e5ea327e14b66c0ad8e.r2.dev/dtsupply-products/00Y2461.webp,$155.00,00Y2461,True,7229
Cables,038-003-108 - EMC 8M HSSDC2 to HSSDC2 Fiber Channel Cable,,https://pub-4ae70fe1d6cf4e5ea327e14b66c0ad8e.r2.dev/dtsupply-products/038-003-108.webp,$62.00,038-003-108,True,7449
Cables,00Y2463 - IBM 3m SAS Cable Mini SAS HD to Mini SAS HD,,https://cdn.cmshardware.com/images/Images/Products/00Y2463.webp,$182.00,00Y2463,True,6257
Cables,038-003-126 - EMC 5M 16.4inch HSSDC2 to HSSDC Fibre Channel Copper Cable,,https://pub-4ae70fe1d6cf4e5ea327e14b66c0ad8e.r2.dev/dtsupply-products/038-003-126.webp,$62.00,038-003-126,True,7448
Cables,00Y2467 - IBM 1.5m Mini SAS HD to Mini SAS HD Cable,,https://cdn.cmshardware.com/images/Images/Products/00Y2467.webp,$155.00,00Y2467,True,6186
Cables,038-003-167 - EMC 1m Cat6 RJ-45 UTP Ethernet Patch Cable,,https://cdn.cmshardware.com/images/Images/Products/038-003-167.webp,$70.00,038-003-167,True,6710
Cables,00Y8354 - IBM 3m 12Gb/s Mini SAS HD to Mini SAS Cable,,https://cdn.cmshardware.com/images/Images/Products/00Y8354.webp,$182.00,00Y8354,True,6253
Cables,038-003-170 - EMC Cat6 UTP Crossover Green Cable 0.30m,,https://pub-4ae70fe1d6cf4e5ea327e14b66c0ad8e.r2.dev/dtsupply-products/038-003-170.webp,$82.00,038-003-170,True,7060
Cables,00YD786 - Lenovo 14-inch 8 Pin GPU Power Cable For Nvidia Tesla K80,,https://cdn.cmshardware.com/images/Images/Products/00YD786.webp,$62.00,00YD786,True,4011
Cables,038-003-205 - EMC 2.5m SFP To SFP Cable,,https://cdn.cmshardware.com/images/Images/Products/038-003-205.webp,$112.00,038-003-205,True,6705
Cables,038-003-306 - EMC 77 Ethernet Cable,,https://cdn.cmshardware.com/images/Images/Products/038-003-306.webp,$88.00,038-003-306,True,6530
Cables,00YE299 - IBM 1m 6Gb/s SFF-8088 to SFF-8088 mini-SAS External Cable,,https://pub-4ae70fe1d6cf4e5ea327e14b66c0ad8e.r2.dev/dtsupply-products/00YE299.webp,Get a Quote for price,00YE299,True,7186
Cables,038-003-315 - EMC RJ-11 to RJ-11 DAE to SPS Sense Cable,,https://cdn.cmshardware.com/images/Images/Products/038-003-315.webp,$62.00,038-003-315,True,4005
Cables,00YE305 - IBM 2m 8Gb/s SFF-8088 to SFF-8088 mini-SAS External Cable,,https://pub-4ae70fe1d6cf4e5ea327e14b66c0ad8e.r2.dev/dtsupply-products/00YE305.webp,Get a Quote for price,00YE305,True,7041
Cables,038-003-348 - EMC 10M LC-LC MM Fiber Optic Cable,,https://pub-4ae70fe1d6cf4e5ea327e14b66c0ad8e.r2.dev/dtsupply-products/038-003-348.webp,$72.00,038-003-348,True,7561
Cables,00YJ416 - Lenovo 2.5-inch Mini SAS Power Cable,,https://cdn.cmshardware.com/images/Images/Products/00YJ416.webp,$95.00,00YJ416,True,6294
Cables,038-003-351 - EMC 1M Fibre Optic LC-LC Cable Multi-Mode,,https://cdn.cmshardware.com/images/Images/Products/038-003-351.webp,$88.00,038-003-351,True,6076
Cables,038-003-387 - EMC HSSDC To HSSDC 1 Meter Fibre Cable,,https://pub-4ae70fe1d6cf4e5ea327e14b66c0ad8e.r2.dev/dtsupply-products/038-003-387.webp,$70.00,038-003-387,True,5378
Cables,00YJ523 - IBM 4x SFF 2.5-inch Backplane Kit with SAS Cable,,https://pub-4ae70fe1d6cf4e5ea327e14b66c0ad8e.r2.dev/dtsupply-products/00YJ523.webp,$75.00,00YJ523,True,4668
Cables,038-003-457 - EMC Cat5 Crossover Serial LAN Cable 10-ft,,https://pub-4ae70fe1d6cf4e5ea327e14b66c0ad8e.r2.dev/dtsupply-products/038-003-457.webp,$68.00,038-003-457,True,7073
Cables,00YL634 - Lenovo 1m SFP+ to SFP+ Active Optical Cable,,https://pub-4ae70fe1d6cf4e5ea327e14b66c0ad8e.r2.dev/dtsupply-products/00YL634.webp,$148.00,00YL634,True,7152
Cables,038-003-467 - EMC 25 FT RJ45-RJ45 Cat 5 LAN Management Cable,,https://pub-4ae70fe1d6cf4e5ea327e14b66c0ad8e.r2.dev/dtsupply-products/038-003-467.webp,$65.00,038-003-467,True,4758
Cables,00YL637 - Lenovo 3m SFP+ to SFP+ Active Optical Cable,,https://pub-4ae70fe1d6cf4e5ea327e14b66c0ad8e.r2.dev/dtsupply-products/00YL637.webp,$148.00,00YL637,True,7089
Cables,038-003-499 - EMC 4GB Fibre Channel Passive SFP to SFP Cable Assembly 2.5m (rohs),,https://pub-4ae70fe1d6cf4e5ea327e14b66c0ad8e.r2.dev/dtsupply-products/038-003-499.webp,$76.00,038-003-499,True,7499
Cables,00YL640 - Lenovo 5m SFP+ to SFP+ Active Optical Cable,,https://pub-4ae70fe1d6cf4e5ea327e14b66c0ad8e.r2.dev/dtsupply-products/00YL640.webp,$138.00,00YL640,True,7153
Cables,038-003-503 - EMC 4Gb/s Fibre Channel Cable SFP Male To HSSDC2 Male (2-meter),,https://pub-4ae70fe1d6cf4e5ea327e14b66c0ad8e.r2.dev/dtsupply-products/038-003-503.webp,$62.00,038-003-503,True,5721
Cables,00YL643 - Lenovo 7m SFP+ to SFP+ Active Optical Cable,,https://pub-4ae70fe1d6cf4e5ea327e14b66c0ad8e.r2.dev/dtsupply-products/00YL643.webp,Get a Quote for price,00YL643,True,5230
Cables,038-003-508 - EMC 4Gb/s Fibre Channel HSSDC to HSSDC Cable (1-meter),,https://pub-4ae70fe1d6cf4e5ea327e14b66c0ad8e.r2.dev/dtsupply-products/038-003-508.webp,$62.00,038-003-508,True,5393
Cables,038-003-509 - EMC Hssdc2 to HSSDC 2M Fiber Channel Cable,,https://pub-4ae70fe1d6cf4e5ea327e14b66c0ad8e.r2.dev/dtsupply-products/038-003-509.webp,$62.00,038-003-509,True,5874
Cables,00YL646 - Lenovo 15m SFP+ to SFP+ Active Optical Cable,,https://pub-4ae70fe1d6cf4e5ea327e14b66c0ad8e.r2.dev/dtsupply-products/00YL646.webp,Get a Quote for price,00YL646,True,7014
Cables,038-003-510 - EMC 4.0M 4GB Fibre Channel Hssdc2 to Hssdc2 Cable Assembly,,https://pub-4ae70fe1d6cf4e5ea327e14b66c0ad8e.r2.dev/dtsupply-products/038-003-510.webp,$62.00,038-003-510,True,5391
Cables,038-003-511 - EMC 5M HSSDC2 to HSSDC2 Fibre Channel Cable,,https://pub-4ae70fe1d6cf4e5ea327e14b66c0ad8e.r2.dev/dtsupply-products/038-003-511.webp,$62.00,038-003-511,True,4732
Cables,00YL649 - Lenovo 20m SFP+ to SFP+ Active Optical Cable,,https://pub-4ae70fe1d6cf4e5ea327e14b66c0ad8e.r2.dev/dtsupply-products/00YL649.webp,Get a Quote for price,00YL649,True,7057
Cables,038-003-514 - Emc 4GB Hssdc-hssdc Fiber Cable,,https://pub-4ae70fe1d6cf4e5ea327e14b66c0ad8e.r2.dev/dtsupply-products/038-003-514.webp,$82.00,038-003-514,True,5778
Cables,00YL652 - Lenovo 3m QSFP+ to QSFP+ 40GBASE-SR4 Active Optical Cable,,https://pub-4ae70fe1d6cf4e5ea327e14b66c0ad8e.r2.dev/dtsupply-products/00YL652.webp,$302.00,00YL652,True,7159
Cables,038-003-623 - EMC 19-inch Micro DB9 To RJ12 SPS Serial Cable for,,https://pub-4ae70fe1d6cf4e5ea327e14b66c0ad8e.r2.dev/dtsupply-products/038-003-623.webp,$62.00,038-003-623,True,4857
Cables,038-003-677 - EMC 1M RJ45-RJ45 Ethernet Crossover Cable 37 Green,,https://cdn.cmshardware.com/images/Images/Products/038-003-677.webp,$75.00,038-003-677,True,6074
Cables,00YL655 - Lenovo 5m QSFP + to QSFP+ Active Optical Cable for Lenovo Flex System Server,,https://pub-4ae70fe1d6cf4e5ea327e14b66c0ad8e.r2.dev/dtsupply-products/00YL655.webp,Get a Quote for price,00YL655,True,5248
Cables,038-003-682 - EMC 12-inch SPS to RS232 Server Maintenance Cable Black,,https://cdn.cmshardware.com/images/Images/Products/038-003-682.webp,$72.00,038-003-682,True,6034
Cables,038-003-699 - EMC 1.7M 3Gb/s QSFP to QSFP Cable,,https://cdn.cmshardware.com/images/Images/Products/038-003-699.webp,$70.00,038-003-699,True,6715
Cables,00YL658 - Lenovo 7m QSFP+ to QSFP+ Active Optical Cable for Lenovo Flex System Server,,https://pub-4ae70fe1d6cf4e5ea327e14b66c0ad8e.r2.dev/dtsupply-products/00YL658.webp,$370.00,00YL658,True,7160
Cables,038-003-704 - EMC 3Gb/s QSFP to QSFP Male 1m Cable for Vmax,,https://cdn.cmshardware.com/images/Images/Products/038-003-704.webp,$62.00,038-003-704,True,6708
Cables,038-003-708 - EMC QSFP to 4HSSDC Fibre Cable (2-meter),,https://pub-4ae70fe1d6cf4e5ea327e14b66c0ad8e.r2.dev/dtsupply-products/038-003-708.webp,$87.00,038-003-708,True,7454
Cables,00YL661 - Lenovo 15m QSFP+ to QSFP+ 40GBase Active Optical Cable,,https://pub-4ae70fe1d6cf4e5ea327e14b66c0ad8e.r2.dev/dtsupply-products/00YL661.webp,$380.00,00YL661,True,7090
Cables,038-003-711 - EMC Dual USB Assembly Cable,,https://cdn.cmshardware.com/images/Images/Products/038-003-711.webp,$80.00,038-003-711,True,6084
Cables,038-003-730-01 - NetApp 5.0M 10G SFP+ to SFP+ Direct Attach Copper Cable,,https://cdn.cmshardware.com/images/Images/Products/038-003-730-01.webp,$185.00,038-003-730-01,True,6592
Cables,00YL664 - Lenovo 20m QSFP+ to QSFP+ Active Optic Cable,,https://pub-4ae70fe1d6cf4e5ea327e14b66c0ad8e.r2.dev/dtsupply-products/00YL664.webp,Get a Quote for price,00YL664,True,5247
Cables,038-003-941 - EMC 65.5-inch USB Armada Cable,,https://cdn.cmshardware.com/images/Images/Products/038-003-941.webp,$88.00,038-003-941,True,6083
Cables,00YL667 - Lenovo 1m 850nm 40GBase QSFP+ to 4xSFP+ Multi-mode Active Optical Cable,,https://pub-4ae70fe1d6cf4e5ea327e14b66c0ad8e.r2.dev/dtsupply-products/00YL667.webp,$380.00,00YL667,True,7161
Cables,038-003-960 - EMC 3M Mini-SAS to Mini-SAS Cable,,https://pub-4ae70fe1d6cf4e5ea327e14b66c0ad8e.r2.dev/dtsupply-products/038-003-960.webp,$122.00,038-003-960,True,4654
Cables,038-004-127 - EMC 1m VMAX DisplayPort to VGA Cable,,https://cdn.cmshardware.com/images/Images/Products/038-004-127.webp,$132.00,038-004-127,True,4004
Cables,00YL670 - Lenovo 3m QSFP+ to 4xSFP+ Active Optical Cable,,https://pub-4ae70fe1d6cf4e5ea327e14b66c0ad8e.r2.dev/dtsupply-products/00YL670.webp,$538.00,00YL670,True,7091
Cables,038-004-173 - EMC 0.25m External Ethernet Cable UTP,,https://cdn.cmshardware.com/images/Images/Products/038-004-173.webp,$95.00,038-004-173,True,6735
Cables,038-004-177 - EMC 10ft SFP+ to SFP+ Twinaxial Direct Attach Cable,,https://cdn.cmshardware.com/images/Images/Products/038-004-177.webp,$195.00,038-004-177,True,6657
Cables,00YL673 - Lenovo 5m 40GBase QSFP+ to 4XSFP+ Active Optical Cable,,https://pub-4ae70fe1d6cf4e5ea327e14b66c0ad8e.r2.dev/dtsupply-products/00YL673.webp,$432.00,00YL673,True,7162
Cables,038-004-427 - EMC 24-inch RJ45 to DB9 Male Cable,,https://cdn.cmshardware.com/images/Images/Products/038-004-427.webp,$68.00,038-004-427,True,6079
Cables,00YL842 - IBM 0.5M Mini-SAS External Cable,,https://pub-4ae70fe1d6cf4e5ea327e14b66c0ad8e.r2.dev/dtsupply-products/00YL842.webp,$62.00,00YL842,True,7144
Cables,038-004-888 - EMC 40-inch RJ-11 Male RJ-11 Female Cable,,https://cdn.cmshardware.com/images/Images/Products/038-004-888.webp,$62.00,038-004-888,True,6077
Cables,038-900-021 - EMC 10 feet USB to Mono Cable,,https://cdn.cmshardware.com/images/Images/Products/038-900-021.webp,$62.00,038-900-021,True,4266
Cables,00YL843 - Lenovo 1m External Mini SAS HD to Mini SAS HD SAS Attachment Cable,,https://cdn.cmshardware.com/images/Images/Products/00YL843.webp,$197.00,00YL843,True,6297
Cables,039-000-021 - EMC Vmax Micro HDMI To Db9 Dual RJ-12 Cable,,https://cdn.cmshardware.com/images/Images/Products/039-000-021.webp,$112.00,039-000-021,True,3934
Cables,00YL847 - Lenovo 50cm Mini SAS External Cable,,https://pub-4ae70fe1d6cf4e5ea327e14b66c0ad8e.r2.dev/dtsupply-products/00YL847.webp,$102.00,00YL847,True,7101
Cables,039-004-110 - EMC 1m Vmax USB to Micro USB Cable,,https://cdn.cmshardware.com/images/Images/Products/039-004-110.webp,$140.00,039-004-110,True,6081
Cables,03K9028 - IBM Power Supply to Midplane Power Cable For eServer x445,,https://cdn.cmshardware.com/images/Images/Products/03K9028.webp,$78.00,03K9028,True,7973
Cables,00YL848 - Lenovo External MiniSAS HD 8644/MiniSAS HD 8644 1M Cable,,https://pub-4ae70fe1d6cf4e5ea327e14b66c0ad8e.r2.dev/dtsupply-products/00YL848.webp,$88.00,00YL848,True,4804
Cables,03K9168 - IBM Netfinity 5500 Fan/Blower Power Cable,,https://pub-4ae70fe1d6cf4e5ea327e14b66c0ad8e.r2.dev/dtsupply-products/03K9168.webp,$62.00,03K9168,True,7143
Cables,00YL852 - IBM Mini-SAS External Cable 1.64ft,,https://pub-4ae70fe1d6cf4e5ea327e14b66c0ad8e.r2.dev/dtsupply-products/00YL852.webp,$62.00,00YL852,True,7142
Cables,03K9175 - IBM Netfinity Fan Power Cable,,https://pub-4ae70fe1d6cf4e5ea327e14b66c0ad8e.r2.dev/dtsupply-products/03K9175.webp,$115.00,03K9175,True,7069
Cables,00YL853 - Lenovo SAS External 8644/8644 1m Cable for ThinkSystem de120s Expansion Enclosure,,https://pub-4ae70fe1d6cf4e5ea327e14b66c0ad8e.r2.dev/dtsupply-products/00YL853.webp,$88.00,00YL853,True,5168
Cables,03K9196 - IBM 2m LVD-SE SCSI Cable for Ultra2,,https://cdn.cmshardware.com/images/Images/Products/03K9196.webp,$68.00,03K9196,True,6423
Cables,03K9239 - IBM Power to SCSI Backplane and Media Cable,,https://cdn.cmshardware.com/images/Images/Products/03K9239.webp,$72.00,03K9239,True,6174
Cables,00YL866 - Lenovo 450/450mm SAS HD Cable,,https://cdn.cmshardware.com/images/Images/Products/00YL866.webp,$188.00,00YL866,True,6275
Cables,03K9317 - IBM RS485 Internal Cable Assembly,,https://pub-4ae70fe1d6cf4e5ea327e14b66c0ad8e.r2.dev/dtsupply-products/03K9317.webp,$62.00,03K9317,True,7446
Cables,010WY - Dell Cable SLIM ODD TO BP TO SATA for PowerEdge T620,,https://cdn.cmshardware.com/images/Images/Products/010WY.webp,$62.00,010WY,True,688
Cables,01AF192 - IBM 1m 6Gb/s SFF External Mini SAS Cable,,https://cdn.cmshardware.com/images/Images/Products/01AF192.webp,$70.00,01AF192,True,6414
Cables,03K9328 - IBM 4-Pin 6-inch Fan Cable Internal for Netfinity 5500,,https://pub-4ae70fe1d6cf4e5ea327e14b66c0ad8e.r2.dev/dtsupply-products/03K9328.webp,$54.00,03K9328,True,7480
Cables,01AF504 - IBM 3m 12Gb/s HD Narrow SAS Cable,,https://cdn.cmshardware.com/images/Images/Products/01AF504.webp,$92.00,01AF504,True,6188
Cables,03K9334 - IBM I/O Plane to Dual Fan Power Cable For xServer,,https://pub-4ae70fe1d6cf4e5ea327e14b66c0ad8e.r2.dev/dtsupply-products/03K9334.webp,$85.00,03K9334,True,7974
Cables,01AV935 - Lenovo DC Power Jack Cable For ThinkPad L450 / L460 / L470,,https://cdn.cmshardware.com/images/Images/Products/01AV935.webp,$78.00,01AV935,True,7964
Cables,03K9336 - IBM USB 2.0 6-Pin Cable for X-Series 445,,https://cdn.cmshardware.com/images/Images/Products/03K9336.webp,$62.00,03K9336,True,6175
Cables,01AV988 - Lenovo Non-Touch LCD Video Cable For ThinkPad 11e Chromebook,,https://cdn.cmshardware.com/images/Images/Products/01AV988.webp,$78.00,01AV988,True,7760
Cables,03R0292 - IBM ATA 100 2 DROP IDE Cable,,https://cdn.cmshardware.com/images/Images/Products/03R0292.webp,$72.00,03R0292,True,6454
Cables,01EJ190 - IBM 6m 12Gb/s Mini SAS HD Cable,,https://cdn.cmshardware.com/images/Images/Products/01EJ190.webp,$200.00,01EJ190,True,6130
Cables,03R0293 - IBM 2.3ft SATA Hard Disk Drive Cable,,https://pub-4ae70fe1d6cf4e5ea327e14b66c0ad8e.r2.dev/dtsupply-products/03R0293.webp,$62.00,03R0293,True,5840
Cables,01EJ362 - IBM Battery Backplane Power Cable For V9000,,https://cdn.cmshardware.com/images/Images/Products/01EJ362.webp,$78.00,01EJ362,True,7965
Cables,03R0297 - IBM 40cm 26-Pin Floppy Drive Ribbon Cable,,https://cdn.cmshardware.com/images/Images/Products/03R0297.webp,$62.00,03R0297,True,6207
Cables,01EJ364 - IBM Battery Backplane LPC Cable For V9000,,https://cdn.cmshardware.com/images/Images/Products/01EJ364.webp,$78.00,01EJ364,True,7966
Cables,03T8154 - Lenovo 250mm Second Serial Port Cable,,https://pub-4ae70fe1d6cf4e5ea327e14b66c0ad8e.r2.dev/dtsupply-products/03T8154.webp,$78.00,03T8154,True,7975
Cables,01EJ372 - IBM Operator Information Panel USB Cable For V9000,,https://cdn.cmshardware.com/images/Images/Products/01EJ372.webp,$78.00,01EJ372,True,7967
Cables,03T8177 - IBM 250mm 15-Pin Second Serial Port Cable,,https://cdn.cmshardware.com/images/Images/Products/03T8177.webp,$78.00,03T8177,True,7976
Cables,01EJ373 - IBM Operator Panel LED Power Button Cable For V9000,,https://cdn.cmshardware.com/images/Images/Products/01EJ373.webp,$78.00,01EJ373,True,7968
Cables,03T8794 - Lenovo 45cm Flex Bay Power Cable,,https://cdn.cmshardware.com/images/Images/Products/03T8794.webp,$120.00,03T8794,True,7977
Cables,01EJ375 - IBM SATA Drive Backplane Power Cable for V9000,,https://cdn.cmshardware.com/images/Images/Products/01EJ375.webp,$62.00,01EJ375,True,6416
Cables,01EJ376 - IBM SATA Drive Backplane SATA Cable for V9000,,https://cdn.cmshardware.com/images/Images/Products/01EJ376.webp,$62.00,01EJ376,True,6248
Cables,03T9635 - Lenovo LED Power Button with Cable For ThinkCentre,,https://pub-4ae70fe1d6cf4e5ea327e14b66c0ad8e.r2.dev/dtsupply-products/03T9635.webp,Get a Quote for price,03T9635,True,4034
Cables,01H666 - Dell 68-Pin SCSI Cable for PowerEdge 6650,,https://cdn.cmshardware.com/images/Images/Products/01H666.webp,$62.00,01H666,True,524
3631,True,6182
Cables,03X3696 - Lenovo 750mm SATA Black Flat Cable,,https://cdn.cmshardware.com/images/Images/Products/03X3696.webp,$72.00,03X3696,True,6281
Cables,01K1481 - IBM 68 pin Ultra Wide SCSI Cable,,https://cdn.cmshardware.com/images/Images/Products/01K1481.webp,$72.00,01K1481,True,6146
Cables,03X3758 - Lenovo 200mm 2-Connector 1-wire Cable Assembly,,https://pub-4ae70fe1d6cf4e5ea327e14b66c0ad8e.r2.dev/dtsupply-products/03X3758.webp,$62.00,03X3758,True,5921
Cables,01K1540 - IBM 4ft 68-Pin LVD SCSI Cable,,https://cdn.cmshardware.com/images/Images/Products/01K1540.webp,$172.00,01K1540,True,6148
Cables,03X3770 - Lenovo 2ft MiniSAS-MiniSAS Cable,,https://pub-4ae70fe1d6cf4e5ea327e14b66c0ad8e.r2.dev/dtsupply-products/03X3770.webp,$95.00,03X3770,True,1244
Cables,01K6484 - IBM External 68-Pin to VHDC68m SCSI Cable,,https://pub-4ae70fe1d6cf4e5ea327e14b66c0ad8e.r2.dev/dtsupply-products/01K6484.webp,$125.00,01K6484,True,4698
Cables,03X3855 - Lenovo 500mm MiniSAS Cable,,https://pub-4ae70fe1d6cf4e5ea327e14b66c0ad8e.r2.dev/dtsupply-products/03X3855.webp,$62.00,03X3855,True,4693
Cables,01K6523 - IBM 8651 Hard File Fan 10k Drives Cable,,https://pub-4ae70fe1d6cf4e5ea327e14b66c0ad8e.r2.dev/dtsupply-products/01K6523.webp,$148.00,01K6523,True,7313
Cables,03X4344 - IBM Mini SAS Cable for ThinkServer RD630 / RD640,,https://pub-4ae70fe1d6cf4e5ea327e14b66c0ad8e.r2.dev/dtsupply-products/03X4344.webp,Get a Quote for price,03X4344,True,4675
Cables,01K7003 - IBM Power Switch Board with Cable For Netfinity 5500,,https://pub-4ae70fe1d6cf4e5ea327e14b66c0ad8e.r2.dev/dtsupply-products/01K7003.webp,$78.00,01K7003,True,7969
Cables,04N2652 - IBM SPCN Black Y-Cable,,https://pub-4ae70fe1d6cf4e5ea327e14b66c0ad8e.r2.dev/dtsupply-products/04N2652.webp,$62.00,04N2652,True,5909
Cables,01KN076 - Lenovo System Board Cable,,https://pub-4ae70fe1d6cf4e5ea327e14b66c0ad8e.r2.dev/dtsupply-products/01KN076.webp,$80.00,01KN076,True,5164
Cables,04N5100 - IBM Power Distribution Board to I/O Board Signal Cable,,https://cdn.cmshardware.com/images/Images/Products/04N5100.webp,$98.00,04N5100,True,7978
Cables,01KN084 - Lenovo ThinkSystem Backplane SAS Cable,,https://pub-4ae70fe1d6cf4e5ea327e14b66c0ad8e.r2.dev/dtsupply-products/01KN084.webp,$70.00,01KN084,True,5165
Cables,04N5101 - IBM I/O Board to Fan Harness Cable,,https://pub-4ae70fe1d6cf4e5ea327e14b66c0ad8e.r2.dev/dtsupply-products/04N5101.webp,$102.00,04N5101,True,7327
Cables,04N5103 - IBM System Board to PDB Power Cable For eServer pSeries 640,,https://cdn.cmshardware.com/images/Images/Products/04N5103.webp,$112.00,04N5103,True,7979
Cables,01PE244 - Lenovo OPA 100 QSFP28 DAC Active Optical Copper 10m Cable,,https://pub-4ae70fe1d6cf4e5ea327e14b66c0ad8e.r2.dev/dtsupply-products/01PE244.webp,$178.00,01PE244,True,5202
Cables,04N5108 - IBM I/O Board to Operator Panel Cable,,https://cdn.cmshardware.com/images/Images/Products/04N5108.webp,$98.00,04N5108,True,7980
Cables,04W1565 - Lenovo LCD Cable Assembly for ThinkPad T530,,https://pub-4ae70fe1d6cf4e5ea327e14b66c0ad8e.r2.dev/dtsupply-products/04W1565.webp,Get a Quote for price,04W1565,True,5431
Cables,01YN089 - Lenovo LVDS LED RGB Camera Cable For ThinkPad X280 / A285,,https://cdn.cmshardware.com/images/Images/Products/01YN089.webp,$65.00,01YN089,True,7970
Cables,04W1632 - Lenovo RJ11 Cable with Connector for ThinkPad T420 / 420i,,https://pub-4ae70fe1d6cf4e5ea327e14b66c0ad8e.r2.dev/dtsupply-products/04W1632.webp,$75.00,04W1632,True,7051
Cables,01YN270 - Lenovo USB Port Board Cable for ThinkPad T490s / X390,,https://cdn.cmshardware.com/images/Images/Products/01YN270.webp,$62.00,01YN270,True,6272
Cables,04W1685 - Lenovo LED Cable Assembly for ThinkPad T430s,,https://pub-4ae70fe1d6cf4e5ea327e14b66c0ad8e.r2.dev/dtsupply-products/04W1685.webp,Get a Quote for price,04W1685,True,5430
Cables,01YW376 - Lenovo SATA Power Cable for ThinkCentre M710e,,https://cdn.cmshardware.com/images/Images/Products/01YW376.webp,$62.00,01YW376,True,6395
Cables,04W1714 - Lenovo LED Cable Assembly for ThinkPad T530,,https://pub-4ae70fe1d6cf4e5ea327e14b66c0ad8e.r2.dev/dtsupply-products/04W1714.webp,$62.00,04W1714,True,7450
Cables,0231A0KM - HP X240 3-Meters SFP+ to SFP+ Direct Attach Copper Cable,,https://pub-4ae70fe1d6cf4e5ea327e14b66c0ad8e.r2.dev/dtsupply-products/0231A0KM.webp,$105.00,0231A0KM,True,1385
Cables,05-60004-00 - Broadcom 1mm SCSI SAS Data Transfer Cable,,https://pub-4ae70fe1d6cf4e5ea327e14b66c0ad8e.r2.dev/dtsupply-products/05-60004-00.webp,$175.00,05-60004-00,True,4229
Cables,0231A0L7 - HP X240 10Gbe SFP+ to SFP+ 1.2M (3.93ft) Long DAC Cable,,https://pub-4ae70fe1d6cf4e5ea327e14b66c0ad8e.r2.dev/dtsupply-products/0231A0L7.webp,$95.00,0231A0L7,True,1748
Cables,0231A0LM - HP X240 10g SFP+ 0.65m Direct Attach Cable,,https://pub-4ae70fe1d6cf4e5ea327e14b66c0ad8e.r2.dev/dtsupply-products/0231A0LM.webp,$252.00,0231A0LM,True,1309
Cables,05-60008-00 - Broadcom U.2 Enabler SAS 1M Cable,,https://pub-4ae70fe1d6cf4e5ea327e14b66c0ad8e.r2.dev/dtsupply-products/05-60008-00.webp,$160.00,05-60008-00,True,3916
Cables,0231A1MB - HPE Aruba X240 1-Meter 40Gb/s SFP+ to SFP+ Direct Attach Copper Cable,,https://cdn.cmshardware.com/images/Images/Products/0231A1MB.webp,$202.00,0231A1MB,True,4441
Cables,0599D - Dell 34-Pin Floppy Drive Cable for PowerEdge 6450,,https://cdn.cmshardware.com/images/Images/Products/0599D.webp,$62.00,0599D,True,506
Cables,05K2795 - IBM 13.3-inch LCD Cable Harness For ThinkPad,,https://cdn.cmshardware.com/images/Images/Products/05K2795.webp,$128.00,05K2795,True,3847
Cables,0231A1WM - HPE Aruba X240 7-Meters 10Gb/s SFP+ to SFP+ Direct Attach Copper Cable,,https://cdn.cmshardware.com/images/Images/Products/0231A1WM.webp,$265.00,0231A1WM,True,4439
Cables,05N5292 - IBM 15M Ethernet Cable,,https://pub-4ae70fe1d6cf4e5ea327e14b66c0ad8e.r2.dev/dtsupply-products/05N5292.webp,$110.00,05N5292,True,5791
Cables,02R0714 - IBM SCSI Cable for eServer xSeries 450,,https://pub-4ae70fe1d6cf4e5ea327e14b66c0ad8e.r2.dev/dtsupply-products/02R0714.webp,$88.00,02R0714,True,3937
Cables,02R0715 - IBM Internal SCSI Cable for Server,,https://cdn.cmshardware.com/images/Images/Products/02R0715.webp,$62.00,02R0715,True,6404
Cables,0678-001 - Axis HDTV Indoor Sensor Unit with 12m Cable for F1015,,https://pub-4ae70fe1d6cf4e5ea327e14b66c0ad8e.r2.dev/dtsupply-products/0678-001.webp,$588.00,0678-001,True,5112
Cables,02R0726 - IBM SCSI Signal Cable for eServer xSeries 346,,https://cdn.cmshardware.com/images/Images/Products/02R0726.webp,$62.00,02R0726,True,6203
Cables,02R1661 - IBM 20-Pin Planar Remote Supervisor Adapter Cable,,https://cdn.cmshardware.com/images/Images/Products/02R1661.webp,$100.00,02R1661,True,3749
Cables,06P5864 - IBM 20-Pin Planar to RSA Cable,,https://pub-4ae70fe1d6cf4e5ea327e14b66c0ad8e.r2.dev/dtsupply-products/06P5864.webp,$72.00,06P5864,True,7328
Cables,02R2061 - IBM Serial Port Cable For eServer xSeries 226,,https://cdn.cmshardware.com/images/Images/Products/02R2061.webp,$78.00,02R2061,True,7971
Cables,06P6007 - IBM 12ft Console-KVM Cable,,https://pub-4ae70fe1d6cf4e5ea327e14b66c0ad8e.r2.dev/dtsupply-products/06P6007.webp,$80.00,06P6007,True,5797
Cables,07-0306-000 - HP Console Cable,,https://cdn.cmshardware.com/images/Images/Products/07-0306-000.webp,$212.00,07-0306-000,True,1390
Cables,02R9307 - IBM xSeries 235 Fan Cable,,https://pub-4ae70fe1d6cf4e5ea327e14b66c0ad8e.r2.dev/dtsupply-products/02R9307.webp,Get a Quote for price,02R9307,True,5509
Cables,07-0504-000 - 3Com 10/100 PCMCIA Dongle Cable,,https://cdn.cmshardware.com/images/Images/Products/07-0504-000.webp,$62.00,07-0504-000,True,6053
Cables,030-0173-000 - PNY DisplayPort to DVI-D Adapter Cable,,https://cdn.cmshardware.com/images/Images/Products/030-0173-000.webp,$62.00,030-0173-000,True,4275
Cables,030-0238-000 - NVIDIA Quadro4 Leoni High Speed Video Card Cable,,https://pub-4ae70fe1d6cf4e5ea327e14b66c0ad8e.r2.dev/dtsupply-products/030-0238-000.webp,Get a Quote for price,030-0238-000,True,4027
Cables,"0736-001 - Axis F1035-E Sensor unitSensor Unit, Fisheye, 1.3 mm, F2.8, IP66, 12m Cable",,https://pub-4ae70fe1d6cf4e5ea327e14b66c0ad8e.r2.dev/dtsupply-products/0736-001.webp,$635.00,0736-001,True,4764
Cables,030-0278-000 - nVidia Simula Display-Port to Single Link DVI Adapter,,https://pub-4ae70fe1d6cf4e5ea327e14b66c0ad8e.r2.dev/dtsupply-products/030-0278-000.webp,$73.00,030-0278-000,True,7479
Cables,076-1224 - Apple Optical Drive Flex Cable Kit with Mylar for MacBook 13,,https://pub-4ae70fe1d6cf4e5ea327e14b66c0ad8e.r2.dev/dtsupply-products/076-1224.webp,$80.00,076-1224,True,7309
Cables,035-0244-0031 - Paradyne 25-Pin Male RS232 Cable Converter,,https://cdn.cmshardware.com/images/Images/Products/035-0244-0031.webp,$108.00,035-0244-0031,True,7972
Cables,076-1275 - Apple Optical Drive Flex with Mylar Cable Kit for MacBook 13,,https://pub-4ae70fe1d6cf4e5ea327e14b66c0ad8e.r2.dev/dtsupply-products/076-1275.webp,$68.00,076-1275,True,7326
Cables,03799V - Dell Battery Cable For Latitude E7270,,https://cdn.cmshardware.com/images/Images/Products/03799V.webp,$102.00,03799V,True,510
Cables,076-1360 - Apple Top Hard Drive Flex Cable for Mac Mini h2347,,https://pub-4ae70fe1d6cf4e5ea327e14b66c0ad8e.r2.dev/dtsupply-products/076-1360.webp,$85.00,076-1360,True,7337
Cables,038-001-973 - EMC SC-LC Fiber Cable Multimode Duplex 30M,,https://pub-4ae70fe1d6cf4e5ea327e14b66c0ad8e.r2.dev/dtsupply-products/038-001-973.webp,Get a Quote for price,038-001-973,True,5518
Cables,076-1361 - Apple Optical Drive Flex Cable with Tape for Mid 2010 A1347,,https://pub-4ae70fe1d6cf4e5ea327e14b66c0ad8e.r2.dev/dtsupply-products/076-1361.webp,$75.00,076-1361,True,7302
Cables,038-001-977 - EMC 3M SC to LC Fibre Optic Cable,,https://pub-4ae70fe1d6cf4e5ea327e14b66c0ad8e.r2.dev/dtsupply-products/038-001-977.webp,$62.00,038-001-977,True,7447
Cables,076-1390 - Apple Lower Hard Drive Flex Cable for Mid 2011 A1347,,https://pub-4ae70fe1d6cf4e5ea327e14b66c0ad8e.r2.dev/dtsupply-products/076-1390.webp,$88.00,076-1390,True,7261
Cables,038-003-022 - EMC 4Gb/s Fibre Channel HSSDC to HSSDC Cable (1-meter),,https://pub-4ae70fe1d6cf4e5ea327e14b66c0ad8e.r2.dev/dtsupply-products/038-003-022.webp,$62.00,038-003-022,True,5777
Cables,076-1412 - Apple Lower Bay HD / SSD with Tape Flex Cable for Late 2012,,https://pub-4ae70fe1d6cf4e5ea327e14b66c0ad8e.r2.dev/dtsupply-products/076-1412.webp,$82.00,076-1412,True,7275
Cables,038-003-085 - EMC Micro DB9 to RJ-12 SPS Serial Sense Cable,,https://pub-4ae70fe1d6cf4e5ea327e14b66c0ad8e.r2.dev/dtsupply-products/038-003-085.webp,$62.00,038-003-085,True,7347
Cables,076-1423 - Apple Wireless Cable with Label Kit for Late 2012 A1347,,https://pub-4ae70fe1d6cf4e5ea327e14b66c0ad8e.r2.dev/dtsupply-products/076-1423.webp,$85.00,076-1423,True,7306
Cables,038-003-108 - EMC 8M HSSDC2 to HSSDC2 Fiber Channel Cable,,https://pub-4ae70fe1d6cf4e5ea327e14b66c0ad8e.r2.dev/dtsupply-products/038-003-108.webp,$62.00,038-003-108,True,7449
Cables,076-1454 - Apple Right I/O Flex Cable kit for MacBook Pro 15,,https://pub-4ae70fe1d6cf4e5ea327e14b66c0ad8e.r2.dev/dtsupply-products/076-1454.webp,$118.00,076-1454,True,7288
Cables,038-003-126 - EMC 5M 16.4inch HSSDC2 to HSSDC Fibre Channel Copper Cable,,https://pub-4ae70fe1d6cf4e5ea327e14b66c0ad8e.r2.dev/dtsupply-products/038-003-126.webp,$62.00,038-003-126,True,7448
Cables,07H8985 - IBM 1.0M SSA Interconnect Copper Cable for BladeCenter S6000,,https://pub-4ae70fe1d6cf4e5ea327e14b66c0ad8e.r2.dev/dtsupply-products/07H8985.webp,$62.00,07H8985,True,7072
Cables,038-003-167 - EMC 1m Cat6 RJ-45 UTP Ethernet Patch Cable,,https://cdn.cmshardware.com/images/Images/Products/038-003-167.webp,$70.00,038-003-167,True,6710
Cables,07K4842 - IBM 16ft M-M USB Printer Cable,,https://pub-4ae70fe1d6cf4e5ea327e14b66c0ad8e.r2.dev/dtsupply-products/07K4842.webp,$62.00,07K4842,True,7407
Cables,08343-001 - Polycom 12 Feet Video Conerencing LAN RJ45 to RJ45 Ethernet Cable,,https://cdn.cmshardware.com/images/Images/Products/08343-001.webp,$70.00,08343-001,True,6329
Cables,038-003-170 - EMC Cat6 UTP Crossover Green Cable 0.30m,,https://pub-4ae70fe1d6cf4e5ea327e14b66c0ad8e.r2.dev/dtsupply-products/038-003-170.webp,$82.00,038-003-170,True,7060
Cables,038-003-205 - EMC 2.5m SFP To SFP Cable,,https://cdn.cmshardware.com/images/Images/Products/038-003-205.webp,$112.00,038-003-205,True,6705
Cables,084022 - Dell 125V 15A 2M Power Cord,,https://pub-4ae70fe1d6cf4e5ea327e14b66c0ad8e.r2.dev/dtsupply-products/84022.webp,Get a Quote for price,84022,True,691
Cables,038-003-306 - EMC 77 Ethernet Cable,,https://cdn.cmshardware.com/images/Images/Products/038-003-306.webp,$88.00,038-003-306,True,6530
Cables,08459U - Dell 68-Pin 2 Device Twisted Pair SCSI Cable,,https://cdn.cmshardware.com/images/Images/Products/08459U.webp,$60.00,08459U,True,760
Cables,038-003-315 - EMC RJ-11 to RJ-11 DAE to SPS Sense Cable,,https://cdn.cmshardware.com/images/Images/Products/038-003-315.webp,$62.00,038-003-315,True,4005
Cables,089G1748HAA15N - Dell 6ft DVI to DVI Black Cable,,https://pub-4ae70fe1d6cf4e5ea327e14b66c0ad8e.r2.dev/dtsupply-products/089G1748HAA15N.webp,$62.00,089G1748HAA15N,True,5832
Cables,038-003-348 - EMC 10M LC-LC MM Fiber Optic Cable,,https://pub-4ae70fe1d6cf4e5ea327e14b66c0ad8e.r2.dev/dtsupply-products/038-003-348.webp,$72.00,038-003-348,True,7561
Cables,089G174EGAA - Dell ft 18Pin M-M DVI-D Black Cable,,https://pub-4ae70fe1d6cf4e5ea327e14b66c0ad8e.r2.dev/dtsupply-products/089G174EGAA.webp,$102.00,089G174EGAA,True,5668
Cables,038-003-351 - EMC 1M Fibre Optic LC-LC Cable Multi-Mode,,https://cdn.cmshardware.com/images/Images/Products/038-003-351.webp,$88.00,038-003-351,True,6076
Cables,089G174ELAA - Dell ft 18Pin M-M DVI-D Cable,,https://pub-4ae70fe1d6cf4e5ea327e14b66c0ad8e.r2.dev/dtsupply-products/089G174ELAA.webp,$95.00,089G174ELAA,True,5667
Cables,038-003-387 - EMC HSSDC To HSSDC 1 Meter Fibre Cable,,https://pub-4ae70fe1d6cf4e5ea327e14b66c0ad8e.r2.dev/dtsupply-products/038-003-387.webp,$70.00,038-003-387,True,5378
Cables,089G175523G - HP 6ft USB 2.0 A-4-Pin to B Black Cable,,https://pub-4ae70fe1d6cf4e5ea327e14b66c0ad8e.r2.dev/dtsupply-products/089G175523G.webp,$50.00,089G175523G,True,2674
Cables,038-003-457 - EMC Cat5 Crossover Serial LAN Cable 10-ft,,https://pub-4ae70fe1d6cf4e5ea327e14b66c0ad8e.r2.dev/dtsupply-products/038-003-457.webp,$68.00,038-003-457,True,7073
Cables,08K4067 - IBM LCD Cable Assembly For ThinkPad R40,,https://pub-4ae70fe1d6cf4e5ea327e14b66c0ad8e.r2.dev/dtsupply-products/08K4067.webp,$78.00,08K4067,True,3845
Cables,038-003-467 - EMC 25 FT RJ45-RJ45 Cat 5 LAN Management Cable,,https://pub-4ae70fe1d6cf4e5ea327e14b66c0ad8e.r2.dev/dtsupply-products/038-003-467.webp,$65.00,038-003-467,True,4758
Cables,08L2559 - IBM 12-inch Wake On LAN WOL Cable,,https://pub-4ae70fe1d6cf4e5ea327e14b66c0ad8e.r2.dev/dtsupply-products/08L2559.webp,$62.00,08L2559,True,5924
Cables,08L7908 - IBM 1M Advanced SSA Copper Cable,,https://cdn.cmshardware.com/images/Images/Products/08L7908.webp,$62.00,08L7908,True,4694
Cables,038-003-499 - EMC 4GB Fibre Channel Passive SFP to SFP Cable Assembly 2.5m (rohs),,https://pub-4ae70fe1d6cf4e5ea327e14b66c0ad8e.r2.dev/dtsupply-products/038-003-499.webp,$76.00,038-003-499,True,7499
Cables,08L7910 - IBM 5M Advanced SSA Copper Cable,,https://pub-4ae70fe1d6cf4e5ea327e14b66c0ad8e.r2.dev/dtsupply-products/08L7910.webp,$110.00,08L7910,True,5987
Cables,038-003-503 - EMC 4Gb/s Fibre Channel Cable SFP Male To HSSDC2 Male (2-meter),,https://pub-4ae70fe1d6cf4e5ea327e14b66c0ad8e.r2.dev/dtsupply-products/038-003-503.webp,$62.00,038-003-503,True,5721
Cables,08L9697 - IBM Redundant Power Cable FIC-TO-OPC For 3584,,https://cdn.cmshardware.com/images/Images/Products/08L9697.webp,$78.00,08L9697,True,3846
Cables,038-003-508 - EMC 4Gb/s Fibre Channel HSSDC to HSSDC Cable (1-meter),,https://pub-4ae70fe1d6cf4e5ea327e14b66c0ad8e.r2.dev/dtsupply-products/038-003-508.webp,$62.00,038-003-508,True,5393
Cables,0960-1074 - HP 56Kb/s FAX Modem,,https://pub-4ae70fe1d6cf4e5ea327e14b66c0ad8e.r2.dev/dtsupply-products/0960-1074.webp,$137.00,0960-1074,True,1548
Cables,038-003-509 - EMC Hssdc2 to HSSDC 2M Fiber Channel Cable,,https://pub-4ae70fe1d6cf4e5ea327e14b66c0ad8e.r2.dev/dtsupply-products/038-003-509.webp,$62.00,038-003-509,True,5874
Cables,09F4215 - IBM Twinax Y-Connector Cable,,https://pub-4ae70fe1d6cf4e5ea327e14b66c0ad8e.r2.dev/dtsupply-products/09F4215.webp,$62.00,09F4215,True,7093
Cables,038-003-510 - EMC 4.0M 4GB Fibre Channel Hssdc2 to Hssdc2 Cable Assembly,,https://pub-4ae70fe1d6cf4e5ea327e14b66c0ad8e.r2.dev/dtsupply-products/038-003-510.webp,$62.00,038-003-510,True,5391
Cables,09L3299 - IBM 1m VHDCI68-VHDCI68 Ultra320 SCSI External Cable,,https://pub-4ae70fe1d6cf4e5ea327e14b66c0ad8e.r2.dev/dtsupply-products/09L3299.webp,$120.00,09L3299,True,7512
Cables,09L3303 - IBM 5m VHDCI To VHDCI SCSI Copper External Cable,,https://cdn.cmshardware.com/images/Images/Products/09L3303.webp,$88.00,09L3303,True,6177
Cables,038-003-511 - EMC 5M HSSDC2 to HSSDC2 Fibre Channel Cable,,https://pub-4ae70fe1d6cf4e5ea327e14b66c0ad8e.r2.dev/dtsupply-products/038-003-511.webp,$62.00,038-003-511,True,4732
Cables,09N4293 - IBM 7 Feet NetBay KVM VGA PS/2 Console Cable Set,,https://cdn.cmshardware.com/images/Images/Products/09N4293.webp,$62.00,09N4293,True,6181
Cables,09N7275 - IBM 2-Meters VHDCI To VHDCI SCSI Cable,,https://cdn.cmshardware.com/images/Images/Products/09N7275.webp,$62.00,09N7275,True,6383
Cables,038-003-514 - Emc 4GB Hssdc-hssdc Fiber Cable,,https://pub-4ae70fe1d6cf4e5ea327e14b66c0ad8e.r2.dev/dtsupply-products/038-003-514.webp,$82.00,038-003-514,True,5778
Cables,09N7945 - IBM 120mm Fan Cable for Netfinity,,https://pub-4ae70fe1d6cf4e5ea327e14b66c0ad8e.r2.dev/dtsupply-products/09N7945.webp,$72.00,09N7945,True,7329
Cables,038-003-623 - EMC 19-inch Micro DB9 To RJ12 SPS Serial Cable for,,https://pub-4ae70fe1d6cf4e5ea327e14b66c0ad8e.r2.dev/dtsupply-products/038-003-623.webp,$62.00,038-003-623,True,4857
Cables,09N9502 - IBM 12-inch RJ-45 Ethernet Cable,,https://pub-4ae70fe1d6cf4e5ea327e14b66c0ad8e.r2.dev/dtsupply-products/09N9502.webp,$62.00,09N9502,True,7452
Cables,038-003-677 - EMC 1M RJ45-RJ45 Ethernet Crossover Cable 37 Green,,https://cdn.cmshardware.com/images/Images/Products/038-003-677.webp,$75.00,038-003-677,True,6074
Cables,038-003-682 - EMC 12-inch SPS to RS232 Server Maintenance Cable Black,,https://cdn.cmshardware.com/images/Images/Products/038-003-682.webp,$72.00,038-003-682,True,6034
Cables,09N9581 - IBM RJ-45 Ethernet Cable,,https://pub-4ae70fe1d6cf4e5ea327e14b66c0ad8e.r2.dev/dtsupply-products/09N9581.webp,$62.00,09N9581,True,7451
Cables,038-003-699 - EMC 1.7M 3Gb/s QSFP to QSFP Cable,,https://cdn.cmshardware.com/images/Images/Products/038-003-699.webp,$70.00,038-003-699,True,6715
Cables,09P1251 - IBM 3M 9-Pin Male-Male SPCN Power Control Cable,,https://pub-4ae70fe1d6cf4e5ea327e14b66c0ad8e.r2.dev/dtsupply-products/09P1251.webp,$78.00,09P1251,True,4000
Cables,038-003-704 - EMC 3Gb/s QSFP to QSFP Male 1m Cable for Vmax,,https://cdn.cmshardware.com/images/Images/Products/038-003-704.webp,$62.00,038-003-704,True,6708
Cables,09TNX8 - Dell HDD Backplane to MB/SATA Cable for PowerEdge FC640,,https://pub-4ae70fe1d6cf4e5ea327e14b66c0ad8e.r2.dev/dtsupply-products/09TNX8.webp,$132.00,09TNX8,True,794
Cables,038-003-708 - EMC QSFP to 4HSSDC Fibre Cable (2-meter),,https://pub-4ae70fe1d6cf4e5ea327e14b66c0ad8e.r2.dev/dtsupply-products/038-003-708.webp,$87.00,038-003-708,True,7454
Cables,038-003-711 - EMC Dual USB Assembly Cable,,https://cdn.cmshardware.com/images/Images/Products/038-003-711.webp,$80.00,038-003-711,True,6084
Cables,0A36580 - Lenovo 6ft M-M Display Port Cable,,https://pub-4ae70fe1d6cf4e5ea327e14b66c0ad8e.r2.dev/dtsupply-products/0A36580.webp,$62.00,0A36580,True,5848
Cables,038-003-730-01 - NetApp 5.0M 10G SFP+ to SFP+ Direct Attach Copper Cable,,https://cdn.cmshardware.com/images/Images/Products/038-003-730-01.webp,$185.00,038-003-730-01,True,6592
Cables,0B47069 - Lenovo HDMI TO VGA Adapter Cable,,https://pub-4ae70fe1d6cf4e5ea327e14b66c0ad8e.r2.dev/dtsupply-products/0B47069.webp,$120.00,0B47069,True,7402
Cables,038-003-941 - EMC 65.5-inch USB Armada Cable,,https://cdn.cmshardware.com/images/Images/Products/038-003-941.webp,$88.00,038-003-941,True,6083
Cables,0B47071 - Lenovo DVI to DVI Cable Adapter,,https://pub-4ae70fe1d6cf4e5ea327e14b66c0ad8e.r2.dev/dtsupply-products/0B47071.webp,Get a Quote for price,0B47071,True,5611
Cables,038-003-960 - EMC 3M Mini-SAS to Mini-SAS Cable,,https://pub-4ae70fe1d6cf4e5ea327e14b66c0ad8e.r2.dev/dtsupply-products/038-003-960.webp,$122.00,038-003-960,True,4654
Cables,0B47072 - Lenovo USB 3.0 TO DVI/VGA MONITOR Adapter,,https://pub-4ae70fe1d6cf4e5ea327e14b66c0ad8e.r2.dev/dtsupply-products/0B47072.webp,$165.00,0B47072,True,7401
Cables,038-004-127 - EMC 1m VMAX DisplayPort to VGA Cable,,https://cdn.cmshardware.com/images/Images/Products/038-004-127.webp,$132.00,038-004-127,True,4004
Cables,038-004-173 - EMC 0.25m External Ethernet Cable UTP,,https://cdn.cmshardware.com/images/Images/Products/038-004-173.webp,$95.00,038-004-173,True,6735
Cables,"0B47388 - Lenovo Kensington Microsaver DS Cable Lock Patented T-bar Lock Steel, Plastic 5 ft",,https://pub-4ae70fe1d6cf4e5ea327e14b66c0ad8e.r2.dev/dtsupply-products/0B47388.webp,$92.00,0B47388,True,7113
Cables,0CFVG - Dell 6 ft C13 to C14 Heavy Duty Power Cord Extension Cable,,https://cdn.cmshardware.com/images/Images/Products/0CFVG.webp,$62.00,0CFVG,True,1231
Cables,038-004-177 - EMC 10ft SFP+ to SFP+ Twinaxial Direct Attach Cable,,https://cdn.cmshardware.com/images/Images/Products/038-004-177.webp,$195.00,038-004-177,True,6657
Cables,0FTN6 - Dell Front USB Signal Cable for PowerEdge R530,,https://cdn.cmshardware.com/images/Images/Products/0FTN6.webp,$62.00,0FTN6,True,805
Cables,038-004-427 - EMC 24-inch RJ45 to DB9 Male Cable,,https://cdn.cmshardware.com/images/Images/Products/038-004-427.webp,$68.00,038-004-427,True,6079
Cables,0G2H6 - Dell Mini-SAS to Perc 6/i Controller SAS Cable,,https://cdn.cmshardware.com/images/Images/Products/0G2H6.webp,$68.00,0G2H6,True,913
Cables,038-004-888 - EMC 40-inch RJ-11 Male RJ-11 Female Cable,,https://cdn.cmshardware.com/images/Images/Products/038-004-888.webp,$62.00,038-004-888,True,6077
Cables,0G626 - Dell 6 Ft Dual PS2 Console KVM Cable,,https://cdn.cmshardware.com/images/Images/Products/0G626.webp,$102.00,0G626,True,556
Cables,0HG2F3 - Dell Optical Drive ODD HDD SATA Power Cable,,https://cdn.cmshardware.com/images/Images/Products/0HG2F3.webp,$62.00,0HG2F3,True,985
Cables,038-900-021 - EMC 10 feet USB to Mono Cable,,https://cdn.cmshardware.com/images/Images/Products/038-900-021.webp,$62.00,038-900-021,True,4266
Cables,0HHYJ - Dell 15-inch Mini-SAS Cable for PowerEdge R620,,https://cdn.cmshardware.com/images/Images/Products/0HHYJ.webp,$62.00,0HHYJ,True,608
Cables,039-000-021 - EMC Vmax Micro HDMI To Db9 Dual RJ-12 Cable,,https://cdn.cmshardware.com/images/Images/Products/039-000-021.webp,$112.00,039-000-021,True,3934
Cables,039-004-110 - EMC 1m Vmax USB to Micro USB Cable,,https://cdn.cmshardware.com/images/Images/Products/039-004-110.webp,$140.00,039-004-110,True,6081
Cables,03K9028 - IBM Power Supply to Midplane Power Cable For eServer x445,,https://cdn.cmshardware.com/images/Images/Products/03K9028.webp,$78.00,03K9028,True,7973
Cables,0JHCT - Dell 16-Pin Backplane Power Cable For PowerEdge R540/R6415,,https://pub-4ae70fe1d6cf4e5ea327e14b66c0ad8e.r2.dev/dtsupply-products/0JHCT.webp,$62.00,0JHCT,True,948
Cables,03K9168 - IBM Netfinity 5500 Fan/Blower Power Cable,,https://pub-4ae70fe1d6cf4e5ea327e14b66c0ad8e.r2.dev/dtsupply-products/03K9168.webp,$62.00,03K9168,True,7143
Cables,0JK007 - Dell SATA-B Cable for PowerEdge SC1435,,https://pub-4ae70fe1d6cf4e5ea327e14b66c0ad8e.r2.dev/dtsupply-products/0JK007.webp,$58.00,0JK007,True,514
Cables,0M62D - Dell 280mm 90 Degree Right-Angle 6.0Gbps Serial ATA(SATA) III Cable for OptiPlex 3020 / 7020,,https://cdn.cmshardware.com/images/Images/Products/0M62D.webp,$98.00,0M62D,True,619
Cables,03K9175 - IBM Netfinity Fan Power Cable,,https://pub-4ae70fe1d6cf4e5ea327e14b66c0ad8e.r2.dev/dtsupply-products/03K9175.webp,$115.00,03K9175,True,7069
Cables,0M86F - Dell 16-Inch Mini SAS Signal Cable For PowerEdge R430,,https://cdn.cmshardware.com/images/Images/Products/0M86F.webp,$62.00,0M86F,True,685
Cables,03K9196 - IBM 2m LVD-SE SCSI Cable for Ultra2,,https://cdn.cmshardware.com/images/Images/Products/03K9196.webp,$68.00,03K9196,True,6423
Cables,03K9239 - IBM Power to SCSI Backplane and Media Cable,,https://cdn.cmshardware.com/images/Images/Products/03K9239.webp,$72.00,03K9239,True,6174
Cables,0M9N09 - Dell DisplayPort to VGA Adapter Cable,,https://pub-4ae70fe1d6cf4e5ea327e14b66c0ad8e.r2.dev/dtsupply-products/0M9N09.webp,$78.00,0M9N09,True,529
Cables,03K9317 - IBM RS485 Internal Cable Assembly,,https://pub-4ae70fe1d6cf4e5ea327e14b66c0ad8e.r2.dev/dtsupply-products/03K9317.webp,$62.00,03K9317,True,7446
Cables,03K9328 - IBM 4-Pin 6-inch Fan Cable Internal for Netfinity 5500,,https://pub-4ae70fe1d6cf4e5ea327e14b66c0ad8e.r2.dev/dtsupply-products/03K9328.webp,$54.00,03K9328,True,7480
Cables,0MX3P7 - Dell SAS-A/B 8x 3.5-Inch Motherboard Cable,,https://pub-4ae70fe1d6cf4e5ea327e14b66c0ad8e.r2.dev/dtsupply-products/0MX3P7.webp,$62.00,0MX3P7,True,282
Cables,0N701D - Dell 3.75-inch SATA 15-Pin Connector X to SATA Power Splitter Cable for OptiPlex 380/ Optiplex 960/ T7500 WorkStation,,https://cdn.cmshardware.com/images/Images/Products/0N701D.webp,$62.00,0N701D,True,1225
Cables,03K9334 - IBM I/O Plane to Dual Fan Power Cable For xServer,,https://pub-4ae70fe1d6cf4e5ea327e14b66c0ad8e.r2.dev/dtsupply-products/03K9334.webp,$85.00,03K9334,True,7974
Cables,0NC8F - Dell Power Button Board Cable,,https://cdn.cmshardware.com/images/Images/Products/0NC8F.webp,$58.00,0NC8F,True,620
Cables,03K9336 - IBM USB 2.0 6-Pin Cable for X-Series 445,,https://cdn.cmshardware.com/images/Images/Products/03K9336.webp,$62.00,03K9336,True,6175
Cables,03R0292 - IBM ATA 100 2 DROP IDE Cable,,https://cdn.cmshardware.com/images/Images/Products/03R0292.webp,$72.00,03R0292,True,6454
Cables,0ND63T - Dell PowerEdge T410 SAS Serial Attached SCSI Hard Drive Cable,,https://pub-4ae70fe1d6cf4e5ea327e14b66c0ad8e.r2.dev/dtsupply-products/0ND63T.webp,$76.00,0ND63T,True,254
Cables,03R0293 - IBM 2.3ft SATA Hard Disk Drive Cable,,https://pub-4ae70fe1d6cf4e5ea327e14b66c0ad8e.r2.dev/dtsupply-products/03R0293.webp,$62.00,03R0293,True,5840
Cables,0NNRR - Dell Stacking Cable (24-inch),,https://pub-4ae70fe1d6cf4e5ea327e14b66c0ad8e.r2.dev/dtsupply-products/0NNRR.webp,$62.00,0NNRR,True,686
Cables,03R0297 - IBM 40cm 26-Pin Floppy Drive Ribbon Cable,,https://cdn.cmshardware.com/images/Images/Products/03R0297.webp,$62.00,03R0297,True,6207
Cables,0PD147 - Dell 12-inch 4-Pin 2 Wire LED Hard Drive Cable,,https://cdn.cmshardware.com/images/Images/Products/0PD147.webp,$62.00,0PD147,True,1232
Cables,0PD7DK - Dell 13-in Mini-SAS SFF-8087 to 4x SATA HDD Connectors Cable,,https://cdn.cmshardware.com/images/Images/Products/0PD7DK.webp,$62.00,0PD7DK,True,1188
Cables,03T8154 - Lenovo 250mm Second Serial Port Cable,,https://pub-4ae70fe1d6cf4e5ea327e14b66c0ad8e.r2.dev/dtsupply-products/03T8154.webp,$78.00,03T8154,True,7975
Cables,03T8177 - IBM 250mm 15-Pin Second Serial Port Cable,,https://cdn.cmshardware.com/images/Images/Products/03T8177.webp,$78.00,03T8177,True,7976
Cables,0R717 - Dell 7 Ft CAT5 I/O KMM Ethernet Cable Black,,https://pub-4ae70fe1d6cf4e5ea327e14b66c0ad8e.r2.dev/dtsupply-products/0R717.webp,$62.00,0R717,True,990
Cables,03T8794 - Lenovo 45cm Flex Bay Power Cable,,https://cdn.cmshardware.com/images/Images/Products/03T8794.webp,$120.00,03T8794,True,7977
Cables,0RTHTV - Dell Rear Backplane to Backplane I2C Signal Cable,,https://cdn.cmshardware.com/images/Images/Products/0RTHTV.webp,$72.00,0RTHTV,True,1187
Cables,0T8677 - Dell 13-inch Internal SCSI Backplane Cable for PowerEdge 2850,,https://cdn.cmshardware.com/images/Images/Products/0T8677.webp,$62.00,0T8677,True,459
Cables,03T8801 - Lenovo GPU Power Cable For ThinkStation P700,,https://cdn.cmshardware.com/images/Images/Products/03T8801.webp,$240.00,03T8801,True,4280
Cables,0U615 - Dell Intrusion Switch Assembly Cable For OptiPlex 7020,,https://pub-4ae70fe1d6cf4e5ea327e14b66c0ad8e.r2.dev/dtsupply-products/0U615.webp,$62.00,0U615,True,1022
Cables,03T9635 - Lenovo LED Power Button with Cable For ThinkCentre,,https://pub-4ae70fe1d6cf4e5ea327e14b66c0ad8e.r2.dev/dtsupply-products/03T9635.webp,Get a Quote for price,03T9635,True,4034
Cables,0V6W1Y - Dell Optical Drive SATA Cable for PowerEdge T320 / T420,,https://cdn.cmshardware.com/images/Images/Products/0V6W1Y.webp,$98.00,0V6W1Y,True,798
Cables,03X3631 - IBM 27-inch Long Mini SAS to Mini SAS Cable for RD240,,https://cdn.cmshardware.com/images/Images/Products/03X3631.webp,$42.00,03X3631,True,6182
Cables,03X3696 - Lenovo 750mm SATA Black Flat Cable,,https://cdn.cmshardware.com/images/Images/Products/03X3696.webp,$72.00,03X3696,True,6281
Cables,0VDCHF - Dell 1M External SFF-8088 to SFF-8088 Mini-SAS Stacking Cable,,https://pub-4ae70fe1d6cf4e5ea327e14b66c0ad8e.r2.dev/dtsupply-products/0VDCHF.webp,$138.00,0VDCHF,True,842
Cables,0W140D - Dell 9.5-in Blue SATA Right to Strangle Angle HDD Data Cable,,https://cdn.cmshardware.com/images/Images/Products/0W140D.webp,$72.00,0W140D,True,845
Cables,03X3758 - Lenovo 200mm 2-Connector 1-wire Cable Assembly,,https://pub-4ae70fe1d6cf4e5ea327e14b66c0ad8e.r2.dev/dtsupply-products/03X3758.webp,$62.00,03X3758,True,5921
Cables,0WH749 - Dell 12.75-inch SAS Backplane Cable for PowerEdge 840,,https://cdn.cmshardware.com/images/Images/Products/0WH749.webp,$62.00,0WH749,True,1017
Cables,0X394K - Dell 4 Drop H200 H700 SAS Cable for PowerEdge R310 R410 R415,,https://cdn.cmshardware.com/images/Images/Products/0X394K.webp,$108.00,0X394K,True,712
Cables,03X3770 - Lenovo 2ft MiniSAS-MiniSAS Cable,,https://pub-4ae70fe1d6cf4e5ea327e14b66c0ad8e.r2.dev/dtsupply-products/03X3770.webp,$95.00,03X3770,True,1244
Cables,0XT618 - Dell Optical Drive SATA Power and Signal Cable,,https://cdn.cmshardware.com/images/Images/Products/0XT618.webp,$62.00,0XT618,True,764
Cables,03X3855 - Lenovo 500mm MiniSAS Cable,,https://pub-4ae70fe1d6cf4e5ea327e14b66c0ad8e.r2.dev/dtsupply-products/03X3855.webp,$62.00,03X3855,True,4693
Cables,0XT61 - Dell SATA Optical Drive Cable for PowerEdge R610 / R710 Server,,https://pub-4ae70fe1d6cf4e5ea327e14b66c0ad8e.r2.dev/dtsupply-products/0XT61.webp,Get a Quote for price,0XT61,True,715
Cables,03X4344 - IBM Mini SAS Cable for ThinkServer RD630 / RD640,,https://pub-4ae70fe1d6cf4e5ea327e14b66c0ad8e.r2.dev/dtsupply-products/03X4344.webp,Get a Quote for price,03X4344,True,4675
Cables,"1005-0366 - HP 100m (328ft) Fibre-Optic Short Wave Multimode Interface Cable 50um Core, 125um Cladding",,https://pub-4ae70fe1d6cf4e5ea327e14b66c0ad8e.r2.dev/dtsupply-products/1005-0366.webp,Get a Quote for price,1005-0366,True,1853
Cables,04N2652 - IBM SPCN Black Y-Cable,,https://pub-4ae70fe1d6cf4e5ea327e14b66c0ad8e.r2.dev/dtsupply-products/04N2652.webp,$62.00,04N2652,True,5909
Cables,1005-0585 - HP 6.6ft SC-SC Duplex M-M XM Fibre Channel Cable,,https://pub-4ae70fe1d6cf4e5ea327e14b66c0ad8e.r2.dev/dtsupply-products/1005-0585.webp,$50.00,1005-0585,True,2651
Cables,04N5100 - IBM Power Distribution Board to I/O Board Signal Cable,,https://cdn.cmshardware.com/images/Images/Products/04N5100.webp,$98.00,04N5100,True,7978
Cables,1005-0586-B - HP 16m SC to SC Fibre Cable,,https://pub-4ae70fe1d6cf4e5ea327e14b66c0ad8e.r2.dev/dtsupply-products/1005-0586-B.webp,$72.00,1005-0586-B,True,2099
Cables,04N5101 - IBM I/O Board to Fan Harness Cable,,https://pub-4ae70fe1d6cf4e5ea327e14b66c0ad8e.r2.dev/dtsupply-products/04N5101.webp,$102.00,04N5101,True,7327
Cables,100613-003 - Compaq 12ft Power Cord for ProLiant ML150 Server,,https://pub-4ae70fe1d6cf4e5ea327e14b66c0ad8e.r2.dev/dtsupply-products/100613-003.webp,$55.00,100613-003,True,4602
Cables,04N5103 - IBM System Board to PDB Power Cable For eServer pSeries 640,,https://cdn.cmshardware.com/images/Images/Products/04N5103.webp,$112.00,04N5103,True,7979
Cables,100614-003 - Compaq 3.7m AC Power Cord (Europe),,https://pub-4ae70fe1d6cf4e5ea327e14b66c0ad8e.r2.dev/dtsupply-products/100614-003.webp,$55.00,100614-003,True,4240
Cables,04N5108 - IBM I/O Board to Operator Panel Cable,,https://cdn.cmshardware.com/images/Images/Products/04N5108.webp,$98.00,04N5108,True,7980
Cables,100661-007 - HP International Power Cord,,https://pub-4ae70fe1d6cf4e5ea327e14b66c0ad8e.r2.dev/dtsupply-products/100661-007.webp,$62.00,100661-007,True,2248
Cables,04W1565 - Lenovo LCD Cable Assembly for ThinkPad T530,,https://pub-4ae70fe1d6cf4e5ea327e14b66c0ad8e.r2.dev/dtsupply-products/04W1565.webp,Get a Quote for price,04W1565,True,5431
Cables,10093084-2005HFLF - Amphenol 0.5M Male to Male Black QSFP+ Network Cable,,https://cdn.cmshardware.com/images/Images/Products/10093084-2005HFLF.webp,$62.00,10093084-2005HFLF,True,6060
Cables,04W1632 - Lenovo RJ11 Cable with Connector for ThinkPad T420 / 420i,,https://pub-4ae70fe1d6cf4e5ea327e14b66c0ad8e.r2.dev/dtsupply-products/04W1632.webp,$75.00,04W1632,True,7051
Cables,100CQQH2620 - Intel Omni-Path Cable Passive Copper Cable QSFP-QSFP 26AWG,,https://pub-4ae70fe1d6cf4e5ea327e14b66c0ad8e.r2.dev/dtsupply-products/100CQQH2620.webp,$135.00,100CQQH2620,True,7439
Cables,04W1685 - Lenovo LED Cable Assembly for ThinkPad T430s,,https://pub-4ae70fe1d6cf4e5ea327e14b66c0ad8e.r2.dev/dtsupply-products/04W1685.webp,Get a Quote for price,04W1685,True,5430
Cables,100FEVL0150 - Intel 15M 1x QSFPDD to 2x QSFP28 Omni-Path Active Optical Cable,,https://pub-4ae70fe1d6cf4e5ea327e14b66c0ad8e.r2.dev/dtsupply-products/100FEVL0150.webp,"$1,035.00",100FEVL0150,True,7417
Cables,04W1714 - Lenovo LED Cable Assembly for ThinkPad T530,,https://pub-4ae70fe1d6cf4e5ea327e14b66c0ad8e.r2.dev/dtsupply-products/04W1714.webp,$62.00,04W1714,True,7450
Cables,05-60004-00 - Broadcom 1mm SCSI SAS Data Transfer Cable,,https://pub-4ae70fe1d6cf4e5ea327e14b66c0ad8e.r2.dev/dtsupply-products/05-60004-00.webp,$175.00,05-60004-00,True,4229
Cables,100FRRA0150 - Intel 15M QSFP-QSFP Omni-Path Active Optical Cable,,https://pub-4ae70fe1d6cf4e5ea327e14b66c0ad8e.r2.dev/dtsupply-products/100FRRA0150.webp,$558.00,100FRRA0150,True,7425
Cables,10117984-2030HLF - EMC 3m QSFP Passive Copper Cable,,https://cdn.cmshardware.com/images/Images/Products/10117984-2030HLF.webp,$62.00,10117984-2030HLF,True,6696
Cables,05-60008-00 - Broadcom U.2 Enabler SAS 1M Cable,,https://pub-4ae70fe1d6cf4e5ea327e14b66c0ad8e.r2.dev/dtsupply-products/05-60008-00.webp,$160.00,05-60008-00,True,3916
Cables,10124907-2015LF - HP 1.5M SFP+ Direct Attached Cable,,https://pub-4ae70fe1d6cf4e5ea327e14b66c0ad8e.r2.dev/dtsupply-products/10124907-2015LF.webp,$105.00,10124907-2015LF,True,2221
Cables,0599D - Dell 34-Pin Floppy Drive Cable for PowerEdge 6450,,https://cdn.cmshardware.com/images/Images/Products/0599D.webp,$62.00,0599D,True,506
Cables,10139406-2015LF - HP 1.5m 25Gb/s Omni-Path Copper Cable,,https://cdn.cmshardware.com/images/Images/Products/10139406-2015LF.webp,$98.00,10139406-2015LF,True,1436
Cables,05K2795 - IBM 13.3-inch LCD Cable Harness For ThinkPad,,https://cdn.cmshardware.com/images/Images/Products/05K2795.webp,$128.00,05K2795,True,3847
Cables,10139406-2025LF - HPE 2.5m EVAL FCI NL8 Copper Cable Assembly,,https://cdn.cmshardware.com/images/Images/Products/10139406-2025LF.webp,$98.00,10139406-2025LF,True,1437
Cables,05N5292 - IBM 15M Ethernet Cable,,https://pub-4ae70fe1d6cf4e5ea327e14b66c0ad8e.r2.dev/dtsupply-products/05N5292.webp,$110.00,05N5292,True,5791
Cables,1015C001 - Canon IFC-600PCU USB cable 1 m USB 2.0 USB A Black,,https://pub-4ae70fe1d6cf4e5ea327e14b66c0ad8e.r2.dev/dtsupply-products/1015C001.webp,$78.00,1015C001,True,4765
Cables,0678-001 - Axis HDTV Indoor Sensor Unit with 12m Cable for F1015,,https://pub-4ae70fe1d6cf4e5ea327e14b66c0ad8e.r2.dev/dtsupply-products/0678-001.webp,$588.00,0678-001,True,5112
Cables,06P5864 - IBM 20-Pin Planar to RSA Cable,,https://pub-4ae70fe1d6cf4e5ea327e14b66c0ad8e.r2.dev/dtsupply-products/06P5864.webp,$72.00,06P5864,True,7328
Cables,10299 - Cables To Go 75FT Cat6 Snagless UTP Unshielded Network Patch Cable,,https://pub-4ae70fe1d6cf4e5ea327e14b66c0ad8e.r2.dev/dtsupply-products/10299.webp,$73.00,10299,True,4814
Cables,06P6007 - IBM 12ft Console-KVM Cable,,https://pub-4ae70fe1d6cf4e5ea327e14b66c0ad8e.r2.dev/dtsupply-products/06P6007.webp,$80.00,06P6007,True,5797
Cables,10304 - Extreme Networks 1m SFP+ to SFP+ Passive Direct Attach Copper Twinax Cable,,https://pub-4ae70fe1d6cf4e5ea327e14b66c0ad8e.r2.dev/dtsupply-products/10304.webp,$200.00,10304,True,4960
Cables,07-0306-000 - HP Console Cable,,https://cdn.cmshardware.com/images/Images/Products/07-0306-000.webp,$212.00,07-0306-000,True,1390
Cables,07-0504-000 - 3Com 10/100 PCMCIA Dongle Cable,,https://cdn.cmshardware.com/images/Images/Products/07-0504-000.webp,$62.00,07-0504-000,True,6053
Cables,10305 - Extreme Networks 3m SFP+ to SFP+ Passive Direct Attach Copper Twinax Cable,,https://pub-4ae70fe1d6cf4e5ea327e14b66c0ad8e.r2.dev/dtsupply-products/10305.webp,$72.00,10305,True,4957
Cables,"0736-001 - Axis F1035-E Sensor unitSensor Unit, Fisheye, 1.3 mm, F2.8, IP66, 12m Cable",,https://pub-4ae70fe1d6cf4e5ea327e14b66c0ad8e.r2.dev/dtsupply-products/0736-001.webp,$635.00,0736-001,True,4764
Cables,10306 - Extreme Networks 5m SFP+ to SFP+ Passive Direct Attach Copper Twinax Cable,,https://pub-4ae70fe1d6cf4e5ea327e14b66c0ad8e.r2.dev/dtsupply-products/10306.webp,$188.00,10306,True,4968
Cables,076-1224 - Apple Optical Drive Flex Cable Kit with Mylar for MacBook 13,,https://pub-4ae70fe1d6cf4e5ea327e14b66c0ad8e.r2.dev/dtsupply-products/076-1224.webp,$80.00,076-1224,True,7309
Cables,076-1275 - Apple Optical Drive Flex with Mylar Cable Kit for MacBook 13,,https://pub-4ae70fe1d6cf4e5ea327e14b66c0ad8e.r2.dev/dtsupply-products/076-1275.webp,$68.00,076-1275,True,7326
Cables,10311 - Extreme 0.5m QSFP+ to QSFP+ Passive Direct Attach Copper Cable,,https://pub-4ae70fe1d6cf4e5ea327e14b66c0ad8e.r2.dev/dtsupply-products/10311.webp,$155.00,10311,True,4906
Cables,076-1360 - Apple Top Hard Drive Flex Cable for Mac Mini h2347,,https://pub-4ae70fe1d6cf4e5ea327e14b66c0ad8e.r2.dev/dtsupply-products/076-1360.webp,$85.00,076-1360,True,7337
Cables,10312 - Extreme 1m QSFP+ to QSFP+ Passive Direct Attach Copper Cable,,https://pub-4ae70fe1d6cf4e5ea327e14b66c0ad8e.r2.dev/dtsupply-products/10312.webp,$145.00,10312,True,4907
Cables,076-1361 - Apple Optical Drive Flex Cable with Tape for Mid 2010 A1347,,https://pub-4ae70fe1d6cf4e5ea327e14b66c0ad8e.r2.dev/dtsupply-products/076-1361.webp,$75.00,076-1361,True,7302
Cables,105305-USBC - HP CFD LCD USB Cable Assembly,,https://pub-4ae70fe1d6cf4e5ea327e14b66c0ad8e.r2.dev/dtsupply-products/105305-USBC.webp,$62.00,105305-USBC,True,2669
Cables,076-1390 - Apple Lower Hard Drive Flex Cable for Mid 2011 A1347,,https://pub-4ae70fe1d6cf4e5ea327e14b66c0ad8e.r2.dev/dtsupply-products/076-1390.webp,$88.00,076-1390,True,7261
Cables,105870-001 - Compaq 39-Pin IDE Drive Cable,,https://pub-4ae70fe1d6cf4e5ea327e14b66c0ad8e.r2.dev/dtsupply-products/105870-001.webp,$62.00,105870-001,True,4255
Cables,076-1412 - Apple Lower Bay HD / SSD with Tape Flex Cable for Late 2012,,https://pub-4ae70fe1d6cf4e5ea327e14b66c0ad8e.r2.dev/dtsupply-products/076-1412.webp,$82.00,076-1412,True,7275
Cables,108950-015 - Compaq 45cm ATA Optical Drive Cable,,https://pub-4ae70fe1d6cf4e5ea327e14b66c0ad8e.r2.dev/dtsupply-products/108950-015.webp,$62.00,108950-015,True,7453
Cables,076-1423 - Apple Wireless Cable with Label Kit for Late 2012 A1347,,https://pub-4ae70fe1d6cf4e5ea327e14b66c0ad8e.r2.dev/dtsupply-products/076-1423.webp,$85.00,076-1423,True,7306
Cables,108950-029 - Compaq Dual Connect IDE Hard Drive Cable,,https://pub-4ae70fe1d6cf4e5ea327e14b66c0ad8e.r2.dev/dtsupply-products/108950-029.webp,$62.00,108950-029,True,4514
Cables,076-1454 - Apple Right I/O Flex Cable kit for MacBook Pro 15,,https://pub-4ae70fe1d6cf4e5ea327e14b66c0ad8e.r2.dev/dtsupply-products/076-1454.webp,$118.00,076-1454,True,7288
Cables,108950-034 - Compaq SFF Hard Disk Drive IDE Cable for Evo D500,,https://pub-4ae70fe1d6cf4e5ea327e14b66c0ad8e.r2.dev/dtsupply-products/108950-034.webp,$62.00,108950-034,True,4507
Cables,07H8985 - IBM 1.0M SSA Interconnect Copper Cable for BladeCenter S6000,,https://pub-4ae70fe1d6cf4e5ea327e14b66c0ad8e.r2.dev/dtsupply-products/07H8985.webp,$62.00,07H8985,True,7072
Cables,108950-037 - Compaq 14-inch IDE Ultra ATA Hard Drive/CD-ROM Cable for Evo W4000 / D500,,https://pub-4ae70fe1d6cf4e5ea327e14b66c0ad8e.r2.dev/dtsupply-products/108950-037.webp,$62.00,108950-037,True,4510
Cables,07K4842 - IBM 16ft M-M USB Printer Cable,,https://pub-4ae70fe1d6cf4e5ea327e14b66c0ad8e.r2.dev/dtsupply-products/07K4842.webp,$62.00,07K4842,True,7407
Cables,108950-038 - Compaq 13.5-inch UDMA IDE Cable for Evo D300,,https://pub-4ae70fe1d6cf4e5ea327e14b66c0ad8e.r2.dev/dtsupply-products/108950-038.webp,$62.00,108950-038,True,4506
Cables,08343-001 - Polycom 12 Feet Video Conerencing LAN RJ45 to RJ45 Ethernet Cable,,https://cdn.cmshardware.com/images/Images/Products/08343-001.webp,$70.00,08343-001,True,6329
Cables,108950-044 - Compaq Hard Drive Cable for Business PC D530,,https://pub-4ae70fe1d6cf4e5ea327e14b66c0ad8e.r2.dev/dtsupply-products/108950-044.webp,$62.00,108950-044,True,7395
Cables,084022 - Dell 125V 15A 2M Power Cord,,https://pub-4ae70fe1d6cf4e5ea327e14b66c0ad8e.r2.dev/dtsupply-products/84022.webp,Get a Quote for price,84022,True,691
Cables,108950-045 - HP Pavilion D530 SFF CD-ROM Drive Ribbon Cable,,https://pub-4ae70fe1d6cf4e5ea327e14b66c0ad8e.r2.dev/dtsupply-products/108950-045.webp,$62.00,108950-045,True,3212
Cables,08459U - Dell 68-Pin 2 Device Twisted Pair SCSI Cable,,https://cdn.cmshardware.com/images/Images/Products/08459U.webp,$60.00,08459U,True,760
Cables,108950-046 - Compaq 8.6-inch HDD Cable for d530,,https://pub-4ae70fe1d6cf4e5ea327e14b66c0ad8e.r2.dev/dtsupply-products/108950-046.webp,$62.00,108950-046,True,4515
Cables,089G1748HAA15N - Dell 6ft DVI to DVI Black Cable,,https://pub-4ae70fe1d6cf4e5ea327e14b66c0ad8e.r2.dev/dtsupply-products/089G1748HAA15N.webp,$62.00,089G1748HAA15N,True,5832
Cables,108950-047 - Compaq IDE Ultra ATA Hard Drive/ CD-ROM Cable,,https://pub-4ae70fe1d6cf4e5ea327e14b66c0ad8e.r2.dev/dtsupply-products/108950-047.webp,$65.00,108950-047,True,4626
Cables,089G174EGAA - Dell ft 18Pin M-M DVI-D Black Cable,,https://pub-4ae70fe1d6cf4e5ea327e14b66c0ad8e.r2.dev/dtsupply-products/089G174EGAA.webp,$102.00,089G174EGAA,True,5668
Cables,108950-054 - HP CD DVD Disk Drive IDE Cable for DC7100 Desktop SFF,,https://cdn.cmshardware.com/images/Images/Products/108950-054.webp,$62.00,108950-054,True,1396
Cables,089G174ELAA - Dell ft 18Pin M-M DVI-D Cable,,https://pub-4ae70fe1d6cf4e5ea327e14b66c0ad8e.r2.dev/dtsupply-products/089G174ELAA.webp,$95.00,089G174ELAA,True,5667
Cables,108950-057 - HP IDE ATA 40-Pin HDD Hard Drive Ribbon Cable,,https://cdn.cmshardware.com/images/Images/Products/108950-057.webp,$55.00,108950-057,True,2930
Cables,1090.072 - 3rd Party NEMA 5-15P to IEC-60320-C5 Power Cord,,https://cdn.cmshardware.com/images/Images/Products/1090.072.webp,Get a Quote for price,1090.072,True,4476
Cables,089G175523G - HP 6ft USB 2.0 A-4-Pin to B Black Cable,,https://pub-4ae70fe1d6cf4e5ea327e14b66c0ad8e.r2.dev/dtsupply-products/089G175523G.webp,$50.00,089G175523G,True,2674
Cables,08K4067 - IBM LCD Cable Assembly For ThinkPad R40,,https://pub-4ae70fe1d6cf4e5ea327e14b66c0ad8e.r2.dev/dtsupply-products/08K4067.webp,$78.00,08K4067,True,3845
Cables,10GB-4-F10-QSFP - Extreme Networks 10m QSFP+ to 4 x 10G SFP+ Active Optical Cable,,https://pub-4ae70fe1d6cf4e5ea327e14b66c0ad8e.r2.dev/dtsupply-products/10GB-4-F10-QSFP.webp,$435.00,10GB-4-F10-QSFP,True,4756
Cables,08L2559 - IBM 12-inch Wake On LAN WOL Cable,,https://pub-4ae70fe1d6cf4e5ea327e14b66c0ad8e.r2.dev/dtsupply-products/08L2559.webp,$62.00,08L2559,True,5924
Cables,10GB-4-F20-QSFP - Extreme Networks 20m QSFP+ to 4 x 10G SFP+ Active Optical Cable,,https://pub-4ae70fe1d6cf4e5ea327e14b66c0ad8e.r2.dev/dtsupply-products/10GB-4-F20-QSFP.webp,$80.00,10GB-4-F20-QSFP,True,4750
Cables,08L7908 - IBM 1M Advanced SSA Copper Cable,,https://cdn.cmshardware.com/images/Images/Products/08L7908.webp,$62.00,08L7908,True,4694
Cables,08L7910 - IBM 5M Advanced SSA Copper Cable,,https://pub-4ae70fe1d6cf4e5ea327e14b66c0ad8e.r2.dev/dtsupply-products/08L7910.webp,$110.00,08L7910,True,5987
Cables,10GB-F10-SFPP - Extreme Networks 10m SFP+ to SFP+ Active Optical Cable,,https://pub-4ae70fe1d6cf4e5ea327e14b66c0ad8e.r2.dev/dtsupply-products/10GB-F10-SFPP.webp,$248.00,10GB-F10-SFPP,True,4781
Cables,08L9697 - IBM Redundant Power Cable FIC-TO-OPC For 3584,,https://cdn.cmshardware.com/images/Images/Products/08L9697.webp,$78.00,08L9697,True,3846
Cables,10G-SFPP-TWX-0101 - Ruckus Networks 1m SFP+ to SFP+ 10Gbps Passive Direct Attach Copper Twinax Cable ,,https://pub-4ae70fe1d6cf4e5ea327e14b66c0ad8e.r2.dev/dtsupply-products/10G-SFPP-TWX-0101.webp,$128.00,10G-SFPP-TWX-0101,True,5000
Cables,0960-1074 - HP 56Kb/s FAX Modem,,https://pub-4ae70fe1d6cf4e5ea327e14b66c0ad8e.r2.dev/dtsupply-products/0960-1074.webp,$137.00,0960-1074,True,1548
Cables,09F4215 - IBM Twinax Y-Connector Cable,,https://pub-4ae70fe1d6cf4e5ea327e14b66c0ad8e.r2.dev/dtsupply-products/09F4215.webp,$62.00,09F4215,True,7093
Cables,10G-SFPP-TWX-0108 - Ruckus Networks 1m SFP+ to SFP+ 10Gbps Passive Direct Attach Copper Twinax Cable ,,https://pub-4ae70fe1d6cf4e5ea327e14b66c0ad8e.r2.dev/dtsupply-products/10G-SFPP-TWX-0108.webp,"$2,625.00",10G-SFPP-TWX-0108,True,5002
Cables,09L3299 - IBM 1m VHDCI68-VHDCI68 Ultra320 SCSI External Cable,,https://pub-4ae70fe1d6cf4e5ea327e14b66c0ad8e.r2.dev/dtsupply-products/09L3299.webp,$120.00,09L3299,True,7512
Cables,09L3303 - IBM 5m VHDCI To VHDCI SCSI Copper External Cable,,https://cdn.cmshardware.com/images/Images/Products/09L3303.webp,$88.00,09L3303,True,6177
Cables,10G-SFPP-TWX-0301 - Ruckus Networks 1m SFP+ to SFP+ 10Gbps Passive Direct Attach Copper Twinax Cable ,,https://pub-4ae70fe1d6cf4e5ea327e14b66c0ad8e.r2.dev/dtsupply-products/10G-SFPP-TWX-0301.webp,$155.00,10G-SFPP-TWX-0301,True,4999
Cables,09N4293 - IBM 7 Feet NetBay KVM VGA PS/2 Console Cable Set,,https://cdn.cmshardware.com/images/Images/Products/09N4293.webp,$62.00,09N4293,True,6181
Cables,09N7275 - IBM 2-Meters VHDCI To VHDCI SCSI Cable,,https://cdn.cmshardware.com/images/Images/Products/09N7275.webp,$62.00,09N7275,True,6383
Cables,10G-SFPP-TWX-P-0101 - Ruckus Networks 1m SFP+ to SFP+ 10Gbps Passive Direct Attach Copper Twinax Cable ,,https://pub-4ae70fe1d6cf4e5ea327e14b66c0ad8e.r2.dev/dtsupply-products/10G-SFPP-TWX-P-0101.webp,$168.00,10G-SFPP-TWX-P-0101,True,5003
Cables,09N7945 - IBM 120mm Fan Cable for Netfinity,,https://pub-4ae70fe1d6cf4e5ea327e14b66c0ad8e.r2.dev/dtsupply-products/09N7945.webp,$72.00,09N7945,True,7329
Cables,10G-SFPP-TWX-P-0108 - Ruckus Networks 1m SFP+ to SFP+ 10Gbps Passive Direct Attach Copper Twinax Cable ,,https://pub-4ae70fe1d6cf4e5ea327e14b66c0ad8e.r2.dev/dtsupply-products/10G-SFPP-TWX-P-0108.webp,$865.00,10G-SFPP-TWX-P-0108,True,4985
Cables,09N9502 - IBM 12-inch RJ-45 Ethernet Cable,,https://pub-4ae70fe1d6cf4e5ea327e14b66c0ad8e.r2.dev/dtsupply-products/09N9502.webp,$62.00,09N9502,True,7452
Cables,1103060-11 - HP VHD68 to DB9M 4-Port Mini Fan-Out Cable,,https://pub-4ae70fe1d6cf4e5ea327e14b66c0ad8e.r2.dev/dtsupply-products/1103060-11.webp,$55.00,1103060-11,True,1629
Cables,09N9581 - IBM RJ-45 Ethernet Cable,,https://pub-4ae70fe1d6cf4e5ea327e14b66c0ad8e.r2.dev/dtsupply-products/09N9581.webp,$62.00,09N9581,True,7451
Cables,09P1251 - IBM 3M 9-Pin Male-Male SPCN Power Control Cable,,https://pub-4ae70fe1d6cf4e5ea327e14b66c0ad8e.r2.dev/dtsupply-products/09P1251.webp,$78.00,09P1251,True,4000
Cables,110936-B24 - HP 3ft KVM Cable,,https://pub-4ae70fe1d6cf4e5ea327e14b66c0ad8e.r2.dev/dtsupply-products/110936-B24.webp,$88.00,110936-B24,True,2255
Cables,09TNX8 - Dell HDD Backplane to MB/SATA Cable for PowerEdge FC640,,https://pub-4ae70fe1d6cf4e5ea327e14b66c0ad8e.r2.dev/dtsupply-products/09TNX8.webp,$132.00,09TNX8,True,794
Cables,110936-B25 - HP 7ft KVM Cable,,https://pub-4ae70fe1d6cf4e5ea327e14b66c0ad8e.r2.dev/dtsupply-products/110936-B25.webp,$95.00,110936-B25,True,6998
Cables,0A36580 - Lenovo 6ft M-M Display Port Cable,,https://pub-4ae70fe1d6cf4e5ea327e14b66c0ad8e.r2.dev/dtsupply-products/0A36580.webp,$62.00,0A36580,True,5848
Cables,0B47069 - Lenovo HDMI TO VGA Adapter Cable,,https://pub-4ae70fe1d6cf4e5ea327e14b66c0ad8e.r2.dev/dtsupply-products/0B47069.webp,$120.00,0B47069,True,7402
Cables,110941-001 - Compaq 6ft 68-Pin to 68-Pin SCSI Interface Cable,,https://pub-4ae70fe1d6cf4e5ea327e14b66c0ad8e.r2.dev/dtsupply-products/110941-001.webp,$65.00,110941-001,True,4543
Cables,0B47071 - Lenovo DVI to DVI Cable Adapter,,https://pub-4ae70fe1d6cf4e5ea327e14b66c0ad8e.r2.dev/dtsupply-products/0B47071.webp,Get a Quote for price,0B47071,True,5611
Cables,110942-001 - Compaq 12ft VHDCI to 68-Pin SCSI Cable,,https://pub-4ae70fe1d6cf4e5ea327e14b66c0ad8e.r2.dev/dtsupply-products/110942-001.webp,$95.00,110942-001,True,4151
Cables,0B47072 - Lenovo USB 3.0 TO DVI/VGA MONITOR Adapter,,https://pub-4ae70fe1d6cf4e5ea327e14b66c0ad8e.r2.dev/dtsupply-products/0B47072.webp,$165.00,0B47072,True,7401
Cables,110944-001 - HP 12ft SCSI Cable,,https://pub-4ae70fe1d6cf4e5ea327e14b66c0ad8e.r2.dev/dtsupply-products/110944-001.webp,$95.00,110944-001,True,3569
Cables,"0B47388 - Lenovo Kensington Microsaver DS Cable Lock Patented T-bar Lock Steel, Plastic 5 ft",,https://pub-4ae70fe1d6cf4e5ea327e14b66c0ad8e.r2.dev/dtsupply-products/0B47388.webp,$92.00,0B47388,True,7113
Cables,111008-0113 - Molex Nvidia Quadro4 6ft High Speed Host Cable,,https://pub-4ae70fe1d6cf4e5ea327e14b66c0ad8e.r2.dev/dtsupply-products/111008-0113.webp,$240.00,111008-0113,True,3920
Cables,0CFVG - Dell 6 ft C13 to C14 Heavy Duty Power Cord Extension Cable,,https://cdn.cmshardware.com/images/Images/Products/0CFVG.webp,$62.00,0CFVG,True,1231
Cables,111040-1054 - Molex 0.5M QSFP+ to QSFP+ Cable Assembly,,https://cdn.cmshardware.com/images/Images/Products/111040-1054.webp,$100.00,111040-1054,True,6554
Cables,0FTN6 - Dell Front USB Signal Cable for PowerEdge R530,,https://cdn.cmshardware.com/images/Images/Products/0FTN6.webp,$62.00,0FTN6,True,805
Cables,112-00054+A0 - NetApp RJ45 to DB9 Console Serial Cable Adapter,,https://cdn.cmshardware.com/images/Images/Products/112-00054+A0.webp,$55.00,112-00054+A0,True,6323
Cables,112-00054 - NetApp RJ45 to DB9 Console Serial Cable Adapter,,https://cdn.cmshardware.com/images/Images/Products/112-00054.webp,$62.00,112-00054,True,4205
Cables,0G2H6 - Dell Mini-SAS to Perc 6/i Controller SAS Cable,,https://cdn.cmshardware.com/images/Images/Products/0G2H6.webp,$68.00,0G2H6,True,913
Cables,0G626 - Dell 6 Ft Dual PS2 Console KVM Cable,,https://cdn.cmshardware.com/images/Images/Products/0G626.webp,$102.00,0G626,True,556
Cables,112-00080 - NetApp 5m 4X Cluster IB Fibre Cable,,https://pub-4ae70fe1d6cf4e5ea327e14b66c0ad8e.r2.dev/dtsupply-products/112-00080.webp,$82.00,112-00080,True,5834
Cables,0HG2F3 - Dell Optical Drive ODD HDD SATA Power Cable,,https://cdn.cmshardware.com/images/Images/Products/0HG2F3.webp,$62.00,0HG2F3,True,985
Cables,112-00084 - NetApp SFP to SFP Fibre Channel Cable (0.5-meter),,https://pub-4ae70fe1d6cf4e5ea327e14b66c0ad8e.r2.dev/dtsupply-products/112-00084.webp,$62.00,112-00084,True,5835
Cables,112-00178 - NetApp 5m QSFP-QSFP SAS Cable for X6559 R6,,https://cdn.cmshardware.com/images/Images/Products/112-00178.webp,$62.00,112-00178,True,6320
Cables,0HHYJ - Dell 15-inch Mini-SAS Cable for PowerEdge R620,,https://cdn.cmshardware.com/images/Images/Products/0HHYJ.webp,$62.00,0HHYJ,True,608
Cables,0JHCT - Dell 16-Pin Backplane Power Cable For PowerEdge R540/R6415,,https://pub-4ae70fe1d6cf4e5ea327e14b66c0ad8e.r2.dev/dtsupply-products/0JHCT.webp,$62.00,0JHCT,True,948
Cables,112-00188 - NetApp 2M LC to LC Fiber Optic Cable,,https://pub-4ae70fe1d6cf4e5ea327e14b66c0ad8e.r2.dev/dtsupply-products/112-00188.webp,$55.00,112-00188,True,4759
Cables,0JK007 - Dell SATA-B Cable for PowerEdge SC1435,,https://pub-4ae70fe1d6cf4e5ea327e14b66c0ad8e.r2.dev/dtsupply-products/0JK007.webp,$58.00,0JK007,True,514
Cables,0M62D - Dell 280mm 90 Degree Right-Angle 6.0Gbps Serial ATA(SATA) III Cable for OptiPlex 3020 / 7020,,https://cdn.cmshardware.com/images/Images/Products/0M62D.webp,$98.00,0M62D,True,619
Cables,112-00189 - NetApp 15M LC-LC Fibre Optic Cable Multimode,,https://pub-4ae70fe1d6cf4e5ea327e14b66c0ad8e.r2.dev/dtsupply-products/112-00189.webp,$62.00,112-00189,True,4753
Cables,0M86F - Dell 16-Inch Mini SAS Signal Cable For PowerEdge R430,,https://cdn.cmshardware.com/images/Images/Products/0M86F.webp,$62.00,0M86F,True,685
Cables,112-00194 - NetApp 0.5M RJ45 to RJ45 Ethernet Cable,,https://pub-4ae70fe1d6cf4e5ea327e14b66c0ad8e.r2.dev/dtsupply-products/112-00194.webp,$62.00,112-00194,True,4965
Cables,0M9N09 - Dell DisplayPort to VGA Adapter Cable,,https://pub-4ae70fe1d6cf4e5ea327e14b66c0ad8e.r2.dev/dtsupply-products/0M9N09.webp,$78.00,0M9N09,True,529
Cables,112-00195 - NetApp 2M RJ-45 Cat6 Ethernet Cable,,https://pub-4ae70fe1d6cf4e5ea327e14b66c0ad8e.r2.dev/dtsupply-products/112-00195.webp,$62.00,112-00195,True,5697
Cables,112-00196 - NetApp 5M RJ-45 CAT6 Ethernet Cable,,https://cdn.cmshardware.com/images/Images/Products/112-00196.webp,$62.00,112-00196,True,6595
Cables,0MX3P7 - Dell SAS-A/B 8x 3.5-Inch Motherboard Cable,,https://pub-4ae70fe1d6cf4e5ea327e14b66c0ad8e.r2.dev/dtsupply-products/0MX3P7.webp,$62.00,0MX3P7,True,282
Cables,112-00202 - NetApp 0.5M SFP+ To SFP+ Direct Attach Twinax Cable,,https://cdn.cmshardware.com/images/Images/Products/112-00202.webp,$72.00,112-00202,True,6537
Cables,0N701D - Dell 3.75-inch SATA 15-Pin Connector X to SATA Power Splitter Cable for OptiPlex 380/ Optiplex 960/ T7500 WorkStation,,https://cdn.cmshardware.com/images/Images/Products/0N701D.webp,$62.00,0N701D,True,1225
Cables,112-00256 - NetApp 1M QSFP to QSFP SAS Cable,,https://cdn.cmshardware.com/images/Images/Products/112-00256.webp,$75.00,112-00256,True,6412
Cables,0NC8F - Dell Power Button Board Cable,,https://cdn.cmshardware.com/images/Images/Products/0NC8F.webp,$58.00,0NC8F,True,620
Cables,112-00297 - NetApp 0.5M SFP+ to SFP+ Direct Attach Cable,,https://cdn.cmshardware.com/images/Images/Products/112-00297.webp,$95.00,112-00297,True,6550
Cables,112-00299 - NetApp 2M 10GB SFP+ to SFP+ Copper Ethernet Cable,,https://cdn.cmshardware.com/images/Images/Products/112-00299.webp,$80.00,112-00299,True,6545
Cables,0ND63T - Dell PowerEdge T410 SAS Serial Attached SCSI Hard Drive Cable,,https://pub-4ae70fe1d6cf4e5ea327e14b66c0ad8e.r2.dev/dtsupply-products/0ND63T.webp,$76.00,0ND63T,True,254
Cables,112-00300 - NetApp 3M 10Gb SFP to SFP Cable,,https://cdn.cmshardware.com/images/Images/Products/112-00300.webp,$170.00,112-00300,True,6633
Cables,112-00301 - NetApp 5M SFP+-SFP+ Cable,,https://cdn.cmshardware.com/images/Images/Products/112-00301.webp,$72.00,112-00301,True,6590
Cables,0NNRR - Dell Stacking Cable (24-inch),,https://pub-4ae70fe1d6cf4e5ea327e14b66c0ad8e.r2.dev/dtsupply-products/0NNRR.webp,$62.00,0NNRR,True,686
Cables,112-00321 - NetApp 1M QSFP Cable,,https://cdn.cmshardware.com/images/Images/Products/112-00321.webp,$485.00,112-00321,True,6640
Cables,0PD147 - Dell 12-inch 4-Pin 2 Wire LED Hard Drive Cable,,https://cdn.cmshardware.com/images/Images/Products/0PD147.webp,$62.00,0PD147,True,1232
Cables,0PD7DK - Dell 13-in Mini-SAS SFF-8087 to 4x SATA HDD Connectors Cable,,https://cdn.cmshardware.com/images/Images/Products/0PD7DK.webp,$62.00,0PD7DK,True,1188
Cables,112-00342 - NetApp 2M LC-LC OM4 Fiber Cable,,https://pub-4ae70fe1d6cf4e5ea327e14b66c0ad8e.r2.dev/dtsupply-products/112-00342.webp,$48.00,112-00342,True,4774
Cables,0R717 - Dell 7 Ft CAT5 I/O KMM Ethernet Cable Black,,https://pub-4ae70fe1d6cf4e5ea327e14b66c0ad8e.r2.dev/dtsupply-products/0R717.webp,$62.00,0R717,True,990
Cables,0RTHTV - Dell Rear Backplane to Backplane I2C Signal Cable,,https://cdn.cmshardware.com/images/Images/Products/0RTHTV.webp,$72.00,0RTHTV,True,1187
Cables,112-00364 - NetApp 2M Mini SAS HD to Mini SAS Cable,,https://pub-4ae70fe1d6cf4e5ea327e14b66c0ad8e.r2.dev/dtsupply-products/112-00364.webp,$132.00,112-00364,True,4963
Cables,112-00374 - NetApp 5M QSFP to QSFP Twinax Cable,,https://cdn.cmshardware.com/images/Images/Products/112-00374.webp,$110.00,112-00374,True,6321
Cables,0T8677 - Dell 13-inch Internal SCSI Backplane Cable for PowerEdge 2850,,https://cdn.cmshardware.com/images/Images/Products/0T8677.webp,$62.00,0T8677,True,459
Cables,112-00435 - NetApp 0.5M MiniSAS HD to MiniSAS HD Cable,,https://cdn.cmshardware.com/images/Images/Products/112-00435.webp,$148.00,112-00435,True,6726
Cables,112-00639 - NetApp 0.5M SFP28 to SFP28 Network Cable,,https://cdn.cmshardware.com/images/Images/Products/112-00639.webp,$152.00,112-00639,True,6535
Cables,0U615 - Dell Intrusion Switch Assembly Cable For OptiPlex 7020,,https://pub-4ae70fe1d6cf4e5ea327e14b66c0ad8e.r2.dev/dtsupply-products/0U615.webp,$62.00,0U615,True,1022
Cables,112123-002 - HP 12 Feet KVM Cable for Server,,https://cdn.cmshardware.com/images/Images/Products/112123-002.webp,$50.00,112123-002,True,7767
Cables,0V6W1Y - Dell Optical Drive SATA Cable for PowerEdge T320 / T420,,https://cdn.cmshardware.com/images/Images/Products/0V6W1Y.webp,$98.00,0V6W1Y,True,798
Cables,112123-003 - HP Keyboard Mouse Video Cable Kit,,https://pub-4ae70fe1d6cf4e5ea327e14b66c0ad8e.r2.dev/dtsupply-products/112123-003.webp,$88.00,112123-003,True,2213
Cables,0VDCHF - Dell 1M External SFF-8088 to SFF-8088 Mini-SAS Stacking Cable,,https://pub-4ae70fe1d6cf4e5ea327e14b66c0ad8e.r2.dev/dtsupply-products/0VDCHF.webp,$138.00,0VDCHF,True,842
Cables,112124-001 - HP C14 to 2 x C13 Power Cable,,https://pub-4ae70fe1d6cf4e5ea327e14b66c0ad8e.r2.dev/dtsupply-products/112124-001.webp,$55.00,112124-001,True,3025
Cables,0W140D - Dell 9.5-in Blue SATA Right to Strangle Angle HDD Data Cable,,https://cdn.cmshardware.com/images/Images/Products/0W140D.webp,$72.00,0W140D,True,845
Cables,112124-006 - Compaq iEC320 Y-Power Splitter 10A Cable,,https://pub-4ae70fe1d6cf4e5ea327e14b66c0ad8e.r2.dev/dtsupply-products/112124-006.webp,$50.00,112124-006,True,4545
Cables,0WH749 - Dell 12.75-inch SAS Backplane Cable for PowerEdge 840,,https://cdn.cmshardware.com/images/Images/Products/0WH749.webp,$62.00,0WH749,True,1017
Cables,112125-001 - HP SCSI Cable,,https://pub-4ae70fe1d6cf4e5ea327e14b66c0ad8e.r2.dev/dtsupply-products/112125-001.webp,$72.00,112125-001,True,2061
Cables,0X394K - Dell 4 Drop H200 H700 SAS Cable for PowerEdge R310 R410 R415,,https://cdn.cmshardware.com/images/Images/Products/0X394K.webp,$108.00,0X394K,True,712
Cables,112666-008 - Compaq RJ-11 Modem Fax Phone Cable,,https://pub-4ae70fe1d6cf4e5ea327e14b66c0ad8e.r2.dev/dtsupply-products/112666-008.webp,$62.00,112666-008,True,4509
Cables,0XT618 - Dell Optical Drive SATA Power and Signal Cable,,https://cdn.cmshardware.com/images/Images/Products/0XT618.webp,$62.00,0XT618,True,764
Cables,117553-003 - Compaq 3.65M Right Angle Power Cord,,https://pub-4ae70fe1d6cf4e5ea327e14b66c0ad8e.r2.dev/dtsupply-products/117553-003.webp,$55.00,117553-003,True,4241
for price,0XT61,True,715
Cables,117753-003 - Compaq 12 ft Power Cord,,https://pub-4ae70fe1d6cf4e5ea327e14b66c0ad8e.r2.dev/dtsupply-products/117753-003.webp,$55.00,117753-003,True,4582
Cables,"1005-0366 - HP 100m (328ft) Fibre-Optic Short Wave Multimode Interface Cable 50um Core, 125um Cladding",,https://pub-4ae70fe1d6cf4e5ea327e14b66c0ad8e.r2.dev/dtsupply-products/1005-0366.webp,Get a Quote for price,1005-0366,True,1853
Cables,117753-004 - Compaq 12 ft Power Cord,,https://pub-4ae70fe1d6cf4e5ea327e14b66c0ad8e.r2.dev/dtsupply-products/117753-004.webp,$55.00,117753-004,True,4583
Cables,1005-0585 - HP 6.6ft SC-SC Duplex M-M XM Fibre Channel Cable,,https://pub-4ae70fe1d6cf4e5ea327e14b66c0ad8e.r2.dev/dtsupply-products/1005-0585.webp,$50.00,1005-0585,True,2651
Cables,118031892 - EMC 1M HSSDC to HSSDC Fibre Channel Cable,,https://pub-4ae70fe1d6cf4e5ea327e14b66c0ad8e.r2.dev/dtsupply-products/118031892.webp,Get a Quote for price,118031892,True,4716
Cables,1005-0586-B - HP 16m SC to SC Fibre Cable,,https://pub-4ae70fe1d6cf4e5ea327e14b66c0ad8e.r2.dev/dtsupply-products/1005-0586-B.webp,$72.00,1005-0586-B,True,2099
Cables,11A9095 - IBM / Lexmark 125V 13A 3-Prong Power Cord for W820dn Laser Printer,,https://pub-4ae70fe1d6cf4e5ea327e14b66c0ad8e.r2.dev/dtsupply-products/11A9095.webp,$62.00,11A9095,True,5817
Cables,100613-003 - Compaq 12ft Power Cord for ProLiant ML150 Server,,https://pub-4ae70fe1d6cf4e5ea327e14b66c0ad8e.r2.dev/dtsupply-products/100613-003.webp,$55.00,100613-003,True,4602
Cables,11P3882 - IBM 31M LC-LC Optical Fibre Cable,,https://pub-4ae70fe1d6cf4e5ea327e14b66c0ad8e.r2.dev/dtsupply-products/11P3882.webp,$95.00,11P3882,True,5380
Cables,100614-003 - Compaq 3.7m AC Power Cord (Europe),,https://pub-4ae70fe1d6cf4e5ea327e14b66c0ad8e.r2.dev/dtsupply-products/100614-003.webp,$55.00,100614-003,True,4240
Cables,"1200484G1 - AdTran NetVanta 1000 SFP Stacking Cable, 1 M",,https://pub-4ae70fe1d6cf4e5ea327e14b66c0ad8e.r2.dev/dtsupply-products/1200484G1.webp,Get a Quote for price,1200484G1,True,5452
Cables,100661-007 - HP International Power Cord,,https://pub-4ae70fe1d6cf4e5ea327e14b66c0ad8e.r2.dev/dtsupply-products/100661-007.webp,$62.00,100661-007,True,2248
Cables,1-2134092-2M - Hitachi 2M Mini SAS to Mini SAS 6Gb/s Cable,,https://cdn.cmshardware.com/images/Images/Products/1-2134092-2M.webp,$112.00,1-2134092-2M,True,6732
Cables,10093084-2005HFLF - Amphenol 0.5M Male to Male Black QSFP+ Network Cable,,https://cdn.cmshardware.com/images/Images/Products/10093084-2005HFLF.webp,$62.00,10093084-2005HFLF,True,6060
Cables,121565-001 - Compaq 6ft AC Power Cable,,https://pub-4ae70fe1d6cf4e5ea327e14b66c0ad8e.r2.dev/dtsupply-products/121565-001.webp,$60.00,121565-001,True,4244
Cables,100CQQH2620 - Intel Omni-Path Cable Passive Copper Cable QSFP-QSFP 26AWG,,https://pub-4ae70fe1d6cf4e5ea327e14b66c0ad8e.r2.dev/dtsupply-products/100CQQH2620.webp,$135.00,100CQQH2620,True,7439
Cables,122922-001 - Compaq 12ft Serial Interface Cable for UPS R6000,,https://pub-4ae70fe1d6cf4e5ea327e14b66c0ad8e.r2.dev/dtsupply-products/122922-001.webp,Get a Quote for price,122922-001,True,4629
Cables,12-37004-03 - HP 68-Pin SCSI Differential Terminator,,https://pub-4ae70fe1d6cf4e5ea327e14b66c0ad8e.r2.dev/dtsupply-products/12-37004-03.webp,$55.00,12-37004-03,True,3005
Cables,100FEVL0150 - Intel 15M 1x QSFPDD to 2x QSFP28 Omni-Path Active Optical Cable,,https://pub-4ae70fe1d6cf4e5ea327e14b66c0ad8e.r2.dev/dtsupply-products/100FEVL0150.webp,"$1,035.00",100FEVL0150,True,7417
Cables,123W8 - Dell 23cm 8-Pin Backplane Power Cable Assembly,,https://pub-4ae70fe1d6cf4e5ea327e14b66c0ad8e.r2.dev/dtsupply-products/123W8.webp,$62.00,123W8,True,998
Cables,100FRRA0150 - Intel 15M QSFP-QSFP Omni-Path Active Optical Cable,,https://pub-4ae70fe1d6cf4e5ea327e14b66c0ad8e.r2.dev/dtsupply-products/100FRRA0150.webp,$558.00,100FRRA0150,True,7425
Cables,10117984-2030HLF - EMC 3m QSFP Passive Copper Cable,,https://cdn.cmshardware.com/images/Images/Products/10117984-2030HLF.webp,$62.00,10117984-2030HLF,True,6696
Cables,12-41768-03 - HP Ultra SCSI Cable for 68-Pin Terminator,,https://pub-4ae70fe1d6cf4e5ea327e14b66c0ad8e.r2.dev/dtsupply-products/12-41768-03.webp,$55.00,12-41768-03,True,2986
Cables,10124907-2015LF - HP 1.5M SFP+ Direct Attached Cable,,https://pub-4ae70fe1d6cf4e5ea327e14b66c0ad8e.r2.dev/dtsupply-products/10124907-2015LF.webp,$105.00,10124907-2015LF,True,2221
Cables,124842-001 - HP Internal Fast Wide SCSI Ribbon Cable,,https://pub-4ae70fe1d6cf4e5ea327e14b66c0ad8e.r2.dev/dtsupply-products/124842-001.webp,$102.00,124842-001,True,2066
Cables,10139406-2015LF - HP 1.5m 25Gb/s Omni-Path Copper Cable,,https://cdn.cmshardware.com/images/Images/Products/10139406-2015LF.webp,$98.00,10139406-2015LF,True,1436
Cables,124843-001 - Compaq Fast Wide Ribbon Cable for TL891 HVD DLT 7000 Library,,https://pub-4ae70fe1d6cf4e5ea327e14b66c0ad8e.r2.dev/dtsupply-products/124843-001.webp,$102.00,124843-001,True,4533
Cables,10139406-2025LF - HPE 2.5m EVAL FCI NL8 Copper Cable Assembly,,https://cdn.cmshardware.com/images/Images/Products/10139406-2025LF.webp,$98.00,10139406-2025LF,True,1437
Cables,124917-001 - HP 14-inch Ribbon Cable,,https://pub-4ae70fe1d6cf4e5ea327e14b66c0ad8e.r2.dev/dtsupply-products/124917-001.webp,$72.00,124917-001,True,2062
Cables,1015C001 - Canon IFC-600PCU USB cable 1 m USB 2.0 USB A Black,,https://pub-4ae70fe1d6cf4e5ea327e14b66c0ad8e.r2.dev/dtsupply-products/1015C001.webp,$78.00,1015C001,True,4765
Cables,124918-001 - Compaq 17-inch 10-Pin Ribbon Cable for StorageWorks TL891 Tape Library,,https://pub-4ae70fe1d6cf4e5ea327e14b66c0ad8e.r2.dev/dtsupply-products/124918-001.webp,$72.00,124918-001,True,4532
Cables,10299 - Cables To Go 75FT Cat6 Snagless UTP Unshielded Network Patch Cable,,https://pub-4ae70fe1d6cf4e5ea327e14b66c0ad8e.r2.dev/dtsupply-products/10299.webp,$73.00,10299,True,4814
Cables,124920-001 - Compaq 5.75-inch Door Opener Motor Cable,,https://pub-4ae70fe1d6cf4e5ea327e14b66c0ad8e.r2.dev/dtsupply-products/124920-001.webp,$55.00,124920-001,True,4598
Cables,10304 - Extreme Networks 1m SFP+ to SFP+ Passive Direct Attach Copper Twinax Cable,,https://pub-4ae70fe1d6cf4e5ea327e14b66c0ad8e.r2.dev/dtsupply-products/10304.webp,$200.00,10304,True,4960
Cables,124922-001 - Compaq Has DB9 connector Ribbon Cable,,https://pub-4ae70fe1d6cf4e5ea327e14b66c0ad8e.r2.dev/dtsupply-products/124922-001.webp,$55.00,124922-001,True,4592
Cables,10305 - Extreme Networks 3m SFP+ to SFP+ Passive Direct Attach Copper Twinax Cable,,https://pub-4ae70fe1d6cf4e5ea327e14b66c0ad8e.r2.dev/dtsupply-products/10305.webp,$72.00,10305,True,4957
Cables,124923-001 - HP StorageWorks TL891/TL881 DLT Mini Library Connector Cable,,https://pub-4ae70fe1d6cf4e5ea327e14b66c0ad8e.r2.dev/dtsupply-products/124923-001.webp,$55.00,124923-001,True,3038
Cables,10306 - Extreme Networks 5m SFP+ to SFP+ Passive Direct Attach Copper Twinax Cable,,https://pub-4ae70fe1d6cf4e5ea327e14b66c0ad8e.r2.dev/dtsupply-products/10306.webp,$188.00,10306,True,4968
Cables,124926-001 - Compaq 15-Pin 42-inch Flex Shuttle Cable for TL891 DLT Library,,https://pub-4ae70fe1d6cf4e5ea327e14b66c0ad8e.r2.dev/dtsupply-products/124926-001.webp,$118.00,124926-001,True,4530
Cables,10311 - Extreme 0.5m QSFP+ to QSFP+ Passive Direct Attach Copper Cable,,https://pub-4ae70fe1d6cf4e5ea327e14b66c0ad8e.r2.dev/dtsupply-products/10311.webp,$155.00,10311,True,4906
Cables,124932-001 - Compaq 26-Pin Ribbon Cable for StorageWorks TL881 / TL891 Mini Library,,https://pub-4ae70fe1d6cf4e5ea327e14b66c0ad8e.r2.dev/dtsupply-products/124932-001.webp,$55.00,124932-001,True,7386
Cables,10312 - Extreme 1m QSFP+ to QSFP+ Passive Direct Attach Copper Cable,,https://pub-4ae70fe1d6cf4e5ea327e14b66c0ad8e.r2.dev/dtsupply-products/10312.webp,$145.00,10312,True,4907
Cables,126308-003 - Compaq 1.0m SCSI Interface Cable,,https://pub-4ae70fe1d6cf4e5ea327e14b66c0ad8e.r2.dev/dtsupply-products/126308-003.webp,$62.00,126308-003,True,4517
Cables,105305-USBC - HP CFD LCD USB Cable Assembly,,https://pub-4ae70fe1d6cf4e5ea327e14b66c0ad8e.r2.dev/dtsupply-products/105305-USBC.webp,$62.00,105305-USBC,True,2669
Cables,126308-008 - HP 5.0M VHDCI SCSI Cable,,https://pub-4ae70fe1d6cf4e5ea327e14b66c0ad8e.r2.dev/dtsupply-products/126308-008.webp,Get a Quote for price,126308-008,True,3572
Cables,105870-001 - Compaq 39-Pin IDE Drive Cable,,https://pub-4ae70fe1d6cf4e5ea327e14b66c0ad8e.r2.dev/dtsupply-products/105870-001.webp,$62.00,105870-001,True,4255
Cables,127016-001 - HP 12Ft KVM Cables for CL1850/CL380,,https://cdn.cmshardware.com/images/Images/Products/127016-001.webp,$95.00,127016-001,True,2616
Cables,108950-015 - Compaq 45cm ATA Optical Drive Cable,,https://pub-4ae70fe1d6cf4e5ea327e14b66c0ad8e.r2.dev/dtsupply-products/108950-015.webp,$62.00,108950-015,True,7453
Cables,127016-004 - HP 3ft KVM Cable,,https://pub-4ae70fe1d6cf4e5ea327e14b66c0ad8e.r2.dev/dtsupply-products/127016-004.webp,$62.00,127016-004,True,2215
Cables,108950-029 - Compaq Dual Connect IDE Hard Drive Cable,,https://pub-4ae70fe1d6cf4e5ea327e14b66c0ad8e.r2.dev/dtsupply-products/108950-029.webp,$62.00,108950-029,True,4514
Cables,127016-005 - HP 6ft Kvm Cable Cpu To Server Console Switch,,https://pub-4ae70fe1d6cf4e5ea327e14b66c0ad8e.r2.dev/dtsupply-products/127016-005.webp,$72.00,127016-005,True,2214
Cables,108950-034 - Compaq SFF Hard Disk Drive IDE Cable for Evo D500,,https://pub-4ae70fe1d6cf4e5ea327e14b66c0ad8e.r2.dev/dtsupply-products/108950-034.webp,$62.00,108950-034,True,4507
Cables,127558-002 - Compaq Power Switch Cable,,https://pub-4ae70fe1d6cf4e5ea327e14b66c0ad8e.r2.dev/dtsupply-products/127558-002.webp,$72.00,127558-002,True,4528
Cables,108950-037 - Compaq 14-inch IDE Ultra ATA Hard Drive/CD-ROM Cable for Evo W4000 / D500,,https://pub-4ae70fe1d6cf4e5ea327e14b66c0ad8e.r2.dev/dtsupply-products/108950-037.webp,$62.00,108950-037,True,4510
Cables,128558-001 - HP 1.8M 9-Pin Male to Female Serial Cable,,https://pub-4ae70fe1d6cf4e5ea327e14b66c0ad8e.r2.dev/dtsupply-products/128558-001.webp,$55.00,128558-001,True,2970
Cables,12G3883 - Lexmark Operator Panel Cable For 2400-100 Series Printer,,https://cdn.cmshardware.com/images/Images/Products/12G3883.webp,$78.00,12G3883,True,3758
Cables,108950-038 - Compaq 13.5-inch UDMA IDE Cable for Evo D300,,https://pub-4ae70fe1d6cf4e5ea327e14b66c0ad8e.r2.dev/dtsupply-products/108950-038.webp,$62.00,108950-038,True,4506
Cables,12J3092 - IBM Power Backplane to Fan Cable,,https://pub-4ae70fe1d6cf4e5ea327e14b66c0ad8e.r2.dev/dtsupply-products/12J3092.webp,Get a Quote for price,12J3092,True,5507
Cables,108950-044 - Compaq Hard Drive Cable for Business PC D530,,https://pub-4ae70fe1d6cf4e5ea327e14b66c0ad8e.r2.dev/dtsupply-products/108950-044.webp,$62.00,108950-044,True,7395
Cables,12J3274 - IBM 2ft SCSI to Hot-Swappable Backplane Cable,,https://pub-4ae70fe1d6cf4e5ea327e14b66c0ad8e.r2.dev/dtsupply-products/12J3274.webp,$62.00,12J3274,True,7597
Cables,108950-045 - HP Pavilion D530 SFF CD-ROM Drive Ribbon Cable,,https://pub-4ae70fe1d6cf4e5ea327e14b66c0ad8e.r2.dev/dtsupply-products/108950-045.webp,$62.00,108950-045,True,3212
Cables,12R9290 - IBM 4-Port 1.5m Optical Pass Through Cable,,https://pub-4ae70fe1d6cf4e5ea327e14b66c0ad8e.r2.dev/dtsupply-products/12R9290.webp,$72.00,12R9290,True,5685
Cables,108950-046 - Compaq 8.6-inch HDD Cable for d530,,https://pub-4ae70fe1d6cf4e5ea327e14b66c0ad8e.r2.dev/dtsupply-products/108950-046.webp,$62.00,108950-046,True,4515
Cables,12R9548 - IBM 31M LC-LC Fibre Channel Optic Cable,,https://pub-4ae70fe1d6cf4e5ea327e14b66c0ad8e.r2.dev/dtsupply-products/12R9548.webp,$80.00,12R9548,True,5808
Cables,108950-047 - Compaq IDE Ultra ATA Hard Drive/ CD-ROM Cable,,https://pub-4ae70fe1d6cf4e5ea327e14b66c0ad8e.r2.dev/dtsupply-products/108950-047.webp,$65.00,108950-047,True,4626
Cables,12R9559 - IBM 13m LC-LC Fibre Cable,,https://pub-4ae70fe1d6cf4e5ea327e14b66c0ad8e.r2.dev/dtsupply-products/12R9559.webp,$72.00,12R9559,True,5792
Cables,108950-054 - HP CD DVD Disk Drive IDE Cable for DC7100 Desktop SFF,,https://cdn.cmshardware.com/images/Images/Products/108950-054.webp,$62.00,108950-054,True,1396
Cables,108950-057 - HP IDE ATA 40-Pin HDD Hard Drive Ribbon Cable,,https://cdn.cmshardware.com/images/Images/Products/108950-057.webp,$55.00,108950-057,True,2930
Cables,12R9561 - IBM LC-LC 31M Fibre Cable,,https://pub-4ae70fe1d6cf4e5ea327e14b66c0ad8e.r2.dev/dtsupply-products/12R9561.webp,$80.00,12R9561,True,5398
Cables,1090.072 - 3rd Party NEMA 5-15P to IEC-60320-C5 Power Cord,,https://cdn.cmshardware.com/images/Images/Products/1090.072.webp,Get a Quote for price,1090.072,True,4476
Cables,12R9913 - IBM 1M LC-LC Multi-Mode OM3 Fibre Cable,,https://pub-4ae70fe1d6cf4e5ea327e14b66c0ad8e.r2.dev/dtsupply-products/12R9913.webp,$68.00,12R9913,True,5403
Cables,10GB-4-F10-QSFP - Extreme Networks 10m QSFP+ to 4 x 10G SFP+ Active Optical Cable,,https://pub-4ae70fe1d6cf4e5ea327e14b66c0ad8e.r2.dev/dtsupply-products/10GB-4-F10-QSFP.webp,$435.00,10GB-4-F10-QSFP,True,4756
Cables,12R9914 - IBM 5M LC-LC Fibre Optic Channel Cable,,https://pub-4ae70fe1d6cf4e5ea327e14b66c0ad8e.r2.dev/dtsupply-products/12R9914.webp,$95.00,12R9914,True,5794
Cables,10GB-4-F20-QSFP - Extreme Networks 20m QSFP+ to 4 x 10G SFP+ Active Optical Cable,,https://pub-4ae70fe1d6cf4e5ea327e14b66c0ad8e.r2.dev/dtsupply-products/10GB-4-F20-QSFP.webp,$80.00,10GB-4-F20-QSFP,True,4750
Cables,12R9915 - IBM 25m LC-LC Fibre Channel Cable,,https://pub-4ae70fe1d6cf4e5ea327e14b66c0ad8e.r2.dev/dtsupply-products/12R9915.webp,$105.00,12R9915,True,4733
Cables,130142-001 - Compaq Power Cable For ProLiant ML330 Server,,https://pub-4ae70fe1d6cf4e5ea327e14b66c0ad8e.r2.dev/dtsupply-products/130142-001.webp,$72.00,130142-001,True,4261
Cables,10GB-F10-SFPP - Extreme Networks 10m SFP+ to SFP+ Active Optical Cable,,https://pub-4ae70fe1d6cf4e5ea327e14b66c0ad8e.r2.dev/dtsupply-products/10GB-F10-SFPP.webp,$248.00,10GB-F10-SFPP,True,4781
Cables,137356-001 - Compaq Ultra SCSI Cluster Cable,,https://pub-4ae70fe1d6cf4e5ea327e14b66c0ad8e.r2.dev/dtsupply-products/137356-001.webp,$118.00,137356-001,True,4123
Cables,10G-SFPP-TWX-0101 - Ruckus Networks 1m SFP+ to SFP+ 10Gbps Passive Direct Attach Copper Twinax Cable ,,https://pub-4ae70fe1d6cf4e5ea327e14b66c0ad8e.r2.dev/dtsupply-products/10G-SFPP-TWX-0101.webp,$128.00,10G-SFPP-TWX-0101,True,5000
Cables,10G-SFPP-TWX-0108 - Ruckus Networks 1m SFP+ to SFP+ 10Gbps Passive Direct Attach Copper Twinax Cable ,,https://pub-4ae70fe1d6cf4e5ea327e14b66c0ad8e.r2.dev/dtsupply-products/10G-SFPP-TWX-0108.webp,"$2,625.00",10G-SFPP-TWX-0108,True,5002
Cables,1394_96_6 - StarTech 6ft IEEE-1394 Firewire Cable 9-6 M/M,,https://pub-4ae70fe1d6cf4e5ea327e14b66c0ad8e.r2.dev/dtsupply-products/1394_96_6.webp,$68.00,1394_96_6,True,4809
Cables,10G-SFPP-TWX-0301 - Ruckus Networks 1m SFP+ to SFP+ 10Gbps Passive Direct Attach Copper Twinax Cable ,,https://pub-4ae70fe1d6cf4e5ea327e14b66c0ad8e.r2.dev/dtsupply-products/10G-SFPP-TWX-0301.webp,$155.00,10G-SFPP-TWX-0301,True,4999
Cables,139867-005 - HP Power Cord,,https://pub-4ae70fe1d6cf4e5ea327e14b66c0ad8e.r2.dev/dtsupply-products/139867-005.webp,$85.00,139867-005,True,1770
Cables,13CCM - Dell PERC 12GB/s Dual SAS to Dual HD SFF-8643 Cable,,https://cdn.cmshardware.com/images/Images/Products/13CCM.webp,$78.00,13CCM,True,999
Cables,10G-SFPP-TWX-P-0101 - Ruckus Networks 1m SFP+ to SFP+ 10Gbps Passive Direct Attach Copper Twinax Cable ,,https://pub-4ae70fe1d6cf4e5ea327e14b66c0ad8e.r2.dev/dtsupply-products/10G-SFPP-TWX-P-0101.webp,$168.00,10G-SFPP-TWX-P-0101,True,5003
Cables,13H5264 - IBM 3ft 2-Pin 2-Prong Standard Power Cord,,https://pub-4ae70fe1d6cf4e5ea327e14b66c0ad8e.r2.dev/dtsupply-products/13H5264.webp,$62.00,13H5264,True,4191
Cables,13N0947 - IBM 60mm Fan Cable for xSeries,,https://pub-4ae70fe1d6cf4e5ea327e14b66c0ad8e.r2.dev/dtsupply-products/13N0947.webp,Get a Quote for price,13N0947,True,5443
Cables,10G-SFPP-TWX-P-0108 - Ruckus Networks 1m SFP+ to SFP+ 10Gbps Passive Direct Attach Copper Twinax Cable ,,https://pub-4ae70fe1d6cf4e5ea327e14b66c0ad8e.r2.dev/dtsupply-products/10G-SFPP-TWX-P-0108.webp,$865.00,10G-SFPP-TWX-P-0108,True,4985
Cables,1103060-11 - HP VHD68 to DB9M 4-Port Mini Fan-Out Cable,,https://pub-4ae70fe1d6cf4e5ea327e14b66c0ad8e.r2.dev/dtsupply-products/1103060-11.webp,$55.00,1103060-11,True,1629
Cables,14-000012222 - Asus 2 x PORT USB Cable with Bracket,,https://pub-4ae70fe1d6cf4e5ea327e14b66c0ad8e.r2.dev/dtsupply-products/14-000012222.webp,$88.00,14-000012222,True,4799
Cables,110936-B24 - HP 3ft KVM Cable,,https://pub-4ae70fe1d6cf4e5ea327e14b66c0ad8e.r2.dev/dtsupply-products/110936-B24.webp,$88.00,110936-B24,True,2255
Cables,140478-001 - HP Keyboard Cable for ProLiant CL1850 Server Series,,https://pub-4ae70fe1d6cf4e5ea327e14b66c0ad8e.r2.dev/dtsupply-products/140478-001.webp,$88.00,140478-001,True,2210
Cables,140484-001 - Compaq Power Cable Cluster,,https://pub-4ae70fe1d6cf4e5ea327e14b66c0ad8e.r2.dev/dtsupply-products/140484-001.webp,$102.00,140484-001,True,7356
Cables,110936-B25 - HP 7ft KVM Cable,,https://pub-4ae70fe1d6cf4e5ea327e14b66c0ad8e.r2.dev/dtsupply-products/110936-B25.webp,$95.00,110936-B25,True,6998
Cables,1414-06F70H2 - HP 260MM SATA ODD Power Cable,,https://pub-4ae70fe1d6cf4e5ea327e14b66c0ad8e.r2.dev/dtsupply-products/1414-06F70H2.webp,$50.00,1414-06F70H2,True,2752
Cables,110941-001 - Compaq 6ft 68-Pin to 68-Pin SCSI Interface Cable,,https://pub-4ae70fe1d6cf4e5ea327e14b66c0ad8e.r2.dev/dtsupply-products/110941-001.webp,$65.00,110941-001,True,4543
Cables,110942-001 - Compaq 12ft VHDCI to 68-Pin SCSI Cable,,https://pub-4ae70fe1d6cf4e5ea327e14b66c0ad8e.r2.dev/dtsupply-products/110942-001.webp,$95.00,110942-001,True,4151
Cables,14201-61 - Jabra USB cable USB 2.0 USB A Micro-USB A,,https://pub-4ae70fe1d6cf4e5ea327e14b66c0ad8e.r2.dev/dtsupply-products/14201-61.webp,$55.00,14201-61,True,424
Cables,110944-001 - HP 12ft SCSI Cable,,https://pub-4ae70fe1d6cf4e5ea327e14b66c0ad8e.r2.dev/dtsupply-products/110944-001.webp,$95.00,110944-001,True,3569
Cables,142140-001 - Compaq 50-Pin to 100-Pin Splitter Cable for Smart Optional Controller,,https://pub-4ae70fe1d6cf4e5ea327e14b66c0ad8e.r2.dev/dtsupply-products/142140-001.webp,$132.00,142140-001,True,4531
Cables,111008-0113 - Molex Nvidia Quadro4 6ft High Speed Host Cable,,https://pub-4ae70fe1d6cf4e5ea327e14b66c0ad8e.r2.dev/dtsupply-products/111008-0113.webp,$240.00,111008-0113,True,3920
Cables,142257-002 - HP 8FT 10A IEC320-C14 to C13 AC Power Cable,,https://pub-4ae70fe1d6cf4e5ea327e14b66c0ad8e.r2.dev/dtsupply-products/142257-002.webp,$72.00,142257-002,True,2333
Cables,111040-1054 - Molex 0.5M QSFP+ to QSFP+ Cable Assembly,,https://cdn.cmshardware.com/images/Images/Products/111040-1054.webp,$100.00,111040-1054,True,6554
Cables,112-00054+A0 - NetApp RJ45 to DB9 Console Serial Cable Adapter,,https://cdn.cmshardware.com/images/Images/Products/112-00054+A0.webp,$55.00,112-00054+A0,True,6323
Cables,142257-003 - HP 10FT 3M IECC13-C14 Power Cable,,https://pub-4ae70fe1d6cf4e5ea327e14b66c0ad8e.r2.dev/dtsupply-products/142257-003.webp,$62.00,142257-003,True,3132
Cables,112-00054 - NetApp RJ45 to DB9 Console Serial Cable Adapter,,https://cdn.cmshardware.com/images/Images/Products/112-00054.webp,$62.00,112-00054,True,4205
Cables,112-00080 - NetApp 5m 4X Cluster IB Fibre Cable,,https://pub-4ae70fe1d6cf4e5ea327e14b66c0ad8e.r2.dev/dtsupply-products/112-00080.webp,$82.00,112-00080,True,5834
e,4577
Cables,112-00084 - NetApp SFP to SFP Fibre Channel Cable (0.5-meter),,https://pub-4ae70fe1d6cf4e5ea327e14b66c0ad8e.r2.dev/dtsupply-products/112-00084.webp,$62.00,112-00084,True,5835
Cables,142257-007 - Compaq 1.4m 50V 10A C13 C14 2 15 Jumper Cord,,https://pub-4ae70fe1d6cf4e5ea327e14b66c0ad8e.r2.dev/dtsupply-products/142257-007.webp,Get a Quote for price,142257-007,True,4635
Cables,112-00178 - NetApp 5m QSFP-QSFP SAS Cable for X6559 R6,,https://cdn.cmshardware.com/images/Images/Products/112-00178.webp,$62.00,112-00178,True,6320
Cables,112-00188 - NetApp 2M LC to LC Fiber Optic Cable,,https://pub-4ae70fe1d6cf4e5ea327e14b66c0ad8e.r2.dev/dtsupply-products/112-00188.webp,$55.00,112-00188,True,4759
Cables,142257-B28 - HP IEC C13-C14 Cable Option Kit 20-inch,,https://pub-4ae70fe1d6cf4e5ea327e14b66c0ad8e.r2.dev/dtsupply-products/142257-B28.webp,$55.00,142257-B28,True,3015
Cables,112-00189 - NetApp 15M LC-LC Fibre Optic Cable Multimode,,https://pub-4ae70fe1d6cf4e5ea327e14b66c0ad8e.r2.dev/dtsupply-products/112-00189.webp,$62.00,112-00189,True,4753
Cables,142258-002 - Compaq 8ft IEC to IEC AC Power Cable,,https://pub-4ae70fe1d6cf4e5ea327e14b66c0ad8e.r2.dev/dtsupply-products/142258-002.webp,$88.00,142258-002,True,4584
Cables,112-00194 - NetApp 0.5M RJ45 to RJ45 Ethernet Cable,,https://pub-4ae70fe1d6cf4e5ea327e14b66c0ad8e.r2.dev/dtsupply-products/112-00194.webp,$62.00,112-00194,True,4965
Cables,142258-003 - Compaq 3M 250V C14 Male to C13 Female Power Cord,,https://pub-4ae70fe1d6cf4e5ea327e14b66c0ad8e.r2.dev/dtsupply-products/142258-003.webp,$55.00,142258-003,True,4250
Cables,112-00195 - NetApp 2M RJ-45 Cat6 Ethernet Cable,,https://pub-4ae70fe1d6cf4e5ea327e14b66c0ad8e.r2.dev/dtsupply-products/112-00195.webp,$62.00,112-00195,True,5697
Cables,142263-001 - Compaq 2m C13 To C14 IEC Power Cable,,https://pub-4ae70fe1d6cf4e5ea327e14b66c0ad8e.r2.dev/dtsupply-products/142263-001.webp,$62.00,142263-001,True,4180
Cables,112-00196 - NetApp 5M RJ-45 CAT6 Ethernet Cable,,https://cdn.cmshardware.com/images/Images/Products/112-00196.webp,$62.00,112-00196,True,6595
Cables,142263-002 - Compaq 2.5m C13 To C14 IEC Power Cable,,https://pub-4ae70fe1d6cf4e5ea327e14b66c0ad8e.r2.dev/dtsupply-products/142263-002.webp,$62.00,142263-002,True,4135
Cables,112-00202 - NetApp 0.5M SFP+ To SFP+ Direct Attach Twinax Cable,,https://cdn.cmshardware.com/images/Images/Products/112-00202.webp,$72.00,112-00202,True,6537
Cables,112-00256 - NetApp 1M QSFP to QSFP SAS Cable,,https://cdn.cmshardware.com/images/Images/Products/112-00256.webp,$75.00,112-00256,True,6412
Cables,142263-005 - Compaq IEC 320 C13-C14 Angled Power Cable,,https://pub-4ae70fe1d6cf4e5ea327e14b66c0ad8e.r2.dev/dtsupply-products/142263-005.webp,$55.00,142263-005,True,7387
Cables,112-00297 - NetApp 0.5M SFP+ to SFP+ Direct Attach Cable,,https://cdn.cmshardware.com/images/Images/Products/112-00297.webp,$95.00,112-00297,True,6550
Cables,142263-008 - Compaq 0.5m C13 to C14 10A 125V Power Cord,,https://pub-4ae70fe1d6cf4e5ea327e14b66c0ad8e.r2.dev/dtsupply-products/142263-008.webp,$62.00,142263-008,True,4225
Cables,112-00299 - NetApp 2M 10GB SFP+ to SFP+ Copper Ethernet Cable,,https://cdn.cmshardware.com/images/Images/Products/112-00299.webp,$80.00,112-00299,True,6545
Cables,142263-012 - HP IEC to IEC 2m Power Cable For Rack Server,,https://cdn.cmshardware.com/images/Images/Products/142263-012.webp,$88.00,142263-012,True,3062
Cables,112-00300 - NetApp 3M 10Gb SFP to SFP Cable,,https://cdn.cmshardware.com/images/Images/Products/112-00300.webp,$170.00,112-00300,True,6633
Cables,142263-013 - HP 10A 125V Power Cable,,https://pub-4ae70fe1d6cf4e5ea327e14b66c0ad8e.r2.dev/dtsupply-products/142263-013.webp,$62.00,142263-013,True,2592
Cables,112-00301 - NetApp 5M SFP+-SFP+ Cable,,https://cdn.cmshardware.com/images/Images/Products/112-00301.webp,$72.00,112-00301,True,6590
Cables,112-00321 - NetApp 1M QSFP Cable,,https://cdn.cmshardware.com/images/Images/Products/112-00321.webp,$485.00,112-00321,True,6640
Cables,142263-014 - Compaq IEC to IEC Power Cable,,https://pub-4ae70fe1d6cf4e5ea327e14b66c0ad8e.r2.dev/dtsupply-products/142263-014.webp,$62.00,142263-014,True,4561
Cables,112-00342 - NetApp 2M LC-LC OM4 Fiber Cable,,https://pub-4ae70fe1d6cf4e5ea327e14b66c0ad8e.r2.dev/dtsupply-products/112-00342.webp,$48.00,112-00342,True,4774
Cables,142766-005 - HP Power Cord 6.2-ft for ML150 G2 Tower Server,,https://pub-4ae70fe1d6cf4e5ea327e14b66c0ad8e.r2.dev/dtsupply-products/142766-005.webp,$60.00,142766-005,True,3016
Cables,112-00364 - NetApp 2M Mini SAS HD to Mini SAS Cable,,https://pub-4ae70fe1d6cf4e5ea327e14b66c0ad8e.r2.dev/dtsupply-products/112-00364.webp,$132.00,112-00364,True,4963
Cables,143218-003 - Compaq 18-inch IDE Cable for EVO W6000 Workstation,,https://pub-4ae70fe1d6cf4e5ea327e14b66c0ad8e.r2.dev/dtsupply-products/143218-003.webp,$62.00,143218-003,True,5998
Cables,112-00374 - NetApp 5M QSFP to QSFP Twinax Cable,,https://cdn.cmshardware.com/images/Images/Products/112-00374.webp,$110.00,112-00374,True,6321
Cables,112-00435 - NetApp 0.5M MiniSAS HD to MiniSAS HD Cable,,https://cdn.cmshardware.com/images/Images/Products/112-00435.webp,$148.00,112-00435,True,6726
Cables,1450U - Dell USB A to Mini B Cable,,https://pub-4ae70fe1d6cf4e5ea327e14b66c0ad8e.r2.dev/dtsupply-products/1450U.webp,$82.00,1450U,True,557
Cables,112-00639 - NetApp 0.5M SFP28 to SFP28 Network Cable,,https://cdn.cmshardware.com/images/Images/Products/112-00639.webp,$152.00,112-00639,True,6535
Cables,112123-002 - HP 12 Feet KVM Cable for Server,,https://cdn.cmshardware.com/images/Images/Products/112123-002.webp,$50.00,112123-002,True,7767
Cables,146139-002 - Compaq PCI Data/Fax Modem Card,,https://pub-4ae70fe1d6cf4e5ea327e14b66c0ad8e.r2.dev/dtsupply-products/146139-002.webp,$62.00,146139-002,True,4632
Cables,112123-003 - HP Keyboard Mouse Video Cable Kit,,https://pub-4ae70fe1d6cf4e5ea327e14b66c0ad8e.r2.dev/dtsupply-products/112123-003.webp,$88.00,112123-003,True,2213
Cables,146210-001 - HP Power Cable kit for ESL Tape Libraries,,https://pub-4ae70fe1d6cf4e5ea327e14b66c0ad8e.r2.dev/dtsupply-products/146210-001.webp,$102.00,146210-001,True,2033
Cables,112124-001 - HP C14 to 2 x C13 Power Cable,,https://pub-4ae70fe1d6cf4e5ea327e14b66c0ad8e.r2.dev/dtsupply-products/112124-001.webp,$55.00,112124-001,True,3025
Cables,146447-002 - Compaq ProLiant 8500 SCSI Cable and Board,,https://pub-4ae70fe1d6cf4e5ea327e14b66c0ad8e.r2.dev/dtsupply-products/146447-002.webp,$102.00,146447-002,True,2077
Cables,112124-006 - Compaq iEC320 Y-Power Splitter 10A Cable,,https://pub-4ae70fe1d6cf4e5ea327e14b66c0ad8e.r2.dev/dtsupply-products/112124-006.webp,$50.00,112124-006,True,4545
Cables,146447-003 - HP ProLiant DL760 SCSI Cable,,https://pub-4ae70fe1d6cf4e5ea327e14b66c0ad8e.r2.dev/dtsupply-products/146447-003.webp,Get a Quote for price,146447-003,True,3136
Cables,112125-001 - HP SCSI Cable,,https://pub-4ae70fe1d6cf4e5ea327e14b66c0ad8e.r2.dev/dtsupply-products/112125-001.webp,$72.00,112125-001,True,2061
Cables,146745-001 - HP 6ft External SCSI Cable,,https://pub-4ae70fe1d6cf4e5ea327e14b66c0ad8e.r2.dev/dtsupply-products/146745-001.webp,$110.00,146745-001,True,3135
Cables,112666-008 - Compaq RJ-11 Modem Fax Phone Cable,,https://pub-4ae70fe1d6cf4e5ea327e14b66c0ad8e.r2.dev/dtsupply-products/112666-008.webp,$62.00,112666-008,True,4509
Cables,146745-003 - Compaq 3ft External SCSI Cable,,https://pub-4ae70fe1d6cf4e5ea327e14b66c0ad8e.r2.dev/dtsupply-products/146745-003.webp,$110.00,146745-003,True,4215
Cables,117553-003 - Compaq 3.65M Right Angle Power Cord,,https://pub-4ae70fe1d6cf4e5ea327e14b66c0ad8e.r2.dev/dtsupply-products/117553-003.webp,$55.00,117553-003,True,4241
Cables,146745-004 - HP 50 Pin External SCSI Cable (12ft),,https://pub-4ae70fe1d6cf4e5ea327e14b66c0ad8e.r2.dev/dtsupply-products/146745-004.webp,$110.00,146745-004,True,2079
Cables,117753-003 - Compaq 12 ft Power Cord,,https://pub-4ae70fe1d6cf4e5ea327e14b66c0ad8e.r2.dev/dtsupply-products/117753-003.webp,$55.00,117753-003,True,4582
Cables,146776-001 - HP 50 Pin High Density Male SCSI Interface Cable (6ft),,https://pub-4ae70fe1d6cf4e5ea327e14b66c0ad8e.r2.dev/dtsupply-products/146776-001.webp,$110.00,146776-001,True,3137
Cables,117753-004 - Compaq 12 ft Power Cord,,https://pub-4ae70fe1d6cf4e5ea327e14b66c0ad8e.r2.dev/dtsupply-products/117753-004.webp,$55.00,117753-004,True,4583
Cables,146776-003 - HP SCSI to SCSI External Cable (3ft),,https://pub-4ae70fe1d6cf4e5ea327e14b66c0ad8e.r2.dev/dtsupply-products/146776-003.webp,$110.00,146776-003,True,2080
Cables,146776-004 - HP 12ft External SCSI Cable,,https://pub-4ae70fe1d6cf4e5ea327e14b66c0ad8e.r2.dev/dtsupply-products/146776-004.webp,$110.00,146776-004,True,2078
Cables,118031892 - EMC 1M HSSDC to HSSDC Fibre Channel Cable,,https://pub-4ae70fe1d6cf4e5ea327e14b66c0ad8e.r2.dev/dtsupply-products/118031892.webp,Get a Quote for price,118031892,True,4716
Cables,147095-001 - Compaq 12ft KVM PS2-VGA Server to Switch Cable,,https://pub-4ae70fe1d6cf4e5ea327e14b66c0ad8e.r2.dev/dtsupply-products/147095-001.webp,$95.00,147095-001,True,4139
Cables,11A9095 - IBM / Lexmark 125V 13A 3-Prong Power Cord for W820dn Laser Printer,,https://pub-4ae70fe1d6cf4e5ea327e14b66c0ad8e.r2.dev/dtsupply-products/11A9095.webp,$62.00,11A9095,True,5817
Cables,11P3882 - IBM 31M LC-LC Optical Fibre Cable,,https://pub-4ae70fe1d6cf4e5ea327e14b66c0ad8e.r2.dev/dtsupply-products/11P3882.webp,$95.00,11P3882,True,5380
Cables,147096-001 - Compaq 20ft KVM Console CPU to Switch Cable,,https://pub-4ae70fe1d6cf4e5ea327e14b66c0ad8e.r2.dev/dtsupply-products/147096-001.webp,$95.00,147096-001,True,4634
Cables,"1200484G1 - AdTran NetVanta 1000 SFP Stacking Cable, 1 M",,https://pub-4ae70fe1d6cf4e5ea327e14b66c0ad8e.r2.dev/dtsupply-products/1200484G1.webp,Get a Quote for price,1200484G1,True,5452
Cables,147097-001 - Compaq 40ft CPU to Server Console KVM Cable,,https://pub-4ae70fe1d6cf4e5ea327e14b66c0ad8e.r2.dev/dtsupply-products/147097-001.webp,Get a Quote for price,147097-001,True,7314
Cables,1-2134092-2M - Hitachi 2M Mini SAS to Mini SAS 6Gb/s Cable,,https://cdn.cmshardware.com/images/Images/Products/1-2134092-2M.webp,$112.00,1-2134092-2M,True,6732
Cables,148739-001 - HP Internal Power Cable,,https://pub-4ae70fe1d6cf4e5ea327e14b66c0ad8e.r2.dev/dtsupply-products/148739-001.webp,$62.00,148739-001,True,2593
Cables,121565-001 - Compaq 6ft AC Power Cable,,https://pub-4ae70fe1d6cf4e5ea327e14b66c0ad8e.r2.dev/dtsupply-products/121565-001.webp,$60.00,121565-001,True,4244
Cables,148785-001 - HP 47-inch 68-Pin SCSI Cable,,https://pub-4ae70fe1d6cf4e5ea327e14b66c0ad8e.r2.dev/dtsupply-products/148785-001.webp,$88.00,148785-001,True,1328
Cables,122922-001 - Compaq 12ft Serial Interface Cable for UPS R6000,,https://pub-4ae70fe1d6cf4e5ea327e14b66c0ad8e.r2.dev/dtsupply-products/122922-001.webp,Get a Quote for price,122922-001,True,4629
Cables,148785-002 - Compaq 1m 68-Pin Ultra320 SCSI Ribbon Cable,,https://pub-4ae70fe1d6cf4e5ea327e14b66c0ad8e.r2.dev/dtsupply-products/148785-002.webp,$56.00,148785-002,True,4478
Cables,12-37004-03 - HP 68-Pin SCSI Differential Terminator,,https://pub-4ae70fe1d6cf4e5ea327e14b66c0ad8e.r2.dev/dtsupply-products/12-37004-03.webp,$55.00,12-37004-03,True,3005
Cables,148785-004 - HP 3 Drop Terminated SCSI Internal Cable,,https://pub-4ae70fe1d6cf4e5ea327e14b66c0ad8e.r2.dev/dtsupply-products/148785-004.webp,$80.00,148785-004,True,2082
Cables,123W8 - Dell 23cm 8-Pin Backplane Power Cable Assembly,,https://pub-4ae70fe1d6cf4e5ea327e14b66c0ad8e.r2.dev/dtsupply-products/123W8.webp,$62.00,123W8,True,998
Cables,148785-006 - HP Cable SCSI for ProLiant ML370 G3 Server,,https://pub-4ae70fe1d6cf4e5ea327e14b66c0ad8e.r2.dev/dtsupply-products/148785-006.webp,$80.00,148785-006,True,2081
Cables,12-41768-03 - HP Ultra SCSI Cable for 68-Pin Terminator,,https://pub-4ae70fe1d6cf4e5ea327e14b66c0ad8e.r2.dev/dtsupply-products/12-41768-03.webp,$55.00,12-41768-03,True,2986
Cables,148785-008 - HP 2 port SCSI Cable for Ultra 320,,https://cdn.cmshardware.com/images/Images/Products/148785-008.webp,$80.00,148785-008,True,2652
Cables,124842-001 - HP Internal Fast Wide SCSI Ribbon Cable,,https://pub-4ae70fe1d6cf4e5ea327e14b66c0ad8e.r2.dev/dtsupply-products/124842-001.webp,$102.00,124842-001,True,2066
Cables,148785-012 - Compaq Long SCSI Cable for ProLiant DL145 Server,,https://pub-4ae70fe1d6cf4e5ea327e14b66c0ad8e.r2.dev/dtsupply-products/148785-012.webp,$80.00,148785-012,True,3964
Cables,124843-001 - Compaq Fast Wide Ribbon Cable for TL891 HVD DLT 7000 Library,,https://pub-4ae70fe1d6cf4e5ea327e14b66c0ad8e.r2.dev/dtsupply-products/124843-001.webp,$102.00,124843-001,True,4533
Cables,148785-013 - HP 2 Drop Terminated SCSI Cable,,https://pub-4ae70fe1d6cf4e5ea327e14b66c0ad8e.r2.dev/dtsupply-products/148785-013.webp,$62.00,148785-013,True,7789
Cables,124917-001 - HP 14-inch Ribbon Cable,,https://pub-4ae70fe1d6cf4e5ea327e14b66c0ad8e.r2.dev/dtsupply-products/124917-001.webp,$72.00,124917-001,True,2062
Cables,148785-014 - HP Ultra320 SCSI Terminated Cable,,https://pub-4ae70fe1d6cf4e5ea327e14b66c0ad8e.r2.dev/dtsupply-products/148785-014.webp,$62.00,148785-014,True,2606
Cables,149097-001 - HP Point to Point SCSI Cable,,https://pub-4ae70fe1d6cf4e5ea327e14b66c0ad8e.r2.dev/dtsupply-products/149097-001.webp,$60.00,149097-001,True,3089
Cables,124918-001 - Compaq 17-inch 10-Pin Ribbon Cable for StorageWorks TL891 Tape Library,,https://pub-4ae70fe1d6cf4e5ea327e14b66c0ad8e.r2.dev/dtsupply-products/124918-001.webp,$72.00,124918-001,True,4532
Cables,149806-001 - HP 53.3CM 4-Pin (F) to 4-Pin (F) CD/DVD Audio Cable,,https://pub-4ae70fe1d6cf4e5ea327e14b66c0ad8e.r2.dev/dtsupply-products/149806-001.webp,$55.00,149806-001,True,3039
Cables,124920-001 - Compaq 5.75-inch Door Opener Motor Cable,,https://pub-4ae70fe1d6cf4e5ea327e14b66c0ad8e.r2.dev/dtsupply-products/124920-001.webp,$55.00,124920-001,True,4598
Cables,14G221036000 - ASUS notebook spare part Cable,,https://pub-4ae70fe1d6cf4e5ea327e14b66c0ad8e.r2.dev/dtsupply-products/14G221036000.webp,$192.00,14G221036000,True,4766
Cables,124922-001 - Compaq Has DB9 connector Ribbon Cable,,https://pub-4ae70fe1d6cf4e5ea327e14b66c0ad8e.r2.dev/dtsupply-products/124922-001.webp,$55.00,124922-001,True,4592
Cables,14P33 - Dell Backplane-Mini SAS to MB Cable for PowerEdge R720,,https://pub-4ae70fe1d6cf4e5ea327e14b66c0ad8e.r2.dev/dtsupply-products/14P33.webp,$62.00,14P33,True,1083
24923-001,True,3038
Cables,124926-001 - Compaq 15-Pin 42-inch Flex Shuttle Cable for TL891 DLT Library,,https://pub-4ae70fe1d6cf4e5ea327e14b66c0ad8e.r2.dev/dtsupply-products/124926-001.webp,$118.00,124926-001,True,4530
Cables,150214-B21 - HP 12M Vhdci SCSI Cable,,https://pub-4ae70fe1d6cf4e5ea327e14b66c0ad8e.r2.dev/dtsupply-products/150214-B21.webp,$118.00,150214-B21,True,2076
Cables,124932-001 - Compaq 26-Pin Ribbon Cable for StorageWorks TL881 / TL891 Mini Library,,https://pub-4ae70fe1d6cf4e5ea327e14b66c0ad8e.r2.dev/dtsupply-products/124932-001.webp,$55.00,124932-001,True,7386
Cables,150304-008 - HP 1.8m Power Cord For ZBook 17 G3 Mobile Workstation,,https://pub-4ae70fe1d6cf4e5ea327e14b66c0ad8e.r2.dev/dtsupply-products/150304-008.webp,$62.00,150304-008,True,2171
Cables,126308-003 - Compaq 1.0m SCSI Interface Cable,,https://pub-4ae70fe1d6cf4e5ea327e14b66c0ad8e.r2.dev/dtsupply-products/126308-003.webp,$62.00,126308-003,True,4517
Cables,152424-001 - Printronix Exhaust Fan Power Cable,,https://pub-4ae70fe1d6cf4e5ea327e14b66c0ad8e.r2.dev/dtsupply-products/152424-001.webp,Get a Quote for price,152424-001,True,5235
Cables,126308-008 - HP 5.0M VHDCI SCSI Cable,,https://pub-4ae70fe1d6cf4e5ea327e14b66c0ad8e.r2.dev/dtsupply-products/126308-008.webp,Get a Quote for price,126308-008,True,3572
Cables,152424-901 - Printronix Exhaust Fan Power Cable,,https://pub-4ae70fe1d6cf4e5ea327e14b66c0ad8e.r2.dev/dtsupply-products/152424-901.webp,Get a Quote for price,152424-901,True,7030
Cables,127016-001 - HP 12Ft KVM Cables for CL1850/CL380,,https://cdn.cmshardware.com/images/Images/Products/127016-001.webp,$95.00,127016-001,True,2616
Cables,153761-002 - Compaq Twisted Pair External LVD Cable for ProLiant 1850R,,https://pub-4ae70fe1d6cf4e5ea327e14b66c0ad8e.r2.dev/dtsupply-products/153761-002.webp,$88.00,153761-002,True,5689
Cables,127016-004 - HP 3ft KVM Cable,,https://pub-4ae70fe1d6cf4e5ea327e14b66c0ad8e.r2.dev/dtsupply-products/127016-004.webp,$62.00,127016-004,True,2215
Cables,154020-001 - HP 9-Pin Serial Cable,,https://pub-4ae70fe1d6cf4e5ea327e14b66c0ad8e.r2.dev/dtsupply-products/154020-001.webp,$55.00,154020-001,True,2971
Cables,127016-005 - HP 6ft Kvm Cable Cpu To Server Console Switch,,https://pub-4ae70fe1d6cf4e5ea327e14b66c0ad8e.r2.dev/dtsupply-products/127016-005.webp,$72.00,127016-005,True,2214
Cables,154923-002 - Compaq Ribbon Board Cable for ProLiant ML350,,https://pub-4ae70fe1d6cf4e5ea327e14b66c0ad8e.r2.dev/dtsupply-products/154923-002.webp,$62.00,154923-002,True,7368
Cables,127558-002 - Compaq Power Switch Cable,,https://pub-4ae70fe1d6cf4e5ea327e14b66c0ad8e.r2.dev/dtsupply-products/127558-002.webp,$72.00,127558-002,True,4528
Cables,154924-001 - Compaq Power Button and Cable for ProLiant ML350 Server,,https://pub-4ae70fe1d6cf4e5ea327e14b66c0ad8e.r2.dev/dtsupply-products/154924-001.webp,$55.00,154924-001,True,4599
Cables,128558-001 - HP 1.8M 9-Pin Male to Female Serial Cable,,https://pub-4ae70fe1d6cf4e5ea327e14b66c0ad8e.r2.dev/dtsupply-products/128558-001.webp,$55.00,128558-001,True,2970
Cables,12G3883 - Lexmark Operator Panel Cable For 2400-100 Series Printer,,https://cdn.cmshardware.com/images/Images/Products/12G3883.webp,$78.00,12G3883,True,3758
Cables,155074-001 - HP 22-inch SCSI Data Cable,,https://pub-4ae70fe1d6cf4e5ea327e14b66c0ad8e.r2.dev/dtsupply-products/155074-001.webp,$55.00,155074-001,True,3553
Cables,12J3092 - IBM Power Backplane to Fan Cable,,https://pub-4ae70fe1d6cf4e5ea327e14b66c0ad8e.r2.dev/dtsupply-products/12J3092.webp,Get a Quote for price,12J3092,True,5507
Cables,155074-002 - Compaq VHDCI SCSI Cable for ProLiant ML370 Server,,https://pub-4ae70fe1d6cf4e5ea327e14b66c0ad8e.r2.dev/dtsupply-products/155074-002.webp,$95.00,155074-002,True,4188
Cables,155825-001 - HP 25-inch 68-Pin SCSI Cable,,https://pub-4ae70fe1d6cf4e5ea327e14b66c0ad8e.r2.dev/dtsupply-products/155825-001.webp,$62.00,155825-001,True,3090
Cables,12J3274 - IBM 2ft SCSI to Hot-Swappable Backplane Cable,,https://pub-4ae70fe1d6cf4e5ea327e14b66c0ad8e.r2.dev/dtsupply-products/12J3274.webp,$62.00,12J3274,True,7597
Cables,155825-003 - Compaq LVD SCSI Twist SFF Cable,,https://pub-4ae70fe1d6cf4e5ea327e14b66c0ad8e.r2.dev/dtsupply-products/155825-003.webp,$50.00,155825-003,True,4549
Cables,12R9290 - IBM 4-Port 1.5m Optical Pass Through Cable,,https://pub-4ae70fe1d6cf4e5ea327e14b66c0ad8e.r2.dev/dtsupply-products/12R9290.webp,$72.00,12R9290,True,5685
Cables,157711-001 - HP Power Cable For ProLiant ML370 G1,,https://pub-4ae70fe1d6cf4e5ea327e14b66c0ad8e.r2.dev/dtsupply-products/157711-001.webp,$55.00,157711-001,True,2960
Cables,12R9548 - IBM 31M LC-LC Fibre Channel Optic Cable,,https://pub-4ae70fe1d6cf4e5ea327e14b66c0ad8e.r2.dev/dtsupply-products/12R9548.webp,$80.00,12R9548,True,5808
Cables,157855-001 - Compaq 2 Point SCSI Cable (39-inch) with Terminator,,https://pub-4ae70fe1d6cf4e5ea327e14b66c0ad8e.r2.dev/dtsupply-products/157855-001.webp,$62.00,157855-001,True,4182
Cables,12R9559 - IBM 13m LC-LC Fibre Cable,,https://pub-4ae70fe1d6cf4e5ea327e14b66c0ad8e.r2.dev/dtsupply-products/12R9559.webp,$72.00,12R9559,True,5792
Cables,158277-001 - HP 65.4cm LVD SCSI Cable,,https://pub-4ae70fe1d6cf4e5ea327e14b66c0ad8e.r2.dev/dtsupply-products/158277-001.webp,Get a Quote for price,158277-001,True,3554
Cables,12R9561 - IBM LC-LC 31M Fibre Cable,,https://pub-4ae70fe1d6cf4e5ea327e14b66c0ad8e.r2.dev/dtsupply-products/12R9561.webp,$80.00,12R9561,True,5398
Cables,158467-001 - HP 10-Pin Power Cable,,https://pub-4ae70fe1d6cf4e5ea327e14b66c0ad8e.r2.dev/dtsupply-products/158467-001.webp,$55.00,158467-001,True,3078
Cables,12R9913 - IBM 1M LC-LC Multi-Mode OM3 Fibre Cable,,https://pub-4ae70fe1d6cf4e5ea327e14b66c0ad8e.r2.dev/dtsupply-products/12R9913.webp,$68.00,12R9913,True,5403
Cables,158467-002 - HP 10-Pin Power Cable,,https://pub-4ae70fe1d6cf4e5ea327e14b66c0ad8e.r2.dev/dtsupply-products/158467-002.webp,$55.00,158467-002,True,3079
Cables,12R9914 - IBM 5M LC-LC Fibre Optic Channel Cable,,https://pub-4ae70fe1d6cf4e5ea327e14b66c0ad8e.r2.dev/dtsupply-products/12R9914.webp,$95.00,12R9914,True,5794
Cables,158468-001 - HP 10-Pin Power Cable,,https://pub-4ae70fe1d6cf4e5ea327e14b66c0ad8e.r2.dev/dtsupply-products/158468-001.webp,$55.00,158468-001,True,3020
Cables,12R9915 - IBM 25m LC-LC Fibre Channel Cable,,https://pub-4ae70fe1d6cf4e5ea327e14b66c0ad8e.r2.dev/dtsupply-products/12R9915.webp,$105.00,12R9915,True,4733
Cables,158468-002 - HP 12-Pin Power Cable,,https://pub-4ae70fe1d6cf4e5ea327e14b66c0ad8e.r2.dev/dtsupply-products/158468-002.webp,$55.00,158468-002,True,3081
Cables,130142-001 - Compaq Power Cable For ProLiant ML330 Server,,https://pub-4ae70fe1d6cf4e5ea327e14b66c0ad8e.r2.dev/dtsupply-products/130142-001.webp,$72.00,130142-001,True,4261
Cables,158469-001 - HP CD-ROM and Floppy Power Cable,,https://pub-4ae70fe1d6cf4e5ea327e14b66c0ad8e.r2.dev/dtsupply-products/158469-001.webp,$55.00,158469-001,True,3024
Cables,137356-001 - Compaq Ultra SCSI Cluster Cable,,https://pub-4ae70fe1d6cf4e5ea327e14b66c0ad8e.r2.dev/dtsupply-products/137356-001.webp,$118.00,137356-001,True,4123
Cables,158470-001 - HP SCSI Drive Power Cable,,https://pub-4ae70fe1d6cf4e5ea327e14b66c0ad8e.r2.dev/dtsupply-products/158470-001.webp,$55.00,158470-001,True,3080
Cables,1394_96_6 - StarTech 6ft IEEE-1394 Firewire Cable 9-6 M/M,,https://pub-4ae70fe1d6cf4e5ea327e14b66c0ad8e.r2.dev/dtsupply-products/1394_96_6.webp,$68.00,1394_96_6,True,4809
Cables,158471-001 - HP LVD iSCSI Power Cable For ProLiant ML570 / ML530,,https://pub-4ae70fe1d6cf4e5ea327e14b66c0ad8e.r2.dev/dtsupply-products/158471-001.webp,$55.00,158471-001,True,3022
Cables,139867-005 - HP Power Cord,,https://pub-4ae70fe1d6cf4e5ea327e14b66c0ad8e.r2.dev/dtsupply-products/139867-005.webp,$85.00,139867-005,True,1770
Cables,158472-001 - Compaq IDE Data Cable for ProLiant ML530 G1 Server,,https://pub-4ae70fe1d6cf4e5ea327e14b66c0ad8e.r2.dev/dtsupply-products/158472-001.webp,$55.00,158472-001,True,5967
Cables,13CCM - Dell PERC 12GB/s Dual SAS to Dual HD SFF-8643 Cable,,https://cdn.cmshardware.com/images/Images/Products/13CCM.webp,$78.00,13CCM,True,999
Cables,158472-002 - Compaq 34-Pin Power / Data Cable for ProLiant ML570 G2 Server,,https://pub-4ae70fe1d6cf4e5ea327e14b66c0ad8e.r2.dev/dtsupply-products/158472-002.webp,$55.00,158472-002,True,4608
Cables,13H5264 - IBM 3ft 2-Pin 2-Prong Standard Power Cord,,https://pub-4ae70fe1d6cf4e5ea327e14b66c0ad8e.r2.dev/dtsupply-products/13H5264.webp,$62.00,13H5264,True,4191
Cables,158473-001 - HP SCSI Cable,,https://pub-4ae70fe1d6cf4e5ea327e14b66c0ad8e.r2.dev/dtsupply-products/158473-001.webp,$55.00,158473-001,True,3094
Cables,13N0947 - IBM 60mm Fan Cable for xSeries,,https://pub-4ae70fe1d6cf4e5ea327e14b66c0ad8e.r2.dev/dtsupply-products/13N0947.webp,Get a Quote for price,13N0947,True,5443
Cables,158473-002 - HP 40-Pin SCSI Cable,,https://pub-4ae70fe1d6cf4e5ea327e14b66c0ad8e.r2.dev/dtsupply-products/158473-002.webp,$55.00,158473-002,True,2959
Cables,158474-001 - HP SCSI Cable,,https://pub-4ae70fe1d6cf4e5ea327e14b66c0ad8e.r2.dev/dtsupply-products/158474-001.webp,$55.00,158474-001,True,2955
Cables,14-000012222 - Asus 2 x PORT USB Cable with Bracket,,https://pub-4ae70fe1d6cf4e5ea327e14b66c0ad8e.r2.dev/dtsupply-products/14-000012222.webp,$88.00,14-000012222,True,4799
Cables,159082-001 - Compaq PCA Cable for ProLiant DL590 Server,,https://pub-4ae70fe1d6cf4e5ea327e14b66c0ad8e.r2.dev/dtsupply-products/159082-001.webp,$72.00,159082-001,True,7367
Cables,140478-001 - HP Keyboard Cable for ProLiant CL1850 Server Series,,https://pub-4ae70fe1d6cf4e5ea327e14b66c0ad8e.r2.dev/dtsupply-products/140478-001.webp,$88.00,140478-001,True,2210
Cables,140484-001 - Compaq Power Cable Cluster,,https://pub-4ae70fe1d6cf4e5ea327e14b66c0ad8e.r2.dev/dtsupply-products/140484-001.webp,$102.00,140484-001,True,7356
Cables,159161-001 - HP Power Cable For ProLiant CL1850 Server,,https://pub-4ae70fe1d6cf4e5ea327e14b66c0ad8e.r2.dev/dtsupply-products/159161-001.webp,$55.00,159161-001,True,3021
Cables,1414-06F70H2 - HP 260MM SATA ODD Power Cable,,https://pub-4ae70fe1d6cf4e5ea327e14b66c0ad8e.r2.dev/dtsupply-products/1414-06F70H2.webp,$50.00,1414-06F70H2,True,2752
Cables,159162-001 - HP Internal Power Cable,,https://pub-4ae70fe1d6cf4e5ea327e14b66c0ad8e.r2.dev/dtsupply-products/159162-001.webp,$62.00,159162-001,True,3217
Cables,14201-61 - Jabra USB cable USB 2.0 USB A Micro-USB A,,https://pub-4ae70fe1d6cf4e5ea327e14b66c0ad8e.r2.dev/dtsupply-products/14201-61.webp,$55.00,14201-61,True,424
Cables,159547-B22 - HP 68-Pin Internal to External SCSI Cable,,https://pub-4ae70fe1d6cf4e5ea327e14b66c0ad8e.r2.dev/dtsupply-products/159547-B22.webp,Get a Quote for price,159547-B22,True,3556
Cables,142140-001 - Compaq 50-Pin to 100-Pin Splitter Cable for Smart Optional Controller,,https://pub-4ae70fe1d6cf4e5ea327e14b66c0ad8e.r2.dev/dtsupply-products/142140-001.webp,$132.00,142140-001,True,4531
Cables,15R7498 - IBM 4.3m 250V Power Cable,,https://pub-4ae70fe1d6cf4e5ea327e14b66c0ad8e.r2.dev/dtsupply-products/15R7498.webp,$378.00,15R7498,True,4006
Cables,142257-002 - HP 8FT 10A IEC320-C14 to C13 AC Power Cable,,https://pub-4ae70fe1d6cf4e5ea327e14b66c0ad8e.r2.dev/dtsupply-products/142257-002.webp,$72.00,142257-002,True,2333
Cables,15XVT - Dell Power Distribution Cable For PowerEdge T620,,https://cdn.cmshardware.com/images/Images/Products/15XVT.webp,$62.00,15XVT,True,988
Cables,142257-003 - HP 10FT 3M IECC13-C14 Power Cable,,https://pub-4ae70fe1d6cf4e5ea327e14b66c0ad8e.r2.dev/dtsupply-products/142257-003.webp,$62.00,142257-003,True,3132
Cables,160011-001 - HP RILO Signal Cable,,https://pub-4ae70fe1d6cf4e5ea327e14b66c0ad8e.r2.dev/dtsupply-products/160011-001.webp,$55.00,160011-001,True,2961
Cables,142257-006 - Compaq 1.4m 250V 10A C13 C14 Jumper Cord,,https://pub-4ae70fe1d6cf4e5ea327e14b66c0ad8e.r2.dev/dtsupply-products/142257-006.webp,$60.00,142257-006,True,4577
Cables,16029-02 - Matrox LFH60 Dual DVI Cable With DVI to VGA Adapter,,https://pub-4ae70fe1d6cf4e5ea327e14b66c0ad8e.r2.dev/dtsupply-products/16029-02.webp,$62.00,16029-02,True,3936
Cables,142257-007 - Compaq 1.4m 50V 10A C13 C14 2 15 Jumper Cord,,https://pub-4ae70fe1d6cf4e5ea327e14b66c0ad8e.r2.dev/dtsupply-products/142257-007.webp,Get a Quote for price,142257-007,True,4635
Cables,162814-001 - HP IDE Cable,,https://pub-4ae70fe1d6cf4e5ea327e14b66c0ad8e.r2.dev/dtsupply-products/162814-001.webp,$62.00,162814-001,True,3139
Cables,142257-B28 - HP IEC C13-C14 Cable Option Kit 20-inch,,https://pub-4ae70fe1d6cf4e5ea327e14b66c0ad8e.r2.dev/dtsupply-products/142257-B28.webp,$55.00,142257-B28,True,3015
Cables,162815-001 - HP IDE Cable,,https://pub-4ae70fe1d6cf4e5ea327e14b66c0ad8e.r2.dev/dtsupply-products/162815-001.webp,$62.00,162815-001,True,2179
Cables,142258-002 - Compaq 8ft IEC to IEC AC Power Cable,,https://pub-4ae70fe1d6cf4e5ea327e14b66c0ad8e.r2.dev/dtsupply-products/142258-002.webp,$88.00,142258-002,True,4584
Cables,163190-001 - HP IDE Cable,,https://pub-4ae70fe1d6cf4e5ea327e14b66c0ad8e.r2.dev/dtsupply-products/163190-001.webp,$62.00,163190-001,True,7002
Cables,142258-003 - Compaq 3M 250V C14 Male to C13 Female Power Cord,,https://pub-4ae70fe1d6cf4e5ea327e14b66c0ad8e.r2.dev/dtsupply-products/142258-003.webp,$55.00,142258-003,True,4250
Cables,163350-001 - HP Power Switch with LED Indicator and Cable,,https://pub-4ae70fe1d6cf4e5ea327e14b66c0ad8e.r2.dev/dtsupply-products/163350-001.webp,$62.00,163350-001,True,2014
Cables,142263-001 - Compaq 2m C13 To C14 IEC Power Cable,,https://pub-4ae70fe1d6cf4e5ea327e14b66c0ad8e.r2.dev/dtsupply-products/142263-001.webp,$62.00,142263-001,True,4180
Cables,163351-001 - HP 30-inch SCSI Cable for ProLiant ML350 G2 Server,,https://pub-4ae70fe1d6cf4e5ea327e14b66c0ad8e.r2.dev/dtsupply-products/163351-001.webp,$55.00,163351-001,True,3032
Cables,142263-002 - Compaq 2.5m C13 To C14 IEC Power Cable,,https://pub-4ae70fe1d6cf4e5ea327e14b66c0ad8e.r2.dev/dtsupply-products/142263-002.webp,$62.00,142263-002,True,4135
Cables,163353-001 - HP Signal IDE Ribbon Cable for ProLiant ML350 Server,,https://pub-4ae70fe1d6cf4e5ea327e14b66c0ad8e.r2.dev/dtsupply-products/163353-001.webp,$165.00,163353-001,True,2664
Cables,142263-005 - Compaq IEC 320 C13-C14 Angled Power Cable,,https://pub-4ae70fe1d6cf4e5ea327e14b66c0ad8e.r2.dev/dtsupply-products/142263-005.webp,$55.00,142263-005,True,7387
Cables,163606-001 - Compaq IDE Cable for ProLiant DL145 G3 Server,,https://pub-4ae70fe1d6cf4e5ea327e14b66c0ad8e.r2.dev/dtsupply-products/163606-001.webp,$62.00,163606-001,True,5683
Cables,142263-008 - Compaq 0.5m C13 to C14 10A 125V Power Cord,,https://pub-4ae70fe1d6cf4e5ea327e14b66c0ad8e.r2.dev/dtsupply-products/142263-008.webp,$62.00,142263-008,True,4225
Cables,163606-002 - Compaq Front I/O Internal Cable for Presario 5000,,https://pub-4ae70fe1d6cf4e5ea327e14b66c0ad8e.r2.dev/dtsupply-products/163606-002.webp,$72.00,163606-002,True,7369
Cables,142263-012 - HP IEC to IEC 2m Power Cable For Rack Server,,https://cdn.cmshardware.com/images/Images/Products/142263-012.webp,$88.00,142263-012,True,3062
Cables,163607-003 - Compaq Firewire Cable for XW6000 Workstation,,https://pub-4ae70fe1d6cf4e5ea327e14b66c0ad8e.r2.dev/dtsupply-products/163607-003.webp,$55.00,163607-003,True,4596
Cables,142263-013 - HP 10A 125V Power Cable,,https://pub-4ae70fe1d6cf4e5ea327e14b66c0ad8e.r2.dev/dtsupply-products/142263-013.webp,$62.00,142263-013,True,2592
Cables,163719-002 - Compaq 3.7m Straight C13 F Power Cord,,https://pub-4ae70fe1d6cf4e5ea327e14b66c0ad8e.r2.dev/dtsupply-products/163719-002.webp,$55.00,163719-002,True,4253
Cables,142263-014 - Compaq IEC to IEC Power Cable,,https://pub-4ae70fe1d6cf4e5ea327e14b66c0ad8e.r2.dev/dtsupply-products/142263-014.webp,$62.00,142263-014,True,4561
Cables,164604-B21 - HP 7.3m 68 Pin VHDCI To VHDCI SCSI Storage Cable,,https://pub-4ae70fe1d6cf4e5ea327e14b66c0ad8e.r2.dev/dtsupply-products/164604-B21.webp,$172.00,164604-B21,True,2332
Cables,142766-005 - HP Power Cord 6.2-ft for ML150 G2 Tower Server,,https://pub-4ae70fe1d6cf4e5ea327e14b66c0ad8e.r2.dev/dtsupply-products/142766-005.webp,$60.00,142766-005,True,3016
Cables,166298-001 - HP Internal SCSI Cable,,https://pub-4ae70fe1d6cf4e5ea327e14b66c0ad8e.r2.dev/dtsupply-products/166298-001.webp,$55.00,166298-001,True,2987
Cables,143218-003 - Compaq 18-inch IDE Cable for EVO W6000 Workstation,,https://pub-4ae70fe1d6cf4e5ea327e14b66c0ad8e.r2.dev/dtsupply-products/143218-003.webp,$62.00,143218-003,True,5998
Cables,166298-003 - Compaq Internal SCSI Cable,,https://pub-4ae70fe1d6cf4e5ea327e14b66c0ad8e.r2.dev/dtsupply-products/166298-003.webp,$80.00,166298-003,True,5675
Cables,1450U - Dell USB A to Mini B Cable,,https://pub-4ae70fe1d6cf4e5ea327e14b66c0ad8e.r2.dev/dtsupply-products/1450U.webp,$82.00,1450U,True,557
Cables,166298-013 - HP Internal Ultra-3 SCSI Cable,,https://pub-4ae70fe1d6cf4e5ea327e14b66c0ad8e.r2.dev/dtsupply-products/166298-013.webp,$62.00,166298-013,True,2575
Cables,146139-002 - Compaq PCI Data/Fax Modem Card,,https://pub-4ae70fe1d6cf4e5ea327e14b66c0ad8e.r2.dev/dtsupply-products/146139-002.webp,$62.00,146139-002,True,4632
Cables,166298-023 - HP SCSI Cable,,https://pub-4ae70fe1d6cf4e5ea327e14b66c0ad8e.r2.dev/dtsupply-products/166298-023.webp,$55.00,166298-023,True,3103
Cables,146210-001 - HP Power Cable kit for ESL Tape Libraries,,https://pub-4ae70fe1d6cf4e5ea327e14b66c0ad8e.r2.dev/dtsupply-products/146210-001.webp,$102.00,146210-001,True,2033
Cables,166298-024 - HP ProLiant 37-inch Ultra3 LVD SCSI 68 Pin Male to 68 Pin Male Cable Assembly,,https://pub-4ae70fe1d6cf4e5ea327e14b66c0ad8e.r2.dev/dtsupply-products/166298-024.webp,$55.00,166298-024,True,3095
Cables,146447-002 - Compaq ProLiant 8500 SCSI Cable and Board,,https://pub-4ae70fe1d6cf4e5ea327e14b66c0ad8e.r2.dev/dtsupply-products/146447-002.webp,$102.00,146447-002,True,2077
Cables,166298-026 - HP 68-Pin Internal SCSI Cable,,https://pub-4ae70fe1d6cf4e5ea327e14b66c0ad8e.r2.dev/dtsupply-products/166298-026.webp,$55.00,166298-026,True,3098
Cables,146447-003 - HP ProLiant DL760 SCSI Cable,,https://pub-4ae70fe1d6cf4e5ea327e14b66c0ad8e.r2.dev/dtsupply-products/146447-003.webp,Get a Quote for price,146447-003,True,3136
Cables,166298-027 - HP Internal SCSI Cable,,https://pub-4ae70fe1d6cf4e5ea327e14b66c0ad8e.r2.dev/dtsupply-products/166298-027.webp,$55.00,166298-027,True,3102
Cables,146745-001 - HP 6ft External SCSI Cable,,https://pub-4ae70fe1d6cf4e5ea327e14b66c0ad8e.r2.dev/dtsupply-products/146745-001.webp,$110.00,146745-001,True,3135
Cables,166298-028 - HP SCSI Internal Cable,,https://pub-4ae70fe1d6cf4e5ea327e14b66c0ad8e.r2.dev/dtsupply-products/166298-028.webp,$55.00,166298-028,True,3100
Cables,146745-003 - Compaq 3ft External SCSI Cable,,https://pub-4ae70fe1d6cf4e5ea327e14b66c0ad8e.r2.dev/dtsupply-products/146745-003.webp,$110.00,146745-003,True,4215
Cables,166298-029 - HP SCSI Internal Cable,,https://pub-4ae70fe1d6cf4e5ea327e14b66c0ad8e.r2.dev/dtsupply-products/166298-029.webp,$55.00,166298-029,True,3092
Cables,146745-004 - HP 50 Pin External SCSI Cable (12ft),,https://pub-4ae70fe1d6cf4e5ea327e14b66c0ad8e.r2.dev/dtsupply-products/146745-004.webp,$110.00,146745-004,True,2079
Cables,166298-030 - HP SCSI Cable,,https://pub-4ae70fe1d6cf4e5ea327e14b66c0ad8e.r2.dev/dtsupply-products/166298-030.webp,$55.00,166298-030,True,3101
Cables,146776-001 - HP 50 Pin High Density Male SCSI Interface Cable (6ft),,https://pub-4ae70fe1d6cf4e5ea327e14b66c0ad8e.r2.dev/dtsupply-products/146776-001.webp,$110.00,146776-001,True,3137
Cables,166298-031 - HP 40-inch Internal LVD SCSI Cable,,https://pub-4ae70fe1d6cf4e5ea327e14b66c0ad8e.r2.dev/dtsupply-products/166298-031.webp,$55.00,166298-031,True,3099
Cables,146776-003 - HP SCSI to SCSI External Cable (3ft),,https://pub-4ae70fe1d6cf4e5ea327e14b66c0ad8e.r2.dev/dtsupply-products/146776-003.webp,$110.00,146776-003,True,2080
Cables,166298-033 - HP Internal SCSI Cable for Proliant ML370 Gen2,,https://cdn.cmshardware.com/images/Images/Products/166298-033.webp,$55.00,166298-033,True,2927
Cables,146776-004 - HP 12ft External SCSI Cable,,https://pub-4ae70fe1d6cf4e5ea327e14b66c0ad8e.r2.dev/dtsupply-products/146776-004.webp,$110.00,146776-004,True,2078
Cables,166298-034 - HP Cable SCSI,,https://pub-4ae70fe1d6cf4e5ea327e14b66c0ad8e.r2.dev/dtsupply-products/166298-034.webp,$55.00,166298-034,True,3091
Cables,147095-001 - Compaq 12ft KVM PS2-VGA Server to Switch Cable,,https://pub-4ae70fe1d6cf4e5ea327e14b66c0ad8e.r2.dev/dtsupply-products/147095-001.webp,$95.00,147095-001,True,4139
Cables,166298-035 - HP Internal SCSI Cable,,https://pub-4ae70fe1d6cf4e5ea327e14b66c0ad8e.r2.dev/dtsupply-products/166298-035.webp,$55.00,166298-035,True,3093
Cables,147096-001 - Compaq 20ft KVM Console CPU to Switch Cable,,https://pub-4ae70fe1d6cf4e5ea327e14b66c0ad8e.r2.dev/dtsupply-products/147096-001.webp,$95.00,147096-001,True,4634
Cables,166298-037 - Compaq 68 Pin SCSI Cable for Proliant ML370 G3 Server,,https://pub-4ae70fe1d6cf4e5ea327e14b66c0ad8e.r2.dev/dtsupply-products/166298-037.webp,$62.00,166298-037,True,4218
Cables,147097-001 - Compaq 40ft CPU to Server Console KVM Cable,,https://pub-4ae70fe1d6cf4e5ea327e14b66c0ad8e.r2.dev/dtsupply-products/147097-001.webp,Get a Quote for price,147097-001,True,7314
Cables,166298-038 - HP 68-Pin Internal Ultra SCSI Cable,,https://pub-4ae70fe1d6cf4e5ea327e14b66c0ad8e.r2.dev/dtsupply-products/166298-038.webp,$62.00,166298-038,True,2576
Cables,148739-001 - HP Internal Power Cable,,https://pub-4ae70fe1d6cf4e5ea327e14b66c0ad8e.r2.dev/dtsupply-products/148739-001.webp,$62.00,148739-001,True,2593
Cables,166298-039 - HP 68-Pin Internal LVD SCSI Cable,,https://pub-4ae70fe1d6cf4e5ea327e14b66c0ad8e.r2.dev/dtsupply-products/166298-039.webp,$72.00,166298-039,True,2088
Cables,148785-001 - HP 47-inch 68-Pin SCSI Cable,,https://pub-4ae70fe1d6cf4e5ea327e14b66c0ad8e.r2.dev/dtsupply-products/148785-001.webp,$88.00,148785-001,True,1328
Cables,166298-040 - Compaq 17-inch LVD SCSI Cable for ProLiant,,https://pub-4ae70fe1d6cf4e5ea327e14b66c0ad8e.r2.dev/dtsupply-products/166298-040.webp,$62.00,166298-040,True,4724
Cables,148785-002 - Compaq 1m 68-Pin Ultra320 SCSI Ribbon Cable,,https://pub-4ae70fe1d6cf4e5ea327e14b66c0ad8e.r2.dev/dtsupply-products/148785-002.webp,$56.00,148785-002,True,4478
Cables,166298-041 - Compaq SCSI 28-inch 68-Pin Cable for ProLiant ML570 G3,,https://pub-4ae70fe1d6cf4e5ea327e14b66c0ad8e.r2.dev/dtsupply-products/166298-041.webp,$62.00,166298-041,True,4516
Cables,148785-004 - HP 3 Drop Terminated SCSI Internal Cable,,https://pub-4ae70fe1d6cf4e5ea327e14b66c0ad8e.r2.dev/dtsupply-products/148785-004.webp,$80.00,148785-004,True,2082
Cables,166298-042 - HP 28-inch 68-Pin SCSI Cable for ProLiant ML570 G3 Server,,https://pub-4ae70fe1d6cf4e5ea327e14b66c0ad8e.r2.dev/dtsupply-products/166298-042.webp,$62.00,166298-042,True,2579
Cables,148785-006 - HP Cable SCSI for ProLiant ML370 G3 Server,,https://pub-4ae70fe1d6cf4e5ea327e14b66c0ad8e.r2.dev/dtsupply-products/148785-006.webp,$80.00,148785-006,True,2081
Cables,166785-001 - HP Heat Signal Cable,,https://pub-4ae70fe1d6cf4e5ea327e14b66c0ad8e.r2.dev/dtsupply-products/166785-001.webp,$55.00,166785-001,True,2981
Cables,148785-008 - HP 2 port SCSI Cable for Ultra 320,,https://cdn.cmshardware.com/images/Images/Products/148785-008.webp,$80.00,148785-008,True,2652
Cables,167112-001 - HP LED Power Button Switch Board Cable For DeskPro,,https://pub-4ae70fe1d6cf4e5ea327e14b66c0ad8e.r2.dev/dtsupply-products/167112-001.webp,$55.00,167112-001,True,3696
Cables,148785-012 - Compaq Long SCSI Cable for ProLiant DL145 Server,,https://pub-4ae70fe1d6cf4e5ea327e14b66c0ad8e.r2.dev/dtsupply-products/148785-012.webp,$80.00,148785-012,True,3964
Cables,169394-001 - HP Hard Drive Power Cable For ProLiant 6000 Server,,https://pub-4ae70fe1d6cf4e5ea327e14b66c0ad8e.r2.dev/dtsupply-products/169394-001.webp,$55.00,169394-001,True,3017
Cables,148785-013 - HP 2 Drop Terminated SCSI Cable,,https://pub-4ae70fe1d6cf4e5ea327e14b66c0ad8e.r2.dev/dtsupply-products/148785-013.webp,$62.00,148785-013,True,7789
Cables,169960-001 - Compaq KVM Extension Cable,,https://pub-4ae70fe1d6cf4e5ea327e14b66c0ad8e.r2.dev/dtsupply-products/169960-001.webp,$62.00,169960-001,True,4504
Cables,148785-014 - HP Ultra320 SCSI Terminated Cable,,https://pub-4ae70fe1d6cf4e5ea327e14b66c0ad8e.r2.dev/dtsupply-products/148785-014.webp,$62.00,148785-014,True,2606
Cables,169960-002 - Compaq KVM Extension Cable,,https://pub-4ae70fe1d6cf4e5ea327e14b66c0ad8e.r2.dev/dtsupply-products/169960-002.webp,$62.00,169960-002,True,5696
Cables,149097-001 - HP Point to Point SCSI Cable,,https://pub-4ae70fe1d6cf4e5ea327e14b66c0ad8e.r2.dev/dtsupply-products/149097-001.webp,$60.00,149097-001,True,3089
Cables,169961-001 - Compaq 8ft DB15 Male/Female VGA Cable,,https://pub-4ae70fe1d6cf4e5ea327e14b66c0ad8e.r2.dev/dtsupply-products/169961-001.webp,$55.00,169961-001,True,4252
Cables,149806-001 - HP 53.3CM 4-Pin (F) to 4-Pin (F) CD/DVD Audio Cable,,https://pub-4ae70fe1d6cf4e5ea327e14b66c0ad8e.r2.dev/dtsupply-products/149806-001.webp,$55.00,149806-001,True,3039
Cables,169962-001 - Compaq 9ft Male To Male Keyboard Cable,,https://pub-4ae70fe1d6cf4e5ea327e14b66c0ad8e.r2.dev/dtsupply-products/169962-001.webp,$55.00,169962-001,True,5973
Cables,169962-002 - Compaq 9ft Male to Male Mouse Extension Cable,,https://pub-4ae70fe1d6cf4e5ea327e14b66c0ad8e.r2.dev/dtsupply-products/169962-002.webp,$55.00,169962-002,True,5971
Cables,14G221036000 - ASUS notebook spare part Cable,,https://pub-4ae70fe1d6cf4e5ea327e14b66c0ad8e.r2.dev/dtsupply-products/14G221036000.webp,$192.00,14G221036000,True,4766
Cables,169962-003 - Compaq KVM 6M Extension Cable,,https://pub-4ae70fe1d6cf4e5ea327e14b66c0ad8e.r2.dev/dtsupply-products/169962-003.webp,$55.00,169962-003,True,4603
Cables,14P33 - Dell Backplane-Mini SAS to MB Cable for PowerEdge R720,,https://pub-4ae70fe1d6cf4e5ea327e14b66c0ad8e.r2.dev/dtsupply-products/14P33.webp,$62.00,14P33,True,1083
Cables,169962-004 - HP 20ft KVM Cable,,https://pub-4ae70fe1d6cf4e5ea327e14b66c0ad8e.r2.dev/dtsupply-products/169962-004.webp,$55.00,169962-004,True,3126
Cables,150214-B21 - HP 12M Vhdci SCSI Cable,,https://pub-4ae70fe1d6cf4e5ea327e14b66c0ad8e.r2.dev/dtsupply-products/150214-B21.webp,$118.00,150214-B21,True,2076
Cables,169963-001 - Compaq 9fT Male to Male KVM Cable,,https://pub-4ae70fe1d6cf4e5ea327e14b66c0ad8e.r2.dev/dtsupply-products/169963-001.webp,$62.00,169963-001,True,4503
Cables,150304-008 - HP 1.8m Power Cord For ZBook 17 G3 Mobile Workstation,,https://pub-4ae70fe1d6cf4e5ea327e14b66c0ad8e.r2.dev/dtsupply-products/150304-008.webp,$62.00,150304-008,True,2171
Cables,169963-002 - HP 20-Feet KVM Cable,,https://pub-4ae70fe1d6cf4e5ea327e14b66c0ad8e.r2.dev/dtsupply-products/169963-002.webp,$55.00,169963-002,True,3111
Cables,152424-001 - Printronix Exhaust Fan Power Cable,,https://pub-4ae70fe1d6cf4e5ea327e14b66c0ad8e.r2.dev/dtsupply-products/152424-001.webp,Get a Quote for price,152424-001,True,5235
Cables,169989-001 - Compaq KVM Extension Cable,,https://pub-4ae70fe1d6cf4e5ea327e14b66c0ad8e.r2.dev/dtsupply-products/169989-001.webp,$62.00,169989-001,True,5700
Cables,152424-901 - Printronix Exhaust Fan Power Cable,,https://pub-4ae70fe1d6cf4e5ea327e14b66c0ad8e.r2.dev/dtsupply-products/152424-901.webp,Get a Quote for price,152424-901,True,7030
Cables,16K9266 - IBM 40-Pin IDE 7-inch Internal Hdd Cable,,https://pub-4ae70fe1d6cf4e5ea327e14b66c0ad8e.r2.dev/dtsupply-products/16K9266.webp,$72.00,16K9266,True,5853
Cables,153761-002 - Compaq Twisted Pair External LVD Cable for ProLiant 1850R,,https://pub-4ae70fe1d6cf4e5ea327e14b66c0ad8e.r2.dev/dtsupply-products/153761-002.webp,$88.00,153761-002,True,5689
Cables,16K9270 - IBM DB9 to 10-Pin Serial Port Cable,,https://pub-4ae70fe1d6cf4e5ea327e14b66c0ad8e.r2.dev/dtsupply-products/16K9270.webp,$62.00,16K9270,True,5826
Cables,154020-001 - HP 9-Pin Serial Cable,,https://pub-4ae70fe1d6cf4e5ea327e14b66c0ad8e.r2.dev/dtsupply-products/154020-001.webp,$55.00,154020-001,True,2971
Cables,17-00282-00 - DEC Ribbon Disk Cable,,https://cdn.cmshardware.com/images/Images/Products/17-00282-00.webp,$88.00,17-00282-00,True,3976
Cables,17-00286-00 - DEC 7-inch Ribbon Cable Assembly For RD5X,,https://cdn.cmshardware.com/images/Images/Products/17-00286-00.webp,$88.00,17-00286-00,True,3977
Cables,154923-002 - Compaq Ribbon Board Cable for ProLiant ML350,,https://pub-4ae70fe1d6cf4e5ea327e14b66c0ad8e.r2.dev/dtsupply-products/154923-002.webp,$62.00,154923-002,True,7368
Cables,"1700500F1 - AdTran NetVanta 1600 XIM Stacking Cable, .5M",,https://pub-4ae70fe1d6cf4e5ea327e14b66c0ad8e.r2.dev/dtsupply-products/1700500F1.webp,Get a Quote for price,1700500F1,True,5454
Cables,154924-001 - Compaq Power Button and Cable for ProLiant ML350 Server,,https://pub-4ae70fe1d6cf4e5ea327e14b66c0ad8e.r2.dev/dtsupply-products/154924-001.webp,$55.00,154924-001,True,4599
Cables,1700500F2 - AdTran NetVanta 1600 2M XIM Stacking Cable,,https://pub-4ae70fe1d6cf4e5ea327e14b66c0ad8e.r2.dev/dtsupply-products/1700500F2.webp,$249.00,1700500F2,True,7443
Cables,155074-001 - HP 22-inch SCSI Data Cable,,https://pub-4ae70fe1d6cf4e5ea327e14b66c0ad8e.r2.dev/dtsupply-products/155074-001.webp,$55.00,155074-001,True,3553
Cables,17-03085-04 - DEC 6.5 ft IOP To PIU Cable For AS8X00,,https://cdn.cmshardware.com/images/Images/Products/17-03085-04.webp,$78.00,17-03085-04,True,3831
Cables,155074-002 - Compaq VHDCI SCSI Cable for ProLiant ML370 Server,,https://pub-4ae70fe1d6cf4e5ea327e14b66c0ad8e.r2.dev/dtsupply-products/155074-002.webp,$95.00,155074-002,True,4188
Cables,17-04144-03 - DEC 10-Port 68-Pin Internal SCSI Cable,,https://pub-4ae70fe1d6cf4e5ea327e14b66c0ad8e.r2.dev/dtsupply-products/17-04144-03.webp,$132.00,17-04144-03,True,4738
Cables,17-04321-02 - HP HSZ50 15-Pin SCSI Battery Cable,,https://cdn.cmshardware.com/images/Images/Products/17-04321-02.webp,$62.00,17-04321-02,True,1888
Cables,155825-001 - HP 25-inch 68-Pin SCSI Cable,,https://pub-4ae70fe1d6cf4e5ea327e14b66c0ad8e.r2.dev/dtsupply-products/155825-001.webp,$62.00,155825-001,True,3090
Cables,17-04377-08 - HP 5m Ultra SCSI Cable,,https://cdn.cmshardware.com/images/Images/Products/17-04377-08.webp,$138.00,17-04377-08,True,2008
Cables,155825-003 - Compaq LVD SCSI Twist SFF Cable,,https://pub-4ae70fe1d6cf4e5ea327e14b66c0ad8e.r2.dev/dtsupply-products/155825-003.webp,$50.00,155825-003,True,4549
Cables,17-04479-02 - DEC Y-Cable For Cache Battery,,https://cdn.cmshardware.com/images/Images/Products/17-04479-02.webp,$170.00,17-04479-02,True,3833
Cables,17-04876-03 - HP 0.5m RJ45 Keyed Cable for EVA5000 / EVA3000,,https://cdn.cmshardware.com/images/Images/Products/17-04876-03.webp,$62.00,17-04876-03,True,2711
Cables,157711-001 - HP Power Cable For ProLiant ML370 G1,,https://pub-4ae70fe1d6cf4e5ea327e14b66c0ad8e.r2.dev/dtsupply-products/157711-001.webp,$55.00,157711-001,True,2960
Cables,17-05021-01 - HP 80-Pin Ribbon Cable Assembly,,https://cdn.cmshardware.com/images/Images/Products/17-05021-01.webp,$62.00,17-05021-01,True,1905
Cables,157855-001 - Compaq 2 Point SCSI Cable (39-inch) with Terminator,,https://pub-4ae70fe1d6cf4e5ea327e14b66c0ad8e.r2.dev/dtsupply-products/157855-001.webp,$62.00,157855-001,True,4182
Cables,17-05150-01 - HP Power Board Cable for StorageWorks HSV100,,https://pub-4ae70fe1d6cf4e5ea327e14b66c0ad8e.r2.dev/dtsupply-products/17-05150-01.webp,$188.00,17-05150-01,True,3112
Cables,158277-001 - HP 65.4cm LVD SCSI Cable,,https://pub-4ae70fe1d6cf4e5ea327e14b66c0ad8e.r2.dev/dtsupply-products/158277-001.webp,Get a Quote for price,158277-001,True,3554
Cables,17-05152-02 - HP Ribbon Cable for StorageWorks HSV100,,https://pub-4ae70fe1d6cf4e5ea327e14b66c0ad8e.r2.dev/dtsupply-products/17-05152-02.webp,$62.00,17-05152-02,True,2514
Cables,158467-001 - HP 10-Pin Power Cable,,https://pub-4ae70fe1d6cf4e5ea327e14b66c0ad8e.r2.dev/dtsupply-products/158467-001.webp,$55.00,158467-001,True,3078
Cables,17-05157-04 - HP 1.2M SFP-SFP Copper Fibre Channel Cable,,https://pub-4ae70fe1d6cf4e5ea327e14b66c0ad8e.r2.dev/dtsupply-products/17-05157-04.webp,$62.00,17-05157-04,True,2653
Cables,158467-002 - HP 10-Pin Power Cable,,https://pub-4ae70fe1d6cf4e5ea327e14b66c0ad8e.r2.dev/dtsupply-products/158467-002.webp,$55.00,158467-002,True,3079
Cables,17-05157-05 - HP 0.6m Copper Fibre Channel Interface Cable,,https://pub-4ae70fe1d6cf4e5ea327e14b66c0ad8e.r2.dev/dtsupply-products/17-05157-05.webp,$55.00,17-05157-05,True,3127
Cables,17-05403-01 - HP EVA Shelf ID Expander Cable,,https://cdn.cmshardware.com/images/Images/Products/17-05403-01.webp,$62.00,17-05403-01,True,2716
Cables,158468-001 - HP 10-Pin Power Cable,,https://pub-4ae70fe1d6cf4e5ea327e14b66c0ad8e.r2.dev/dtsupply-products/158468-001.webp,$55.00,158468-001,True,3020
Cables,17-05403-S1 - HP EVA Shelf ID Expander Cable For StorageWorks EVA4100,,https://cdn.cmshardware.com/images/Images/Products/17-05403-S1.webp,$62.00,17-05403-S1,True,3608
Cables,158468-002 - HP 12-Pin Power Cable,,https://pub-4ae70fe1d6cf4e5ea327e14b66c0ad8e.r2.dev/dtsupply-products/158468-002.webp,$55.00,158468-002,True,3081
Cables,17-05405-01 - HP 2M 4GB Fibre Channel Copper Cable,,https://pub-4ae70fe1d6cf4e5ea327e14b66c0ad8e.r2.dev/dtsupply-products/17-05405-01.webp,$62.00,17-05405-01,True,2654
Cables,158469-001 - HP CD-ROM and Floppy Power Cable,,https://pub-4ae70fe1d6cf4e5ea327e14b66c0ad8e.r2.dev/dtsupply-products/158469-001.webp,$55.00,158469-001,True,3024
Cables,17-05405-02 - HP 0.6-Meter SFP to SFP Copper Fibre Channel Cable,,https://pub-4ae70fe1d6cf4e5ea327e14b66c0ad8e.r2.dev/dtsupply-products/17-05405-02.webp,$62.00,17-05405-02,True,2655
Cables,158470-001 - HP SCSI Drive Power Cable,,https://pub-4ae70fe1d6cf4e5ea327e14b66c0ad8e.r2.dev/dtsupply-products/158470-001.webp,$55.00,158470-001,True,3080
Cables,17-05405-03 - HP 4GB SFP Copper Fibre Channel Cable 12-inch,,https://pub-4ae70fe1d6cf4e5ea327e14b66c0ad8e.r2.dev/dtsupply-products/17-05405-03.webp,$68.00,17-05405-03,True,6923
Cables,158471-001 - HP LVD iSCSI Power Cable For ProLiant ML570 / ML530,,https://pub-4ae70fe1d6cf4e5ea327e14b66c0ad8e.r2.dev/dtsupply-products/158471-001.webp,$55.00,158471-001,True,3022
Cables,171241-001 - HP 9-Pin Serial Cable,,https://pub-4ae70fe1d6cf4e5ea327e14b66c0ad8e.r2.dev/dtsupply-products/171241-001.webp,$62.00,171241-001,True,6892
Cables,158472-001 - Compaq IDE Data Cable for ProLiant ML530 G1 Server,,https://pub-4ae70fe1d6cf4e5ea327e14b66c0ad8e.r2.dev/dtsupply-products/158472-001.webp,$55.00,158472-001,True,5967
Cables,171241-008 - HP 2.65-inch Flying Serial Port with Cable,,https://pub-4ae70fe1d6cf4e5ea327e14b66c0ad8e.r2.dev/dtsupply-products/171241-008.webp,$50.00,171241-008,True,2757
Cables,158472-002 - Compaq 34-Pin Power / Data Cable for ProLiant ML570 G2 Server,,https://pub-4ae70fe1d6cf4e5ea327e14b66c0ad8e.r2.dev/dtsupply-products/158472-002.webp,$55.00,158472-002,True,4608
Cables,171888-002 - HP 14-inch Floppy Power Cable,,https://pub-4ae70fe1d6cf4e5ea327e14b66c0ad8e.r2.dev/dtsupply-products/171888-002.webp,$62.00,171888-002,True,2030
Cables,158473-001 - HP SCSI Cable,,https://pub-4ae70fe1d6cf4e5ea327e14b66c0ad8e.r2.dev/dtsupply-products/158473-001.webp,$55.00,158473-001,True,3094
Cables,171888-004 - HP 6-inch Diskette / Floppy Drive Internal Power Cable,,https://pub-4ae70fe1d6cf4e5ea327e14b66c0ad8e.r2.dev/dtsupply-products/171888-004.webp,$45.00,171888-004,True,1338
Cables,158473-002 - HP 40-Pin SCSI Cable,,https://pub-4ae70fe1d6cf4e5ea327e14b66c0ad8e.r2.dev/dtsupply-products/158473-002.webp,$55.00,158473-002,True,2959
Cables,171891-001 - Compaq CD ROM Audio Internal Cable for Presario Desktop,,https://pub-4ae70fe1d6cf4e5ea327e14b66c0ad8e.r2.dev/dtsupply-products/171891-001.webp,$62.00,171891-001,True,7390
Cables,158474-001 - HP SCSI Cable,,https://pub-4ae70fe1d6cf4e5ea327e14b66c0ad8e.r2.dev/dtsupply-products/158474-001.webp,$55.00,158474-001,True,2955
Cables,159082-001 - Compaq PCA Cable for ProLiant DL590 Server,,https://pub-4ae70fe1d6cf4e5ea327e14b66c0ad8e.r2.dev/dtsupply-products/159082-001.webp,$72.00,159082-001,True,7367
Cables,171C5 - Dell EXT. SAS Cable 1M SFF-8088,,https://pub-4ae70fe1d6cf4e5ea327e14b66c0ad8e.r2.dev/dtsupply-products/171C5.webp,$72.00,171C5,True,1007
Cables,17355D - HP 3M 25 Pin(M) to 25 Pin(f) Serial Cable Assembly,,https://cdn.cmshardware.com/images/Images/Products/17355D.webp,$62.00,17355D,True,3378
Cables,159161-001 - HP Power Cable For ProLiant CL1850 Server,,https://pub-4ae70fe1d6cf4e5ea327e14b66c0ad8e.r2.dev/dtsupply-products/159161-001.webp,$55.00,159161-001,True,3021
Cables,173833-001 - Compaq Internal Smart Array SCSI Controller Cable,,https://pub-4ae70fe1d6cf4e5ea327e14b66c0ad8e.r2.dev/dtsupply-products/173833-001.webp,$88.00,173833-001,True,4122
Cables,159162-001 - HP Internal Power Cable,,https://pub-4ae70fe1d6cf4e5ea327e14b66c0ad8e.r2.dev/dtsupply-products/159162-001.webp,$62.00,159162-001,True,3217
Cables,174544-001 - Compaq ProLiant ML570 PCI Cable,,https://pub-4ae70fe1d6cf4e5ea327e14b66c0ad8e.r2.dev/dtsupply-products/174544-001.webp,$55.00,174544-001,True,4600
Cables,159547-B22 - HP 68-Pin Internal to External SCSI Cable,,https://pub-4ae70fe1d6cf4e5ea327e14b66c0ad8e.r2.dev/dtsupply-products/159547-B22.webp,Get a Quote for price,159547-B22,True,3556
Cables,174571-B21 - Compaq Smart Array Controller Cable,,https://pub-4ae70fe1d6cf4e5ea327e14b66c0ad8e.r2.dev/dtsupply-products/174571-B21.webp,$88.00,174571-B21,True,7357
Cables,15R7498 - IBM 4.3m 250V Power Cable,,https://pub-4ae70fe1d6cf4e5ea327e14b66c0ad8e.r2.dev/dtsupply-products/15R7498.webp,$378.00,15R7498,True,4006
Cables,174599-001 - HP 4-Device LVD Ultra3 SCSI Cable,,https://pub-4ae70fe1d6cf4e5ea327e14b66c0ad8e.r2.dev/dtsupply-products/174599-001.webp,Get a Quote for price,174599-001,True,3571
Cables,15XVT - Dell Power Distribution Cable For PowerEdge T620,,https://cdn.cmshardware.com/images/Images/Products/15XVT.webp,$62.00,15XVT,True,988
Cables,176607-001 - HP LVD SCSI Cable,,https://pub-4ae70fe1d6cf4e5ea327e14b66c0ad8e.r2.dev/dtsupply-products/176607-001.webp,$55.00,176607-001,True,2985
Cables,160011-001 - HP RILO Signal Cable,,https://pub-4ae70fe1d6cf4e5ea327e14b66c0ad8e.r2.dev/dtsupply-products/160011-001.webp,$55.00,160011-001,True,2961
Cables,176619-001 - HP Power Cable For ProLiant ML330 Server,,https://pub-4ae70fe1d6cf4e5ea327e14b66c0ad8e.r2.dev/dtsupply-products/176619-001.webp,$65.00,176619-001,True,3278
Cables,16029-02 - Matrox LFH60 Dual DVI Cable With DVI to VGA Adapter,,https://pub-4ae70fe1d6cf4e5ea327e14b66c0ad8e.r2.dev/dtsupply-products/16029-02.webp,$62.00,16029-02,True,3936
Cables,176620-001 - HP Signal Cable for ProLiant ML330 Server,,https://pub-4ae70fe1d6cf4e5ea327e14b66c0ad8e.r2.dev/dtsupply-products/176620-001.webp,$62.00,176620-001,True,6887
Cables,162814-001 - HP IDE Cable,,https://pub-4ae70fe1d6cf4e5ea327e14b66c0ad8e.r2.dev/dtsupply-products/162814-001.webp,$62.00,162814-001,True,3139
Cables,177634-001 - HP 16-Pin Remote Insight Cable,,https://pub-4ae70fe1d6cf4e5ea327e14b66c0ad8e.r2.dev/dtsupply-products/177634-001.webp,$188.00,177634-001,True,3220
Cables,162815-001 - HP IDE Cable,,https://pub-4ae70fe1d6cf4e5ea327e14b66c0ad8e.r2.dev/dtsupply-products/162815-001.webp,$62.00,162815-001,True,2179
Cables,177667-001 - HP 27-Pin SCSI-2 Cable,,https://pub-4ae70fe1d6cf4e5ea327e14b66c0ad8e.r2.dev/dtsupply-products/177667-001.webp,$118.00,177667-001,True,2656
Cables,163190-001 - HP IDE Cable,,https://pub-4ae70fe1d6cf4e5ea327e14b66c0ad8e.r2.dev/dtsupply-products/163190-001.webp,$62.00,163190-001,True,7002
Cables,178047-001 - HP 68 Pin SCSI Cable,,https://pub-4ae70fe1d6cf4e5ea327e14b66c0ad8e.r2.dev/dtsupply-products/178047-001.webp,$88.00,178047-001,True,2168
Cables,163350-001 - HP Power Switch with LED Indicator and Cable,,https://pub-4ae70fe1d6cf4e5ea327e14b66c0ad8e.r2.dev/dtsupply-products/163350-001.webp,$62.00,163350-001,True,2014
Cables,178681-001 - Compaq 24 x Ports Digital Modem,,https://pub-4ae70fe1d6cf4e5ea327e14b66c0ad8e.r2.dev/dtsupply-products/178681-001.webp,$438.00,178681-001,True,5702
Cables,163351-001 - HP 30-inch SCSI Cable for ProLiant ML350 G2 Server,,https://pub-4ae70fe1d6cf4e5ea327e14b66c0ad8e.r2.dev/dtsupply-products/163351-001.webp,$55.00,163351-001,True,3032
Cables,178968-001 - Compaq 12ft Power Cord,,https://pub-4ae70fe1d6cf4e5ea327e14b66c0ad8e.r2.dev/dtsupply-products/178968-001.webp,$62.00,178968-001,True,4618
Cables,163353-001 - HP Signal IDE Ribbon Cable for ProLiant ML350 Server,,https://pub-4ae70fe1d6cf4e5ea327e14b66c0ad8e.r2.dev/dtsupply-products/163353-001.webp,$165.00,163353-001,True,2664
Cables,179056-001 - HP 10-Inch Wake-On-LAN WOL Cable,,https://pub-4ae70fe1d6cf4e5ea327e14b66c0ad8e.r2.dev/dtsupply-products/179056-001.webp,$55.00,179056-001,True,2956
Cables,179056-002 - HP 15-inch 3 Pin Wake-On-LAN Cable,,https://cdn.cmshardware.com/images/Images/Products/179056-002.webp,$62.00,179056-002,True,1663
Cables,163606-001 - Compaq IDE Cable for ProLiant DL145 G3 Server,,https://pub-4ae70fe1d6cf4e5ea327e14b66c0ad8e.r2.dev/dtsupply-products/163606-001.webp,$62.00,163606-001,True,5683
Cables,179138-002 - Compaq Power Switch / LED Power Cable,,https://pub-4ae70fe1d6cf4e5ea327e14b66c0ad8e.r2.dev/dtsupply-products/179138-002.webp,Get a Quote for price,179138-002,True,7238
Cables,163606-002 - Compaq Front I/O Internal Cable for Presario 5000,,https://pub-4ae70fe1d6cf4e5ea327e14b66c0ad8e.r2.dev/dtsupply-products/163606-002.webp,$72.00,163606-002,True,7369
Cables,17P8102 - IBM Fan Sense 3 to Fan Sense 2 Cable,,https://pub-4ae70fe1d6cf4e5ea327e14b66c0ad8e.r2.dev/dtsupply-products/17P8102.webp,Get a Quote for price,17P8102,True,5991
Cables,163607-003 - Compaq Firewire Cable for XW6000 Workstation,,https://pub-4ae70fe1d6cf4e5ea327e14b66c0ad8e.r2.dev/dtsupply-products/163607-003.webp,$55.00,163607-003,True,4596
Cables,180-1097 - Sun 115V US System-Monitor AC Power Supply Cord Black 14AWG,,https://pub-4ae70fe1d6cf4e5ea327e14b66c0ad8e.r2.dev/dtsupply-products/180-1097.webp,$62.00,180-1097,True,4793
Cables,163719-002 - Compaq 3.7m Straight C13 F Power Cord,,https://pub-4ae70fe1d6cf4e5ea327e14b66c0ad8e.r2.dev/dtsupply-products/163719-002.webp,$55.00,163719-002,True,4253
Cables,180136-001 - Compaq Left Fan Cable for ProLiant DL580 Server,,https://pub-4ae70fe1d6cf4e5ea327e14b66c0ad8e.r2.dev/dtsupply-products/180136-001.webp,$55.00,180136-001,True,7391
Cables,164604-B21 - HP 7.3m 68 Pin VHDCI To VHDCI SCSI Storage Cable,,https://pub-4ae70fe1d6cf4e5ea327e14b66c0ad8e.r2.dev/dtsupply-products/164604-B21.webp,$172.00,164604-B21,True,2332
Cables,180137-001 - Compaq Right Fan Cable for ProLiant DL580,,https://pub-4ae70fe1d6cf4e5ea327e14b66c0ad8e.r2.dev/dtsupply-products/180137-001.webp,$55.00,180137-001,True,4620
Cables,166298-001 - HP Internal SCSI Cable,,https://pub-4ae70fe1d6cf4e5ea327e14b66c0ad8e.r2.dev/dtsupply-products/166298-001.webp,$55.00,166298-001,True,2987
Cables,180138-001 - HP Rear Fan Power Cable For ProLiant DL580,,https://pub-4ae70fe1d6cf4e5ea327e14b66c0ad8e.r2.dev/dtsupply-products/180138-001.webp,$55.00,180138-001,True,3218
Cables,166298-003 - Compaq Internal SCSI Cable,,https://pub-4ae70fe1d6cf4e5ea327e14b66c0ad8e.r2.dev/dtsupply-products/166298-003.webp,$80.00,166298-003,True,5675
Cables,180139-001 - Compaq CPU Fan Power Cable For ProLiant DL580,,https://cdn.cmshardware.com/images/Images/Products/180139-001.webp,$132.00,180139-001,True,3832
Cables,166298-013 - HP Internal Ultra-3 SCSI Cable,,https://pub-4ae70fe1d6cf4e5ea327e14b66c0ad8e.r2.dev/dtsupply-products/166298-013.webp,$62.00,166298-013,True,2575
Cables,180141-001 - HP FDD Signal Cable for ProLiant DL580 Server,,https://pub-4ae70fe1d6cf4e5ea327e14b66c0ad8e.r2.dev/dtsupply-products/180141-001.webp,$62.00,180141-001,True,2594
Cables,180142-001 - HP 10-Pin Power Cable For ProLiant DL580,,https://cdn.cmshardware.com/images/Images/Products/180142-001.webp,$78.00,180142-001,True,1439
Cables,166298-023 - HP SCSI Cable,,https://pub-4ae70fe1d6cf4e5ea327e14b66c0ad8e.r2.dev/dtsupply-products/166298-023.webp,$55.00,166298-023,True,3103
Cables,180143-001 - Compaq 12 Pin Power Cable For ProLiant DL580 Server,,https://pub-4ae70fe1d6cf4e5ea327e14b66c0ad8e.r2.dev/dtsupply-products/180143-001.webp,$62.00,180143-001,True,4172
Cables,166298-024 - HP ProLiant 37-inch Ultra3 LVD SCSI 68 Pin Male to 68 Pin Male Cable Assembly,,https://pub-4ae70fe1d6cf4e5ea327e14b66c0ad8e.r2.dev/dtsupply-products/166298-024.webp,$55.00,166298-024,True,3095
Cables,180145-001 - Compaq Data Cable for ProLiant DL580,,https://pub-4ae70fe1d6cf4e5ea327e14b66c0ad8e.r2.dev/dtsupply-products/180145-001.webp,$62.00,180145-001,True,4508
Cables,166298-026 - HP 68-Pin Internal SCSI Cable,,https://pub-4ae70fe1d6cf4e5ea327e14b66c0ad8e.r2.dev/dtsupply-products/166298-026.webp,$55.00,166298-026,True,3098
Cables,166298-027 - HP Internal SCSI Cable,,https://pub-4ae70fe1d6cf4e5ea327e14b66c0ad8e.r2.dev/dtsupply-products/166298-027.webp,$55.00,166298-027,True,3102
Cables,180146-002 - HP Internal Power Cable For ProLiant DL580 Server,,https://pub-4ae70fe1d6cf4e5ea327e14b66c0ad8e.r2.dev/dtsupply-products/180146-002.webp,$55.00,180146-002,True,3018
Cables,166298-028 - HP SCSI Internal Cable,,https://pub-4ae70fe1d6cf4e5ea327e14b66c0ad8e.r2.dev/dtsupply-products/166298-028.webp,$55.00,166298-028,True,3100
Cables,180164-001 - HP SCSI Cable,,https://pub-4ae70fe1d6cf4e5ea327e14b66c0ad8e.r2.dev/dtsupply-products/180164-001.webp,$62.00,180164-001,True,3573
Cables,166298-029 - HP SCSI Internal Cable,,https://pub-4ae70fe1d6cf4e5ea327e14b66c0ad8e.r2.dev/dtsupply-products/166298-029.webp,$55.00,166298-029,True,3092
Cables,180-2082-01 - Sun IEC320-Sheet E to IEC320 -C13 Rev.51 1m Black Cable,,https://pub-4ae70fe1d6cf4e5ea327e14b66c0ad8e.r2.dev/dtsupply-products/180-2082-01.webp,$78.00,180-2082-01,True,3963
Cables,166298-030 - HP SCSI Cable,,https://pub-4ae70fe1d6cf4e5ea327e14b66c0ad8e.r2.dev/dtsupply-products/166298-030.webp,$55.00,166298-030,True,3101
Cables,166298-031 - HP 40-inch Internal LVD SCSI Cable,,https://pub-4ae70fe1d6cf4e5ea327e14b66c0ad8e.r2.dev/dtsupply-products/166298-031.webp,$55.00,166298-031,True,3099
Cables,180-2082 - Sun IEC 320 Sheet E to IEC 320 C13 Power Jumper Cord 13A 90 1.0M RoHS Y,,https://pub-4ae70fe1d6cf4e5ea327e14b66c0ad8e.r2.dev/dtsupply-products/180-2082.webp,$88.00,180-2082,True,4889
Cables,166298-033 - HP Internal SCSI Cable for Proliant ML370 Gen2,,https://cdn.cmshardware.com/images/Images/Products/166298-033.webp,$55.00,166298-033,True,2927
Cables,180-2085-01 - IBM / Sun 250V 20A 8ft Power Cable,,https://pub-4ae70fe1d6cf4e5ea327e14b66c0ad8e.r2.dev/dtsupply-products/180-2085-01.webp,$62.00,180-2085-01,True,5864
Cables,166298-034 - HP Cable SCSI,,https://pub-4ae70fe1d6cf4e5ea327e14b66c0ad8e.r2.dev/dtsupply-products/166298-034.webp,$55.00,166298-034,True,3091
Cables,180-2095-01 - IBM 2.5m Extension Cable,,https://cdn.cmshardware.com/images/Images/Products/180-2095-01.webp,$108.00,180-2095-01,True,3834
Cables,180-2096-01 - Sun 20A 2.0m IEC 320 C19 to IEC 320 Cable,,https://cdn.cmshardware.com/images/Images/Products/180-2096-01.webp,$108.00,180-2096-01,True,3835
Cables,166298-035 - HP Internal SCSI Cable,,https://pub-4ae70fe1d6cf4e5ea327e14b66c0ad8e.r2.dev/dtsupply-products/166298-035.webp,$55.00,166298-035,True,3093
Cables,166298-037 - Compaq 68 Pin SCSI Cable for Proliant ML370 G3 Server,,https://pub-4ae70fe1d6cf4e5ea327e14b66c0ad8e.r2.dev/dtsupply-products/166298-037.webp,$62.00,166298-037,True,4218
Cables,180-2379 - Sun Spare Jumper Cable 1m C13-c1,,https://pub-4ae70fe1d6cf4e5ea327e14b66c0ad8e.r2.dev/dtsupply-products/180-2379.webp,$88.00,180-2379,True,4967
Cables,166298-038 - HP 68-Pin Internal Ultra SCSI Cable,,https://pub-4ae70fe1d6cf4e5ea327e14b66c0ad8e.r2.dev/dtsupply-products/166298-038.webp,$62.00,166298-038,True,2576
Cables,180763-001 - Compaq Power Harness Cable,,https://pub-4ae70fe1d6cf4e5ea327e14b66c0ad8e.r2.dev/dtsupply-products/180763-001.webp,$72.00,180763-001,True,4529
Cables,166298-039 - HP 68-Pin Internal LVD SCSI Cable,,https://pub-4ae70fe1d6cf4e5ea327e14b66c0ad8e.r2.dev/dtsupply-products/166298-039.webp,$72.00,166298-039,True,2088
Cables,180766-001 - Compaq Power Harness Cable with Ground,,https://pub-4ae70fe1d6cf4e5ea327e14b66c0ad8e.r2.dev/dtsupply-products/180766-001.webp,$55.00,180766-001,True,7011
Cables,166298-040 - Compaq 17-inch LVD SCSI Cable for ProLiant,,https://pub-4ae70fe1d6cf4e5ea327e14b66c0ad8e.r2.dev/dtsupply-products/166298-040.webp,$62.00,166298-040,True,4724
Cables,180823-001 - HP Power Switch Cable with Bracket For ProLiant DL590,,https://pub-4ae70fe1d6cf4e5ea327e14b66c0ad8e.r2.dev/dtsupply-products/180823-001.webp,$55.00,180823-001,True,3117
Cables,166298-041 - Compaq SCSI 28-inch 68-Pin Cable for ProLiant ML570 G3,,https://pub-4ae70fe1d6cf4e5ea327e14b66c0ad8e.r2.dev/dtsupply-products/166298-041.webp,$62.00,166298-041,True,4516
Cables,166298-042 - HP 28-inch 68-Pin SCSI Cable for ProLiant ML570 G3 Server,,https://pub-4ae70fe1d6cf4e5ea327e14b66c0ad8e.r2.dev/dtsupply-products/166298-042.webp,$62.00,166298-042,True,2579
Cables,"1-835-143-11 - Sony 10ft AC Power Cord For Bravia 32-85"" TV",,https://pub-4ae70fe1d6cf4e5ea327e14b66c0ad8e.r2.dev/dtsupply-products/1-835-143-11.webp,$106.00,1-835-143-11,True,3754
Cables,166785-001 - HP Heat Signal Cable,,https://pub-4ae70fe1d6cf4e5ea327e14b66c0ad8e.r2.dev/dtsupply-products/166785-001.webp,$55.00,166785-001,True,2981
Cables,185650-001 - Compaq Power Cable For LS120 Drive,,https://pub-4ae70fe1d6cf4e5ea327e14b66c0ad8e.r2.dev/dtsupply-products/185650-001.webp,$62.00,185650-001,True,4260
Cables,167112-001 - HP LED Power Button Switch Board Cable For DeskPro,,https://pub-4ae70fe1d6cf4e5ea327e14b66c0ad8e.r2.dev/dtsupply-products/167112-001.webp,$55.00,167112-001,True,3696
Cables,169394-001 - HP Hard Drive Power Cable For ProLiant 6000 Server,,https://pub-4ae70fe1d6cf4e5ea327e14b66c0ad8e.r2.dev/dtsupply-products/169394-001.webp,$55.00,169394-001,True,3017
Cables,186423-001 - Compaq LS-120 SuperDisk Drive Power Adaptor Cable,,https://pub-4ae70fe1d6cf4e5ea327e14b66c0ad8e.r2.dev/dtsupply-products/186423-001.webp,$78.00,186423-001,True,3719
Cables,187240-001 - HP Low Voltage Differential / Single-Ended SCSI Cable,,https://pub-4ae70fe1d6cf4e5ea327e14b66c0ad8e.r2.dev/dtsupply-products/187240-001.webp,Get a Quote for price,187240-001,True,1329
Cables,169960-002 - Compaq KVM Extension Cable,,https://pub-4ae70fe1d6cf4e5ea327e14b66c0ad8e.r2.dev/dtsupply-products/169960-002.webp,$62.00,169960-002,True,5696
Cables,187335-001 - Compaq 12ft C13(f) 13AWG Power Cord,,https://pub-4ae70fe1d6cf4e5ea327e14b66c0ad8e.r2.dev/dtsupply-products/187335-001.webp,$72.00,187335-001,True,4578
Cables,169961-001 - Compaq 8ft DB15 Male/Female VGA Cable,,https://pub-4ae70fe1d6cf4e5ea327e14b66c0ad8e.r2.dev/dtsupply-products/169961-001.webp,$55.00,169961-001,True,4252
Cables,187891-005 - Compaq 2M LC-LC Multi-Mode Fibre Channel Cable,,https://pub-4ae70fe1d6cf4e5ea327e14b66c0ad8e.r2.dev/dtsupply-products/187891-005.webp,$62.00,187891-005,True,1537
Cables,169962-001 - Compaq 9ft Male To Male Keyboard Cable,,https://pub-4ae70fe1d6cf4e5ea327e14b66c0ad8e.r2.dev/dtsupply-products/169962-001.webp,$55.00,169962-001,True,5973
Cables,187891-015 - Compaq 15m Lc/sc Multi-mode Fiber Channel Cable,,https://pub-4ae70fe1d6cf4e5ea327e14b66c0ad8e.r2.dev/dtsupply-products/187891-015.webp,Get a Quote for price,187891-015,True,4492
Cables,169962-002 - Compaq 9ft Male to Male Mouse Extension Cable,,https://pub-4ae70fe1d6cf4e5ea327e14b66c0ad8e.r2.dev/dtsupply-products/169962-002.webp,$55.00,169962-002,True,5971
Cables,187891-030 - Compaq Fiber-optic Short Wave Multimode Interface Cable 50um Core 125um Cladding Lc and SC Connectors 30m (98ft) Long,,https://pub-4ae70fe1d6cf4e5ea327e14b66c0ad8e.r2.dev/dtsupply-products/187891-030.webp,$58.00,187891-030,True,4484
Cables,169962-003 - Compaq KVM 6M Extension Cable,,https://pub-4ae70fe1d6cf4e5ea327e14b66c0ad8e.r2.dev/dtsupply-products/169962-003.webp,$55.00,169962-003,True,4603
Cables,188447-001 - HP Power Cord 250V 1.82m,,https://pub-4ae70fe1d6cf4e5ea327e14b66c0ad8e.r2.dev/dtsupply-products/188447-001.webp,$88.00,188447-001,True,1980
Cables,169962-004 - HP 20ft KVM Cable,,https://pub-4ae70fe1d6cf4e5ea327e14b66c0ad8e.r2.dev/dtsupply-products/169962-004.webp,$55.00,169962-004,True,3126
Cables,188447-002 - Compaq 12ft NEMA 6-15P to IEC 320 C13 AC Power Cord,,https://pub-4ae70fe1d6cf4e5ea327e14b66c0ad8e.r2.dev/dtsupply-products/188447-002.webp,$88.00,188447-002,True,4133
Cables,169963-001 - Compaq 9fT Male to Male KVM Cable,,https://pub-4ae70fe1d6cf4e5ea327e14b66c0ad8e.r2.dev/dtsupply-products/169963-001.webp,$62.00,169963-001,True,4503
Cables,188596-001 - Compaq 68-Pin Internal / External SCSI Cable,,https://pub-4ae70fe1d6cf4e5ea327e14b66c0ad8e.r2.dev/dtsupply-products/188596-001.webp,Get a Quote for price,188596-001,True,3574
Cables,169963-002 - HP 20-Feet KVM Cable,,https://pub-4ae70fe1d6cf4e5ea327e14b66c0ad8e.r2.dev/dtsupply-products/169963-002.webp,$55.00,169963-002,True,3111
Cables,189635-001 - Compaq 3Ft 68-68-Pin SCSI Interface Cable,,https://pub-4ae70fe1d6cf4e5ea327e14b66c0ad8e.r2.dev/dtsupply-products/189635-001.webp,$118.00,189635-001,True,4141
Cables,169989-001 - Compaq KVM Extension Cable,,https://pub-4ae70fe1d6cf4e5ea327e14b66c0ad8e.r2.dev/dtsupply-products/169989-001.webp,$62.00,169989-001,True,5700
Cables,189635-002 - Compaq 6FT 68-Pin External SCSI Cable,,https://pub-4ae70fe1d6cf4e5ea327e14b66c0ad8e.r2.dev/dtsupply-products/189635-002.webp,$118.00,189635-002,True,2067
Cables,16K9266 - IBM 40-Pin IDE 7-inch Internal Hdd Cable,,https://pub-4ae70fe1d6cf4e5ea327e14b66c0ad8e.r2.dev/dtsupply-products/16K9266.webp,$72.00,16K9266,True,5853
Cables,189635-003 - Compaq 12ft 68-Pin SCSI Cable,,https://pub-4ae70fe1d6cf4e5ea327e14b66c0ad8e.r2.dev/dtsupply-products/189635-003.webp,$118.00,189635-003,True,2657
Cables,16K9270 - IBM DB9 to 10-Pin Serial Port Cable,,https://pub-4ae70fe1d6cf4e5ea327e14b66c0ad8e.r2.dev/dtsupply-products/16K9270.webp,$62.00,16K9270,True,5826
Cables,189636-002 - HP 6ft External SCSI Cable,,https://pub-4ae70fe1d6cf4e5ea327e14b66c0ad8e.r2.dev/dtsupply-products/189636-002.webp,$62.00,189636-002,True,2142
Cables,17-00282-00 - DEC Ribbon Disk Cable,,https://cdn.cmshardware.com/images/Images/Products/17-00282-00.webp,$88.00,17-00282-00,True,3976
Cables,189636-003 - HP 12ft SCSI External Cable,,https://pub-4ae70fe1d6cf4e5ea327e14b66c0ad8e.r2.dev/dtsupply-products/189636-003.webp,$62.00,189636-003,True,2144
Cables,17-00286-00 - DEC 7-inch Ribbon Cable Assembly For RD5X,,https://cdn.cmshardware.com/images/Images/Products/17-00286-00.webp,$88.00,17-00286-00,True,3977
Cables,189637-003 - HP 23-inch 68 Pin SCSI Ribbon Cable,,https://pub-4ae70fe1d6cf4e5ea327e14b66c0ad8e.r2.dev/dtsupply-products/189637-003.webp,$132.00,189637-003,True,7803
Cables,"1700500F1 - AdTran NetVanta 1600 XIM Stacking Cable, .5M",,https://pub-4ae70fe1d6cf4e5ea327e14b66c0ad8e.r2.dev/dtsupply-products/1700500F1.webp,Get a Quote for price,1700500F1,True,5454
Cables,189646-001 - Compaq 3ft 68-68-Pin External SCSI-2 Cable,,https://pub-4ae70fe1d6cf4e5ea327e14b66c0ad8e.r2.dev/dtsupply-products/189646-001.webp,$118.00,189646-001,True,4571
Cables,1700500F2 - AdTran NetVanta 1600 2M XIM Stacking Cable,,https://pub-4ae70fe1d6cf4e5ea327e14b66c0ad8e.r2.dev/dtsupply-products/1700500F2.webp,$249.00,1700500F2,True,7443
Cables,17-03085-04 - DEC 6.5 ft IOP To PIU Cable For AS8X00,,https://cdn.cmshardware.com/images/Images/Products/17-03085-04.webp,$78.00,17-03085-04,True,3831
Cables,189646-002 - HP External HD68-Pin Male to HD68-Pin Male SCSI Cable (6-ft),,https://pub-4ae70fe1d6cf4e5ea327e14b66c0ad8e.r2.dev/dtsupply-products/189646-002.webp,$118.00,189646-002,True,1558
Cables,17-04144-03 - DEC 10-Port 68-Pin Internal SCSI Cable,,https://pub-4ae70fe1d6cf4e5ea327e14b66c0ad8e.r2.dev/dtsupply-products/17-04144-03.webp,$132.00,17-04144-03,True,4738
Cables,189646-003 - Compaq 12ft HD68 to HD68 SCSI Cable,,https://pub-4ae70fe1d6cf4e5ea327e14b66c0ad8e.r2.dev/dtsupply-products/189646-003.webp,$118.00,189646-003,True,2146
Cables,17-04321-02 - HP HSZ50 15-Pin SCSI Battery Cable,,https://cdn.cmshardware.com/images/Images/Products/17-04321-02.webp,$62.00,17-04321-02,True,1888
Cables,189646-005 - HP 68 Pin Male to 68 Pin Male SCSI Cable,,https://pub-4ae70fe1d6cf4e5ea327e14b66c0ad8e.r2.dev/dtsupply-products/189646-005.webp,$118.00,189646-005,True,2587
Cables,17-04377-08 - HP 5m Ultra SCSI Cable,,https://cdn.cmshardware.com/images/Images/Products/17-04377-08.webp,$138.00,17-04377-08,True,2008
Cables,18F6948 - IBM 3.00m Fiber Optics Cable,,https://pub-4ae70fe1d6cf4e5ea327e14b66c0ad8e.r2.dev/dtsupply-products/18F6948.webp,$62.00,18F6948,True,7461
Cables,17-04479-02 - DEC Y-Cable For Cache Battery,,https://cdn.cmshardware.com/images/Images/Products/17-04479-02.webp,$170.00,17-04479-02,True,3833
Cables,17-04876-03 - HP 0.5m RJ45 Keyed Cable for EVA5000 / EVA3000,,https://cdn.cmshardware.com/images/Images/Products/17-04876-03.webp,$62.00,17-04876-03,True,2711
Cables,190542-001 - Compaq 2 Prong Power Cable,,https://pub-4ae70fe1d6cf4e5ea327e14b66c0ad8e.r2.dev/dtsupply-products/190542-001.webp,$55.00,190542-001,True,4242
Cables,17-05021-01 - HP 80-Pin Ribbon Cable Assembly,,https://cdn.cmshardware.com/images/Images/Products/17-05021-01.webp,$62.00,17-05021-01,True,1905
Cables,191117-001 - Compaq 1M 2GB LC-LC Fibre Channel Optical Cable,,https://pub-4ae70fe1d6cf4e5ea327e14b66c0ad8e.r2.dev/dtsupply-products/191117-001.webp,$132.00,191117-001,True,5705
Cables,17-05150-01 - HP Power Board Cable for StorageWorks HSV100,,https://pub-4ae70fe1d6cf4e5ea327e14b66c0ad8e.r2.dev/dtsupply-products/17-05150-01.webp,$188.00,17-05150-01,True,3112
Cables,191117-002 - Compaq LC Duplex to LC Duplex Multi-mode Fibre Channel Cable (2-meter),,https://pub-4ae70fe1d6cf4e5ea327e14b66c0ad8e.r2.dev/dtsupply-products/191117-002.webp,$62.00,191117-002,True,4731
Cables,17-05152-02 - HP Ribbon Cable for StorageWorks HSV100,,https://pub-4ae70fe1d6cf4e5ea327e14b66c0ad8e.r2.dev/dtsupply-products/17-05152-02.webp,$62.00,17-05152-02,True,2514
Cables,"191117-005 - Compaq 5m Fibre-Optic Short Wave Multimode Interface Cable 50um Core, 125um Cladding",,https://pub-4ae70fe1d6cf4e5ea327e14b66c0ad8e.r2.dev/dtsupply-products/191117-005.webp,$62.00,191117-005,True,4568
Cables,17-05157-04 - HP 1.2M SFP-SFP Copper Fibre Channel Cable,,https://pub-4ae70fe1d6cf4e5ea327e14b66c0ad8e.r2.dev/dtsupply-products/17-05157-04.webp,$62.00,17-05157-04,True,2653
Cables,191117-015 - Compaq 15m (49ft) Long Fiber-optic Short Wave Multimode Interface Cable,,https://pub-4ae70fe1d6cf4e5ea327e14b66c0ad8e.r2.dev/dtsupply-products/191117-015.webp,$62.00,191117-015,True,4569
Cables,17-05157-05 - HP 0.6m Copper Fibre Channel Interface Cable,,https://pub-4ae70fe1d6cf4e5ea327e14b66c0ad8e.r2.dev/dtsupply-products/17-05157-05.webp,$55.00,17-05157-05,True,3127
Cables,191117-030 - Compaq 30m LC-LC Fiber Cable,,https://pub-4ae70fe1d6cf4e5ea327e14b66c0ad8e.r2.dev/dtsupply-products/191117-030.webp,$102.00,191117-030,True,4570
Cables,17-05403-01 - HP EVA Shelf ID Expander Cable,,https://cdn.cmshardware.com/images/Images/Products/17-05403-01.webp,$62.00,17-05403-01,True,2716
Cables,191748-001 - HP Power Button Cable,,https://pub-4ae70fe1d6cf4e5ea327e14b66c0ad8e.r2.dev/dtsupply-products/191748-001.webp,$72.00,191748-001,True,7896
Cables,17-05403-S1 - HP EVA Shelf ID Expander Cable For StorageWorks EVA4100,,https://cdn.cmshardware.com/images/Images/Products/17-05403-S1.webp,$62.00,17-05403-S1,True,3608
Cables,192324-001 - HP 3ft CPU to Server Console KVM Cable,,https://pub-4ae70fe1d6cf4e5ea327e14b66c0ad8e.r2.dev/dtsupply-products/192324-001.webp,$62.00,192324-001,True,2216
Cables,17-05405-01 - HP 2M 4GB Fibre Channel Copper Cable,,https://pub-4ae70fe1d6cf4e5ea327e14b66c0ad8e.r2.dev/dtsupply-products/17-05405-01.webp,$62.00,17-05405-01,True,2654
Cables,192325-001 - Compaq 40ft CPU to Server Console KVM Cable,,https://pub-4ae70fe1d6cf4e5ea327e14b66c0ad8e.r2.dev/dtsupply-products/192325-001.webp,$72.00,192325-001,True,4556
Cables,17-05405-02 - HP 0.6-Meter SFP to SFP Copper Fibre Channel Cable,,https://pub-4ae70fe1d6cf4e5ea327e14b66c0ad8e.r2.dev/dtsupply-products/17-05405-02.webp,$62.00,17-05405-02,True,2655
Cables,195401-001 - HP 3-Meter 9-Pin Female To TP RJ-45 Server SAN Switch Serial Cable Assembly Kit,,https://pub-4ae70fe1d6cf4e5ea327e14b66c0ad8e.r2.dev/dtsupply-products/195401-001.webp,$95.00,195401-001,True,3215
Cables,17-05405-03 - HP 4GB SFP Copper Fibre Channel Cable 12-inch,,https://pub-4ae70fe1d6cf4e5ea327e14b66c0ad8e.r2.dev/dtsupply-products/17-05405-03.webp,$68.00,17-05405-03,True,6923
Cables,197202-001 - HP Power Switch Bracket with Cable For ProLiant ML570,,https://pub-4ae70fe1d6cf4e5ea327e14b66c0ad8e.r2.dev/dtsupply-products/197202-001.webp,$72.00,197202-001,True,1989
Cables,171241-001 - HP 9-Pin Serial Cable,,https://pub-4ae70fe1d6cf4e5ea327e14b66c0ad8e.r2.dev/dtsupply-products/171241-001.webp,$62.00,171241-001,True,6892
Cables,199351-001 - Compaq Front I/O Cable Assembly with 2-USB,,https://pub-4ae70fe1d6cf4e5ea327e14b66c0ad8e.r2.dev/dtsupply-products/199351-001.webp,$62.00,199351-001,True,4547
Cables,171241-008 - HP 2.65-inch Flying Serial Port with Cable,,https://pub-4ae70fe1d6cf4e5ea327e14b66c0ad8e.r2.dev/dtsupply-products/171241-008.webp,$50.00,171241-008,True,2757
Cables,199595-002 - Compaq SCSI 68-Pin Internal/External Cable,,https://pub-4ae70fe1d6cf4e5ea327e14b66c0ad8e.r2.dev/dtsupply-products/199595-002.webp,$50.00,199595-002,True,4132
Cables,171888-002 - HP 14-inch Floppy Power Cable,,https://pub-4ae70fe1d6cf4e5ea327e14b66c0ad8e.r2.dev/dtsupply-products/171888-002.webp,$62.00,171888-002,True,2030
rue,7804
Cables,171888-004 - HP 6-inch Diskette / Floppy Drive Internal Power Cable,,https://pub-4ae70fe1d6cf4e5ea327e14b66c0ad8e.r2.dev/dtsupply-products/171888-004.webp,$45.00,171888-004,True,1338
Cables,199606-007 - HP 19-inch 68-Pin SCSI Cable,,https://pub-4ae70fe1d6cf4e5ea327e14b66c0ad8e.r2.dev/dtsupply-products/199606-007.webp,$50.00,199606-007,True,2140
Cables,199606-016 - Compaq 68-Pin 22-inch SCSI Cable,,https://pub-4ae70fe1d6cf4e5ea327e14b66c0ad8e.r2.dev/dtsupply-products/199606-016.webp,$62.00,199606-016,True,2141
Cables,171891-001 - Compaq CD ROM Audio Internal Cable for Presario Desktop,,https://pub-4ae70fe1d6cf4e5ea327e14b66c0ad8e.r2.dev/dtsupply-products/171891-001.webp,$62.00,171891-001,True,7390
Cables,199606-018 - HP 68-Pin SCSI Cable,,https://pub-4ae70fe1d6cf4e5ea327e14b66c0ad8e.r2.dev/dtsupply-products/199606-018.webp,$62.00,199606-018,True,2143
Cables,171C5 - Dell EXT. SAS Cable 1M SFF-8088,,https://pub-4ae70fe1d6cf4e5ea327e14b66c0ad8e.r2.dev/dtsupply-products/171C5.webp,$72.00,171C5,True,1007
Cables,17355D - HP 3M 25 Pin(M) to 25 Pin(f) Serial Cable Assembly,,https://cdn.cmshardware.com/images/Images/Products/17355D.webp,$62.00,17355D,True,3378
Cables,173833-001 - Compaq Internal Smart Array SCSI Controller Cable,,https://pub-4ae70fe1d6cf4e5ea327e14b66c0ad8e.r2.dev/dtsupply-products/173833-001.webp,$88.00,173833-001,True,4122
Cables,174544-001 - Compaq ProLiant ML570 PCI Cable,,https://pub-4ae70fe1d6cf4e5ea327e14b66c0ad8e.r2.dev/dtsupply-products/174544-001.webp,$55.00,174544-001,True,4600
Cables,199606-019 - HP 68-Pin Short SCSI Cable,,https://pub-4ae70fe1d6cf4e5ea327e14b66c0ad8e.r2.dev/dtsupply-products/199606-019.webp,$55.00,199606-019,True,3001
Cables,174571-B21 - Compaq Smart Array Controller Cable,,https://pub-4ae70fe1d6cf4e5ea327e14b66c0ad8e.r2.dev/dtsupply-products/174571-B21.webp,$88.00,174571-B21,True,7357
Cables,199606-019-L40 - HP 4-inch 68-Pin SCSI Cable for ProLiant DL380 Server,,https://pub-4ae70fe1d6cf4e5ea327e14b66c0ad8e.r2.dev/dtsupply-products/199606-019-L40.webp,Get a Quote for price,199606-019-L40,True,1847
Cables,174599-001 - HP 4-Device LVD Ultra3 SCSI Cable,,https://pub-4ae70fe1d6cf4e5ea327e14b66c0ad8e.r2.dev/dtsupply-products/174599-001.webp,Get a Quote for price,174599-001,True,3571
Cables,199616-012 - HP 3-Drop 32-inch SCSI-68Pin Terminator Cable,,https://pub-4ae70fe1d6cf4e5ea327e14b66c0ad8e.r2.dev/dtsupply-products/199616-012.webp,$62.00,199616-012,True,1649
Cables,176607-001 - HP LVD SCSI Cable,,https://pub-4ae70fe1d6cf4e5ea327e14b66c0ad8e.r2.dev/dtsupply-products/176607-001.webp,$55.00,176607-001,True,2985
Cables,199616-015 - HP SCSI Cable,,https://pub-4ae70fe1d6cf4e5ea327e14b66c0ad8e.r2.dev/dtsupply-products/199616-015.webp,$72.00,199616-015,True,2132
Cables,176619-001 - HP Power Cable For ProLiant ML330 Server,,https://pub-4ae70fe1d6cf4e5ea327e14b66c0ad8e.r2.dev/dtsupply-products/176619-001.webp,$65.00,176619-001,True,3278
Cables,199628-002 - HP 68-Pin External SCSI Cable,,https://pub-4ae70fe1d6cf4e5ea327e14b66c0ad8e.r2.dev/dtsupply-products/199628-002.webp,$165.00,199628-002,True,2165
Cables,176620-001 - HP Signal Cable for ProLiant ML330 Server,,https://pub-4ae70fe1d6cf4e5ea327e14b66c0ad8e.r2.dev/dtsupply-products/176620-001.webp,$62.00,176620-001,True,6887
Cables,199629-002 - HP 6ft SCSI External Cable,,https://pub-4ae70fe1d6cf4e5ea327e14b66c0ad8e.r2.dev/dtsupply-products/199629-002.webp,$62.00,199629-002,True,2131
Cables,177634-001 - HP 16-Pin Remote Insight Cable,,https://pub-4ae70fe1d6cf4e5ea327e14b66c0ad8e.r2.dev/dtsupply-products/177634-001.webp,$188.00,177634-001,True,3220
Cables,199629-003 - HP 12ft SCSI Server Cable,,https://pub-4ae70fe1d6cf4e5ea327e14b66c0ad8e.r2.dev/dtsupply-products/199629-003.webp,$62.00,199629-003,True,2147
Cables,177667-001 - HP 27-Pin SCSI-2 Cable,,https://pub-4ae70fe1d6cf4e5ea327e14b66c0ad8e.r2.dev/dtsupply-products/177667-001.webp,$118.00,177667-001,True,2656
Cables,199701-001 - Compaq Y Cable for Remote Insight Board,,https://pub-4ae70fe1d6cf4e5ea327e14b66c0ad8e.r2.dev/dtsupply-products/199701-001.webp,$70.00,199701-001,True,4502
Cables,178047-001 - HP 68 Pin SCSI Cable,,https://pub-4ae70fe1d6cf4e5ea327e14b66c0ad8e.r2.dev/dtsupply-products/178047-001.webp,$88.00,178047-001,True,2168
Cables,199711-002 - HP External SCSI Cable,,https://pub-4ae70fe1d6cf4e5ea327e14b66c0ad8e.r2.dev/dtsupply-products/199711-002.webp,$110.00,199711-002,True,3538
Cables,178681-001 - Compaq 24 x Ports Digital Modem,,https://pub-4ae70fe1d6cf4e5ea327e14b66c0ad8e.r2.dev/dtsupply-products/178681-001.webp,$438.00,178681-001,True,5702
Cables,199714-001 - HP 50 Pin External SCSI Cable,,https://pub-4ae70fe1d6cf4e5ea327e14b66c0ad8e.r2.dev/dtsupply-products/199714-001.webp,$110.00,199714-001,True,3576
Cables,178968-001 - Compaq 12ft Power Cord,,https://pub-4ae70fe1d6cf4e5ea327e14b66c0ad8e.r2.dev/dtsupply-products/178968-001.webp,$62.00,178968-001,True,4618
Cables,199780-001 - HP 6ft 50 Pin to 68 Pin SCSI Interface Cable,,https://pub-4ae70fe1d6cf4e5ea327e14b66c0ad8e.r2.dev/dtsupply-products/199780-001.webp,$62.00,199780-001,True,3539
Cables,179056-001 - HP 10-Inch Wake-On-LAN WOL Cable,,https://pub-4ae70fe1d6cf4e5ea327e14b66c0ad8e.r2.dev/dtsupply-products/179056-001.webp,$55.00,179056-001,True,2956
Cables,199781-001 - HP 6ft 50 Pin to 68 Pin SCSI Interface Cable,,https://pub-4ae70fe1d6cf4e5ea327e14b66c0ad8e.r2.dev/dtsupply-products/199781-001.webp,$62.00,199781-001,True,3540
Cables,179056-002 - HP 15-inch 3 Pin Wake-On-LAN Cable,,https://cdn.cmshardware.com/images/Images/Products/179056-002.webp,$62.00,179056-002,True,1663
Cables,19K1247 - Ibm 1M Fiber Optic Cable Lc To Lc,,https://pub-4ae70fe1d6cf4e5ea327e14b66c0ad8e.r2.dev/dtsupply-products/19K1247.webp,Get a Quote for price,19K1247,True,7719
Cables,179138-002 - Compaq Power Switch / LED Power Cable,,https://pub-4ae70fe1d6cf4e5ea327e14b66c0ad8e.r2.dev/dtsupply-products/179138-002.webp,Get a Quote for price,179138-002,True,7238
Cables,19K1248 - IBM Fibre Channel Cable LC Male LC Male 16.4ft,,https://pub-4ae70fe1d6cf4e5ea327e14b66c0ad8e.r2.dev/dtsupply-products/19K1248.webp,Get a Quote for price,19K1248,True,4717
Cables,17P8102 - IBM Fan Sense 3 to Fan Sense 2 Cable,,https://pub-4ae70fe1d6cf4e5ea327e14b66c0ad8e.r2.dev/dtsupply-products/17P8102.webp,Get a Quote for price,17P8102,True,5991
Cables,19K1249 - IBM 25M LC-LC Fibre Optic Cable,,https://pub-4ae70fe1d6cf4e5ea327e14b66c0ad8e.r2.dev/dtsupply-products/19K1249.webp,Get a Quote for price,19K1249,True,5560
Cables,180-1097 - Sun 115V US System-Monitor AC Power Supply Cord Black 14AWG,,https://pub-4ae70fe1d6cf4e5ea327e14b66c0ad8e.r2.dev/dtsupply-products/180-1097.webp,$62.00,180-1097,True,4793
Cables,19K1251 - IBM 1m Lc-Lc Fibre Cable,,https://pub-4ae70fe1d6cf4e5ea327e14b66c0ad8e.r2.dev/dtsupply-products/19K1251.webp,$55.00,19K1251,True,5422
Cables,180136-001 - Compaq Left Fan Cable for ProLiant DL580 Server,,https://pub-4ae70fe1d6cf4e5ea327e14b66c0ad8e.r2.dev/dtsupply-products/180136-001.webp,$55.00,180136-001,True,7391
Cables,19K1252 - IBM 5m LC-LC Fibre Cable,,https://pub-4ae70fe1d6cf4e5ea327e14b66c0ad8e.r2.dev/dtsupply-products/19K1252.webp,$85.00,19K1252,True,5873
Cables,180137-001 - Compaq Right Fan Cable for ProLiant DL580,,https://pub-4ae70fe1d6cf4e5ea327e14b66c0ad8e.r2.dev/dtsupply-products/180137-001.webp,$55.00,180137-001,True,4620
Cables,19K1253 - IBM 25M LC-LC Fibre Optical Cable,,https://pub-4ae70fe1d6cf4e5ea327e14b66c0ad8e.r2.dev/dtsupply-products/19K1253.webp,$72.00,19K1253,True,5381
Cables,180138-001 - HP Rear Fan Power Cable For ProLiant DL580,,https://pub-4ae70fe1d6cf4e5ea327e14b66c0ad8e.r2.dev/dtsupply-products/180138-001.webp,$55.00,180138-001,True,3218
Cables,19K1265 - IBM 1M LC To LC Fibre Optical Cable,,https://pub-4ae70fe1d6cf4e5ea327e14b66c0ad8e.r2.dev/dtsupply-products/19K1265.webp,$72.00,19K1265,True,7215
Cables,180139-001 - Compaq CPU Fan Power Cable For ProLiant DL580,,https://cdn.cmshardware.com/images/Images/Products/180139-001.webp,$132.00,180139-001,True,3832
Cables,19K1266 - IBM 5M LC-LC Fibre Channel Cable,,https://pub-4ae70fe1d6cf4e5ea327e14b66c0ad8e.r2.dev/dtsupply-products/19K1266.webp,$88.00,19K1266,True,4737
Cables,180141-001 - HP FDD Signal Cable for ProLiant DL580 Server,,https://pub-4ae70fe1d6cf4e5ea327e14b66c0ad8e.r2.dev/dtsupply-products/180141-001.webp,$62.00,180141-001,True,2594
Cables,19K1267 - IBM 25-Meters LC To LC Connectors Fibre Channel Cable,,https://pub-4ae70fe1d6cf4e5ea327e14b66c0ad8e.r2.dev/dtsupply-products/19K1267.webp,$72.00,19K1267,True,4699
Cables,180142-001 - HP 10-Pin Power Cable For ProLiant DL580,,https://cdn.cmshardware.com/images/Images/Products/180142-001.webp,$78.00,180142-001,True,1439
Cables,19P0048 - IBM 10M VHDCI to DB68 SCSI Cable,,https://pub-4ae70fe1d6cf4e5ea327e14b66c0ad8e.r2.dev/dtsupply-products/19P0048.webp,$80.00,19P0048,True,5385
Cables,19P0050 - IBM 4.5m SCSI Cable LVD/SE VHDCI to HD68,,https://cdn.cmshardware.com/images/Images/Products/19P0050.webp,$188.00,19P0050,True,6214
Cables,180143-001 - Compaq 12 Pin Power Cable For ProLiant DL580 Server,,https://pub-4ae70fe1d6cf4e5ea327e14b66c0ad8e.r2.dev/dtsupply-products/180143-001.webp,$62.00,180143-001,True,4172
Cables,180145-001 - Compaq Data Cable for ProLiant DL580,,https://pub-4ae70fe1d6cf4e5ea327e14b66c0ad8e.r2.dev/dtsupply-products/180145-001.webp,$62.00,180145-001,True,4508
Cables,19P1629 - IBM 2.5m SCSI Cable,,https://cdn.cmshardware.com/images/Images/Products/19P1629.webp,$110.00,19P1629,True,6421
Cables,180146-002 - HP Internal Power Cable For ProLiant DL580 Server,,https://pub-4ae70fe1d6cf4e5ea327e14b66c0ad8e.r2.dev/dtsupply-products/180146-002.webp,$55.00,180146-002,True,3018
Cables,19P5039 - IBM SCSI-3 HD68m 2xHD68f Cable Assembly,,https://pub-4ae70fe1d6cf4e5ea327e14b66c0ad8e.r2.dev/dtsupply-products/19P5039.webp,$70.00,19P5039,True,5917
Cables,180164-001 - HP SCSI Cable,,https://pub-4ae70fe1d6cf4e5ea327e14b66c0ad8e.r2.dev/dtsupply-products/180164-001.webp,$62.00,180164-001,True,3573
Cables,19P5445 - IBM 3.0m 9.84 ft LC-LC-M Fiber Optic Cable,,https://cdn.cmshardware.com/images/Images/Products/19P5445.webp,$65.00,19P5445,True,6195
Cables,1H289 - Dell 2 Drop IDE ATA 100 Cable Assembly,,https://cdn.cmshardware.com/images/Images/Products/1H289.webp,$55.00,1H289,True,1226
Cables,180-2082-01 - Sun IEC320-Sheet E to IEC320 -C13 Rev.51 1m Black Cable,,https://pub-4ae70fe1d6cf4e5ea327e14b66c0ad8e.r2.dev/dtsupply-products/180-2082-01.webp,$78.00,180-2082-01,True,3963
Cables,1JCWJ - Dell 8-Pin Hard Drive Backplane Power Cable,,https://cdn.cmshardware.com/images/Images/Products/1JCWJ.webp,$62.00,1JCWJ,True,1016
Cables,180-2082 - Sun IEC 320 Sheet E to IEC 320 C13 Power Jumper Cord 13A 90 1.0M RoHS Y,,https://pub-4ae70fe1d6cf4e5ea327e14b66c0ad8e.r2.dev/dtsupply-products/180-2082.webp,$88.00,180-2082,True,4889
Cables,1JTTN - Dell 2M 10Gb/s SFP+ to SFP+ Direct Attach Copper Cable,,https://pub-4ae70fe1d6cf4e5ea327e14b66c0ad8e.r2.dev/dtsupply-products/1JTTN.webp,$78.00,1JTTN,True,1015
Cables,180-2085-01 - IBM / Sun 250V 20A 8ft Power Cable,,https://pub-4ae70fe1d6cf4e5ea327e14b66c0ad8e.r2.dev/dtsupply-products/180-2085-01.webp,$62.00,180-2085-01,True,5864
Cables,1K235 - Dell CD ROM Drive 44-Pin Backplane Cable for PowerEdge 1750,,https://pub-4ae70fe1d6cf4e5ea327e14b66c0ad8e.r2.dev/dtsupply-products/1K235.webp,$62.00,1K235,True,733
Cables,1M-30AWG - Intel 100Gb/s QSFP28 Passive Cable (1m),,https://cdn.cmshardware.com/images/Images/Products/1M-30AWG.webp,$145.00,1M-30AWG,True,6693
Cables,180-2095-01 - IBM 2.5m Extension Cable,,https://cdn.cmshardware.com/images/Images/Products/180-2095-01.webp,$108.00,180-2095-01,True,3834
Cables,180-2096-01 - Sun 20A 2.0m IEC 320 C19 to IEC 320 Cable,,https://cdn.cmshardware.com/images/Images/Products/180-2096-01.webp,$108.00,180-2096-01,True,3835
Cables,1M31V - Dell 21-inch QSFP to QSFP Passive Direct Attached Cable,,https://pub-4ae70fe1d6cf4e5ea327e14b66c0ad8e.r2.dev/dtsupply-products/1M31V.webp,$88.00,1M31V,True,1006
Cables,1MCFD - Dell Power Button LED Cable For Vostro 230S,,https://cdn.cmshardware.com/images/Images/Products/1MCFD.webp,$78.00,1MCFD,True,607
Cables,180-2379 - Sun Spare Jumper Cable 1m C13-c1,,https://pub-4ae70fe1d6cf4e5ea327e14b66c0ad8e.r2.dev/dtsupply-products/180-2379.webp,$88.00,180-2379,True,4967
Cables,1N2WK - Dell 50cm Dual Mini SAS Cable for PowerEdge R630 Server,,https://pub-4ae70fe1d6cf4e5ea327e14b66c0ad8e.r2.dev/dtsupply-products/1N2WK.webp,$88.00,1N2WK,True,1020
Cables,180763-001 - Compaq Power Harness Cable,,https://pub-4ae70fe1d6cf4e5ea327e14b66c0ad8e.r2.dev/dtsupply-products/180763-001.webp,$72.00,180763-001,True,4529
Cables,1RNW1 - Dell Internal Bluetooth Cable For Latitude E6430,,https://cdn.cmshardware.com/images/Images/Products/1RNW1.webp,$78.00,1RNW1,True,595
Cables,180766-001 - Compaq Power Harness Cable with Ground,,https://pub-4ae70fe1d6cf4e5ea327e14b66c0ad8e.r2.dev/dtsupply-products/180766-001.webp,$55.00,180766-001,True,7011
Cables,180823-001 - HP Power Switch Cable with Bracket For ProLiant DL590,,https://pub-4ae70fe1d6cf4e5ea327e14b66c0ad8e.r2.dev/dtsupply-products/180823-001.webp,$55.00,180823-001,True,3117
Cables,1RRJP - Dell 14-inch PERC Dual Mini SAS HD Cable,,https://pub-4ae70fe1d6cf4e5ea327e14b66c0ad8e.r2.dev/dtsupply-products/1RRJP.webp,$130.00,1RRJP,True,1158
Cables,1W46W - Dell SATA Optical Drive Connector Board with Cable,,https://cdn.cmshardware.com/images/Images/Products/1W46W.webp,$72.00,1W46W,True,774
Cables,"1-835-143-11 - Sony 10ft AC Power Cord For Bravia 32-85"" TV",,https://pub-4ae70fe1d6cf4e5ea327e14b66c0ad8e.r2.dev/dtsupply-products/1-835-143-11.webp,$106.00,1-835-143-11,True,3754
Cables,1X3JJ - Dell Force10 S- 10M QSFP+ 16.4 50UM MM Fibre Optical Cable,,https://pub-4ae70fe1d6cf4e5ea327e14b66c0ad8e.r2.dev/dtsupply-products/1X3JJ.webp,Get a Quote for price,1X3JJ,True,763
Cables,1Y26D - Dell PowerEdge R530 Dual SAS Cable,,https://cdn.cmshardware.com/images/Images/Products/1Y26D.webp,$80.00,1Y26D,True,665
Cables,185650-001 - Compaq Power Cable For LS120 Drive,,https://pub-4ae70fe1d6cf4e5ea327e14b66c0ad8e.r2.dev/dtsupply-products/185650-001.webp,$62.00,185650-001,True,4260
Cables,1YMGT - Dell SATA to Slim Optical DVD Drive Power Cable,,https://cdn.cmshardware.com/images/Images/Products/1YMGT.webp,$62.00,1YMGT,True,1039
Cables,1YN1C - Dell Mini-SAS to X4 SAS SATA Cable For PowerEdge R230,,https://cdn.cmshardware.com/images/Images/Products/1YN1C.webp,$105.00,1YN1C,True,594
Cables,186423-001 - Compaq LS-120 SuperDisk Drive Power Adaptor Cable,,https://pub-4ae70fe1d6cf4e5ea327e14b66c0ad8e.r2.dev/dtsupply-products/186423-001.webp,$78.00,186423-001,True,3719
Cables,2000007-BLACK-10 - Cables To Go Storage & Data Transfer Cables,,https://cdn.cmshardware.com/images/Images/Products/2000007-BLACK-10.webp,$42.00,2000007-BLACK-10,True,4739
Cables,187240-001 - HP Low Voltage Differential / Single-Ended SCSI Cable,,https://pub-4ae70fe1d6cf4e5ea327e14b66c0ad8e.r2.dev/dtsupply-products/187240-001.webp,Get a Quote for price,187240-001,True,1329
Cables,201492-001 - Compaq RILO Power Cable,,https://pub-4ae70fe1d6cf4e5ea327e14b66c0ad8e.r2.dev/dtsupply-products/201492-001.webp,$118.00,201492-001,True,4616
Cables,187335-001 - Compaq 12ft C13(f) 13AWG Power Cord,,https://pub-4ae70fe1d6cf4e5ea327e14b66c0ad8e.r2.dev/dtsupply-products/187335-001.webp,$72.00,187335-001,True,4578
Cables,202997-001 - HP HD-15 DVI-I to VGA Adapter Cable For DC5700,,https://pub-4ae70fe1d6cf4e5ea327e14b66c0ad8e.r2.dev/dtsupply-products/202997-001.webp,$62.00,202997-001,True,3692
Cables,187891-005 - Compaq 2M LC-LC Multi-Mode Fibre Channel Cable,,https://pub-4ae70fe1d6cf4e5ea327e14b66c0ad8e.r2.dev/dtsupply-products/187891-005.webp,$62.00,187891-005,True,1537
Cables,204508-001 - HP 3.7m RS-232C Serial Interface Cable,,https://pub-4ae70fe1d6cf4e5ea327e14b66c0ad8e.r2.dev/dtsupply-products/204508-001.webp,$88.00,204508-001,True,7821
Cables,187891-015 - Compaq 15m Lc/sc Multi-mode Fiber Channel Cable,,https://pub-4ae70fe1d6cf4e5ea327e14b66c0ad8e.r2.dev/dtsupply-products/187891-015.webp,Get a Quote for price,187891-015,True,4492
Cables,2072-ACTA - IBM 0.6m Mini SAS to Mini SAS Cable,,https://cdn.cmshardware.com/images/Images/Products/2072-ACTA.webp,$90.00,2072-ACTA,True,6411
Cables,2072-ACTB - IBM 1.5m Mini SAS HD to Mini SAS HD Cable,,https://cdn.cmshardware.com/images/Images/Products/2072-ACTB.webp,$135.00,2072-ACTB,True,6449
Cables,187891-030 - Compaq Fiber-optic Short Wave Multimode Interface Cable 50um Core 125um Cladding Lc and SC Connectors 30m (98ft) Long,,https://pub-4ae70fe1d6cf4e5ea327e14b66c0ad8e.r2.dev/dtsupply-products/187891-030.webp,$58.00,187891-030,True,4484
Cables,2076-5305 - IBM Fiber Optic Cable Fiber Optic for Network Device 16.40 ft LC Male Network LC Male Network,,https://pub-4ae70fe1d6cf4e5ea327e14b66c0ad8e.r2.dev/dtsupply-products/2076-5305.webp,Get a Quote for price,2076-5305,True,5519
Cables,188447-001 - HP Power Cord 250V 1.82m,,https://pub-4ae70fe1d6cf4e5ea327e14b66c0ad8e.r2.dev/dtsupply-products/188447-001.webp,$88.00,188447-001,True,1980
Cables,2076-5401 - IBM 1m 6GB/s External MiniSAS-MiniSAS Cable,,https://cdn.cmshardware.com/images/Images/Products/2076-5401.webp,$62.00,2076-5401,True,6409
Cables,188447-002 - Compaq 12ft NEMA 6-15P to IEC 320 C13 AC Power Cord,,https://pub-4ae70fe1d6cf4e5ea327e14b66c0ad8e.r2.dev/dtsupply-products/188447-002.webp,$88.00,188447-002,True,4133
Cables,207730-001 - HP SCSI Cable,,https://pub-4ae70fe1d6cf4e5ea327e14b66c0ad8e.r2.dev/dtsupply-products/207730-001.webp,$72.00,207730-001,True,2774
Cables,188596-001 - Compaq 68-Pin Internal / External SCSI Cable,,https://pub-4ae70fe1d6cf4e5ea327e14b66c0ad8e.r2.dev/dtsupply-products/188596-001.webp,Get a Quote for price,188596-001,True,3574
Cables,207731-001 - Compaq Hard Drive / ATA / CD-ROM Cable Kit for ProLiant DL320 Server,,https://pub-4ae70fe1d6cf4e5ea327e14b66c0ad8e.r2.dev/dtsupply-products/207731-001.webp,$62.00,207731-001,True,4562
Cables,189635-001 - Compaq 3Ft 68-68-Pin SCSI Interface Cable,,https://pub-4ae70fe1d6cf4e5ea327e14b66c0ad8e.r2.dev/dtsupply-products/189635-001.webp,$118.00,189635-001,True,4141
Cables,209815-003 - Compaq VGA to DVI Adapter,,https://pub-4ae70fe1d6cf4e5ea327e14b66c0ad8e.r2.dev/dtsupply-products/209815-003.webp,$50.00,209815-003,True,4567
Cables,189635-002 - Compaq 6FT 68-Pin External SCSI Cable,,https://pub-4ae70fe1d6cf4e5ea327e14b66c0ad8e.r2.dev/dtsupply-products/189635-002.webp,$118.00,189635-002,True,2067
Cables,213349-001 - HP 1.8m 3 Prong Straight Power Cord,,https://pub-4ae70fe1d6cf4e5ea327e14b66c0ad8e.r2.dev/dtsupply-products/213349-001.webp,$55.00,213349-001,True,3109
Cables,189635-003 - Compaq 12ft 68-Pin SCSI Cable,,https://pub-4ae70fe1d6cf4e5ea327e14b66c0ad8e.r2.dev/dtsupply-products/189635-003.webp,$118.00,189635-003,True,2657
Cables,213349-002 - Compaq Power Cord AC Armada 73XX 77XX Notebook Cable,,https://pub-4ae70fe1d6cf4e5ea327e14b66c0ad8e.r2.dev/dtsupply-products/213349-002.webp,$72.00,213349-002,True,7251
Cables,189636-002 - HP 6ft External SCSI Cable,,https://pub-4ae70fe1d6cf4e5ea327e14b66c0ad8e.r2.dev/dtsupply-products/189636-002.webp,$62.00,189636-002,True,2142
Cables,213349-005 - Compaq 10ft 3 Prong Power Cable For Armada Laptops,,https://pub-4ae70fe1d6cf4e5ea327e14b66c0ad8e.r2.dev/dtsupply-products/213349-005.webp,$68.00,213349-005,True,3735
Cables,189636-003 - HP 12ft SCSI External Cable,,https://pub-4ae70fe1d6cf4e5ea327e14b66c0ad8e.r2.dev/dtsupply-products/189636-003.webp,$62.00,189636-003,True,2144
Cables,213351-001 - HP 1.8 Meter C5 3-Pin Main Lead Power Cable,,https://cdn.cmshardware.com/images/Images/Products/213351-001.webp,$78.00,213351-001,True,1276
Cables,189637-003 - HP 23-inch 68 Pin SCSI Ribbon Cable,,https://pub-4ae70fe1d6cf4e5ea327e14b66c0ad8e.r2.dev/dtsupply-products/189637-003.webp,$132.00,189637-003,True,7803
Cables,213807-001 - Compaq 9-Pin DB9 F-F Serial Cable,,https://pub-4ae70fe1d6cf4e5ea327e14b66c0ad8e.r2.dev/dtsupply-products/213807-001.webp,$72.00,213807-001,True,5712
Cables,189646-001 - Compaq 3ft 68-68-Pin External SCSI-2 Cable,,https://pub-4ae70fe1d6cf4e5ea327e14b66c0ad8e.r2.dev/dtsupply-products/189646-001.webp,$118.00,189646-001,True,4571
Cables,216-0038-01 - 3Com 6-inch NBX Handset Phone Cord Cable,,https://cdn.cmshardware.com/images/Images/Products/216-0038-01.webp,$85.00,216-0038-01,True,6062
Cables,216092-001 - HP 18-inch 6 Pin DC Power Cable For Powerware 5125,,https://pub-4ae70fe1d6cf4e5ea327e14b66c0ad8e.r2.dev/dtsupply-products/216092-001.webp,$328.00,216092-001,True,3077
Cables,189646-002 - HP External HD68-Pin Male to HD68-Pin Male SCSI Cable (6-ft),,https://pub-4ae70fe1d6cf4e5ea327e14b66c0ad8e.r2.dev/dtsupply-products/189646-002.webp,$118.00,189646-002,True,1558
Cables,216107-001 - HP Power Switch with LED and Cable For ProLiant ML330 G3,,https://pub-4ae70fe1d6cf4e5ea327e14b66c0ad8e.r2.dev/dtsupply-products/216107-001.webp,$62.00,216107-001,True,1922
Cables,189646-003 - Compaq 12ft HD68 to HD68 SCSI Cable,,https://pub-4ae70fe1d6cf4e5ea327e14b66c0ad8e.r2.dev/dtsupply-products/189646-003.webp,$118.00,189646-003,True,2146
Cables,216373-001 - Compaq 16 to 13-Pin Extender Cable for ProLiant DL760,,https://pub-4ae70fe1d6cf4e5ea327e14b66c0ad8e.r2.dev/dtsupply-products/216373-001.webp,$72.00,216373-001,True,4521
Cables,189646-005 - HP 68 Pin Male to 68 Pin Male SCSI Cable,,https://pub-4ae70fe1d6cf4e5ea327e14b66c0ad8e.r2.dev/dtsupply-products/189646-005.webp,$118.00,189646-005,True,2587
Cables,219047-001 - HP SCSI Cable 50-Pin,,https://pub-4ae70fe1d6cf4e5ea327e14b66c0ad8e.r2.dev/dtsupply-products/219047-001.webp,$55.00,219047-001,True,2997
Cables,18F6948 - IBM 3.00m Fiber Optics Cable,,https://pub-4ae70fe1d6cf4e5ea327e14b66c0ad8e.r2.dev/dtsupply-products/18F6948.webp,$62.00,18F6948,True,7461
Cables,219048-002 - Compaq Hard Drive Backplane Power Cable,,https://pub-4ae70fe1d6cf4e5ea327e14b66c0ad8e.r2.dev/dtsupply-products/219048-002.webp,$55.00,219048-002,True,4243
Cables,190542-001 - Compaq 2 Prong Power Cable,,https://pub-4ae70fe1d6cf4e5ea327e14b66c0ad8e.r2.dev/dtsupply-products/190542-001.webp,$55.00,190542-001,True,4242
Cables,219048-003 - Compaq Power Switch and Cable,,https://pub-4ae70fe1d6cf4e5ea327e14b66c0ad8e.r2.dev/dtsupply-products/219048-003.webp,$62.00,219048-003,True,4550
Cables,191117-001 - Compaq 1M 2GB LC-LC Fibre Channel Optical Cable,,https://pub-4ae70fe1d6cf4e5ea327e14b66c0ad8e.r2.dev/dtsupply-products/191117-001.webp,$132.00,191117-001,True,5705
Cables,219049-003 - HP SCSI Drive Backplane Cable for ProLiant DL380 Server,,https://cdn.cmshardware.com/images/Images/Products/219049-003.webp,$62.00,219049-003,True,1400
Cables,191117-002 - Compaq LC Duplex to LC Duplex Multi-mode Fibre Channel Cable (2-meter),,https://pub-4ae70fe1d6cf4e5ea327e14b66c0ad8e.r2.dev/dtsupply-products/191117-002.webp,$62.00,191117-002,True,4731
Cables,219320-001 - Compaq Right Aagle Power Cord For Catalyst 2940,,https://pub-4ae70fe1d6cf4e5ea327e14b66c0ad8e.r2.dev/dtsupply-products/219320-001.webp,$80.00,219320-001,True,4142
Cables,"191117-005 - Compaq 5m Fibre-Optic Short Wave Multimode Interface Cable 50um Core, 125um Cladding",,https://pub-4ae70fe1d6cf4e5ea327e14b66c0ad8e.r2.dev/dtsupply-products/191117-005.webp,$62.00,191117-005,True,4568
Cables,219320-008 - HP 12-Pin Power Cable,,https://pub-4ae70fe1d6cf4e5ea327e14b66c0ad8e.r2.dev/dtsupply-products/219320-008.webp,$80.00,219320-008,True,2127
Cables,191117-015 - Compaq 15m (49ft) Long Fiber-optic Short Wave Multimode Interface Cable,,https://pub-4ae70fe1d6cf4e5ea327e14b66c0ad8e.r2.dev/dtsupply-products/191117-015.webp,$62.00,191117-015,True,4569
Cables,21FS88B101W - HP 1.0 SB Rev FPC Cable,,https://pub-4ae70fe1d6cf4e5ea327e14b66c0ad8e.r2.dev/dtsupply-products/21FS88B101W.webp,$50.00,21FS88B101W,True,2540
Cables,191117-030 - Compaq 30m LC-LC Fiber Cable,,https://pub-4ae70fe1d6cf4e5ea327e14b66c0ad8e.r2.dev/dtsupply-products/191117-030.webp,$102.00,191117-030,True,4570
Cables,21H7375 - IBM 3M JTAG Cable for RS/6000 System 7017,,https://pub-4ae70fe1d6cf4e5ea327e14b66c0ad8e.r2.dev/dtsupply-products/21H7375.webp,$62.00,21H7375,True,7190
Cables,191748-001 - HP Power Button Cable,,https://pub-4ae70fe1d6cf4e5ea327e14b66c0ad8e.r2.dev/dtsupply-products/191748-001.webp,$72.00,191748-001,True,7896
Cables,21J0024 - IBM 250V 4ft Power Cord,,https://pub-4ae70fe1d6cf4e5ea327e14b66c0ad8e.r2.dev/dtsupply-products/21J0024.webp,$62.00,21J0024,True,5818
Cables,192324-001 - HP 3ft CPU to Server Console KVM Cable,,https://pub-4ae70fe1d6cf4e5ea327e14b66c0ad8e.r2.dev/dtsupply-products/192324-001.webp,$62.00,192324-001,True,2216
Cables,21P3740 - IBM RJ48 to Serial Cable 0.2m,,https://pub-4ae70fe1d6cf4e5ea327e14b66c0ad8e.r2.dev/dtsupply-products/21P3740.webp,Get a Quote for price,21P3740,True,5608
Cables,192325-001 - Compaq 40ft CPU to Server Console KVM Cable,,https://pub-4ae70fe1d6cf4e5ea327e14b66c0ad8e.r2.dev/dtsupply-products/192325-001.webp,$72.00,192325-001,True,4556
Cables,21P5456 - IBM 10M RIO-2 (Remote I/O) Copper Cable,,https://pub-4ae70fe1d6cf4e5ea327e14b66c0ad8e.r2.dev/dtsupply-products/21P5456.webp,$62.00,21P5456,True,5390
Cables,195401-001 - HP 3-Meter 9-Pin Female To TP RJ-45 Server SAN Switch Serial Cable Assembly Kit,,https://pub-4ae70fe1d6cf4e5ea327e14b66c0ad8e.r2.dev/dtsupply-products/195401-001.webp,$95.00,195401-001,True,3215
Cables,21P6095 - IBM Expansion Unit Power Cable,,https://cdn.cmshardware.com/images/Images/Products/21P6095.webp,$112.00,21P6095,True,3736
Cables,21P9686 - IBM Signal USB Cable for xSeries 235,,https://cdn.cmshardware.com/images/Images/Products/21P9686.webp,$180.00,21P9686,True,6398
Cables,197202-001 - HP Power Switch Bracket with Cable For ProLiant ML570,,https://pub-4ae70fe1d6cf4e5ea327e14b66c0ad8e.r2.dev/dtsupply-products/197202-001.webp,$72.00,197202-001,True,1989
Cables,21RCK - Dell 3m SABS 164-1 to C13 Cable,,https://pub-4ae70fe1d6cf4e5ea327e14b66c0ad8e.r2.dev/dtsupply-products/21RCK.webp,$62.00,21RCK,True,940
Cables,199351-001 - Compaq Front I/O Cable Assembly with 2-USB,,https://pub-4ae70fe1d6cf4e5ea327e14b66c0ad8e.r2.dev/dtsupply-products/199351-001.webp,$62.00,199351-001,True,4547
Cables,2200-11077-002 - Polycom SoundPoint Power over Ethernet Cable,,https://cdn.cmshardware.com/images/Images/Products/2200-11077-002.webp,$62.00,2200-11077-002,True,6494
Cables,199595-002 - Compaq SCSI 68-Pin Internal/External Cable,,https://pub-4ae70fe1d6cf4e5ea327e14b66c0ad8e.r2.dev/dtsupply-products/199595-002.webp,$50.00,199595-002,True,4132
Cables,220972-001 - HP SCSI Cable,,https://pub-4ae70fe1d6cf4e5ea327e14b66c0ad8e.r2.dev/dtsupply-products/220972-001.webp,$88.00,220972-001,True,2133
Cables,199606-005 - HP 5-Inch Internal Fast Wide SCSI Cable,,https://pub-4ae70fe1d6cf4e5ea327e14b66c0ad8e.r2.dev/dtsupply-products/199606-005.webp,$62.00,199606-005,True,7804
Cables,22-10532-01 - HP Front Panel Audio USB Cable Assembly,,https://cdn.cmshardware.com/images/Images/Products/22-10532-01.webp,$85.00,22-10532-01,True,1894
Cables,22-11299-01 - HP Front Panel Audio USB Cable Assembly for Pavilion,,https://cdn.cmshardware.com/images/Images/Products/22-11299-01.webp,$100.00,22-11299-01,True,1267
Cables,199606-007 - HP 19-inch 68-Pin SCSI Cable,,https://pub-4ae70fe1d6cf4e5ea327e14b66c0ad8e.r2.dev/dtsupply-products/199606-007.webp,$50.00,199606-007,True,2140
Cables,221691-B21 - Compaq 2M OM3 LC-SC Fiber Optic Channel Cable Kit,,https://pub-4ae70fe1d6cf4e5ea327e14b66c0ad8e.r2.dev/dtsupply-products/221691-B21.webp,$80.00,221691-B21,True,5805
Cables,199606-016 - Compaq 68-Pin 22-inch SCSI Cable,,https://pub-4ae70fe1d6cf4e5ea327e14b66c0ad8e.r2.dev/dtsupply-products/199606-016.webp,$62.00,199606-016,True,2141
Cables,199606-018 - HP 68-Pin SCSI Cable,,https://pub-4ae70fe1d6cf4e5ea327e14b66c0ad8e.r2.dev/dtsupply-products/199606-018.webp,$62.00,199606-018,True,2143
Cables,"221691-B22 - Compaq Fibre-Optic Short Wave Multimode Interface Cable 50um Core, 125um Cladding Lc and Sc Connectors",,https://pub-4ae70fe1d6cf4e5ea327e14b66c0ad8e.r2.dev/dtsupply-products/221691-B22.webp,$92.00,221691-B22,True,4613
Cables,199606-019 - HP 68-Pin Short SCSI Cable,,https://pub-4ae70fe1d6cf4e5ea327e14b66c0ad8e.r2.dev/dtsupply-products/199606-019.webp,$55.00,199606-019,True,3001
Cables,221691-B23 - Compaq 15m (49ft) Lc/sc Multi-mode Fibre Channel Cable,,https://pub-4ae70fe1d6cf4e5ea327e14b66c0ad8e.r2.dev/dtsupply-products/221691-B23.webp,Get a Quote for price,221691-B23,True,3436
Cables,199606-019-L40 - HP 4-inch 68-Pin SCSI Cable for ProLiant DL380 Server,,https://pub-4ae70fe1d6cf4e5ea327e14b66c0ad8e.r2.dev/dtsupply-products/199606-019-L40.webp,Get a Quote for price,199606-019-L40,True,1847
Cables,199616-012 - HP 3-Drop 32-inch SCSI-68Pin Terminator Cable,,https://pub-4ae70fe1d6cf4e5ea327e14b66c0ad8e.r2.dev/dtsupply-products/199616-012.webp,$62.00,199616-012,True,1649
Cables,221691-B26 - Compaq 30m (98ft)fiber-optic Short Wave Multimode Interface Cable,,https://pub-4ae70fe1d6cf4e5ea327e14b66c0ad8e.r2.dev/dtsupply-products/221691-B26.webp,$200.00,221691-B26,True,4604
Cables,199616-015 - HP SCSI Cable,,https://pub-4ae70fe1d6cf4e5ea327e14b66c0ad8e.r2.dev/dtsupply-products/199616-015.webp,$72.00,199616-015,True,2132
Cables,221692-B21 - Compaq 2m LC-LC Multi Mode Fibre Optic Cable,,https://pub-4ae70fe1d6cf4e5ea327e14b66c0ad8e.r2.dev/dtsupply-products/221692-B21.webp,$62.00,221692-B21,True,4496
Cables,221692-B22 - Compaq LC Duplex to LC Duplex Multi-mode Fibre Channel Cable (5-meter),,https://pub-4ae70fe1d6cf4e5ea327e14b66c0ad8e.r2.dev/dtsupply-products/221692-B22.webp,$62.00,221692-B22,True,4734
Cables,199629-002 - HP 6ft SCSI External Cable,,https://pub-4ae70fe1d6cf4e5ea327e14b66c0ad8e.r2.dev/dtsupply-products/199629-002.webp,$62.00,199629-002,True,2131
Cables,199629-003 - HP 12ft SCSI Server Cable,,https://pub-4ae70fe1d6cf4e5ea327e14b66c0ad8e.r2.dev/dtsupply-products/199629-003.webp,$62.00,199629-003,True,2147
Cables,221692-B23 - Compaq Fibre Optic Short Wave Multi-mode Interface Cable 50/125 Micron LC-LC Connector 15m/49ft,,https://pub-4ae70fe1d6cf4e5ea327e14b66c0ad8e.r2.dev/dtsupply-products/221692-B23.webp,$62.00,221692-B23,True,4551
Cables,199701-001 - Compaq Y Cable for Remote Insight Board,,https://pub-4ae70fe1d6cf4e5ea327e14b66c0ad8e.r2.dev/dtsupply-products/199701-001.webp,$70.00,199701-001,True,4502
Cables,221692-B26 - Compaq 30M LC to LC Fiber Optic Multimode Interface Cable,,https://pub-4ae70fe1d6cf4e5ea327e14b66c0ad8e.r2.dev/dtsupply-products/221692-B26.webp,$138.00,221692-B26,True,4124
Cables,199711-002 - HP External SCSI Cable,,https://pub-4ae70fe1d6cf4e5ea327e14b66c0ad8e.r2.dev/dtsupply-products/199711-002.webp,$110.00,199711-002,True,3538
Cables,221692-B27 - Compaq 50M LC to LC Multi Mode Fibre Channel Optic Cable Kit,,https://pub-4ae70fe1d6cf4e5ea327e14b66c0ad8e.r2.dev/dtsupply-products/221692-B27.webp,$148.00,221692-B27,True,5760
Cables,199714-001 - HP 50 Pin External SCSI Cable,,https://pub-4ae70fe1d6cf4e5ea327e14b66c0ad8e.r2.dev/dtsupply-products/199714-001.webp,$110.00,199714-001,True,3576
Cables,221763-001 - Compaq RILO Power Cable,,https://pub-4ae70fe1d6cf4e5ea327e14b66c0ad8e.r2.dev/dtsupply-products/221763-001.webp,$118.00,221763-001,True,7392
Cables,199780-001 - HP 6ft 50 Pin to 68 Pin SCSI Interface Cable,,https://pub-4ae70fe1d6cf4e5ea327e14b66c0ad8e.r2.dev/dtsupply-products/199780-001.webp,$62.00,199780-001,True,3539
Cables,22200005100 - HP Power Cable Assembly for LeftHand NSM200,,https://pub-4ae70fe1d6cf4e5ea327e14b66c0ad8e.r2.dev/dtsupply-products/22200005100.webp,Get a Quote for price,22200005100,True,6882
Cables,199781-001 - HP 6ft 50 Pin to 68 Pin SCSI Interface Cable,,https://pub-4ae70fe1d6cf4e5ea327e14b66c0ad8e.r2.dev/dtsupply-products/199781-001.webp,$62.00,199781-001,True,3540
Cables,223162-001 - HP 16 Pin Power Cable,,https://pub-4ae70fe1d6cf4e5ea327e14b66c0ad8e.r2.dev/dtsupply-products/223162-001.webp,$78.00,223162-001,True,1260
Cables,19K1247 - Ibm 1M Fiber Optic Cable Lc To Lc,,https://pub-4ae70fe1d6cf4e5ea327e14b66c0ad8e.r2.dev/dtsupply-products/19K1247.webp,Get a Quote for price,19K1247,True,7719
Cables,223162-003 - HP Power Cable For ProLiant 6000,,https://pub-4ae70fe1d6cf4e5ea327e14b66c0ad8e.r2.dev/dtsupply-products/223162-003.webp,$60.00,223162-003,True,2920
Cables,19K1248 - IBM Fibre Channel Cable LC Male LC Male 16.4ft,,https://pub-4ae70fe1d6cf4e5ea327e14b66c0ad8e.r2.dev/dtsupply-products/19K1248.webp,Get a Quote for price,19K1248,True,4717
Cables,223162-008 - HP 24 Position AC Power Cable 17-inch for Prol6000/7000 Cage,,https://pub-4ae70fe1d6cf4e5ea327e14b66c0ad8e.r2.dev/dtsupply-products/223162-008.webp,$60.00,223162-008,True,3118
Cables,19K1249 - IBM 25M LC-LC Fibre Optic Cable,,https://pub-4ae70fe1d6cf4e5ea327e14b66c0ad8e.r2.dev/dtsupply-products/19K1249.webp,Get a Quote for price,19K1249,True,5560
Cables,223162-009 - HP Power Cable 16.5-inch for Prol6000/7000 Cage,,https://pub-4ae70fe1d6cf4e5ea327e14b66c0ad8e.r2.dev/dtsupply-products/223162-009.webp,$60.00,223162-009,True,3119
Cables,19K1251 - IBM 1m Lc-Lc Fibre Cable,,https://pub-4ae70fe1d6cf4e5ea327e14b66c0ad8e.r2.dev/dtsupply-products/19K1251.webp,$55.00,19K1251,True,5422
Cables,223162-010 - HP AE 20-Pin 9a Power Cable 19-inch for ProLiant DL585 G2 / G6 Server,,https://pub-4ae70fe1d6cf4e5ea327e14b66c0ad8e.r2.dev/dtsupply-products/223162-010.webp,$60.00,223162-010,True,3061
Cables,19K1252 - IBM 5m LC-LC Fibre Cable,,https://pub-4ae70fe1d6cf4e5ea327e14b66c0ad8e.r2.dev/dtsupply-products/19K1252.webp,$85.00,19K1252,True,5873
Cables,19K1253 - IBM 25M LC-LC Fibre Optical Cable,,https://pub-4ae70fe1d6cf4e5ea327e14b66c0ad8e.r2.dev/dtsupply-products/19K1253.webp,$72.00,19K1253,True,5381
Cables,223162-012 - HP 6-inch 10 Pin Internal Power Cable For ProLiant,,https://pub-4ae70fe1d6cf4e5ea327e14b66c0ad8e.r2.dev/dtsupply-products/223162-012.webp,$68.00,223162-012,True,1435
Cables,223162-013 - HP 10-Pin Power Cable 15-inch for Prol6000/7000 Cage,,https://pub-4ae70fe1d6cf4e5ea327e14b66c0ad8e.r2.dev/dtsupply-products/223162-013.webp,$60.00,223162-013,True,3059
Cables,19K1265 - IBM 1M LC To LC Fibre Optical Cable,,https://pub-4ae70fe1d6cf4e5ea327e14b66c0ad8e.r2.dev/dtsupply-products/19K1265.webp,$72.00,19K1265,True,7215
Cables,224386-001 - Compaq 3ft KVM Console Cable,,https://pub-4ae70fe1d6cf4e5ea327e14b66c0ad8e.r2.dev/dtsupply-products/224386-001.webp,$62.00,224386-001,True,4555
Cables,19K1266 - IBM 5M LC-LC Fibre Channel Cable,,https://pub-4ae70fe1d6cf4e5ea327e14b66c0ad8e.r2.dev/dtsupply-products/19K1266.webp,$88.00,19K1266,True,4737
Cables,19K1267 - IBM 25-Meters LC To LC Connectors Fibre Channel Cable,,https://pub-4ae70fe1d6cf4e5ea327e14b66c0ad8e.r2.dev/dtsupply-products/19K1267.webp,$72.00,19K1267,True,4699
Cables,19P0048 - IBM 10M VHDCI to DB68 SCSI Cable,,https://pub-4ae70fe1d6cf4e5ea327e14b66c0ad8e.r2.dev/dtsupply-products/19P0048.webp,$80.00,19P0048,True,5385
Cables,224386-003 - HP 12ft KVM Cable,,https://pub-4ae70fe1d6cf4e5ea327e14b66c0ad8e.r2.dev/dtsupply-products/224386-003.webp,$88.00,224386-003,True,2731
Cables,19P0050 - IBM 4.5m SCSI Cable LVD/SE VHDCI to HD68,,https://cdn.cmshardware.com/images/Images/Products/19P0050.webp,$188.00,19P0050,True,6214
Cables,224386-004 - HP 20ft CPU to Switch Box KVM Console Cable,,https://pub-4ae70fe1d6cf4e5ea327e14b66c0ad8e.r2.dev/dtsupply-products/224386-004.webp,$95.00,224386-004,True,3128
Cables,19P0872 - IBM 0.4m HD68-M to HD68-M SCSI Cable,,https://pub-4ae70fe1d6cf4e5ea327e14b66c0ad8e.r2.dev/dtsupply-products/19P0872.webp,$72.00,19P0872,True,4666
Cables,224996-001 - HP 5-inch Power Cable For ProLiant ML370 G2 / G3,,https://pub-4ae70fe1d6cf4e5ea327e14b66c0ad8e.r2.dev/dtsupply-products/224996-001.webp,$80.00,224996-001,True,2253
Cables,19P1629 - IBM 2.5m SCSI Cable,,https://cdn.cmshardware.com/images/Images/Products/19P1629.webp,$110.00,19P1629,True,6421
Cables,224997-001 - HP ProLiant ML370 G3 Power Cable,,https://pub-4ae70fe1d6cf4e5ea327e14b66c0ad8e.r2.dev/dtsupply-products/224997-001.webp,$62.00,224997-001,True,6890
Cables,19P5039 - IBM SCSI-3 HD68m 2xHD68f Cable Assembly,,https://pub-4ae70fe1d6cf4e5ea327e14b66c0ad8e.r2.dev/dtsupply-products/19P5039.webp,$70.00,19P5039,True,5917
Cables,224998-001 - HP 5-inch Power Cable For ProLiant ML370 G2 / G3,,https://cdn.cmshardware.com/images/Images/Products/224998-001.webp,$125.00,224998-001,True,1751
Cables,19P5445 - IBM 3.0m 9.84 ft LC-LC-M Fiber Optic Cable,,https://cdn.cmshardware.com/images/Images/Products/19P5445.webp,$65.00,19P5445,True,6195
Cables,225537-001 - HP LED to SCSI Controller Signal Cable,,https://pub-4ae70fe1d6cf4e5ea327e14b66c0ad8e.r2.dev/dtsupply-products/225537-001.webp,$62.00,225537-001,True,2582
Cables,1H289 - Dell 2 Drop IDE ATA 100 Cable Assembly,,https://cdn.cmshardware.com/images/Images/Products/1H289.webp,$55.00,1H289,True,1226
Cables,1JCWJ - Dell 8-Pin Hard Drive Backplane Power Cable,,https://cdn.cmshardware.com/images/Images/Products/1JCWJ.webp,$62.00,1JCWJ,True,1016
Cables,225537-005 - HP LED Signal Cable For XW8200 Z600 Workstation,,https://pub-4ae70fe1d6cf4e5ea327e14b66c0ad8e.r2.dev/dtsupply-products/225537-005.webp,$62.00,225537-005,True,2758
Cables,225537-009 - HP SAS LED Interface Cable & Z-Turbo LED Cable,,https://cdn.cmshardware.com/images/Images/Products/225537-009.webp,$62.00,225537-009,True,7777
Cables,1JTTN - Dell 2M 10Gb/s SFP+ to SFP+ Direct Attach Copper Cable,,https://pub-4ae70fe1d6cf4e5ea327e14b66c0ad8e.r2.dev/dtsupply-products/1JTTN.webp,$78.00,1JTTN,True,1015
Cables,1K235 - Dell CD ROM Drive 44-Pin Backplane Cable for PowerEdge 1750,,https://pub-4ae70fe1d6cf4e5ea327e14b66c0ad8e.r2.dev/dtsupply-products/1K235.webp,$62.00,1K235,True,733
Cables,22685 - Cables To Go 7FT Cat5e Non-Booted Unshielded-UTP Ethernet Cable Blue,,https://pub-4ae70fe1d6cf4e5ea327e14b66c0ad8e.r2.dev/dtsupply-products/22685.webp,$73.00,22685,True,4886
Cables,1M-30AWG - Intel 100Gb/s QSFP28 Passive Cable (1m),,https://cdn.cmshardware.com/images/Images/Products/1M-30AWG.webp,$145.00,1M-30AWG,True,6693
Cables,227HP - Dell 8m External Mini SAS Cable,,https://pub-4ae70fe1d6cf4e5ea327e14b66c0ad8e.r2.dev/dtsupply-products/227HP.webp,$98.00,227HP,True,971
Cables,1M31V - Dell 21-inch QSFP to QSFP Passive Direct Attached Cable,,https://pub-4ae70fe1d6cf4e5ea327e14b66c0ad8e.r2.dev/dtsupply-products/1M31V.webp,$88.00,1M31V,True,1006
Cables,228517-001 - HP SCSI Cable Kit for ProLiant DL380 G2 Server,,https://pub-4ae70fe1d6cf4e5ea327e14b66c0ad8e.r2.dev/dtsupply-products/228517-001.webp,$148.00,228517-001,True,2138
Cables,1MCFD - Dell Power Button LED Cable For Vostro 230S,,https://cdn.cmshardware.com/images/Images/Products/1MCFD.webp,$78.00,1MCFD,True,607
Cables,228518-001 - Compaq Signal Cable Kit for ProLiant DL380 G3 Server,,https://pub-4ae70fe1d6cf4e5ea327e14b66c0ad8e.r2.dev/dtsupply-products/228518-001.webp,$172.00,228518-001,True,4145
Cables,1N2WK - Dell 50cm Dual Mini SAS Cable for PowerEdge R630 Server,,https://pub-4ae70fe1d6cf4e5ea327e14b66c0ad8e.r2.dev/dtsupply-products/1N2WK.webp,$88.00,1N2WK,True,1020
Cables,228519-001 - Compaq 16-Pin to 30-Pin Ribbon Cable for ProLiant DL380,,https://pub-4ae70fe1d6cf4e5ea327e14b66c0ad8e.r2.dev/dtsupply-products/228519-001.webp,$148.00,228519-001,True,7371
Cables,1RNW1 - Dell Internal Bluetooth Cable For Latitude E6430,,https://cdn.cmshardware.com/images/Images/Products/1RNW1.webp,$78.00,1RNW1,True,595
Cables,22GEF - Dell 2.5cm Slim CD-ROM Ribbon Cable for PowerEdge 1550,,https://cdn.cmshardware.com/images/Images/Products/22GEF.webp,$62.00,22GEF,True,500
Cables,1RRJP - Dell 14-inch PERC Dual Mini SAS HD Cable,,https://pub-4ae70fe1d6cf4e5ea327e14b66c0ad8e.r2.dev/dtsupply-products/1RRJP.webp,$130.00,1RRJP,True,1158
Cables,22P1187 - IBM Internal USB Cable for NetVista 6350 Desktop,,https://pub-4ae70fe1d6cf4e5ea327e14b66c0ad8e.r2.dev/dtsupply-products/22P1187.webp,$70.00,22P1187,True,7404
Cables,1W46W - Dell SATA Optical Drive Connector Board with Cable,,https://cdn.cmshardware.com/images/Images/Products/1W46W.webp,$72.00,1W46W,True,774
Cables,22R0210 - IBM PPS-2 to Fan Sense 2 Cable,,https://pub-4ae70fe1d6cf4e5ea327e14b66c0ad8e.r2.dev/dtsupply-products/22R0210.webp,$118.00,22R0210,True,7262
Cables,1X3JJ - Dell Force10 S- 10M QSFP+ 16.4 50UM MM Fibre Optical Cable,,https://pub-4ae70fe1d6cf4e5ea327e14b66c0ad8e.r2.dev/dtsupply-products/1X3JJ.webp,Get a Quote for price,1X3JJ,True,763
Cables,22R0488 - IBM 31M 9 Micron LC Single Mode (F) LC Single Mode (M) Fibre Optic Cable,,https://pub-4ae70fe1d6cf4e5ea327e14b66c0ad8e.r2.dev/dtsupply-products/22R0488.webp,Get a Quote for price,22R0488,True,7720
Cables,1Y26D - Dell PowerEdge R530 Dual SAS Cable,,https://cdn.cmshardware.com/images/Images/Products/1Y26D.webp,$80.00,1Y26D,True,665
Cables,1YMGT - Dell SATA to Slim Optical DVD Drive Power Cable,,https://cdn.cmshardware.com/images/Images/Products/1YMGT.webp,$62.00,1YMGT,True,1039
Cables,22R0489 - IBM Fiber Optic Cable LC Female S-Video SC Male 6.6ft,,https://pub-4ae70fe1d6cf4e5ea327e14b66c0ad8e.r2.dev/dtsupply-products/22R0489.webp,$48.00,22R0489,True,7442
Cables,1YN1C - Dell Mini-SAS to X4 SAS SATA Cable For PowerEdge R230,,https://cdn.cmshardware.com/images/Images/Products/1YN1C.webp,$105.00,1YN1C,True,594
Cables,22R5216 - IBM 1.0M SPCN Cable For DS8800 Storage System,,https://cdn.cmshardware.com/images/Images/Products/22R5216.webp,$55.00,22R5216,True,3737
Cables,2000007-BLACK-10 - Cables To Go Storage & Data Transfer Cables,,https://cdn.cmshardware.com/images/Images/Products/2000007-BLACK-10.webp,$42.00,2000007-BLACK-10,True,4739
Cables,22R5239 - IBM 3-Meters Drawer To Drawer SPCN Power Control Cable,,https://pub-4ae70fe1d6cf4e5ea327e14b66c0ad8e.r2.dev/dtsupply-products/22R5239.webp,$62.00,22R5239,True,5804
Cables,201492-001 - Compaq RILO Power Cable,,https://pub-4ae70fe1d6cf4e5ea327e14b66c0ad8e.r2.dev/dtsupply-products/201492-001.webp,$118.00,201492-001,True,4616
Cables,22R5257 - IBM 2-Feet Fibre Channel Cable Pair for DS8000 Series,,https://pub-4ae70fe1d6cf4e5ea327e14b66c0ad8e.r2.dev/dtsupply-products/22R5257.webp,Get a Quote for price,22R5257,True,4718
Cables,202997-001 - HP HD-15 DVI-I to VGA Adapter Cable For DC5700,,https://pub-4ae70fe1d6cf4e5ea327e14b66c0ad8e.r2.dev/dtsupply-products/202997-001.webp,$62.00,202997-001,True,3692
Cables,22R5259 - IBM Fibre Channel Cable Set for DS8000,,https://pub-4ae70fe1d6cf4e5ea327e14b66c0ad8e.r2.dev/dtsupply-products/22R5259.webp,Get a Quote for price,22R5259,True,4719
Cables,204508-001 - HP 3.7m RS-232C Serial Interface Cable,,https://pub-4ae70fe1d6cf4e5ea327e14b66c0ad8e.r2.dev/dtsupply-products/204508-001.webp,$88.00,204508-001,True,7821
Cables,22R5264 - IBM Fibre Channel Cable Set for DS8000,,https://pub-4ae70fe1d6cf4e5ea327e14b66c0ad8e.r2.dev/dtsupply-products/22R5264.webp,Get a Quote for price,22R5264,True,4720
Cables,2072-ACTA - IBM 0.6m Mini SAS to Mini SAS Cable,,https://cdn.cmshardware.com/images/Images/Products/2072-ACTA.webp,$90.00,2072-ACTA,True,6411
Cables,22R5744 - IBM Power Supply Primary Cable 1 to Fan Sense B,,https://pub-4ae70fe1d6cf4e5ea327e14b66c0ad8e.r2.dev/dtsupply-products/22R5744.webp,$245.00,22R5744,True,7204
Cables,2072-ACTB - IBM 1.5m Mini SAS HD to Mini SAS HD Cable,,https://cdn.cmshardware.com/images/Images/Products/2072-ACTB.webp,$135.00,2072-ACTB,True,6449
Cables,22VTY - Dell Mini SAS FW 500MM Cable,,https://pub-4ae70fe1d6cf4e5ea327e14b66c0ad8e.r2.dev/dtsupply-products/22VTY.webp,Get a Quote for price,22VTY,True,723
Cables,2076-5305 - IBM Fiber Optic Cable Fiber Optic for Network Device 16.40 ft LC Male Network LC Male Network,,https://pub-4ae70fe1d6cf4e5ea327e14b66c0ad8e.r2.dev/dtsupply-products/2076-5305.webp,Get a Quote for price,2076-5305,True,5519
Cables,2076-5401 - IBM 1m 6GB/s External MiniSAS-MiniSAS Cable,,https://cdn.cmshardware.com/images/Images/Products/2076-5401.webp,$62.00,2076-5401,True,6409
Cables,230436-B21 - HP 3-Meter 9-Pin Female To TP RJ-45 Server SAN Switch Serial Cable Assembly Kit,,https://pub-4ae70fe1d6cf4e5ea327e14b66c0ad8e.r2.dev/dtsupply-products/230436-B21.webp,$72.00,230436-B21,True,3213
Cables,207730-001 - HP SCSI Cable,,https://pub-4ae70fe1d6cf4e5ea327e14b66c0ad8e.r2.dev/dtsupply-products/207730-001.webp,$72.00,207730-001,True,2774
Cables,230987-001 - HP Power Cable Kit For ProLiant ML370 G5 Server,,https://pub-4ae70fe1d6cf4e5ea327e14b66c0ad8e.r2.dev/dtsupply-products/230987-001.webp,$215.00,230987-001,True,7897
Cables,207731-001 - Compaq Hard Drive / ATA / CD-ROM Cable Kit for ProLiant DL320 Server,,https://pub-4ae70fe1d6cf4e5ea327e14b66c0ad8e.r2.dev/dtsupply-products/207731-001.webp,$62.00,207731-001,True,4562
Cables,230988-001 - Compaq Data Cable Kit for ProLiant ML370 G2 Server,,https://pub-4ae70fe1d6cf4e5ea327e14b66c0ad8e.r2.dev/dtsupply-products/230988-001.webp,$225.00,230988-001,True,7372
Cables,209815-003 - Compaq VGA to DVI Adapter,,https://pub-4ae70fe1d6cf4e5ea327e14b66c0ad8e.r2.dev/dtsupply-products/209815-003.webp,$50.00,209815-003,True,4567
Cables,231687-001 - HP 0.25M VHDCI SCSI Cable,,https://pub-4ae70fe1d6cf4e5ea327e14b66c0ad8e.r2.dev/dtsupply-products/231687-001.webp,Get a Quote for price,231687-001,True,3542
Cables,213349-001 - HP 1.8m 3 Prong Straight Power Cord,,https://pub-4ae70fe1d6cf4e5ea327e14b66c0ad8e.r2.dev/dtsupply-products/213349-001.webp,$55.00,213349-001,True,3109
Cables,231687-002 - HP 5.0M VHDCI SCSI Cable,,https://pub-4ae70fe1d6cf4e5ea327e14b66c0ad8e.r2.dev/dtsupply-products/231687-002.webp,Get a Quote for price,231687-002,True,3543
Cables,213349-002 - Compaq Power Cord AC Armada 73XX 77XX Notebook Cable,,https://pub-4ae70fe1d6cf4e5ea327e14b66c0ad8e.r2.dev/dtsupply-products/213349-002.webp,$72.00,213349-002,True,7251
Cables,232109-001 - HP 24-Pin Power Backplane Cable For ProLiant ML530 Server,,https://pub-4ae70fe1d6cf4e5ea327e14b66c0ad8e.r2.dev/dtsupply-products/232109-001.webp,$62.00,232109-001,True,3267
Cables,232110-001A - HP Power Cable For ProLiant ML530 G2,,https://cdn.cmshardware.com/images/Images/Products/232110-001A.webp,$78.00,232110-001A,True,1268
Cables,213349-005 - Compaq 10ft 3 Prong Power Cable For Armada Laptops,,https://pub-4ae70fe1d6cf4e5ea327e14b66c0ad8e.r2.dev/dtsupply-products/213349-005.webp,$68.00,213349-005,True,3735
Cables,232112-001 - Compaq SCSI with External VHDCI Cable for ML570 Server,,https://pub-4ae70fe1d6cf4e5ea327e14b66c0ad8e.r2.dev/dtsupply-products/232112-001.webp,$88.00,232112-001,True,4235
Cables,213351-001 - HP 1.8 Meter C5 3-Pin Main Lead Power Cable,,https://cdn.cmshardware.com/images/Images/Products/213351-001.webp,$78.00,213351-001,True,1276
Cables,233106-001 - HP AC Power Cable For ProLiant DL580 Server,,https://pub-4ae70fe1d6cf4e5ea327e14b66c0ad8e.r2.dev/dtsupply-products/233106-001.webp,$55.00,233106-001,True,3108
Cables,213807-001 - Compaq 9-Pin DB9 F-F Serial Cable,,https://pub-4ae70fe1d6cf4e5ea327e14b66c0ad8e.r2.dev/dtsupply-products/213807-001.webp,$72.00,213807-001,True,5712
Cables,216-0038-01 - 3Com 6-inch NBX Handset Phone Cord Cable,,https://cdn.cmshardware.com/images/Images/Products/216-0038-01.webp,$85.00,216-0038-01,True,6062
Cables,233106-002 - HP Power Cable For ProLiant DL580 Server,,https://pub-4ae70fe1d6cf4e5ea327e14b66c0ad8e.r2.dev/dtsupply-products/233106-002.webp,$62.00,233106-002,True,2569
Cables,216092-001 - HP 18-inch 6 Pin DC Power Cable For Powerware 5125,,https://pub-4ae70fe1d6cf4e5ea327e14b66c0ad8e.r2.dev/dtsupply-products/216092-001.webp,$328.00,216092-001,True,3077
Cables,233763-001 - Compaq 16Pin to 30Pin RILOE Interface Cable For ProLiant,,https://pub-4ae70fe1d6cf4e5ea327e14b66c0ad8e.r2.dev/dtsupply-products/233763-001.webp,$62.00,233763-001,True,4144
Cables,233TD - Dell 4DROP Mini SAS SATA Cable for T110,,https://cdn.cmshardware.com/images/Images/Products/233TD.webp,$178.00,233TD,True,1212
Cables,216107-001 - HP Power Switch with LED and Cable For ProLiant ML330 G3,,https://pub-4ae70fe1d6cf4e5ea327e14b66c0ad8e.r2.dev/dtsupply-products/216107-001.webp,$62.00,216107-001,True,1922
Cables,234451-002 - Compaq Sc Sc Fibre Channel Cable 2 Meter Duplex,,https://pub-4ae70fe1d6cf4e5ea327e14b66c0ad8e.r2.dev/dtsupply-products/234451-002.webp,$62.00,234451-002,True,3428
Cables,216373-001 - Compaq 16 to 13-Pin Extender Cable for ProLiant DL760,,https://pub-4ae70fe1d6cf4e5ea327e14b66c0ad8e.r2.dev/dtsupply-products/216373-001.webp,$72.00,216373-001,True,4521
Cables,219047-001 - HP SCSI Cable 50-Pin,,https://pub-4ae70fe1d6cf4e5ea327e14b66c0ad8e.r2.dev/dtsupply-products/219047-001.webp,$55.00,219047-001,True,2997
Cables,234451-005 - Compaq 5m SC to SC Fibre Channel Cable,,https://pub-4ae70fe1d6cf4e5ea327e14b66c0ad8e.r2.dev/dtsupply-products/234451-005.webp,$62.00,234451-005,True,4167
Cables,234451-015 - HP 15m Fibre Channel Cable,,https://cdn.cmshardware.com/images/Images/Products/234451-015.webp,$62.00,234451-015,True,3399
Cables,219048-002 - Compaq Hard Drive Backplane Power Cable,,https://pub-4ae70fe1d6cf4e5ea327e14b66c0ad8e.r2.dev/dtsupply-products/219048-002.webp,$55.00,219048-002,True,4243
Cables,219048-003 - Compaq Power Switch and Cable,,https://pub-4ae70fe1d6cf4e5ea327e14b66c0ad8e.r2.dev/dtsupply-products/219048-003.webp,$62.00,219048-003,True,4550
Cables,234457-B21 - Compaq 2m Sc to Sc Fibre Optic Cable,,https://pub-4ae70fe1d6cf4e5ea327e14b66c0ad8e.r2.dev/dtsupply-products/234457-B21.webp,$118.00,234457-B21,True,4574
Cables,219049-003 - HP SCSI Drive Backplane Cable for ProLiant DL380 Server,,https://cdn.cmshardware.com/images/Images/Products/219049-003.webp,$62.00,219049-003,True,1400
Cables,234457-B22 - Compaq 5m SW SC to SC Fibre Channel Cable,,https://pub-4ae70fe1d6cf4e5ea327e14b66c0ad8e.r2.dev/dtsupply-products/234457-B22.webp,$62.00,234457-B22,True,4166
Cables,219320-001 - Compaq Right Aagle Power Cord For Catalyst 2940,,https://pub-4ae70fe1d6cf4e5ea327e14b66c0ad8e.r2.dev/dtsupply-products/219320-001.webp,$80.00,219320-001,True,4142
Cables,234457-B23 - Compaq 15M SC to SC Multi-Mode Duplex Fibre Optic Cable,,https://pub-4ae70fe1d6cf4e5ea327e14b66c0ad8e.r2.dev/dtsupply-products/234457-B23.webp,$115.00,234457-B23,True,5807
Cables,219320-008 - HP 12-Pin Power Cable,,https://pub-4ae70fe1d6cf4e5ea327e14b66c0ad8e.r2.dev/dtsupply-products/219320-008.webp,$80.00,219320-008,True,2127
Cables,234457-B25 - HP 50m Multi-Mode Fibre Channel Cable for ProLiant DL320,,https://pub-4ae70fe1d6cf4e5ea327e14b66c0ad8e.r2.dev/dtsupply-products/234457-B25.webp,Get a Quote for price,234457-B25,True,3429
Cables,21FS88B101W - HP 1.0 SB Rev FPC Cable,,https://pub-4ae70fe1d6cf4e5ea327e14b66c0ad8e.r2.dev/dtsupply-products/21FS88B101W.webp,$50.00,21FS88B101W,True,2540
Cables,235097-001 - Compaq V.90 PCI 56K Modem,,https://pub-4ae70fe1d6cf4e5ea327e14b66c0ad8e.r2.dev/dtsupply-products/235097-001.webp,$72.00,235097-001,True,4631
Cables,21H7375 - IBM 3M JTAG Cable for RS/6000 System 7017,,https://pub-4ae70fe1d6cf4e5ea327e14b66c0ad8e.r2.dev/dtsupply-products/21H7375.webp,$62.00,21H7375,True,7190
Cables,235183-003 - HP Cable,,https://pub-4ae70fe1d6cf4e5ea327e14b66c0ad8e.r2.dev/dtsupply-products/235183-003.webp,$62.00,235183-003,True,427
Cables,21J0024 - IBM 250V 4ft Power Cord,,https://pub-4ae70fe1d6cf4e5ea327e14b66c0ad8e.r2.dev/dtsupply-products/21J0024.webp,$62.00,21J0024,True,5818
Cables,235603-001 - HP 12Ft 125V 15A Standard Power Cable,,https://pub-4ae70fe1d6cf4e5ea327e14b66c0ad8e.r2.dev/dtsupply-products/235603-001.webp,$75.00,235603-001,True,3508
Cables,21P3740 - IBM RJ48 to Serial Cable 0.2m,,https://pub-4ae70fe1d6cf4e5ea327e14b66c0ad8e.r2.dev/dtsupply-products/21P3740.webp,Get a Quote for price,21P3740,True,5608
Cables,235604-001 - HP 20A 250V Nema 6-20P/IEC320-C19 Power Cord,,https://pub-4ae70fe1d6cf4e5ea327e14b66c0ad8e.r2.dev/dtsupply-products/235604-001.webp,$65.00,235604-001,True,3510
Cables,21P5456 - IBM 10M RIO-2 (Remote I/O) Copper Cable,,https://pub-4ae70fe1d6cf4e5ea327e14b66c0ad8e.r2.dev/dtsupply-products/21P5456.webp,$62.00,21P5456,True,5390
Cables,21P6095 - IBM Expansion Unit Power Cable,,https://cdn.cmshardware.com/images/Images/Products/21P6095.webp,$112.00,21P6095,True,3736
Cables,23844-00-00R - Zebra AC Power Cable Black,,https://pub-4ae70fe1d6cf4e5ea327e14b66c0ad8e.r2.dev/dtsupply-products/23844-00-00R.webp,$62.00,23844-00-00R,True,3958
Cables,21P9686 - IBM Signal USB Cable for xSeries 235,,https://cdn.cmshardware.com/images/Images/Products/21P9686.webp,$180.00,21P9686,True,6398
Cables,23901-7 - Comtrol Rocketport 8 x Ports DB9M Octa Cable,,https://cdn.cmshardware.com/images/Images/Products/23901-7.webp,$245.00,23901-7,True,6523
Cables,21RCK - Dell 3m SABS 164-1 to C13 Cable,,https://pub-4ae70fe1d6cf4e5ea327e14b66c0ad8e.r2.dev/dtsupply-products/21RCK.webp,$62.00,21RCK,True,940
Cables,239074-004 - HP D530 SFF Desktop Power Button Switch Cable,,https://pub-4ae70fe1d6cf4e5ea327e14b66c0ad8e.r2.dev/dtsupply-products/239074-004.webp,$55.00,239074-004,True,3060
Cables,2200-11077-002 - Polycom SoundPoint Power over Ethernet Cable,,https://cdn.cmshardware.com/images/Images/Products/2200-11077-002.webp,$62.00,2200-11077-002,True,6494
Cables,220972-001 - HP SCSI Cable,,https://pub-4ae70fe1d6cf4e5ea327e14b66c0ad8e.r2.dev/dtsupply-products/220972-001.webp,$88.00,220972-001,True,2133
Cables,239074-005 - HP D530 Cmt Computer Power Button LED Cable,,https://pub-4ae70fe1d6cf4e5ea327e14b66c0ad8e.r2.dev/dtsupply-products/239074-005.webp,$55.00,239074-005,True,3012
Cables,22-10532-01 - HP Front Panel Audio USB Cable Assembly,,https://cdn.cmshardware.com/images/Images/Products/22-10532-01.webp,$85.00,22-10532-01,True,1894
Cables,239124-B21 - Compaq Dual Port Internal PCI Modem Card,,https://pub-4ae70fe1d6cf4e5ea327e14b66c0ad8e.r2.dev/dtsupply-products/239124-B21.webp,$72.00,239124-B21,True,4605
Cables,23951-01 - Comtrol Rocketport Quad 4 x Ports DB25M Cable,,https://cdn.cmshardware.com/images/Images/Products/23951-01.webp,$125.00,23951-01,True,6525
Cables,22-11299-01 - HP Front Panel Audio USB Cable Assembly for Pavilion,,https://cdn.cmshardware.com/images/Images/Products/22-11299-01.webp,$100.00,22-11299-01,True,1267
Cables,23955-1 - Comtrol Rocketport Quad 4 x Ports DB9M Cable,,https://cdn.cmshardware.com/images/Images/Products/23955-1.webp,$188.00,23955-1,True,6521
Cables,221691-B21 - Compaq 2M OM3 LC-SC Fiber Optic Channel Cable Kit,,https://pub-4ae70fe1d6cf4e5ea327e14b66c0ad8e.r2.dev/dtsupply-products/221691-B21.webp,$80.00,221691-B21,True,5805
Cables,23955-A - Comtrol Rocketport Quad 4 x Ports DB9M Cable,,https://cdn.cmshardware.com/images/Images/Products/23955-A.webp,$188.00,23955-A,True,6526
Cables,"221691-B22 - Compaq Fibre-Optic Short Wave Multimode Interface Cable 50um Core, 125um Cladding Lc and Sc Connectors",,https://pub-4ae70fe1d6cf4e5ea327e14b66c0ad8e.r2.dev/dtsupply-products/221691-B22.webp,$92.00,221691-B22,True,4613
Cables,239887-001 - Compaq Dial Up PCI V.90 Modem Card for Presario 8000T,,https://pub-4ae70fe1d6cf4e5ea327e14b66c0ad8e.r2.dev/dtsupply-products/239887-001.webp,Get a Quote for price,239887-001,True,5446
Cables,239887-004 - Compaq 56Kb/s PCI Modem Card for Presario 5421sr,,https://pub-4ae70fe1d6cf4e5ea327e14b66c0ad8e.r2.dev/dtsupply-products/239887-004.webp,$72.00,239887-004,True,4633
Cables,221691-B23 - Compaq 15m (49ft) Lc/sc Multi-mode Fibre Channel Cable,,https://pub-4ae70fe1d6cf4e5ea327e14b66c0ad8e.r2.dev/dtsupply-products/221691-B23.webp,Get a Quote for price,221691-B23,True,3436
Cables,23K1737 - IBM 3M (VLH) Direct Attach Copper SFP Cable,,https://pub-4ae70fe1d6cf4e5ea327e14b66c0ad8e.r2.dev/dtsupply-products/23K1737.webp,$190.00,23K1737,True,7436
Cables,221691-B26 - Compaq 30m (98ft)fiber-optic Short Wave Multimode Interface Cable,,https://pub-4ae70fe1d6cf4e5ea327e14b66c0ad8e.r2.dev/dtsupply-products/221691-B26.webp,$200.00,221691-B26,True,4604
Cables,23K4209 - IBM 20-Pin Mini ATX To 2x 15-Pin ATA Connector Power Cable,,https://pub-4ae70fe1d6cf4e5ea327e14b66c0ad8e.r2.dev/dtsupply-products/23K4209.webp,$295.00,23K4209,True,3750
Cables,221692-B21 - Compaq 2m LC-LC Multi Mode Fibre Optic Cable,,https://pub-4ae70fe1d6cf4e5ea327e14b66c0ad8e.r2.dev/dtsupply-products/221692-B21.webp,$62.00,221692-B21,True,4496
Cables,23NVR-BLACK - Dell Display Port to DVI-D SL Adapter Cable,,https://pub-4ae70fe1d6cf4e5ea327e14b66c0ad8e.r2.dev/dtsupply-products/23NVR-BLACK.webp,$62.00,23NVR-BLACK,True,5845
Cables,221692-B22 - Compaq LC Duplex to LC Duplex Multi-mode Fibre Channel Cable (5-meter),,https://pub-4ae70fe1d6cf4e5ea327e14b66c0ad8e.r2.dev/dtsupply-products/221692-B22.webp,$62.00,221692-B22,True,4734
Cables,23NVR - Dell Display Port to DVI Adapter Cable (23-cm),,https://pub-4ae70fe1d6cf4e5ea327e14b66c0ad8e.r2.dev/dtsupply-products/23NVR.webp,$62.00,23NVR,True,978
Cables,23R1051 - IBM 8 Ft RJ-45 to 9-Pin Serial Cable,,https://cdn.cmshardware.com/images/Images/Products/23R1051.webp,$218.00,23R1051,True,6654
Cables,221692-B23 - Compaq Fibre Optic Short Wave Multi-mode Interface Cable 50/125 Micron LC-LC Connector 15m/49ft,,https://pub-4ae70fe1d6cf4e5ea327e14b66c0ad8e.r2.dev/dtsupply-products/221692-B23.webp,$62.00,221692-B23,True,4551
Cables,23R3164 - IBM RS-232 Interface Serial Cable,,https://pub-4ae70fe1d6cf4e5ea327e14b66c0ad8e.r2.dev/dtsupply-products/23R3164.webp,$62.00,23R3164,True,7513
Cables,221692-B26 - Compaq 30M LC to LC Fiber Optic Multimode Interface Cable,,https://pub-4ae70fe1d6cf4e5ea327e14b66c0ad8e.r2.dev/dtsupply-products/221692-B26.webp,$138.00,221692-B26,True,4124
Cables,23R3244 - IBM Tyco DB9-F to DB9-F 9-Pin Serial Cable,,https://pub-4ae70fe1d6cf4e5ea327e14b66c0ad8e.r2.dev/dtsupply-products/23R3244.webp,Get a Quote for price,23R3244,True,5448
Cables,221692-B27 - Compaq 50M LC to LC Multi Mode Fibre Channel Optic Cable Kit,,https://pub-4ae70fe1d6cf4e5ea327e14b66c0ad8e.r2.dev/dtsupply-products/221692-B27.webp,$148.00,221692-B27,True,5760
Cables,23R3593 - IBM 10m VHDCI to HD68 SCSI Cable,,https://cdn.cmshardware.com/images/Images/Products/23R3593.webp,$72.00,23R3593,True,6465
Cables,23R3594 - IBM 4.5m SCSI Cable to VHDCI/HD68,,https://cdn.cmshardware.com/images/Images/Products/23R3594.webp,$80.00,23R3594,True,6167
Cables,221763-001 - Compaq RILO Power Cable,,https://pub-4ae70fe1d6cf4e5ea327e14b66c0ad8e.r2.dev/dtsupply-products/221763-001.webp,$118.00,221763-001,True,7392
Cables,23R3717 - IBM Tyco-GD PICO-D-P 13-inch Internal Cable Assembly,,https://pub-4ae70fe1d6cf4e5ea327e14b66c0ad8e.r2.dev/dtsupply-products/23R3717.webp,$62.00,23R3717,True,5912
Cables,22200005100 - HP Power Cable Assembly for LeftHand NSM200,,https://pub-4ae70fe1d6cf4e5ea327e14b66c0ad8e.r2.dev/dtsupply-products/22200005100.webp,Get a Quote for price,22200005100,True,6882
Cables,23R3841 - IBM 2.5m 68 pin SCSI Cables VHDCI to HD68,,https://cdn.cmshardware.com/images/Images/Products/23R3841.webp,$328.00,23R3841,True,6234
Cables,23R6408 - IBM 0.4m HD68-M to HD68-M SCSI Cable,,https://pub-4ae70fe1d6cf4e5ea327e14b66c0ad8e.r2.dev/dtsupply-products/23R6408.webp,$188.00,23R6408,True,4677
Cables,223162-001 - HP 16 Pin Power Cable,,https://pub-4ae70fe1d6cf4e5ea327e14b66c0ad8e.r2.dev/dtsupply-products/223162-001.webp,$78.00,223162-001,True,1260
Cables,223162-003 - HP Power Cable For ProLiant 6000,,https://pub-4ae70fe1d6cf4e5ea327e14b66c0ad8e.r2.dev/dtsupply-products/223162-003.webp,$60.00,223162-003,True,2920
Cables,23R7136 - IBM Fibre Channel cable LC (M) LC (M) 5 m Fibre optic,,https://pub-4ae70fe1d6cf4e5ea327e14b66c0ad8e.r2.dev/dtsupply-products/23R7136.webp,Get a Quote for price,23R7136,True,4721
Cables,223162-008 - HP 24 Position AC Power Cable 17-inch for Prol6000/7000 Cage,,https://pub-4ae70fe1d6cf4e5ea327e14b66c0ad8e.r2.dev/dtsupply-products/223162-008.webp,$60.00,223162-008,True,3118
Cables,223162-009 - HP Power Cable 16.5-inch for Prol6000/7000 Cage,,https://pub-4ae70fe1d6cf4e5ea327e14b66c0ad8e.r2.dev/dtsupply-products/223162-009.webp,$60.00,223162-009,True,3119
Cables,23R7137 - IBM Fibre Channel Duplex Cable LC Male LC Male 42.65ft,,https://pub-4ae70fe1d6cf4e5ea327e14b66c0ad8e.r2.dev/dtsupply-products/23R7137.webp,$135.00,23R7137,True,7476
Cables,223162-010 - HP AE 20-Pin 9a Power Cable 19-inch for ProLiant DL585 G2 / G6 Server,,https://pub-4ae70fe1d6cf4e5ea327e14b66c0ad8e.r2.dev/dtsupply-products/223162-010.webp,$60.00,223162-010,True,3061
Cables,23R7138 - Lenovo 25M LC to LC Male Fibre Channel Cable,,https://pub-4ae70fe1d6cf4e5ea327e14b66c0ad8e.r2.dev/dtsupply-products/23R7138.webp,$95.00,23R7138,True,4707
Cables,23R8839 - IBM 5m 50um Optic Multi-Mode Fibre Cable for N7700 2866-A21,,https://pub-4ae70fe1d6cf4e5ea327e14b66c0ad8e.r2.dev/dtsupply-products/23R8839.webp,Get a Quote for price,23R8839,True,5547
Cables,223162-012 - HP 6-inch 10 Pin Internal Power Cable For ProLiant,,https://pub-4ae70fe1d6cf4e5ea327e14b66c0ad8e.r2.dev/dtsupply-products/223162-012.webp,$68.00,223162-012,True,1435
Cables,241793-001 - HP SCSI Cable for ProLiant DL585 Server,,https://pub-4ae70fe1d6cf4e5ea327e14b66c0ad8e.r2.dev/dtsupply-products/241793-001.webp,$55.00,241793-001,True,2998
Cables,223162-013 - HP 10-Pin Power Cable 15-inch for Prol6000/7000 Cage,,https://pub-4ae70fe1d6cf4e5ea327e14b66c0ad8e.r2.dev/dtsupply-products/223162-013.webp,$60.00,223162-013,True,3059
Cables,241793-003 - Compaq 30-POS 8-inch PCI Cable,,https://pub-4ae70fe1d6cf4e5ea327e14b66c0ad8e.r2.dev/dtsupply-products/241793-003.webp,$55.00,241793-003,True,4622
Cables,224386-001 - Compaq 3ft KVM Console Cable,,https://pub-4ae70fe1d6cf4e5ea327e14b66c0ad8e.r2.dev/dtsupply-products/224386-001.webp,$62.00,224386-001,True,4555
Cables,241793-005 - Compaq 10-Pin 15.3-inch PCI Cable,,https://pub-4ae70fe1d6cf4e5ea327e14b66c0ad8e.r2.dev/dtsupply-products/241793-005.webp,$65.00,241793-005,True,4621
Cables,224386-002 - HP 6ft KVM Cable,,https://pub-4ae70fe1d6cf4e5ea327e14b66c0ad8e.r2.dev/dtsupply-products/224386-002.webp,$62.00,224386-002,True,2730
Cables,241793-006 - HP 6-inch 40-Pin SCSI Cable,,https://pub-4ae70fe1d6cf4e5ea327e14b66c0ad8e.r2.dev/dtsupply-products/241793-006.webp,$62.00,241793-006,True,3226
Cables,224386-003 - HP 12ft KVM Cable,,https://pub-4ae70fe1d6cf4e5ea327e14b66c0ad8e.r2.dev/dtsupply-products/224386-003.webp,$88.00,224386-003,True,2731
Cables,241793-010 - HP 10-inch 30 Pin SCSI Cable for ProLiant ML350 G4 Server,,https://pub-4ae70fe1d6cf4e5ea327e14b66c0ad8e.r2.dev/dtsupply-products/241793-010.webp,$62.00,241793-010,True,3545
Cables,224386-004 - HP 20ft CPU to Switch Box KVM Console Cable,,https://pub-4ae70fe1d6cf4e5ea327e14b66c0ad8e.r2.dev/dtsupply-products/224386-004.webp,$95.00,224386-004,True,3128
Cables,242381-B21 - HP LVD Cable Kit,,https://pub-4ae70fe1d6cf4e5ea327e14b66c0ad8e.r2.dev/dtsupply-products/242381-B21.webp,$188.00,242381-B21,True,2139
Cables,224996-001 - HP 5-inch Power Cable For ProLiant ML370 G2 / G3,,https://pub-4ae70fe1d6cf4e5ea327e14b66c0ad8e.r2.dev/dtsupply-products/224996-001.webp,$80.00,224996-001,True,2253
Cables,242847-019 - HP IDE Cable,,https://pub-4ae70fe1d6cf4e5ea327e14b66c0ad8e.r2.dev/dtsupply-products/242847-019.webp,$62.00,242847-019,True,3140
Cables,224997-001 - HP ProLiant ML370 G3 Power Cable,,https://pub-4ae70fe1d6cf4e5ea327e14b66c0ad8e.r2.dev/dtsupply-products/224997-001.webp,$62.00,224997-001,True,6890
Cables,242867-001 - Compaq 3M Power Cord,,https://pub-4ae70fe1d6cf4e5ea327e14b66c0ad8e.r2.dev/dtsupply-products/242867-001.webp,$65.00,242867-001,True,4617
Cables,224998-001 - HP 5-inch Power Cable For ProLiant ML370 G2 / G3,,https://cdn.cmshardware.com/images/Images/Products/224998-001.webp,$125.00,224998-001,True,1751
Cables,242867-004 - HP 16A 1.2m C19-C20 Power Cord,,https://pub-4ae70fe1d6cf4e5ea327e14b66c0ad8e.r2.dev/dtsupply-products/242867-004.webp,$62.00,242867-004,True,2595
Cables,225537-001 - HP LED to SCSI Controller Signal Cable,,https://pub-4ae70fe1d6cf4e5ea327e14b66c0ad8e.r2.dev/dtsupply-products/225537-001.webp,$62.00,225537-001,True,2582
Cables,242867-005 - Compaq 2m C19 to C20 16A AC Power Cord,,https://pub-4ae70fe1d6cf4e5ea327e14b66c0ad8e.r2.dev/dtsupply-products/242867-005.webp,$62.00,242867-005,True,4209
Cables,225537-005 - HP LED Signal Cable For XW8200 Z600 Workstation,,https://pub-4ae70fe1d6cf4e5ea327e14b66c0ad8e.r2.dev/dtsupply-products/225537-005.webp,$62.00,225537-005,True,2758
Cables,242947-001 - Compaq 35cm IDE Hard Disk Cable for Deskpro 2000,,https://pub-4ae70fe1d6cf4e5ea327e14b66c0ad8e.r2.dev/dtsupply-products/242947-001.webp,$55.00,242947-001,True,4251
Cables,225537-009 - HP SAS LED Interface Cable & Z-Turbo LED Cable,,https://cdn.cmshardware.com/images/Images/Products/225537-009.webp,$62.00,225537-009,True,7777
Cables,242947-003 - Compaq 7-inch IDE Hard Drive/CD-ROM Cable,,https://pub-4ae70fe1d6cf4e5ea327e14b66c0ad8e.r2.dev/dtsupply-products/242947-003.webp,$55.00,242947-003,True,5957
Cables,22685 - Cables To Go 7FT Cat5e Non-Booted Unshielded-UTP Ethernet Cable Blue,,https://pub-4ae70fe1d6cf4e5ea327e14b66c0ad8e.r2.dev/dtsupply-products/22685.webp,$73.00,22685,True,4886
Cables,242947-009 - Compaq 19cm IDE Odd Data Cable for ProLiant 1850R,,https://pub-4ae70fe1d6cf4e5ea327e14b66c0ad8e.r2.dev/dtsupply-products/242947-009.webp,$55.00,242947-009,True,5969
Cables,227HP - Dell 8m External Mini SAS Cable,,https://pub-4ae70fe1d6cf4e5ea327e14b66c0ad8e.r2.dev/dtsupply-products/227HP.webp,$98.00,227HP,True,971
Cables,242947-018 - Compaq Hard Drive IDE Cable for ProLiant ML370 G1,,https://pub-4ae70fe1d6cf4e5ea327e14b66c0ad8e.r2.dev/dtsupply-products/242947-018.webp,$55.00,242947-018,True,4586
Cables,228517-001 - HP SCSI Cable Kit for ProLiant DL380 G2 Server,,https://pub-4ae70fe1d6cf4e5ea327e14b66c0ad8e.r2.dev/dtsupply-products/228517-001.webp,$148.00,228517-001,True,2138
Cables,242947-019 - Compaq 40-Pin IDE Cable for ProLiant ML370 Server,,https://pub-4ae70fe1d6cf4e5ea327e14b66c0ad8e.r2.dev/dtsupply-products/242947-019.webp,$55.00,242947-019,True,4585
Cables,228518-001 - Compaq Signal Cable Kit for ProLiant DL380 G3 Server,,https://pub-4ae70fe1d6cf4e5ea327e14b66c0ad8e.r2.dev/dtsupply-products/228518-001.webp,$172.00,228518-001,True,4145
Cables,243026-002 - Compaq 3-Device 18-inch IDE Cable,,https://pub-4ae70fe1d6cf4e5ea327e14b66c0ad8e.r2.dev/dtsupply-products/243026-002.webp,$50.00,243026-002,True,5926
Cables,228519-001 - Compaq 16-Pin to 30-Pin Ribbon Cable for ProLiant DL380,,https://pub-4ae70fe1d6cf4e5ea327e14b66c0ad8e.r2.dev/dtsupply-products/228519-001.webp,$148.00,228519-001,True,7371
Cables,243670-001 - HP Signal Cable Kit for ProLiant ML570 G2 Server,,https://pub-4ae70fe1d6cf4e5ea327e14b66c0ad8e.r2.dev/dtsupply-products/243670-001.webp,$148.00,243670-001,True,2608
Cables,22GEF - Dell 2.5cm Slim CD-ROM Ribbon Cable for PowerEdge 1550,,https://cdn.cmshardware.com/images/Images/Products/22GEF.webp,$62.00,22GEF,True,500
Cables,244168-002 - Compaq Tower Solenoid Lock Cable,,https://pub-4ae70fe1d6cf4e5ea327e14b66c0ad8e.r2.dev/dtsupply-products/244168-002.webp,$55.00,244168-002,True,7384
Cables,22P1187 - IBM Internal USB Cable for NetVista 6350 Desktop,,https://pub-4ae70fe1d6cf4e5ea327e14b66c0ad8e.r2.dev/dtsupply-products/22P1187.webp,$70.00,22P1187,True,7404
Cables,245151-002 - Compaq 12-inch Front Panel USB Cable for Evo D510 Desktop,,https://pub-4ae70fe1d6cf4e5ea327e14b66c0ad8e.r2.dev/dtsupply-products/245151-002.webp,$50.00,245151-002,True,7412
Cables,22R0210 - IBM PPS-2 to Fan Sense 2 Cable,,https://pub-4ae70fe1d6cf4e5ea327e14b66c0ad8e.r2.dev/dtsupply-products/22R0210.webp,$118.00,22R0210,True,7262
Cables,245152-001 - Compaq 9-P to 9-P Audio Cable for Workstation XW6000,,https://pub-4ae70fe1d6cf4e5ea327e14b66c0ad8e.r2.dev/dtsupply-products/245152-001.webp,$55.00,245152-001,True,4237
Cables,22R0488 - IBM 31M 9 Micron LC Single Mode (F) LC Single Mode (M) Fibre Optic Cable,,https://pub-4ae70fe1d6cf4e5ea327e14b66c0ad8e.r2.dev/dtsupply-products/22R0488.webp,Get a Quote for price,22R0488,True,7720
Cables,24542G - HP 3m DB25 Male to DB9 Female RS-232 Serial Cable for DesignJet 600 printer,,https://pub-4ae70fe1d6cf4e5ea327e14b66c0ad8e.r2.dev/dtsupply-products/24542G.webp,Get a Quote for price,24542G,True,1836
Cables,22R0489 - IBM Fiber Optic Cable LC Female S-Video SC Male 6.6ft,,https://pub-4ae70fe1d6cf4e5ea327e14b66c0ad8e.r2.dev/dtsupply-products/22R0489.webp,$48.00,22R0489,True,7442
Cables,2457-40124-001 - Polycom 25ft Shielded POE LAN Cable for IP Conference,,https://cdn.cmshardware.com/images/Images/Products/2457-40124-001.webp,$75.00,2457-40124-001,True,6612
Cables,22R5216 - IBM 1.0M SPCN Cable For DS8800 Storage System,,https://cdn.cmshardware.com/images/Images/Products/22R5216.webp,$55.00,22R5216,True,3737
Cables,2457-40305-003PLE - Polycom 7Ft LAN Patch RJ-45 Ethernet Network Cable,,https://cdn.cmshardware.com/images/Images/Products/2457-40305-003PLE.webp,$115.00,2457-40305-003PLE,True,6332
Cables,22R5239 - IBM 3-Meters Drawer To Drawer SPCN Power Control Cable,,https://pub-4ae70fe1d6cf4e5ea327e14b66c0ad8e.r2.dev/dtsupply-products/22R5239.webp,$62.00,22R5239,True,5804
Cables,2457-40305-003 - Polycom 8FT CAT5e Network Cable,,https://pub-4ae70fe1d6cf4e5ea327e14b66c0ad8e.r2.dev/dtsupply-products/2457-40305-003.webp,$192.00,2457-40305-003,True,4773
Cables,22R5257 - IBM 2-Feet Fibre Channel Cable Pair for DS8000 Series,,https://pub-4ae70fe1d6cf4e5ea327e14b66c0ad8e.r2.dev/dtsupply-products/22R5257.webp,Get a Quote for price,22R5257,True,4718
Cables,22R5259 - IBM Fibre Channel Cable Set for DS8000,,https://pub-4ae70fe1d6cf4e5ea327e14b66c0ad8e.r2.dev/dtsupply-products/22R5259.webp,Get a Quote for price,22R5259,True,4719
Cables,2457-65015-003 - Polycom 9.84 ft Video Cable,,https://pub-4ae70fe1d6cf4e5ea327e14b66c0ad8e.r2.dev/dtsupply-products/2457-65015-003.webp,$105.00,2457-65015-003,True,4795
Cables,22R5264 - IBM Fibre Channel Cable Set for DS8000,,https://pub-4ae70fe1d6cf4e5ea327e14b66c0ad8e.r2.dev/dtsupply-products/22R5264.webp,Get a Quote for price,22R5264,True,4720
Cables,246731-001 - Compaq MSL Pass Through Cable,,https://pub-4ae70fe1d6cf4e5ea327e14b66c0ad8e.r2.dev/dtsupply-products/246731-001.webp,$268.00,246731-001,True,7370
Cables,22R5744 - IBM Power Supply Primary Cable 1 to Fan Sense B,,https://pub-4ae70fe1d6cf4e5ea327e14b66c0ad8e.r2.dev/dtsupply-products/22R5744.webp,$245.00,22R5744,True,7204
Cables,22VTY - Dell Mini SAS FW 500MM Cable,,https://pub-4ae70fe1d6cf4e5ea327e14b66c0ad8e.r2.dev/dtsupply-products/22VTY.webp,Get a Quote for price,22VTY,True,723
Cables,246959-001 - Compaq 1.8m 3-Wire Power Cord for Armada e500 Notebook,,https://pub-4ae70fe1d6cf4e5ea327e14b66c0ad8e.r2.dev/dtsupply-products/246959-001.webp,$62.00,246959-001,True,4482
Cables,230436-B21 - HP 3-Meter 9-Pin Female To TP RJ-45 Server SAN Switch Serial Cable Assembly Kit,,https://pub-4ae70fe1d6cf4e5ea327e14b66c0ad8e.r2.dev/dtsupply-products/230436-B21.webp,$72.00,230436-B21,True,3213
Cables,249245-004 - Compaq 144-inch Serial Interface Cable,,https://pub-4ae70fe1d6cf4e5ea327e14b66c0ad8e.r2.dev/dtsupply-products/249245-004.webp,Get a Quote for price,249245-004,True,4630
Cables,230987-001 - HP Power Cable Kit For ProLiant ML370 G5 Server,,https://pub-4ae70fe1d6cf4e5ea327e14b66c0ad8e.r2.dev/dtsupply-products/230987-001.webp,$215.00,230987-001,True,7897
Cables,249931-001 - HP LVD SCSI Cable,,https://pub-4ae70fe1d6cf4e5ea327e14b66c0ad8e.r2.dev/dtsupply-products/249931-001.webp,$55.00,249931-001,True,2999
Cables,230988-001 - Compaq Data Cable Kit for ProLiant ML370 G2 Server,,https://pub-4ae70fe1d6cf4e5ea327e14b66c0ad8e.r2.dev/dtsupply-products/230988-001.webp,$225.00,230988-001,True,7372
Cables,24P0851 - IBM 65cm ATA HDD Hard Drive 40-Pin IDC 2-Connector 80-Wire Ribbon Cable foo xSeries 325 / 326,,https://cdn.cmshardware.com/images/Images/Products/24P0851.webp,$62.00,24P0851,True,6385
Cables,231687-001 - HP 0.25M VHDCI SCSI Cable,,https://pub-4ae70fe1d6cf4e5ea327e14b66c0ad8e.r2.dev/dtsupply-products/231687-001.webp,Get a Quote for price,231687-001,True,3542
Cables,24P0853 - IBM Switch and USB Cable For eServer 335,,https://cdn.cmshardware.com/images/Images/Products/24P0853.webp,$78.00,24P0853,True,3856
Cables,24P0867 - IBM CD-ROM Drive Power Cable for xSeries 325 / 326,,https://cdn.cmshardware.com/images/Images/Products/24P0867.webp,$62.00,24P0867,True,6189
Cables,24P1054 - IBM CD/FDD Media Power Cable For X-Series,,https://cdn.cmshardware.com/images/Images/Products/24P1054.webp,$65.00,24P1054,True,3857
Cables,231687-002 - HP 5.0M VHDCI SCSI Cable,,https://pub-4ae70fe1d6cf4e5ea327e14b66c0ad8e.r2.dev/dtsupply-products/231687-002.webp,Get a Quote for price,231687-002,True,3543
Cables,24P7847 - IBM Cat5e Ethernet Cable,,https://pub-4ae70fe1d6cf4e5ea327e14b66c0ad8e.r2.dev/dtsupply-products/24P7847.webp,Get a Quote for price,24P7847,True,5436
Cables,232109-001 - HP 24-Pin Power Backplane Cable For ProLiant ML530 Server,,https://pub-4ae70fe1d6cf4e5ea327e14b66c0ad8e.r2.dev/dtsupply-products/232109-001.webp,$62.00,232109-001,True,3267
Cables,232110-001A - HP Power Cable For ProLiant ML530 G2,,https://cdn.cmshardware.com/images/Images/Products/232110-001A.webp,$78.00,232110-001A,True,1268
Cables,24P7854 - IBM CAT5E Cable Intra Rack 2m,,https://pub-4ae70fe1d6cf4e5ea327e14b66c0ad8e.r2.dev/dtsupply-products/24P7854.webp,Get a Quote for price,24P7854,True,7063
Cables,24P7972 - IBM SCSI External Connector Cable for Ultra320,,https://cdn.cmshardware.com/images/Images/Products/24P7972.webp,$62.00,24P7972,True,6160
Cables,232112-001 - Compaq SCSI with External VHDCI Cable for ML570 Server,,https://pub-4ae70fe1d6cf4e5ea327e14b66c0ad8e.r2.dev/dtsupply-products/232112-001.webp,$88.00,232112-001,True,4235
Cables,2500.072 - 3rd Party 6ft 18 AWG NEMA 5-15P to C13 Power Cord,,https://cdn.cmshardware.com/images/Images/Products/2500.072.webp,Get a Quote for price,2500.072,True,4477
Cables,233106-001 - HP AC Power Cable For ProLiant DL580 Server,,https://pub-4ae70fe1d6cf4e5ea327e14b66c0ad8e.r2.dev/dtsupply-products/233106-001.webp,$55.00,233106-001,True,3108
Cables,250084-00 - Extreme Networks 0.5m Stacking Cable,,https://pub-4ae70fe1d6cf4e5ea327e14b66c0ad8e.r2.dev/dtsupply-products/250084-00.webp,$95.00,250084-00,True,4964
Cables,233106-002 - HP Power Cable For ProLiant DL580 Server,,https://pub-4ae70fe1d6cf4e5ea327e14b66c0ad8e.r2.dev/dtsupply-products/233106-002.webp,$62.00,233106-002,True,2569
Cables,250085-00 - Extreme Networks 1.5m Stacking Cable,,https://cdn.cmshardware.com/images/Images/Products/250085-00.webp,$80.00,250085-00,True,6725
Cables,233763-001 - Compaq 16Pin to 30Pin RILOE Interface Cable For ProLiant,,https://pub-4ae70fe1d6cf4e5ea327e14b66c0ad8e.r2.dev/dtsupply-products/233763-001.webp,$62.00,233763-001,True,4144
Cables,250989-001 - HP Floppy Drive / CD-ROM Power Cable,,https://pub-4ae70fe1d6cf4e5ea327e14b66c0ad8e.r2.dev/dtsupply-products/250989-001.webp,$55.00,250989-001,True,2979
Cables,233TD - Dell 4DROP Mini SAS SATA Cable for T110,,https://cdn.cmshardware.com/images/Images/Products/233TD.webp,$178.00,233TD,True,1212
Cables,251467-001 - Compaq Signal Insert Backplane Cable,,https://pub-4ae70fe1d6cf4e5ea327e14b66c0ad8e.r2.dev/dtsupply-products/251467-001.webp,$62.00,251467-001,True,4623
Cables,234451-002 - Compaq Sc Sc Fibre Channel Cable 2 Meter Duplex,,https://pub-4ae70fe1d6cf4e5ea327e14b66c0ad8e.r2.dev/dtsupply-products/234451-002.webp,$62.00,234451-002,True,3428
Cables,251469-001 - Compaq 5-inch 22-Pin Interconnect Cable for ProLiant BL20P,,https://pub-4ae70fe1d6cf4e5ea327e14b66c0ad8e.r2.dev/dtsupply-products/251469-001.webp,$62.00,251469-001,True,4563
Cables,234451-005 - Compaq 5m SC to SC Fibre Channel Cable,,https://pub-4ae70fe1d6cf4e5ea327e14b66c0ad8e.r2.dev/dtsupply-products/234451-005.webp,$62.00,234451-005,True,4167
Cables,251470-001 - Compaq 12-inch RJ45 Network Cable,,https://pub-4ae70fe1d6cf4e5ea327e14b66c0ad8e.r2.dev/dtsupply-products/251470-001.webp,$62.00,251470-001,True,4552
Cables,234451-015 - HP 15m Fibre Channel Cable,,https://cdn.cmshardware.com/images/Images/Products/234451-015.webp,$62.00,234451-015,True,3399
Cables,25-16458-20 - Symbol 9 ft Coiled Synapse Adapter Cable,,https://cdn.cmshardware.com/images/Images/Products/25-16458-20.webp,$78.00,25-16458-20,True,3858
Cables,234457-B21 - Compaq 2m Sc to Sc Fibre Optic Cable,,https://pub-4ae70fe1d6cf4e5ea327e14b66c0ad8e.r2.dev/dtsupply-products/234457-B21.webp,$118.00,234457-B21,True,4574
Cables,254139-001 - HP Power Cord Adapter Cable,,https://pub-4ae70fe1d6cf4e5ea327e14b66c0ad8e.r2.dev/dtsupply-products/254139-001.webp,$62.00,254139-001,True,1661
Cables,234457-B22 - Compaq 5m SW SC to SC Fibre Channel Cable,,https://pub-4ae70fe1d6cf4e5ea327e14b66c0ad8e.r2.dev/dtsupply-products/234457-B22.webp,$62.00,234457-B22,True,4166
Cables,2541D - Dell I/O Cable with Interface Card for PowerEdge 8450 Server,,https://pub-4ae70fe1d6cf4e5ea327e14b66c0ad8e.r2.dev/dtsupply-products/2541D.webp,$68.00,2541D,True,937
Cables,234457-B23 - Compaq 15M SC to SC Multi-Mode Duplex Fibre Optic Cable,,https://pub-4ae70fe1d6cf4e5ea327e14b66c0ad8e.r2.dev/dtsupply-products/234457-B23.webp,$115.00,234457-B23,True,5807
Cables,255135-001 - HP Power Cable 10-ft for Armada Notebook 1500C / 1750 / 3500,,https://pub-4ae70fe1d6cf4e5ea327e14b66c0ad8e.r2.dev/dtsupply-products/255135-001.webp,$62.00,255135-001,True,1662
Cables,255440-001 - Compaq Front Panel Audio Cable for Workstation XW4000,,https://pub-4ae70fe1d6cf4e5ea327e14b66c0ad8e.r2.dev/dtsupply-products/255440-001.webp,$62.00,255440-001,True,7393
Cables,234457-B25 - HP 50m Multi-Mode Fibre Channel Cable for ProLiant DL320,,https://pub-4ae70fe1d6cf4e5ea327e14b66c0ad8e.r2.dev/dtsupply-products/234457-B25.webp,Get a Quote for price,234457-B25,True,3429
Cables,25545 - Cables To Go 6ft 16 AWG NEMA 5-15P to IEC320C13 Cord,,https://cdn.cmshardware.com/images/Images/Products/25545.webp,Get a Quote for price,25545,True,4022
Cables,235097-001 - Compaq V.90 PCI 56K Modem,,https://pub-4ae70fe1d6cf4e5ea327e14b66c0ad8e.r2.dev/dtsupply-products/235097-001.webp,$72.00,235097-001,True,4631
Cables,255709-001 - HP Power Button Switch Cable for ML330,,https://pub-4ae70fe1d6cf4e5ea327e14b66c0ad8e.r2.dev/dtsupply-products/255709-001.webp,$85.00,255709-001,True,3504
Cables,235183-003 - HP Cable,,https://pub-4ae70fe1d6cf4e5ea327e14b66c0ad8e.r2.dev/dtsupply-products/235183-003.webp,$62.00,235183-003,True,427
Cables,25-68596-01R - Zebra USB client communication cable 2 m Black USB cable ,,https://pub-4ae70fe1d6cf4e5ea327e14b66c0ad8e.r2.dev/dtsupply-products/25-68596-01R.webp,$68.00,25-68596-01R,True,4838
Cables,235603-001 - HP 12Ft 125V 15A Standard Power Cable,,https://pub-4ae70fe1d6cf4e5ea327e14b66c0ad8e.r2.dev/dtsupply-products/235603-001.webp,$75.00,235603-001,True,3508
Cables,257047-001 - Compaq 14-inch IDE Ultra ATA Hard Drive/CD-ROM Cable for Evo /W4000 /D500 /D510 /D300v Business PC,,https://pub-4ae70fe1d6cf4e5ea327e14b66c0ad8e.r2.dev/dtsupply-products/257047-001.webp,$62.00,257047-001,True,4573
Cables,235604-001 - HP 20A 250V Nema 6-20P/IEC320-C19 Power Cord,,https://pub-4ae70fe1d6cf4e5ea327e14b66c0ad8e.r2.dev/dtsupply-products/235604-001.webp,$65.00,235604-001,True,3510
Cables,257048-001 - Compaq IDE Ultra ATA Hard Drive/CD-ROM Cable,,https://pub-4ae70fe1d6cf4e5ea327e14b66c0ad8e.r2.dev/dtsupply-products/257048-001.webp,$62.00,257048-001,True,4131
Cables,23844-00-00R - Zebra AC Power Cable Black,,https://pub-4ae70fe1d6cf4e5ea327e14b66c0ad8e.r2.dev/dtsupply-products/23844-00-00R.webp,$62.00,23844-00-00R,True,3958
Cables,257309-001 - HP Floppy Drive Signal Cable,,https://pub-4ae70fe1d6cf4e5ea327e14b66c0ad8e.r2.dev/dtsupply-products/257309-001.webp,$62.00,257309-001,True,3228
Cables,23901-7 - Comtrol Rocketport 8 x Ports DB9M Octa Cable,,https://cdn.cmshardware.com/images/Images/Products/23901-7.webp,$245.00,23901-7,True,6523
Cables,259491-001 - Compaq RJ-21 To RJ-45 Cable for Patch Panel Interconnect,,https://pub-4ae70fe1d6cf4e5ea327e14b66c0ad8e.r2.dev/dtsupply-products/259491-001.webp,$232.00,259491-001,True,5713
Cables,239074-004 - HP D530 SFF Desktop Power Button Switch Cable,,https://pub-4ae70fe1d6cf4e5ea327e14b66c0ad8e.r2.dev/dtsupply-products/239074-004.webp,$55.00,239074-004,True,3060
Cables,259992-001 - HP MSA1000 DB9-RJ45 2.4M Serial Interface Cable,,https://pub-4ae70fe1d6cf4e5ea327e14b66c0ad8e.r2.dev/dtsupply-products/259992-001.webp,$100.00,259992-001,True,2170
Cables,25K9610 - IBM SAS Signal Cable for System x3850,,https://cdn.cmshardware.com/images/Images/Products/25K9610.webp,$62.00,25K9610,True,6191
Cables,239074-005 - HP D530 Cmt Computer Power Button LED Cable,,https://pub-4ae70fe1d6cf4e5ea327e14b66c0ad8e.r2.dev/dtsupply-products/239074-005.webp,$55.00,239074-005,True,3012
Cables,25K9622 - IBM SAS Backplane Power Cable for XSeries X366,,https://cdn.cmshardware.com/images/Images/Products/25K9622.webp,$62.00,25K9622,True,6222
Cables,239124-B21 - Compaq Dual Port Internal PCI Modem Card,,https://pub-4ae70fe1d6cf4e5ea327e14b66c0ad8e.r2.dev/dtsupply-products/239124-B21.webp,$72.00,239124-B21,True,4605
Cables,23951-01 - Comtrol Rocketport Quad 4 x Ports DB25M Cable,,https://cdn.cmshardware.com/images/Images/Products/23951-01.webp,$125.00,23951-01,True,6525
Cables,25K9626 - IBM CD/DVD Signal Cable for System x3850,,https://pub-4ae70fe1d6cf4e5ea327e14b66c0ad8e.r2.dev/dtsupply-products/25K9626.webp,$72.00,25K9626,True,7344
Cables,23955-1 - Comtrol Rocketport Quad 4 x Ports DB9M Cable,,https://cdn.cmshardware.com/images/Images/Products/23955-1.webp,$188.00,23955-1,True,6521
Cables,23955-A - Comtrol Rocketport Quad 4 x Ports DB9M Cable,,https://cdn.cmshardware.com/images/Images/Products/23955-A.webp,$188.00,23955-A,True,6526
Cables,239887-001 - Compaq Dial Up PCI V.90 Modem Card for Presario 8000T,,https://pub-4ae70fe1d6cf4e5ea327e14b66c0ad8e.r2.dev/dtsupply-products/239887-001.webp,Get a Quote for price,239887-001,True,5446
Cables,25-MCXUSB-01R - Zebra 25-MCXUSB-01R USB 2.0 USB A Black USB cable ,,https://pub-4ae70fe1d6cf4e5ea327e14b66c0ad8e.r2.dev/dtsupply-products/25-MCXUSB-01R.webp,$62.00,25-MCXUSB-01R,True,4823
Cables,25R0048 - IBM Media SCSI Cable for Ultra320,,https://cdn.cmshardware.com/images/Images/Products/25R0048.webp,$72.00,25R0048,True,6212
Cables,239887-004 - Compaq 56Kb/s PCI Modem Card for Presario 5421sr,,https://pub-4ae70fe1d6cf4e5ea327e14b66c0ad8e.r2.dev/dtsupply-products/239887-004.webp,$72.00,239887-004,True,4633
Cables,25R5160 - IBM FDD Floppy Drive Ribbon Cable For eServer xSeries 346,,https://cdn.cmshardware.com/images/Images/Products/25R5160.webp,$78.00,25R5160,True,3859
Cables,23K1737 - IBM 3M (VLH) Direct Attach Copper SFP Cable,,https://pub-4ae70fe1d6cf4e5ea327e14b66c0ad8e.r2.dev/dtsupply-products/23K1737.webp,$190.00,23K1737,True,7436
Cables,25R5161 - IBM IDE Cable 1 Drop for eServer xSeries 346,,https://cdn.cmshardware.com/images/Images/Products/25R5161.webp,$55.00,25R5161,True,6132
Cables,25R5162 - IBM SCSI Backplane Power Cable For xSeries 346,,https://cdn.cmshardware.com/images/Images/Products/25R5162.webp,$78.00,25R5162,True,3854
Cables,23K4209 - IBM 20-Pin Mini ATX To 2x 15-Pin ATA Connector Power Cable,,https://pub-4ae70fe1d6cf4e5ea327e14b66c0ad8e.r2.dev/dtsupply-products/23K4209.webp,$295.00,23K4209,True,3750
Cables,25R5163 - IBM SCSI Backplane Power Cable for xSeries 346,,https://cdn.cmshardware.com/images/Images/Products/25R5163.webp,$55.00,25R5163,True,6116
Cables,23NVR-BLACK - Dell Display Port to DVI-D SL Adapter Cable,,https://pub-4ae70fe1d6cf4e5ea327e14b66c0ad8e.r2.dev/dtsupply-products/23NVR-BLACK.webp,$62.00,23NVR-BLACK,True,5845
Cables,25R5634 - IBM 24-inch SATA Cable for System X3100 M4,,https://cdn.cmshardware.com/images/Images/Products/25R5634.webp,$85.00,25R5634,True,6118
Cables,25R5635 - IBM 24-inch Signal SATA Cable for M4 X3100,,https://cdn.cmshardware.com/images/Images/Products/25R5635.webp,$62.00,25R5635,True,6220
Cables,23NVR - Dell Display Port to DVI Adapter Cable (23-cm),,https://pub-4ae70fe1d6cf4e5ea327e14b66c0ad8e.r2.dev/dtsupply-products/23NVR.webp,$62.00,23NVR,True,978
Cables,25R5812 - IBM 4.3M Dual 32A AS/NZS 3112 / 16A IEC 320-C20 Cable,,https://pub-4ae70fe1d6cf4e5ea327e14b66c0ad8e.r2.dev/dtsupply-products/25R5812.webp,$162.00,25R5812,True,3717
Cables,23R1051 - IBM 8 Ft RJ-45 to 9-Pin Serial Cable,,https://cdn.cmshardware.com/images/Images/Products/23R1051.webp,$218.00,23R1051,True,6654
Cables,25R8849 - IBM Power Cable Harness For System x3200 M2,,https://cdn.cmshardware.com/images/Images/Products/25R8849.webp,$78.00,25R8849,True,3855
Cables,23R3164 - IBM RS-232 Interface Serial Cable,,https://pub-4ae70fe1d6cf4e5ea327e14b66c0ad8e.r2.dev/dtsupply-products/23R3164.webp,$62.00,23R3164,True,7513
Cables,25R9045 - IBM DMS59 to Dual VGA Video Cable,,https://pub-4ae70fe1d6cf4e5ea327e14b66c0ad8e.r2.dev/dtsupply-products/25R9045.webp,$65.00,25R9045,True,5822
Cables,23R3244 - IBM Tyco DB9-F to DB9-F 9-Pin Serial Cable,,https://pub-4ae70fe1d6cf4e5ea327e14b66c0ad8e.r2.dev/dtsupply-products/23R3244.webp,Get a Quote for price,23R3244,True,5448
Cables,260626-B21 - Compaq 2 Device Hard Drive/CD-ROM EIDE Cable for EVO,,https://pub-4ae70fe1d6cf4e5ea327e14b66c0ad8e.r2.dev/dtsupply-products/260626-B21.webp,$138.00,260626-B21,True,4137
Cables,23R3593 - IBM 10m VHDCI to HD68 SCSI Cable,,https://cdn.cmshardware.com/images/Images/Products/23R3593.webp,$72.00,23R3593,True,6465
Cables,262588-B21 - HP PS/2 RJ-45 KVM IP Console Interface Adapter Cable,,https://cdn.cmshardware.com/images/Images/Products/262588-B21.webp,$62.00,262588-B21,True,2617
Cables,23R3594 - IBM 4.5m SCSI Cable to VHDCI/HD68,,https://cdn.cmshardware.com/images/Images/Products/23R3594.webp,$80.00,23R3594,True,6167
Cables,262695-001 - Compaq Battery Back-Up Cable for ProLiant DL580 G2,,https://pub-4ae70fe1d6cf4e5ea327e14b66c0ad8e.r2.dev/dtsupply-products/262695-001.webp,$62.00,262695-001,True,4520
Cables,23R3717 - IBM Tyco-GD PICO-D-P 13-inch Internal Cable Assembly,,https://pub-4ae70fe1d6cf4e5ea327e14b66c0ad8e.r2.dev/dtsupply-products/23R3717.webp,$62.00,23R3717,True,5912
Cables,262695-004 - Compaq 5.5-inch Battery Cable For Smart Array,,https://pub-4ae70fe1d6cf4e5ea327e14b66c0ad8e.r2.dev/dtsupply-products/262695-004.webp,$55.00,262695-004,True,4236
Cables,23R3841 - IBM 2.5m 68 pin SCSI Cables VHDCI to HD68,,https://cdn.cmshardware.com/images/Images/Products/23R3841.webp,$328.00,23R3841,True,6234
Cables,262695-005 - Compaq Raid Battery Cable for Proliant DL360 G3 Server,,https://pub-4ae70fe1d6cf4e5ea327e14b66c0ad8e.r2.dev/dtsupply-products/262695-005.webp,$55.00,262695-005,True,5952
Cables,23R6408 - IBM 0.4m HD68-M to HD68-M SCSI Cable,,https://pub-4ae70fe1d6cf4e5ea327e14b66c0ad8e.r2.dev/dtsupply-products/23R6408.webp,$188.00,23R6408,True,4677
Cables,262695-006 - Compaq Interface Cable For Smart Array 5i,,https://pub-4ae70fe1d6cf4e5ea327e14b66c0ad8e.r2.dev/dtsupply-products/262695-006.webp,$62.00,262695-006,True,4223
Cables,23R7136 - IBM Fibre Channel cable LC (M) LC (M) 5 m Fibre optic,,https://pub-4ae70fe1d6cf4e5ea327e14b66c0ad8e.r2.dev/dtsupply-products/23R7136.webp,Get a Quote for price,23R7136,True,4721
Cables,262793-001 - HP 9-Pin Serial Cable,,https://pub-4ae70fe1d6cf4e5ea327e14b66c0ad8e.r2.dev/dtsupply-products/262793-001.webp,$72.00,262793-001,True,3210
Cables,23R7137 - IBM Fibre Channel Duplex Cable LC Male LC Male 42.65ft,,https://pub-4ae70fe1d6cf4e5ea327e14b66c0ad8e.r2.dev/dtsupply-products/23R7137.webp,$135.00,23R7137,True,7476
Cables,23R7138 - Lenovo 25M LC to LC Male Fibre Channel Cable,,https://pub-4ae70fe1d6cf4e5ea327e14b66c0ad8e.r2.dev/dtsupply-products/23R7138.webp,$95.00,23R7138,True,4707
Cables,263474-B21 - HP 3ft RJ-45 to RJ-45 4-Pack Network Cable,,https://pub-4ae70fe1d6cf4e5ea327e14b66c0ad8e.r2.dev/dtsupply-products/263474-B21.webp,$70.00,263474-B21,True,1752
Cables,23R8839 - IBM 5m 50um Optic Multi-Mode Fibre Cable for N7700 2866-A21,,https://pub-4ae70fe1d6cf4e5ea327e14b66c0ad8e.r2.dev/dtsupply-products/23R8839.webp,Get a Quote for price,23R8839,True,5547
Cables,241793-001 - HP SCSI Cable for ProLiant DL585 Server,,https://pub-4ae70fe1d6cf4e5ea327e14b66c0ad8e.r2.dev/dtsupply-products/241793-001.webp,$55.00,241793-001,True,2998
Cables,263474-B22 - Compaq 8-Pack 6Ft Cat-5 Patch Cables,,https://pub-4ae70fe1d6cf4e5ea327e14b66c0ad8e.r2.dev/dtsupply-products/263474-B22.webp,$70.00,263474-B22,True,274
Cables,241793-003 - Compaq 30-POS 8-inch PCI Cable,,https://pub-4ae70fe1d6cf4e5ea327e14b66c0ad8e.r2.dev/dtsupply-products/241793-003.webp,$55.00,241793-003,True,4622
Cables,263474-B23 - Compaq 12Ft (M)to(M) RJ-45 Cat5 KVM Console Cable,,https://pub-4ae70fe1d6cf4e5ea327e14b66c0ad8e.r2.dev/dtsupply-products/263474-B23.webp,$105.00,263474-B23,True,4270
Cables,241793-005 - Compaq 10-Pin 15.3-inch PCI Cable,,https://pub-4ae70fe1d6cf4e5ea327e14b66c0ad8e.r2.dev/dtsupply-products/241793-005.webp,$65.00,241793-005,True,4621
Cables,241793-006 - HP 6-inch 40-Pin SCSI Cable,,https://pub-4ae70fe1d6cf4e5ea327e14b66c0ad8e.r2.dev/dtsupply-products/241793-006.webp,$62.00,241793-006,True,3226
Cables,263474-B24 - HP 20ft RJ-45 to RJ-45 4-Pack Network Cable,,https://pub-4ae70fe1d6cf4e5ea327e14b66c0ad8e.r2.dev/dtsupply-products/263474-B24.webp,$72.00,263474-B24,True,2776
Cables,241793-010 - HP 10-inch 30 Pin SCSI Cable for ProLiant ML350 G4 Server,,https://pub-4ae70fe1d6cf4e5ea327e14b66c0ad8e.r2.dev/dtsupply-products/241793-010.webp,$62.00,241793-010,True,3545
Cables,263894-002 - Compaq 2M LC/SC Fibre Optic Network Cable,,https://pub-4ae70fe1d6cf4e5ea327e14b66c0ad8e.r2.dev/dtsupply-products/263894-002.webp,$72.00,263894-002,True,5399
Cables,242381-B21 - HP LVD Cable Kit,,https://pub-4ae70fe1d6cf4e5ea327e14b66c0ad8e.r2.dev/dtsupply-products/242381-B21.webp,$188.00,242381-B21,True,2139
Cables,242847-019 - HP IDE Cable,,https://pub-4ae70fe1d6cf4e5ea327e14b66c0ad8e.r2.dev/dtsupply-products/242847-019.webp,$62.00,242847-019,True,3140
f4e5ea327e14b66c0ad8e.r2.dev/dtsupply-products/263894-003.webp,Get a Quote for price,263894-003,True,4494
Cables,242867-001 - Compaq 3M Power Cord,,https://pub-4ae70fe1d6cf4e5ea327e14b66c0ad8e.r2.dev/dtsupply-products/242867-001.webp,$65.00,242867-001,True,4617
Cables,263894-005 - Compaq 30m (98ft)fiber-optic Short Wave Multimode Interface Cable,,https://pub-4ae70fe1d6cf4e5ea327e14b66c0ad8e.r2.dev/dtsupply-products/263894-005.webp,$58.00,263894-005,True,4485
Cables,242867-004 - HP 16A 1.2m C19-C20 Power Cord,,https://pub-4ae70fe1d6cf4e5ea327e14b66c0ad8e.r2.dev/dtsupply-products/242867-004.webp,$62.00,242867-004,True,2595
Cables,263895-002 - Compaq 2m LC-LC Multi Mode Fibre Optic Cable,,https://pub-4ae70fe1d6cf4e5ea327e14b66c0ad8e.r2.dev/dtsupply-products/263895-002.webp,$62.00,263895-002,True,4497
Cables,242867-005 - Compaq 2m C19 to C20 16A AC Power Cord,,https://pub-4ae70fe1d6cf4e5ea327e14b66c0ad8e.r2.dev/dtsupply-products/242867-005.webp,$62.00,242867-005,True,4209
Cables,263895-003 - Compaq 5m Fiber-Optic Short Wave Multi-Mode Cable,,https://pub-4ae70fe1d6cf4e5ea327e14b66c0ad8e.r2.dev/dtsupply-products/263895-003.webp,$102.00,263895-003,True,4254
Cables,242947-001 - Compaq 35cm IDE Hard Disk Cable for Deskpro 2000,,https://pub-4ae70fe1d6cf4e5ea327e14b66c0ad8e.r2.dev/dtsupply-products/242947-001.webp,$55.00,242947-001,True,4251
Cables,263895-004 - Compaq 15m Fiber-Optic Interface Cable,,https://pub-4ae70fe1d6cf4e5ea327e14b66c0ad8e.r2.dev/dtsupply-products/263895-004.webp,$62.00,263895-004,True,4544
Cables,242947-003 - Compaq 7-inch IDE Hard Drive/CD-ROM Cable,,https://pub-4ae70fe1d6cf4e5ea327e14b66c0ad8e.r2.dev/dtsupply-products/242947-003.webp,$55.00,242947-003,True,5957
Cables,263895-005 - Compaq 30m LC to LC Multi-Mode Fiber Channel Cable for StorageWorks 8/80 SAN Switch,,https://pub-4ae70fe1d6cf4e5ea327e14b66c0ad8e.r2.dev/dtsupply-products/263895-005.webp,$102.00,263895-005,True,5672
Cables,242947-009 - Compaq 19cm IDE Odd Data Cable for ProLiant 1850R,,https://pub-4ae70fe1d6cf4e5ea327e14b66c0ad8e.r2.dev/dtsupply-products/242947-009.webp,$55.00,242947-009,True,5969
Cables,263895-006 - Compaq 50M Fiber-Optic Short Wave Multi-Mode Cable,,https://pub-4ae70fe1d6cf4e5ea327e14b66c0ad8e.r2.dev/dtsupply-products/263895-006.webp,$172.00,263895-006,True,4256
Cables,242947-018 - Compaq Hard Drive IDE Cable for ProLiant ML370 G1,,https://pub-4ae70fe1d6cf4e5ea327e14b66c0ad8e.r2.dev/dtsupply-products/242947-018.webp,$55.00,242947-018,True,4586
Cables,263895-007 - Compaq 1.6ft Fibre Optic LC SW Multimode Interface Cable,,https://pub-4ae70fe1d6cf4e5ea327e14b66c0ad8e.r2.dev/dtsupply-products/263895-007.webp,$160.00,263895-007,True,4007
Cables,242947-019 - Compaq 40-Pin IDE Cable for ProLiant ML370 Server,,https://pub-4ae70fe1d6cf4e5ea327e14b66c0ad8e.r2.dev/dtsupply-products/242947-019.webp,$55.00,242947-019,True,4585
Cables,243026-002 - Compaq 3-Device 18-inch IDE Cable,,https://pub-4ae70fe1d6cf4e5ea327e14b66c0ad8e.r2.dev/dtsupply-products/243026-002.webp,$50.00,243026-002,True,5926
Cables,264381-001 - HP ProLiant 1600 Fan Power Cable,,https://pub-4ae70fe1d6cf4e5ea327e14b66c0ad8e.r2.dev/dtsupply-products/264381-001.webp,$62.00,264381-001,True,2578
Cables,243670-001 - HP Signal Cable Kit for ProLiant ML570 G2 Server,,https://pub-4ae70fe1d6cf4e5ea327e14b66c0ad8e.r2.dev/dtsupply-products/243670-001.webp,$148.00,243670-001,True,2608
Cables,265-09 - Jabra Link 265 audio cable USB2.0 2x QD,,https://pub-4ae70fe1d6cf4e5ea327e14b66c0ad8e.r2.dev/dtsupply-products/265-09.webp,$168.00,265-09,True,4942
Cables,244168-002 - Compaq Tower Solenoid Lock Cable,,https://pub-4ae70fe1d6cf4e5ea327e14b66c0ad8e.r2.dev/dtsupply-products/244168-002.webp,$55.00,244168-002,True,7384
Cables,266714-001 - Compaq 3010 to 20st 20ft Fibre Cable 62.5 Microns St Connectors,,https://pub-4ae70fe1d6cf4e5ea327e14b66c0ad8e.r2.dev/dtsupply-products/266714-001.webp,Get a Quote for price,266714-001,True,4493
Cables,245151-002 - Compaq 12-inch Front Panel USB Cable for Evo D510 Desktop,,https://pub-4ae70fe1d6cf4e5ea327e14b66c0ad8e.r2.dev/dtsupply-products/245151-002.webp,$50.00,245151-002,True,7412
Cables,269157-001 - HP SCSI Cable,,https://pub-4ae70fe1d6cf4e5ea327e14b66c0ad8e.r2.dev/dtsupply-products/269157-001.webp,$55.00,269157-001,True,2989
Cables,245152-001 - Compaq 9-P to 9-P Audio Cable for Workstation XW6000,,https://pub-4ae70fe1d6cf4e5ea327e14b66c0ad8e.r2.dev/dtsupply-products/245152-001.webp,$55.00,245152-001,True,4237
Cables,269157-007 - HP SCSI Cable,,https://pub-4ae70fe1d6cf4e5ea327e14b66c0ad8e.r2.dev/dtsupply-products/269157-007.webp,$55.00,269157-007,True,2990
Cables,24542G - HP 3m DB25 Male to DB9 Female RS-232 Serial Cable for DesignJet 600 printer,,https://pub-4ae70fe1d6cf4e5ea327e14b66c0ad8e.r2.dev/dtsupply-products/24542G.webp,Get a Quote for price,24542G,True,1836
Cables,269157-009 - HP 27-inch SCSI Cable with Trim 20/ 40GB DAT 35GB,,https://pub-4ae70fe1d6cf4e5ea327e14b66c0ad8e.r2.dev/dtsupply-products/269157-009.webp,$55.00,269157-009,True,3687
Cables,2457-40124-001 - Polycom 25ft Shielded POE LAN Cable for IP Conference,,https://cdn.cmshardware.com/images/Images/Products/2457-40124-001.webp,$75.00,2457-40124-001,True,6612
Cables,269157-011 - HP SCSI Cable,,https://pub-4ae70fe1d6cf4e5ea327e14b66c0ad8e.r2.dev/dtsupply-products/269157-011.webp,$55.00,269157-011,True,3000
Cables,2457-40305-003PLE - Polycom 7Ft LAN Patch RJ-45 Ethernet Network Cable,,https://cdn.cmshardware.com/images/Images/Products/2457-40305-003PLE.webp,$115.00,2457-40305-003PLE,True,6332
Cables,26H113215-030 - Chenbro 26H113215-030 0.6m Mini-SAS (SFF-8087) to Mini-SAS (SFF-8087) Internal Cable,,https://pub-4ae70fe1d6cf4e5ea327e14b66c0ad8e.r2.dev/dtsupply-products/26H113215-030.webp,$108.00,26H113215-030,True,7331
Cables,2457-40305-003 - Polycom 8FT CAT5e Network Cable,,https://pub-4ae70fe1d6cf4e5ea327e14b66c0ad8e.r2.dev/dtsupply-products/2457-40305-003.webp,$192.00,2457-40305-003,True,4773
Cables,26K4111 - HP 40-Pin 6-inch F-F IDE Server Cable,,https://pub-4ae70fe1d6cf4e5ea327e14b66c0ad8e.r2.dev/dtsupply-products/26K4111.webp,$62.00,26K4111,True,1551
Cables,2457-65015-003 - Polycom 9.84 ft Video Cable,,https://pub-4ae70fe1d6cf4e5ea327e14b66c0ad8e.r2.dev/dtsupply-products/2457-65015-003.webp,$105.00,2457-65015-003,True,4795
Cables,26K4177 - IBM 1.5-Meters 2 x Ports RJ-45 to CGA + 2 x PS/2 Connectors KVM Conversion Cable,,https://pub-4ae70fe1d6cf4e5ea327e14b66c0ad8e.r2.dev/dtsupply-products/26K4177.webp,$68.00,26K4177,True,5799
Cables,246731-001 - Compaq MSL Pass Through Cable,,https://pub-4ae70fe1d6cf4e5ea327e14b66c0ad8e.r2.dev/dtsupply-products/246731-001.webp,$268.00,246731-001,True,7370
Cables,26K4180 - IBM USB Conversion Option KVM Cable (1.5Meter),,https://cdn.cmshardware.com/images/Images/Products/26K4180.webp,$165.00,26K4180,True,3999
Cables,246959-001 - Compaq 1.8m 3-Wire Power Cord for Armada e500 Notebook,,https://pub-4ae70fe1d6cf4e5ea327e14b66c0ad8e.r2.dev/dtsupply-products/246959-001.webp,$62.00,246959-001,True,4482
Cables,26K8062 - IBM Front VGA Port Cable For x3550 Server,,https://pub-4ae70fe1d6cf4e5ea327e14b66c0ad8e.r2.dev/dtsupply-products/26K8062.webp,$68.00,26K8062,True,3853
Cables,249245-004 - Compaq 144-inch Serial Interface Cable,,https://pub-4ae70fe1d6cf4e5ea327e14b66c0ad8e.r2.dev/dtsupply-products/249245-004.webp,Get a Quote for price,249245-004,True,4630
Cables,26M92 - Dell 17-inch LED Signal Cable For Precision T5600,,https://cdn.cmshardware.com/images/Images/Products/26M92.webp,$62.00,26M92,True,963
Cables,249931-001 - HP LVD SCSI Cable,,https://pub-4ae70fe1d6cf4e5ea327e14b66c0ad8e.r2.dev/dtsupply-products/249931-001.webp,$55.00,249931-001,True,2999
Cables,26R0814 - IBM 4 Meter 12X Infiniband Cable,,https://pub-4ae70fe1d6cf4e5ea327e14b66c0ad8e.r2.dev/dtsupply-products/26R0814.webp,$85.00,26R0814,True,7019
Cables,24P0851 - IBM 65cm ATA HDD Hard Drive 40-Pin IDC 2-Connector 80-Wire Ribbon Cable foo xSeries 325 / 326,,https://cdn.cmshardware.com/images/Images/Products/24P0851.webp,$62.00,24P0851,True,6385
Cables,26R0817 - IBM 4 Meter 12X Infiniband Cable,,https://pub-4ae70fe1d6cf4e5ea327e14b66c0ad8e.r2.dev/dtsupply-products/26R0817.webp,$170.00,26R0817,True,5225
Cables,24P0853 - IBM Switch and USB Cable For eServer 335,,https://cdn.cmshardware.com/images/Images/Products/24P0853.webp,$78.00,24P0853,True,3856
Cables,26R0847 - IBM 8M 4X Infiniband Network Cable,,https://pub-4ae70fe1d6cf4e5ea327e14b66c0ad8e.r2.dev/dtsupply-products/26R0847.webp,Get a Quote for price,26R0847,True,5646
Cables,24P0867 - IBM CD-ROM Drive Power Cable for xSeries 325 / 326,,https://cdn.cmshardware.com/images/Images/Products/24P0867.webp,$62.00,24P0867,True,6189
Cables,24P1054 - IBM CD/FDD Media Power Cable For X-Series,,https://cdn.cmshardware.com/images/Images/Products/24P1054.webp,$65.00,24P1054,True,3857
Cables,26R9578 - IBM Rubber DC Cables Kit for ThinkPad Z61e/Z61m,,https://pub-4ae70fe1d6cf4e5ea327e14b66c0ad8e.r2.dev/dtsupply-products/26R9578.webp,$62.00,26R9578,True,5815
Cables,270465-001 - HP Crossover Direct PC to iLo Connector Cable/Dongle,,https://pub-4ae70fe1d6cf4e5ea327e14b66c0ad8e.r2.dev/dtsupply-products/270465-001.webp,$62.00,270465-001,True,1569
Cables,24P7847 - IBM Cat5e Ethernet Cable,,https://pub-4ae70fe1d6cf4e5ea327e14b66c0ad8e.r2.dev/dtsupply-products/24P7847.webp,Get a Quote for price,24P7847,True,5436
Cables,270847-001 - Compaq IDE Hard Drive Cable,,https://pub-4ae70fe1d6cf4e5ea327e14b66c0ad8e.r2.dev/dtsupply-products/270847-001.webp,$62.00,270847-001,True,4129
Cables,24P7854 - IBM CAT5E Cable Intra Rack 2m,,https://pub-4ae70fe1d6cf4e5ea327e14b66c0ad8e.r2.dev/dtsupply-products/24P7854.webp,Get a Quote for price,24P7854,True,7063
Cables,24P7972 - IBM SCSI External Connector Cable for Ultra320,,https://cdn.cmshardware.com/images/Images/Products/24P7972.webp,$62.00,24P7972,True,6160
Cables,2500.072 - 3rd Party 6ft 18 AWG NEMA 5-15P to C13 Power Cord,,https://cdn.cmshardware.com/images/Images/Products/2500.072.webp,Get a Quote for price,2500.072,True,4477
Cables,27190-01 - Plantronics Polaris Cable for Headset,,https://pub-4ae70fe1d6cf4e5ea327e14b66c0ad8e.r2.dev/dtsupply-products/27190-01.webp,$62.00,27190-01,True,429
Cables,250084-00 - Extreme Networks 0.5m Stacking Cable,,https://pub-4ae70fe1d6cf4e5ea327e14b66c0ad8e.r2.dev/dtsupply-products/250084-00.webp,$95.00,250084-00,True,4964
Cables,271937-001 - HP Point to Point SCSI Cable,,https://pub-4ae70fe1d6cf4e5ea327e14b66c0ad8e.r2.dev/dtsupply-products/271937-001.webp,$62.00,271937-001,True,2250
Cables,250085-00 - Extreme Networks 1.5m Stacking Cable,,https://cdn.cmshardware.com/images/Images/Products/250085-00.webp,$80.00,250085-00,True,6725
Cables,271946-003 - Compaq 34-Pin Floppy Drive Cable for ProLiant ML370 / DL380,,https://pub-4ae70fe1d6cf4e5ea327e14b66c0ad8e.r2.dev/dtsupply-products/271946-003.webp,$62.00,271946-003,True,4558
Cables,250989-001 - HP Floppy Drive / CD-ROM Power Cable,,https://pub-4ae70fe1d6cf4e5ea327e14b66c0ad8e.r2.dev/dtsupply-products/250989-001.webp,$55.00,250989-001,True,2979
Cables,271946-004 - Compaq 33-Pin Floppy Drive Cable ProLiant ML350 G4,,https://pub-4ae70fe1d6cf4e5ea327e14b66c0ad8e.r2.dev/dtsupply-products/271946-004.webp,$55.00,271946-004,True,4615
Cables,251467-001 - Compaq Signal Insert Backplane Cable,,https://pub-4ae70fe1d6cf4e5ea327e14b66c0ad8e.r2.dev/dtsupply-products/251467-001.webp,$62.00,251467-001,True,4623
Cables,271946-005 - Compaq Floppy Drive Cable for ProLiant ML370 G2 Server,,https://pub-4ae70fe1d6cf4e5ea327e14b66c0ad8e.r2.dev/dtsupply-products/271946-005.webp,$55.00,271946-005,True,4589
Cables,251469-001 - Compaq 5-inch 22-Pin Interconnect Cable for ProLiant BL20P,,https://pub-4ae70fe1d6cf4e5ea327e14b66c0ad8e.r2.dev/dtsupply-products/251469-001.webp,$62.00,251469-001,True,4563
Cables,271946-009 - Compaq Floppy Drive Cable for ProLiant Ml350 / Ml370 G5,,https://pub-4ae70fe1d6cf4e5ea327e14b66c0ad8e.r2.dev/dtsupply-products/271946-009.webp,$62.00,271946-009,True,4614
Cables,251470-001 - Compaq 12-inch RJ45 Network Cable,,https://pub-4ae70fe1d6cf4e5ea327e14b66c0ad8e.r2.dev/dtsupply-products/251470-001.webp,$62.00,251470-001,True,4552
Cables,273360-001 - HP ProLiant Power Switch Cable,,https://pub-4ae70fe1d6cf4e5ea327e14b66c0ad8e.r2.dev/dtsupply-products/273360-001.webp,$72.00,273360-001,True,2236
Cables,25-16458-20 - Symbol 9 ft Coiled Synapse Adapter Cable,,https://cdn.cmshardware.com/images/Images/Products/25-16458-20.webp,$78.00,25-16458-20,True,3858
Cables,273360-002 - HP ProLiant Power Switch Cable,,https://pub-4ae70fe1d6cf4e5ea327e14b66c0ad8e.r2.dev/dtsupply-products/273360-002.webp,$72.00,273360-002,True,2234
Cables,254139-001 - HP Power Cord Adapter Cable,,https://pub-4ae70fe1d6cf4e5ea327e14b66c0ad8e.r2.dev/dtsupply-products/254139-001.webp,$62.00,254139-001,True,1661
Cables,273360-004 - HP Power ProLiant Switch Cable,,https://pub-4ae70fe1d6cf4e5ea327e14b66c0ad8e.r2.dev/dtsupply-products/273360-004.webp,$72.00,273360-004,True,2235
Cables,2541D - Dell I/O Cable with Interface Card for PowerEdge 8450 Server,,https://pub-4ae70fe1d6cf4e5ea327e14b66c0ad8e.r2.dev/dtsupply-products/2541D.webp,$68.00,2541D,True,937
Cables,273716-001 - HP SCSI Cable with Terminator,,https://pub-4ae70fe1d6cf4e5ea327e14b66c0ad8e.r2.dev/dtsupply-products/273716-001.webp,$55.00,273716-001,True,2995
Cables,255135-001 - HP Power Cable 10-ft for Armada Notebook 1500C / 1750 / 3500,,https://pub-4ae70fe1d6cf4e5ea327e14b66c0ad8e.r2.dev/dtsupply-products/255135-001.webp,$62.00,255135-001,True,1662
Cables,274665-001 - Compaq IDE Hard Drive Ribbon Cable,,https://pub-4ae70fe1d6cf4e5ea327e14b66c0ad8e.r2.dev/dtsupply-products/274665-001.webp,$62.00,274665-001,True,4130
Cables,255440-001 - Compaq Front Panel Audio Cable for Workstation XW4000,,https://pub-4ae70fe1d6cf4e5ea327e14b66c0ad8e.r2.dev/dtsupply-products/255440-001.webp,$62.00,255440-001,True,7393
Cables,277521-001 - Compaq 14-inch MultiBay Drive Data Cable for Evo D510 SFF PC,,https://pub-4ae70fe1d6cf4e5ea327e14b66c0ad8e.r2.dev/dtsupply-products/277521-001.webp,$62.00,277521-001,True,4546
Cables,25545 - Cables To Go 6ft 16 AWG NEMA 5-15P to IEC320C13 Cord,,https://cdn.cmshardware.com/images/Images/Products/25545.webp,Get a Quote for price,25545,True,4022
Cables,279161-001 - Compaq 50 Pin SCSI Cable for ProLiant DL380 G3 Server,,https://pub-4ae70fe1d6cf4e5ea327e14b66c0ad8e.r2.dev/dtsupply-products/279161-001.webp,$55.00,279161-001,True,4234
Cables,255709-001 - HP Power Button Switch Cable for ML330,,https://pub-4ae70fe1d6cf4e5ea327e14b66c0ad8e.r2.dev/dtsupply-products/255709-001.webp,$85.00,255709-001,True,3504
Cables,281048-001 - Compaq RJ-45 Signal Board Cable for ProLiant BL40P,,https://pub-4ae70fe1d6cf4e5ea327e14b66c0ad8e.r2.dev/dtsupply-products/281048-001.webp,$62.00,281048-001,True,5691
Cables,25-68596-01R - Zebra USB client communication cable 2 m Black USB cable ,,https://pub-4ae70fe1d6cf4e5ea327e14b66c0ad8e.r2.dev/dtsupply-products/25-68596-01R.webp,$68.00,25-68596-01R,True,4838
Cables,281049-001 - HP Power Cable For ProLiant DL145 Server,,https://pub-4ae70fe1d6cf4e5ea327e14b66c0ad8e.r2.dev/dtsupply-products/281049-001.webp,$62.00,281049-001,True,3505
Cables,281050-001 - HP Internal SCSI Cable,,https://pub-4ae70fe1d6cf4e5ea327e14b66c0ad8e.r2.dev/dtsupply-products/281050-001.webp,$72.00,281050-001,True,2064
0ad8e.r2.dev/dtsupply-products/257047-001.webp,$62.00,257047-001,True,4573
Cables,281051-001 - HP Signal Cable for ProLiant DL145 Server,,https://pub-4ae70fe1d6cf4e5ea327e14b66c0ad8e.r2.dev/dtsupply-products/281051-001.webp,$62.00,281051-001,True,6906
Cables,257048-001 - Compaq IDE Ultra ATA Hard Drive/CD-ROM Cable,,https://pub-4ae70fe1d6cf4e5ea327e14b66c0ad8e.r2.dev/dtsupply-products/257048-001.webp,$62.00,257048-001,True,4131
Cables,281052-001 - HP 40-Pin SCSI Cable for ProLiant BL40P Server,,https://pub-4ae70fe1d6cf4e5ea327e14b66c0ad8e.r2.dev/dtsupply-products/281052-001.webp,$62.00,281052-001,True,2065
Cables,257309-001 - HP Floppy Drive Signal Cable,,https://pub-4ae70fe1d6cf4e5ea327e14b66c0ad8e.r2.dev/dtsupply-products/257309-001.webp,$62.00,257309-001,True,3228
Cables,281054-001 - HP 6-Pin Power Cable or BL40p,,https://pub-4ae70fe1d6cf4e5ea327e14b66c0ad8e.r2.dev/dtsupply-products/281054-001.webp,$62.00,281054-001,True,3507
Cables,259491-001 - Compaq RJ-21 To RJ-45 Cable for Patch Panel Interconnect,,https://pub-4ae70fe1d6cf4e5ea327e14b66c0ad8e.r2.dev/dtsupply-products/259491-001.webp,$232.00,259491-001,True,5713
Cables,259992-001 - HP MSA1000 DB9-RJ45 2.4M Serial Interface Cable,,https://pub-4ae70fe1d6cf4e5ea327e14b66c0ad8e.r2.dev/dtsupply-products/259992-001.webp,$100.00,259992-001,True,2170
Cables,281055-001 - HP SCSI Cable for ProLiant DL145 Server,,https://pub-4ae70fe1d6cf4e5ea327e14b66c0ad8e.r2.dev/dtsupply-products/281055-001.webp,$72.00,281055-001,True,2134
Cables,25K9610 - IBM SAS Signal Cable for System x3850,,https://cdn.cmshardware.com/images/Images/Products/25K9610.webp,$62.00,25K9610,True,6191
Cables,281056-001 - HP Internal SCSI Cable,,https://pub-4ae70fe1d6cf4e5ea327e14b66c0ad8e.r2.dev/dtsupply-products/281056-001.webp,$62.00,281056-001,True,3511
Cables,25K9622 - IBM SAS Backplane Power Cable for XSeries X366,,https://cdn.cmshardware.com/images/Images/Products/25K9622.webp,$62.00,25K9622,True,6222
Cables,28108 - Cables To Go 6ft USB 2.0 One B Male to Two A Male Y-Cable,,https://pub-4ae70fe1d6cf4e5ea327e14b66c0ad8e.r2.dev/dtsupply-products/28108.webp,$75.00,28108,True,7403
Cables,25K9626 - IBM CD/DVD Signal Cable for System x3850,,https://pub-4ae70fe1d6cf4e5ea327e14b66c0ad8e.r2.dev/dtsupply-products/25K9626.webp,$72.00,25K9626,True,7344
Cables,281882-001 - HP SCSI Cable with Terminator for ProLiant 1600,,https://pub-4ae70fe1d6cf4e5ea327e14b66c0ad8e.r2.dev/dtsupply-products/281882-001.webp,$62.00,281882-001,True,2583
Cables,25-MCXUSB-01R - Zebra 25-MCXUSB-01R USB 2.0 USB A Black USB cable ,,https://pub-4ae70fe1d6cf4e5ea327e14b66c0ad8e.r2.dev/dtsupply-products/25-MCXUSB-01R.webp,$62.00,25-MCXUSB-01R,True,4823
Cables,283533-B21 - HP SCSI Cable Kit for ProLiant DL320 Server,,https://pub-4ae70fe1d6cf4e5ea327e14b66c0ad8e.r2.dev/dtsupply-products/283533-B21.webp,$118.00,283533-B21,True,1926
Cables,25R0048 - IBM Media SCSI Cable for Ultra320,,https://cdn.cmshardware.com/images/Images/Products/25R0048.webp,$72.00,25R0048,True,6212
Cables,283685-002 - Compaq LCD / Backplane Adapter Cable for ProLiant 3000 /3000R /5500 /5500R,,https://pub-4ae70fe1d6cf4e5ea327e14b66c0ad8e.r2.dev/dtsupply-products/283685-002.webp,$55.00,283685-002,True,7383
Cables,25R5160 - IBM FDD Floppy Drive Ribbon Cable For eServer xSeries 346,,https://cdn.cmshardware.com/images/Images/Products/25R5160.webp,$78.00,25R5160,True,3859
Cables,25R5161 - IBM IDE Cable 1 Drop for eServer xSeries 346,,https://cdn.cmshardware.com/images/Images/Products/25R5161.webp,$55.00,25R5161,True,6132
Cables,283690-001 - HP Internal Power Cable For ProLiant 3000,,https://pub-4ae70fe1d6cf4e5ea327e14b66c0ad8e.r2.dev/dtsupply-products/283690-001.webp,$62.00,283690-001,True,1929
Cables,25R5162 - IBM SCSI Backplane Power Cable For xSeries 346,,https://cdn.cmshardware.com/images/Images/Products/25R5162.webp,$78.00,25R5162,True,3854
Cables,283690-002 - HP Internal Power Cable For ProLiant 3000,,https://pub-4ae70fe1d6cf4e5ea327e14b66c0ad8e.r2.dev/dtsupply-products/283690-002.webp,$62.00,283690-002,True,1930
Cables,25R5163 - IBM SCSI Backplane Power Cable for xSeries 346,,https://cdn.cmshardware.com/images/Images/Products/25R5163.webp,$55.00,25R5163,True,6116
Cables,283691-001 - HP ProLiant 1600R Power Cable,,https://pub-4ae70fe1d6cf4e5ea327e14b66c0ad8e.r2.dev/dtsupply-products/283691-001.webp,$55.00,283691-001,True,3013
Cables,25R5634 - IBM 24-inch SATA Cable for System X3100 M4,,https://cdn.cmshardware.com/images/Images/Products/25R5634.webp,$85.00,25R5634,True,6118
Cables,25R5635 - IBM 24-inch Signal SATA Cable for M4 X3100,,https://cdn.cmshardware.com/images/Images/Products/25R5635.webp,$62.00,25R5635,True,6220
Cables,283692-001 - HP ProLiant 1600R Power Cable,,https://pub-4ae70fe1d6cf4e5ea327e14b66c0ad8e.r2.dev/dtsupply-products/283692-001.webp,$55.00,283692-001,True,3014
Cables,25R5812 - IBM 4.3M Dual 32A AS/NZS 3112 / 16A IEC 320-C20 Cable,,https://pub-4ae70fe1d6cf4e5ea327e14b66c0ad8e.r2.dev/dtsupply-products/25R5812.webp,$162.00,25R5812,True,3717
Cables,284004-002 - Compaq DMS-60 to Dual DVI-I Cable,,https://pub-4ae70fe1d6cf4e5ea327e14b66c0ad8e.r2.dev/dtsupply-products/284004-002.webp,$50.00,284004-002,True,4566
Cables,25R8849 - IBM Power Cable Harness For System x3200 M2,,https://cdn.cmshardware.com/images/Images/Products/25R8849.webp,$78.00,25R8849,True,3855
Cables,284217-001 - HP 12-Pin Serial Port Cable,,https://pub-4ae70fe1d6cf4e5ea327e14b66c0ad8e.r2.dev/dtsupply-products/284217-001.webp,$55.00,284217-001,True,2982
Cables,25R9045 - IBM DMS59 to Dual VGA Video Cable,,https://pub-4ae70fe1d6cf4e5ea327e14b66c0ad8e.r2.dev/dtsupply-products/25R9045.webp,$65.00,25R9045,True,5822
Cables,285001-001 - Compaq CAT5 RJ45 3ft KVM Console Cable,,https://pub-4ae70fe1d6cf4e5ea327e14b66c0ad8e.r2.dev/dtsupply-products/285001-001.webp,Get a Quote for price,285001-001,True,4490
Cables,260626-B21 - Compaq 2 Device Hard Drive/CD-ROM EIDE Cable for EVO,,https://pub-4ae70fe1d6cf4e5ea327e14b66c0ad8e.r2.dev/dtsupply-products/260626-B21.webp,$138.00,260626-B21,True,4137
Cables,285001-002 - Compaq 6ft 1 KVM Cat5 Cable,,https://pub-4ae70fe1d6cf4e5ea327e14b66c0ad8e.r2.dev/dtsupply-products/285001-002.webp,$62.00,285001-002,True,4147
Cables,262588-B21 - HP PS/2 RJ-45 KVM IP Console Interface Adapter Cable,,https://cdn.cmshardware.com/images/Images/Products/262588-B21.webp,$62.00,262588-B21,True,2617
Cables,285001-003 - Compaq Cat-5 RJ-45 Ethernet Interface Cable (12-ft),,https://pub-4ae70fe1d6cf4e5ea327e14b66c0ad8e.r2.dev/dtsupply-products/285001-003.webp,$62.00,285001-003,True,4148
Cables,262695-001 - Compaq Battery Back-Up Cable for ProLiant DL580 G2,,https://pub-4ae70fe1d6cf4e5ea327e14b66c0ad8e.r2.dev/dtsupply-products/262695-001.webp,$62.00,262695-001,True,4520
Cables,2858-1055 - IBM 5m FCoE SFP+ Copper Cable,,https://pub-4ae70fe1d6cf4e5ea327e14b66c0ad8e.r2.dev/dtsupply-products/2858-1055.webp,Get a Quote for price,2858-1055,True,5633
Cables,262695-004 - Compaq 5.5-inch Battery Cable For Smart Array,,https://pub-4ae70fe1d6cf4e5ea327e14b66c0ad8e.r2.dev/dtsupply-products/262695-004.webp,$55.00,262695-004,True,4236
Cables,28606-63008 - HP 5m 62 Pin to 34 Pin WAN link Interface Cable,,https://pub-4ae70fe1d6cf4e5ea327e14b66c0ad8e.r2.dev/dtsupply-products/28606-63008.webp,$85.00,28606-63008,True,1550
Cables,262695-005 - Compaq Raid Battery Cable for Proliant DL360 G3 Server,,https://pub-4ae70fe1d6cf4e5ea327e14b66c0ad8e.r2.dev/dtsupply-products/262695-005.webp,$55.00,262695-005,True,5952
Cables,2863-2021 - IBM Fiber Channel Expansion to Expansion Cable 0.5m Fiber Optic for Network Device 1.60 ft,,https://pub-4ae70fe1d6cf4e5ea327e14b66c0ad8e.r2.dev/dtsupply-products/2863-2021.webp,Get a Quote for price,2863-2021,True,5545
Cables,262695-006 - Compaq Interface Cable For Smart Array 5i,,https://pub-4ae70fe1d6cf4e5ea327e14b66c0ad8e.r2.dev/dtsupply-products/262695-006.webp,$62.00,262695-006,True,4223
Cables,2863-2042 - IBM 3.3ft Fibre Channel Cable,,https://pub-4ae70fe1d6cf4e5ea327e14b66c0ad8e.r2.dev/dtsupply-products/2863-2042.webp,Get a Quote for price,2863-2042,True,4726
Cables,262793-001 - HP 9-Pin Serial Cable,,https://pub-4ae70fe1d6cf4e5ea327e14b66c0ad8e.r2.dev/dtsupply-products/262793-001.webp,$72.00,262793-001,True,3210
Cables,2863-2043 - IBM 2.0 m FC Optical Cable Fiber Optic for Network Device Storage Equipment 6.56 ft 2 Pack,,https://pub-4ae70fe1d6cf4e5ea327e14b66c0ad8e.r2.dev/dtsupply-products/2863-2043.webp,Get a Quote for price,2863-2043,True,5548
Cables,263474-B21 - HP 3ft RJ-45 to RJ-45 4-Pack Network Cable,,https://pub-4ae70fe1d6cf4e5ea327e14b66c0ad8e.r2.dev/dtsupply-products/263474-B21.webp,$70.00,263474-B21,True,1752
Cables,286592-001 - Compaq 3ft CAT5 Interface KVM Console Cable,,https://pub-4ae70fe1d6cf4e5ea327e14b66c0ad8e.r2.dev/dtsupply-products/286592-001.webp,$55.00,286592-001,True,4628
Cables,263474-B22 - Compaq 8-Pack 6Ft Cat-5 Patch Cables,,https://pub-4ae70fe1d6cf4e5ea327e14b66c0ad8e.r2.dev/dtsupply-products/263474-B22.webp,$70.00,263474-B22,True,274
Cables,286593-001 - Compaq 6ft Cat5 RJ-45 KVM Cable,,https://pub-4ae70fe1d6cf4e5ea327e14b66c0ad8e.r2.dev/dtsupply-products/286593-001.webp,$62.00,286593-001,True,5718
Cables,263474-B23 - Compaq 12Ft (M)to(M) RJ-45 Cat5 KVM Console Cable,,https://pub-4ae70fe1d6cf4e5ea327e14b66c0ad8e.r2.dev/dtsupply-products/263474-B23.webp,$105.00,263474-B23,True,4270
Cables,286594-001 - Compaq Cat5 12ft RJ-45 Male RJ-45 Male Patch Cable,,https://pub-4ae70fe1d6cf4e5ea327e14b66c0ad8e.r2.dev/dtsupply-products/286594-001.webp,$62.00,286594-001,True,5720
Cables,263474-B24 - HP 20ft RJ-45 to RJ-45 4-Pack Network Cable,,https://pub-4ae70fe1d6cf4e5ea327e14b66c0ad8e.r2.dev/dtsupply-products/263474-B24.webp,$72.00,263474-B24,True,2776
Cables,286597-001 - Compaq 1 x Port RJ-45 Female to 2 x PS/2 Jack Male + 1 x VGA Male Console Interface Adapter KVM Cable,,https://pub-4ae70fe1d6cf4e5ea327e14b66c0ad8e.r2.dev/dtsupply-products/286597-001.webp,$62.00,286597-001,True,4557
Cables,263894-002 - Compaq 2M LC/SC Fibre Optic Network Cable,,https://pub-4ae70fe1d6cf4e5ea327e14b66c0ad8e.r2.dev/dtsupply-products/263894-002.webp,$72.00,263894-002,True,5399
rue,2964
Cables,287485-003 - HP 10ft C14-C19 Power Cable For ProLiant DL580 G2 Server,,https://pub-4ae70fe1d6cf4e5ea327e14b66c0ad8e.r2.dev/dtsupply-products/287485-003.webp,Get a Quote for price,287485-003,True,3138
Cables,"263894-003 - Compaq Fibre-Optic Short Wave Multimode Interface Cable 50um Core, 125um Cladding Lc and Sc Connectors",,https://pub-4ae70fe1d6cf4e5ea327e14b66c0ad8e.r2.dev/dtsupply-products/263894-003.webp,Get a Quote for price,263894-003,True,4494
Cables,288365-003 - HP Signal Cable,,https://pub-4ae70fe1d6cf4e5ea327e14b66c0ad8e.r2.dev/dtsupply-products/288365-003.webp,$62.00,288365-003,True,6907
Cables,263894-005 - Compaq 30m (98ft)fiber-optic Short Wave Multimode Interface Cable,,https://pub-4ae70fe1d6cf4e5ea327e14b66c0ad8e.r2.dev/dtsupply-products/263894-005.webp,$58.00,263894-005,True,4485
Cables,288365-004 - Compaq 34-Pin CD Data Cable for ProLiant ML370 / DL380 Server,,https://pub-4ae70fe1d6cf4e5ea327e14b66c0ad8e.r2.dev/dtsupply-products/288365-004.webp,$55.00,288365-004,True,4587
Cables,263895-002 - Compaq 2m LC-LC Multi Mode Fibre Optic Cable,,https://pub-4ae70fe1d6cf4e5ea327e14b66c0ad8e.r2.dev/dtsupply-products/263895-002.webp,$62.00,263895-002,True,4497
Cables,288489-001 - Compaq CD-ROM Audio Cable,,https://pub-4ae70fe1d6cf4e5ea327e14b66c0ad8e.r2.dev/dtsupply-products/288489-001.webp,$55.00,288489-001,True,4601
Cables,263895-003 - Compaq 5m Fiber-Optic Short Wave Multi-Mode Cable,,https://pub-4ae70fe1d6cf4e5ea327e14b66c0ad8e.r2.dev/dtsupply-products/263895-003.webp,$102.00,263895-003,True,4254
Cables,288874-B21 - HP Internal SCSI Cable for ProLiant DL580 G2 Server,,https://pub-4ae70fe1d6cf4e5ea327e14b66c0ad8e.r2.dev/dtsupply-products/288874-B21.webp,$72.00,288874-B21,True,2167
Cables,263895-004 - Compaq 15m Fiber-Optic Interface Cable,,https://pub-4ae70fe1d6cf4e5ea327e14b66c0ad8e.r2.dev/dtsupply-products/263895-004.webp,$62.00,263895-004,True,4544
Cables,289229-001 - HP 5-Device SCSI Cable with Terminator,,https://pub-4ae70fe1d6cf4e5ea327e14b66c0ad8e.r2.dev/dtsupply-products/289229-001.webp,$55.00,289229-001,True,3548
Cables,263895-005 - Compaq 30m LC to LC Multi-Mode Fiber Channel Cable for StorageWorks 8/80 SAN Switch,,https://pub-4ae70fe1d6cf4e5ea327e14b66c0ad8e.r2.dev/dtsupply-products/263895-005.webp,$102.00,263895-005,True,5672
Cables,263895-006 - Compaq 50M Fiber-Optic Short Wave Multi-Mode Cable,,https://pub-4ae70fe1d6cf4e5ea327e14b66c0ad8e.r2.dev/dtsupply-products/263895-006.webp,$172.00,263895-006,True,4256
Cables,289567-001 - Compaq SCSI Cable Kit for ProLiant DL380 Server,,https://pub-4ae70fe1d6cf4e5ea327e14b66c0ad8e.r2.dev/dtsupply-products/289567-001.webp,$88.00,289567-001,True,2135
Cables,289569-001 - Compaq Miscellaneous Cable Kit for ProLiant DL380 G3 Server,,https://pub-4ae70fe1d6cf4e5ea327e14b66c0ad8e.r2.dev/dtsupply-products/289569-001.webp,$162.00,289569-001,True,4519
Cables,263895-007 - Compaq 1.6ft Fibre Optic LC SW Multimode Interface Cable,,https://pub-4ae70fe1d6cf4e5ea327e14b66c0ad8e.r2.dev/dtsupply-products/263895-007.webp,$160.00,263895-007,True,4007
Cables,264381-001 - HP ProLiant 1600 Fan Power Cable,,https://pub-4ae70fe1d6cf4e5ea327e14b66c0ad8e.r2.dev/dtsupply-products/264381-001.webp,$62.00,264381-001,True,2578
Cables,28959-01 - Plantronics headphone/headset accessory Cable,,https://pub-4ae70fe1d6cf4e5ea327e14b66c0ad8e.r2.dev/dtsupply-products/28959-01.webp,$72.00,28959-01,True,4815
Cables,265-09 - Jabra Link 265 audio cable USB2.0 2x QD,,https://pub-4ae70fe1d6cf4e5ea327e14b66c0ad8e.r2.dev/dtsupply-products/265-09.webp,$168.00,265-09,True,4942
Cables,291034-B21 - Compaq 8ft C19-C14 Power Cord for DL580 G2 Server,,https://pub-4ae70fe1d6cf4e5ea327e14b66c0ad8e.r2.dev/dtsupply-products/291034-B21.webp,Get a Quote for price,291034-B21,True,4527
Cables,266714-001 - Compaq 3010 to 20st 20ft Fibre Cable 62.5 Microns St Connectors,,https://pub-4ae70fe1d6cf4e5ea327e14b66c0ad8e.r2.dev/dtsupply-products/266714-001.webp,Get a Quote for price,266714-001,True,4493
Cables,292232-001 - HP ProLiant ML350 G3 Point to Point SCSI Cable,,https://pub-4ae70fe1d6cf4e5ea327e14b66c0ad8e.r2.dev/dtsupply-products/292232-001.webp,$55.00,292232-001,True,3546
Cables,269157-001 - HP SCSI Cable,,https://pub-4ae70fe1d6cf4e5ea327e14b66c0ad8e.r2.dev/dtsupply-products/269157-001.webp,$55.00,269157-001,True,2989
Cables,292642-001 - HP 12ft KVM Cable,,https://pub-4ae70fe1d6cf4e5ea327e14b66c0ad8e.r2.dev/dtsupply-products/292642-001.webp,$88.00,292642-001,True,2217
Cables,29-30118-01 - DEC Door Interlock Switch Cable,,https://cdn.cmshardware.com/images/Images/Products/29-30118-01.webp,$110.00,29-30118-01,True,6686
Cables,269157-007 - HP SCSI Cable,,https://pub-4ae70fe1d6cf4e5ea327e14b66c0ad8e.r2.dev/dtsupply-products/269157-007.webp,$55.00,269157-007,True,2990
Cables,29-30120-01 - HP Power Cable For Fan,,https://cdn.cmshardware.com/images/Images/Products/29-30120-01.webp,$175.00,29-30120-01,True,1451
Cables,269157-009 - HP 27-inch SCSI Cable with Trim 20/ 40GB DAT 35GB,,https://pub-4ae70fe1d6cf4e5ea327e14b66c0ad8e.r2.dev/dtsupply-products/269157-009.webp,$55.00,269157-009,True,3687
Cables,293203-001 - Compaq 90-Watts Automobile Adapter Cable for N610c/nc4000/nc4010 Laptop,,https://pub-4ae70fe1d6cf4e5ea327e14b66c0ad8e.r2.dev/dtsupply-products/293203-001.webp,$50.00,293203-001,True,4480
Cables,269157-011 - HP SCSI Cable,,https://pub-4ae70fe1d6cf4e5ea327e14b66c0ad8e.r2.dev/dtsupply-products/269157-011.webp,$55.00,269157-011,True,3000
Cables,293372-001 - Compaq Hard Drive Cable Kit,,https://pub-4ae70fe1d6cf4e5ea327e14b66c0ad8e.r2.dev/dtsupply-products/293372-001.webp,$65.00,293372-001,True,4624
Cables,26H113215-030 - Chenbro 26H113215-030 0.6m Mini-SAS (SFF-8087) to Mini-SAS (SFF-8087) Internal Cable,,https://pub-4ae70fe1d6cf4e5ea327e14b66c0ad8e.r2.dev/dtsupply-products/26H113215-030.webp,$108.00,26H113215-030,True,7331
Cables,293373-001 - HP 2 Point SCSI Cable with Terminator,,https://pub-4ae70fe1d6cf4e5ea327e14b66c0ad8e.r2.dev/dtsupply-products/293373-001.webp,$72.00,293373-001,True,2584
Cables,293YN - Dell 2 Drop 68-Pin SCSI Internal Ribbon Cable,,https://cdn.cmshardware.com/images/Images/Products/293YN.webp,$62.00,293YN,True,1203
Cables,26K4111 - HP 40-Pin 6-inch F-F IDE Server Cable,,https://pub-4ae70fe1d6cf4e5ea327e14b66c0ad8e.r2.dev/dtsupply-products/26K4111.webp,$62.00,26K4111,True,1551
Cables,294028-001 - Compaq 6-inch RJ45-to-DB9 Serial Converter Cable,,https://pub-4ae70fe1d6cf4e5ea327e14b66c0ad8e.r2.dev/dtsupply-products/294028-001.webp,$102.00,294028-001,True,4511
Cables,26K4177 - IBM 1.5-Meters 2 x Ports RJ-45 to CGA + 2 x PS/2 Connectors KVM Conversion Cable,,https://pub-4ae70fe1d6cf4e5ea327e14b66c0ad8e.r2.dev/dtsupply-products/26K4177.webp,$68.00,26K4177,True,5799
Cables,294088-001 - Compaq RJ-11 Modem Cable,,https://pub-4ae70fe1d6cf4e5ea327e14b66c0ad8e.r2.dev/dtsupply-products/294088-001.webp,$55.00,294088-001,True,4607
Cables,26K4180 - IBM USB Conversion Option KVM Cable (1.5Meter),,https://cdn.cmshardware.com/images/Images/Products/26K4180.webp,$165.00,26K4180,True,3999
Cables,294912-001 - Compaq Internal 56K ISA Data Fax Modem Card,,https://pub-4ae70fe1d6cf4e5ea327e14b66c0ad8e.r2.dev/dtsupply-products/294912-001.webp,$55.00,294912-001,True,5949
Cables,26K8062 - IBM Front VGA Port Cable For x3550 Server,,https://pub-4ae70fe1d6cf4e5ea327e14b66c0ad8e.r2.dev/dtsupply-products/26K8062.webp,$68.00,26K8062,True,3853
Cables,26M92 - Dell 17-inch LED Signal Cable For Precision T5600,,https://cdn.cmshardware.com/images/Images/Products/26M92.webp,$62.00,26M92,True,963
Cables,295209-001 - Compaq Vertical Lift Ribbon Cable for DLT Tape Library,,https://pub-4ae70fe1d6cf4e5ea327e14b66c0ad8e.r2.dev/dtsupply-products/295209-001.webp,$80.00,295209-001,True,7394
Cables,26R0814 - IBM 4 Meter 12X Infiniband Cable,,https://pub-4ae70fe1d6cf4e5ea327e14b66c0ad8e.r2.dev/dtsupply-products/26R0814.webp,$85.00,26R0814,True,7019
Cables,295245-001 - Compaq 9-Pin Serial Cable,,https://pub-4ae70fe1d6cf4e5ea327e14b66c0ad8e.r2.dev/dtsupply-products/295245-001.webp,$118.00,295245-001,True,5708
Cables,26R0817 - IBM 4 Meter 12X Infiniband Cable,,https://pub-4ae70fe1d6cf4e5ea327e14b66c0ad8e.r2.dev/dtsupply-products/26R0817.webp,$170.00,26R0817,True,5225
Cables,295479-001 - HP 3.6m 16a to C19 Power Cable,,https://pub-4ae70fe1d6cf4e5ea327e14b66c0ad8e.r2.dev/dtsupply-products/295479-001.webp,$118.00,295479-001,True,7946
Cables,26R0847 - IBM 8M 4X Infiniband Network Cable,,https://pub-4ae70fe1d6cf4e5ea327e14b66c0ad8e.r2.dev/dtsupply-products/26R0847.webp,Get a Quote for price,26R0847,True,5646
Cables,295553-001 - HP Power Cord 250V 16A 3.6m,,https://pub-4ae70fe1d6cf4e5ea327e14b66c0ad8e.r2.dev/dtsupply-products/295553-001.webp,$80.00,295553-001,True,1923
Cables,26R9578 - IBM Rubber DC Cables Kit for ThinkPad Z61e/Z61m,,https://pub-4ae70fe1d6cf4e5ea327e14b66c0ad8e.r2.dev/dtsupply-products/26R9578.webp,$62.00,26R9578,True,5815
Cables,295589-001 - Compaq 10-inch External Wide SCSI Cable,,https://pub-4ae70fe1d6cf4e5ea327e14b66c0ad8e.r2.dev/dtsupply-products/295589-001.webp,$148.00,295589-001,True,4127
Cables,270465-001 - HP Crossover Direct PC to iLo Connector Cable/Dongle,,https://pub-4ae70fe1d6cf4e5ea327e14b66c0ad8e.r2.dev/dtsupply-products/270465-001.webp,$62.00,270465-001,True,1569
Cables,295593-001 - HP External SCSI Cable,,https://pub-4ae70fe1d6cf4e5ea327e14b66c0ad8e.r2.dev/dtsupply-products/295593-001.webp,Get a Quote for price,295593-001,True,3221
Cables,270847-001 - Compaq IDE Hard Drive Cable,,https://pub-4ae70fe1d6cf4e5ea327e14b66c0ad8e.r2.dev/dtsupply-products/270847-001.webp,$62.00,270847-001,True,4129
Cables,295593-002 - HP 3.65m VHDCI to 68 Pin External SCSI Cable,,https://pub-4ae70fe1d6cf4e5ea327e14b66c0ad8e.r2.dev/dtsupply-products/295593-002.webp,$148.00,295593-002,True,2585
Cables,27190-01 - Plantronics Polaris Cable for Headset,,https://pub-4ae70fe1d6cf4e5ea327e14b66c0ad8e.r2.dev/dtsupply-products/27190-01.webp,$62.00,27190-01,True,429
Cables,295593-004 - HP 3ft VHDCI External SCSI Cable,,https://pub-4ae70fe1d6cf4e5ea327e14b66c0ad8e.r2.dev/dtsupply-products/295593-004.webp,Get a Quote for price,295593-004,True,3513
Cables,271937-001 - HP Point to Point SCSI Cable,,https://pub-4ae70fe1d6cf4e5ea327e14b66c0ad8e.r2.dev/dtsupply-products/271937-001.webp,$62.00,271937-001,True,2250
Cables,271946-003 - Compaq 34-Pin Floppy Drive Cable for ProLiant ML370 / DL380,,https://pub-4ae70fe1d6cf4e5ea327e14b66c0ad8e.r2.dev/dtsupply-products/271946-003.webp,$62.00,271946-003,True,4558
Cables,271946-004 - Compaq 33-Pin Floppy Drive Cable ProLiant ML350 G4,,https://pub-4ae70fe1d6cf4e5ea327e14b66c0ad8e.r2.dev/dtsupply-products/271946-004.webp,$55.00,271946-004,True,4615
Cables,295644-B21 - Compaq External VHDCI to 68-Pin SCSI Cable,,https://pub-4ae70fe1d6cf4e5ea327e14b66c0ad8e.r2.dev/dtsupply-products/295644-B21.webp,$172.00,295644-B21,True,4128
Cables,271946-005 - Compaq Floppy Drive Cable for ProLiant ML370 G2 Server,,https://pub-4ae70fe1d6cf4e5ea327e14b66c0ad8e.r2.dev/dtsupply-products/271946-005.webp,$55.00,271946-005,True,4589
Cables,296016-003 - HP 28-inch SCSI Cable,,https://pub-4ae70fe1d6cf4e5ea327e14b66c0ad8e.r2.dev/dtsupply-products/296016-003.webp,$62.00,296016-003,True,2137
Cables,271946-009 - Compaq Floppy Drive Cable for ProLiant Ml350 / Ml370 G5,,https://pub-4ae70fe1d6cf4e5ea327e14b66c0ad8e.r2.dev/dtsupply-products/271946-009.webp,$62.00,271946-009,True,4614
Cables,296016-004 - HP Fast 2-Dev Wide SCSI Cable,,https://pub-4ae70fe1d6cf4e5ea327e14b66c0ad8e.r2.dev/dtsupply-products/296016-004.webp,$62.00,296016-004,True,2136
Cables,273360-001 - HP ProLiant Power Switch Cable,,https://pub-4ae70fe1d6cf4e5ea327e14b66c0ad8e.r2.dev/dtsupply-products/273360-001.webp,$72.00,273360-001,True,2236
Cables,296016-008 - HP SCSI Cable for ProLiant ML370 Server,,https://pub-4ae70fe1d6cf4e5ea327e14b66c0ad8e.r2.dev/dtsupply-products/296016-008.webp,$62.00,296016-008,True,2586
Cables,273360-002 - HP ProLiant Power Switch Cable,,https://pub-4ae70fe1d6cf4e5ea327e14b66c0ad8e.r2.dev/dtsupply-products/273360-002.webp,$72.00,273360-002,True,2234
Cables,296572-002 - Compaq Fan Internal Power Cable,,https://pub-4ae70fe1d6cf4e5ea327e14b66c0ad8e.r2.dev/dtsupply-products/296572-002.webp,$62.00,296572-002,True,5983
Cables,273360-004 - HP Power ProLiant Switch Cable,,https://pub-4ae70fe1d6cf4e5ea327e14b66c0ad8e.r2.dev/dtsupply-products/273360-004.webp,$72.00,273360-004,True,2235
Cables,296621-001 - Compaq Loopback SCSI Cable,,https://pub-4ae70fe1d6cf4e5ea327e14b66c0ad8e.r2.dev/dtsupply-products/296621-001.webp,$118.00,296621-001,True,5966
Cables,273716-001 - HP SCSI Cable with Terminator,,https://pub-4ae70fe1d6cf4e5ea327e14b66c0ad8e.r2.dev/dtsupply-products/273716-001.webp,$55.00,273716-001,True,2995
Cables,297012-001 - HP 68-Pin Internal SCSI Cable,,https://pub-4ae70fe1d6cf4e5ea327e14b66c0ad8e.r2.dev/dtsupply-products/297012-001.webp,$55.00,297012-001,True,2936
Cables,274665-001 - Compaq IDE Hard Drive Ribbon Cable,,https://pub-4ae70fe1d6cf4e5ea327e14b66c0ad8e.r2.dev/dtsupply-products/274665-001.webp,$62.00,274665-001,True,4130
Cables,297012-002 - HP 6-inch 68 Pin SCSI Signal Cable,,https://pub-4ae70fe1d6cf4e5ea327e14b66c0ad8e.r2.dev/dtsupply-products/297012-002.webp,$55.00,297012-002,True,2996
Cables,277521-001 - Compaq 14-inch MultiBay Drive Data Cable for Evo D510 SFF PC,,https://pub-4ae70fe1d6cf4e5ea327e14b66c0ad8e.r2.dev/dtsupply-products/277521-001.webp,$62.00,277521-001,True,4546
Cables,297513-001 - HP Power Cable Assembly,,https://pub-4ae70fe1d6cf4e5ea327e14b66c0ad8e.r2.dev/dtsupply-products/297513-001.webp,$62.00,297513-001,True,3489
Cables,279161-001 - Compaq 50 Pin SCSI Cable for ProLiant DL380 G3 Server,,https://pub-4ae70fe1d6cf4e5ea327e14b66c0ad8e.r2.dev/dtsupply-products/279161-001.webp,$55.00,279161-001,True,4234
Cables,298859-001 - Compaq External SCSI Cable,,https://pub-4ae70fe1d6cf4e5ea327e14b66c0ad8e.r2.dev/dtsupply-products/298859-001.webp,$110.00,298859-001,True,2145
Cables,281048-001 - Compaq RJ-45 Signal Board Cable for ProLiant BL40P,,https://pub-4ae70fe1d6cf4e5ea327e14b66c0ad8e.r2.dev/dtsupply-products/281048-001.webp,$62.00,281048-001,True,5691
Cables,299342-001 - HP Power Cable Assembly,,https://pub-4ae70fe1d6cf4e5ea327e14b66c0ad8e.r2.dev/dtsupply-products/299342-001.webp,$55.00,299342-001,True,3068
Cables,281049-001 - HP Power Cable For ProLiant DL145 Server,,https://pub-4ae70fe1d6cf4e5ea327e14b66c0ad8e.r2.dev/dtsupply-products/281049-001.webp,$62.00,281049-001,True,3505
Cables,299342-005 - HP Power Cable Assembly,,https://pub-4ae70fe1d6cf4e5ea327e14b66c0ad8e.r2.dev/dtsupply-products/299342-005.webp,$62.00,299342-005,True,3491
Cables,281050-001 - HP Internal SCSI Cable,,https://pub-4ae70fe1d6cf4e5ea327e14b66c0ad8e.r2.dev/dtsupply-products/281050-001.webp,$72.00,281050-001,True,2064
Cables,299386-001 - HP Video Cable Splitter 4-Port for STB Quad Video Card,,https://pub-4ae70fe1d6cf4e5ea327e14b66c0ad8e.r2.dev/dtsupply-products/299386-001.webp,$55.00,299386-001,True,7759
Cables,281051-001 - HP Signal Cable for ProLiant DL145 Server,,https://pub-4ae70fe1d6cf4e5ea327e14b66c0ad8e.r2.dev/dtsupply-products/281051-001.webp,$62.00,281051-001,True,6906
Cables,29KWG - Dell 410mm HDD SATA Data Cable for Precision T1650,,https://cdn.cmshardware.com/images/Images/Products/29KWG.webp,$62.00,29KWG,True,767
Cables,281052-001 - HP 40-Pin SCSI Cable for ProLiant BL40P Server,,https://pub-4ae70fe1d6cf4e5ea327e14b66c0ad8e.r2.dev/dtsupply-products/281052-001.webp,$62.00,281052-001,True,2065
Cables,2CM32 - Dell 3M 10GbE SFP+ to SFP+ Twinaxial Cable,,https://pub-4ae70fe1d6cf4e5ea327e14b66c0ad8e.r2.dev/dtsupply-products/2CM32.webp,$62.00,2CM32,True,1014
Cables,281054-001 - HP 6-Pin Power Cable or BL40p,,https://pub-4ae70fe1d6cf4e5ea327e14b66c0ad8e.r2.dev/dtsupply-products/281054-001.webp,$62.00,281054-001,True,3507
Cables,2CV55 - Dell R7920 Mini DisplayPort to DisplayPort Adapter Cable,,https://cdn.cmshardware.com/images/Images/Products/2CV55.webp,$70.00,2CV55,True,851
Cables,281055-001 - HP SCSI Cable for ProLiant DL145 Server,,https://pub-4ae70fe1d6cf4e5ea327e14b66c0ad8e.r2.dev/dtsupply-products/281055-001.webp,$72.00,281055-001,True,2134
Cables,2GFPGGX-06H - HP 0.5M External Mini-SAS SFF-8088 Cable,,https://cdn.cmshardware.com/images/Images/Products/2GFPGGX-06H.webp,$62.00,2GFPGGX-06H,True,2331
Cables,2GMT3 - Dell Laptop LCD Flex Cable For Chromebook Inspiron 7486,,https://cdn.cmshardware.com/images/Images/Products/2GMT3.webp,$78.00,2GMT3,True,598
Cables,281056-001 - HP Internal SCSI Cable,,https://pub-4ae70fe1d6cf4e5ea327e14b66c0ad8e.r2.dev/dtsupply-products/281056-001.webp,$62.00,281056-001,True,3511
Cables,2H301 - Dell Front I/O Panel Audio Cable,,https://cdn.cmshardware.com/images/Images/Products/2H301.webp,$78.00,2H301,True,472
Cables,2JMN0 - Dell PERC Driver LED Signal Cable for Precision T5600 / T7600,,https://cdn.cmshardware.com/images/Images/Products/2JMN0.webp,$98.00,2JMN0,True,806
Cables,28108 - Cables To Go 6ft USB 2.0 One B Male to Two A Male Y-Cable,,https://pub-4ae70fe1d6cf4e5ea327e14b66c0ad8e.r2.dev/dtsupply-products/28108.webp,$75.00,28108,True,7403
Cables,2JVNJ - Dell 3ft 3 Prong Power Cable For Adapter,,https://cdn.cmshardware.com/images/Images/Products/2JVNJ.webp,$55.00,2JVNJ,True,930
Cables,2KVW5 - Dell 2 SATA to 4 SATA Transition Splitter Cable,,https://cdn.cmshardware.com/images/Images/Products/2KVW5.webp,$62.00,2KVW5,True,1207
Cables,281882-001 - HP SCSI Cable with Terminator for ProLiant 1600,,https://pub-4ae70fe1d6cf4e5ea327e14b66c0ad8e.r2.dev/dtsupply-products/281882-001.webp,$62.00,281882-001,True,2583
Cables,2L-5202P - Aten 1.8-Meter 1 x Jack SPHD-15 Male To 1 x Jack VGA Male + 2 x Jacks PS/2 Male KVM Cable,,https://cdn.cmshardware.com/images/Images/Products/2L-5202P.webp,$80.00,2L-5202P,True,6480
Cables,2L-5203U - Aten 3M VGA Male / USB A Male SPHD15-G KVM Cable,,https://cdn.cmshardware.com/images/Images/Products/2L-5203U.webp,$68.00,2L-5203U,True,3944
Cables,283533-B21 - HP SCSI Cable Kit for ProLiant DL320 Server,,https://pub-4ae70fe1d6cf4e5ea327e14b66c0ad8e.r2.dev/dtsupply-products/283533-B21.webp,$118.00,283533-B21,True,1926
Cables,2M-26AWG - Intel 2m QSFP-QSFP Omni-Path Passive Copper Cable,,https://cdn.cmshardware.com/images/Images/Products/2M-26AWG.webp,$85.00,2M-26AWG,True,6263
Cables,283685-002 - Compaq LCD / Backplane Adapter Cable for ProLiant 3000 /3000R /5500 /5500R,,https://pub-4ae70fe1d6cf4e5ea327e14b66c0ad8e.r2.dev/dtsupply-products/283685-002.webp,$55.00,283685-002,True,7383
Cables,2M516 - Dell Power Cable For PowerEdge 3250,,https://cdn.cmshardware.com/images/Images/Products/2M516.webp,$78.00,2M516,True,518
Cables,2NMYW - Dell USB/VGA KVM Switch Cable,,https://cdn.cmshardware.com/images/Images/Products/2NMYW.webp,$132.00,2NMYW,True,1189
Cables,283690-001 - HP Internal Power Cable For ProLiant 3000,,https://pub-4ae70fe1d6cf4e5ea327e14b66c0ad8e.r2.dev/dtsupply-products/283690-001.webp,$62.00,283690-001,True,1929
Cables,2NY40 - Dell 0.5M MINI SAS Cable,,https://cdn.cmshardware.com/images/Images/Products/2NY40.webp,$88.00,2NY40,True,707
Cables,283690-002 - HP Internal Power Cable For ProLiant 3000,,https://pub-4ae70fe1d6cf4e5ea327e14b66c0ad8e.r2.dev/dtsupply-products/283690-002.webp,$62.00,283690-002,True,1930
Cables,2R389 - Dell 5M LC-SC Fibre Optical Cable for PowerVault ML6000,,https://pub-4ae70fe1d6cf4e5ea327e14b66c0ad8e.r2.dev/dtsupply-products/2R389.webp,$62.00,2R389,True,996
Cables,283691-001 - HP ProLiant 1600R Power Cable,,https://pub-4ae70fe1d6cf4e5ea327e14b66c0ad8e.r2.dev/dtsupply-products/283691-001.webp,$55.00,283691-001,True,3013
Cables,2R390 - Dell 2M SC-SC DUPLEX Fibre Channel Cable,,https://pub-4ae70fe1d6cf4e5ea327e14b66c0ad8e.r2.dev/dtsupply-products/2R390.webp,Get a Quote for price,2R390,True,718
Cables,2R512 - Dell Ethernet Cable 12 ft KMM CAT 5 RJ45 I/O Black,,https://cdn.cmshardware.com/images/Images/Products/2R512.webp,$62.00,2R512,True,848
Cables,283692-001 - HP ProLiant 1600R Power Cable,,https://pub-4ae70fe1d6cf4e5ea327e14b66c0ad8e.r2.dev/dtsupply-products/283692-001.webp,$55.00,283692-001,True,3014
Cables,2R904 - Dell Usb Server Interface Pod KVM Cable,,https://cdn.cmshardware.com/images/Images/Products/2R904.webp,$75.00,2R904,True,553
Cables,284004-002 - Compaq DMS-60 to Dual DVI-I Cable,,https://pub-4ae70fe1d6cf4e5ea327e14b66c0ad8e.r2.dev/dtsupply-products/284004-002.webp,$50.00,284004-002,True,4566
Cables,2T260 - Dell 1.5M Extension Power Cord,,https://pub-4ae70fe1d6cf4e5ea327e14b66c0ad8e.r2.dev/dtsupply-products/2T260.webp,$62.00,2T260,True,749
Cables,284217-001 - HP 12-Pin Serial Port Cable,,https://pub-4ae70fe1d6cf4e5ea327e14b66c0ad8e.r2.dev/dtsupply-products/284217-001.webp,$55.00,284217-001,True,2982
Cables,"2T71R - Dell 24"" PERC8 Mini-SAS to Mini-SAS Side Cable T620/T420",,https://cdn.cmshardware.com/images/Images/Products/2T71R.webp,$68.00,2T71R,True,961
Cables,2W1T9 - Dell 14-Pin Power Button Board Cable,,https://cdn.cmshardware.com/images/Images/Products/2W1T9.webp,$98.00,2W1T9,True,962
Cables,285001-001 - Compaq CAT5 RJ45 3ft KVM Console Cable,,https://pub-4ae70fe1d6cf4e5ea327e14b66c0ad8e.r2.dev/dtsupply-products/285001-001.webp,Get a Quote for price,285001-001,True,4490
Cables,2Y200 - Dell Keyboard Extension Cable,,https://pub-4ae70fe1d6cf4e5ea327e14b66c0ad8e.r2.dev/dtsupply-products/2Y200.webp,$70.00,2Y200,True,986
Cables,2Y51X - Dell USB Audio Front I/O Panel Cable For OptiPlex 7010 / 9010,,https://cdn.cmshardware.com/images/Images/Products/2Y51X.webp,$82.00,2Y51X,True,533
Cables,285001-002 - Compaq 6ft 1 KVM Cat5 Cable,,https://pub-4ae70fe1d6cf4e5ea327e14b66c0ad8e.r2.dev/dtsupply-products/285001-002.webp,$62.00,285001-002,True,4147
Cables,2YC3T - Dell Mini-SAS to 2 x Mini-SAS Cable for PowerEdge R410,,https://cdn.cmshardware.com/images/Images/Products/2YC3T.webp,$62.00,2YC3T,True,800
Cables,2YJPC - Dell SAS Cable Assembly for C8000,,https://cdn.cmshardware.com/images/Images/Products/2YJPC.webp,$150.00,2YJPC,True,490
Cables,285001-003 - Compaq Cat-5 RJ-45 Ethernet Interface Cable (12-ft),,https://pub-4ae70fe1d6cf4e5ea327e14b66c0ad8e.r2.dev/dtsupply-products/285001-003.webp,$62.00,285001-003,True,4148
Cables,30-00202-000-00 - IBM 3-Drop 50-Pin Internal SCSI Cable,,https://pub-4ae70fe1d6cf4e5ea327e14b66c0ad8e.r2.dev/dtsupply-products/30-00202-000-00.webp,$62.00,30-00202-000-00,True,4662
Cables,2858-1055 - IBM 5m FCoE SFP+ Copper Cable,,https://pub-4ae70fe1d6cf4e5ea327e14b66c0ad8e.r2.dev/dtsupply-products/2858-1055.webp,Get a Quote for price,2858-1055,True,5633
Cables,300926-001 - HP DAT/DLT SCSI Cable for ProLiant 1200 Server Series,,https://pub-4ae70fe1d6cf4e5ea327e14b66c0ad8e.r2.dev/dtsupply-products/300926-001.webp,$62.00,300926-001,True,3514
Cables,28606-63008 - HP 5m 62 Pin to 34 Pin WAN link Interface Cable,,https://pub-4ae70fe1d6cf4e5ea327e14b66c0ad8e.r2.dev/dtsupply-products/28606-63008.webp,$85.00,28606-63008,True,1550
Cables,3-01171-03 - Dell 3ft 68-Pin SCSI Cable,,https://pub-4ae70fe1d6cf4e5ea327e14b66c0ad8e.r2.dev/dtsupply-products/3-01171-03.webp,$118.00,3-01171-03,True,4701
Cables,2863-2021 - IBM Fiber Channel Expansion to Expansion Cable 0.5m Fiber Optic for Network Device 1.60 ft,,https://pub-4ae70fe1d6cf4e5ea327e14b66c0ad8e.r2.dev/dtsupply-products/2863-2021.webp,Get a Quote for price,2863-2021,True,5545
Cables,30130-1  - Rocketport Express PCI Octa w/8 port RJ45 Cable,,https://cdn.cmshardware.com/images/Images/Products/30130-1.webp,$606.00,30130-1  ,True,430
Cables,2863-2042 - IBM 3.3ft Fibre Channel Cable,,https://pub-4ae70fe1d6cf4e5ea327e14b66c0ad8e.r2.dev/dtsupply-products/2863-2042.webp,Get a Quote for price,2863-2042,True,4726
Cables,3-01743-02 - Dell Ext SAS Port with SATA Cable,,https://pub-4ae70fe1d6cf4e5ea327e14b66c0ad8e.r2.dev/dtsupply-products/3-01743-02.webp,$62.00,3-01743-02,True,3940
Cables,2863-2043 - IBM 2.0 m FC Optical Cable Fiber Optic for Network Device Storage Equipment 6.56 ft 2 Pack,,https://pub-4ae70fe1d6cf4e5ea327e14b66c0ad8e.r2.dev/dtsupply-products/2863-2043.webp,Get a Quote for price,2863-2043,True,5548
Cables,302376-001 - Compaq IDE Cable for ProLiant ML350 G3 Server,,https://pub-4ae70fe1d6cf4e5ea327e14b66c0ad8e.r2.dev/dtsupply-products/302376-001.webp,$62.00,302376-001,True,4559
Cables,302532-001 - HP Floppy Cable for ProLiant ML570 / ML530,,https://cdn.cmshardware.com/images/Images/Products/302532-001.webp,$62.00,302532-001,True,1440
Cables,286592-001 - Compaq 3ft CAT5 Interface KVM Console Cable,,https://pub-4ae70fe1d6cf4e5ea327e14b66c0ad8e.r2.dev/dtsupply-products/286592-001.webp,$55.00,286592-001,True,4628
Cables,303309-002 - Compaq CAT5 Ethernet Crossover Cluster Cable,,https://pub-4ae70fe1d6cf4e5ea327e14b66c0ad8e.r2.dev/dtsupply-products/303309-002.webp,$55.00,303309-002,True,4606
Cables,286593-001 - Compaq 6ft Cat5 RJ-45 KVM Cable,,https://pub-4ae70fe1d6cf4e5ea327e14b66c0ad8e.r2.dev/dtsupply-products/286593-001.webp,$62.00,286593-001,True,5718
Cables,304097-001 - Compaq USB-to-Parallel Converter 6.8ft Cable,,https://pub-4ae70fe1d6cf4e5ea327e14b66c0ad8e.r2.dev/dtsupply-products/304097-001.webp,$70.00,304097-001,True,4553
Cables,286594-001 - Compaq Cat5 12ft RJ-45 Male RJ-45 Male Patch Cable,,https://pub-4ae70fe1d6cf4e5ea327e14b66c0ad8e.r2.dev/dtsupply-products/286594-001.webp,$62.00,286594-001,True,5720
Cables,304098-001 - HP USB to Serial Converter Cable,,https://pub-4ae70fe1d6cf4e5ea327e14b66c0ad8e.r2.dev/dtsupply-products/304098-001.webp,Get a Quote for price,304098-001,True,3451
Cables,286597-001 - Compaq 1 x Port RJ-45 Female to 2 x PS/2 Jack Male + 1 x VGA Male Console Interface Adapter KVM Cable,,https://pub-4ae70fe1d6cf4e5ea327e14b66c0ad8e.r2.dev/dtsupply-products/286597-001.webp,$62.00,286597-001,True,4557
Cables,305244-001 - Compaq USB-to-Parallel Converter Cable,,https://pub-4ae70fe1d6cf4e5ea327e14b66c0ad8e.r2.dev/dtsupply-products/305244-001.webp,Get a Quote for price,305244-001,True,4491
Cables,287181-001 - HP Power Switch / LED with Cable For ProLiant ML330,,https://pub-4ae70fe1d6cf4e5ea327e14b66c0ad8e.r2.dev/dtsupply-products/287181-001.webp,$55.00,287181-001,True,2964
Cables,287485-003 - HP 10ft C14-C19 Power Cable For ProLiant DL580 G2 Server,,https://pub-4ae70fe1d6cf4e5ea327e14b66c0ad8e.r2.dev/dtsupply-products/287485-003.webp,Get a Quote for price,287485-003,True,3138
Cables,305318-001 - HP SCSI Backplane with Cable for ProLiant BL20p G2,,https://pub-4ae70fe1d6cf4e5ea327e14b66c0ad8e.r2.dev/dtsupply-products/305318-001.webp,$110.00,305318-001,True,2598
Cables,288365-003 - HP Signal Cable,,https://pub-4ae70fe1d6cf4e5ea327e14b66c0ad8e.r2.dev/dtsupply-products/288365-003.webp,$62.00,288365-003,True,6907
Cables,306039-001 - HP 68 Pin to 68 Pin LVD SCSI Drive Data Cable,,https://pub-4ae70fe1d6cf4e5ea327e14b66c0ad8e.r2.dev/dtsupply-products/306039-001.webp,$118.00,306039-001,True,3515
Cables,288365-004 - Compaq 34-Pin CD Data Cable for ProLiant ML370 / DL380 Server,,https://pub-4ae70fe1d6cf4e5ea327e14b66c0ad8e.r2.dev/dtsupply-products/288365-004.webp,$55.00,288365-004,True,4587
Cables,306039-002 - HP 45-inch LVD SCSI Cable for Xw8000 WorkStation,,https://pub-4ae70fe1d6cf4e5ea327e14b66c0ad8e.r2.dev/dtsupply-products/306039-002.webp,$165.00,306039-002,True,3517
Cables,306039-004 - HP 48-inch 68 pin U320 SCSI Ribbon Cable,,https://cdn.cmshardware.com/images/Images/Products/306039-004.webp,$95.00,306039-004,True,1906
Cables,288489-001 - Compaq CD-ROM Audio Cable,,https://pub-4ae70fe1d6cf4e5ea327e14b66c0ad8e.r2.dev/dtsupply-products/288489-001.webp,$55.00,288489-001,True,4601
Cables,306041-002 - Foxconn 16-inch 68 pin Internal SCSI Cable,,https://cdn.cmshardware.com/images/Images/Products/306041-002.webp,$80.00,306041-002,True,6105
Cables,288874-B21 - HP Internal SCSI Cable for ProLiant DL580 G2 Server,,https://pub-4ae70fe1d6cf4e5ea327e14b66c0ad8e.r2.dev/dtsupply-products/288874-B21.webp,$72.00,288874-B21,True,2167
Cables,306347-001 - Compaq Hot-pluggable Fan Cable,,https://pub-4ae70fe1d6cf4e5ea327e14b66c0ad8e.r2.dev/dtsupply-products/306347-001.webp,$62.00,306347-001,True,4522
Cables,289229-001 - HP 5-Device SCSI Cable with Terminator,,https://pub-4ae70fe1d6cf4e5ea327e14b66c0ad8e.r2.dev/dtsupply-products/289229-001.webp,$55.00,289229-001,True,3548
Cables,306356-002 - Compaq Hot-pluggable Fan Cable,,https://pub-4ae70fe1d6cf4e5ea327e14b66c0ad8e.r2.dev/dtsupply-products/306356-002.webp,$62.00,306356-002,True,4523
Cables,289567-001 - Compaq SCSI Cable Kit for ProLiant DL380 Server,,https://pub-4ae70fe1d6cf4e5ea327e14b66c0ad8e.r2.dev/dtsupply-products/289567-001.webp,$88.00,289567-001,True,2135
Cables,306579-001 - HP 0.56m Wide SCSI 3D Cable with Terminator,,https://pub-4ae70fe1d6cf4e5ea327e14b66c0ad8e.r2.dev/dtsupply-products/306579-001.webp,$55.00,306579-001,True,2937
Cables,289569-001 - Compaq Miscellaneous Cable Kit for ProLiant DL380 G3 Server,,https://pub-4ae70fe1d6cf4e5ea327e14b66c0ad8e.r2.dev/dtsupply-products/289569-001.webp,$162.00,289569-001,True,4519
Cables,308085-A - Nortel 46Cm Stacking Cable for BayStack 450/470,,https://cdn.cmshardware.com/images/Images/Products/308085-A.webp,$70.00,308085-A,True,6597
Cables,308385-001 - HP 4-Pin LVD SCSI Cable for Workstation XW5000 XW6200,,https://pub-4ae70fe1d6cf4e5ea327e14b66c0ad8e.r2.dev/dtsupply-products/308385-001.webp,$62.00,308385-001,True,3454
Cables,28959-01 - Plantronics headphone/headset accessory Cable,,https://pub-4ae70fe1d6cf4e5ea327e14b66c0ad8e.r2.dev/dtsupply-products/28959-01.webp,$72.00,28959-01,True,4815
Cables,308385-002 - Compaq 4-Pin LVD SCSI Female Hard Drive Cable,,https://pub-4ae70fe1d6cf4e5ea327e14b66c0ad8e.r2.dev/dtsupply-products/308385-002.webp,$55.00,308385-002,True,4588
Cables,291034-B21 - Compaq 8ft C19-C14 Power Cord for DL580 G2 Server,,https://pub-4ae70fe1d6cf4e5ea327e14b66c0ad8e.r2.dev/dtsupply-products/291034-B21.webp,Get a Quote for price,291034-B21,True,4527
Cables,292232-001 - HP ProLiant ML350 G3 Point to Point SCSI Cable,,https://pub-4ae70fe1d6cf4e5ea327e14b66c0ad8e.r2.dev/dtsupply-products/292232-001.webp,$55.00,292232-001,True,3546
Cables,308388-002 - Compaq 23-inch 40-Pin IDE Ultra ATA Dual Device Data Cable for xw8200 Workstation,,https://pub-4ae70fe1d6cf4e5ea327e14b66c0ad8e.r2.dev/dtsupply-products/308388-002.webp,$55.00,308388-002,True,4581
Cables,292642-001 - HP 12ft KVM Cable,,https://pub-4ae70fe1d6cf4e5ea327e14b66c0ad8e.r2.dev/dtsupply-products/292642-001.webp,$88.00,292642-001,True,2217
Cables,29-30118-01 - DEC Door Interlock Switch Cable,,https://cdn.cmshardware.com/images/Images/Products/29-30118-01.webp,$110.00,29-30118-01,True,6686
Cables,30WGC - Dell Power Button Switch Cable,,https://pub-4ae70fe1d6cf4e5ea327e14b66c0ad8e.r2.dev/dtsupply-products/30WGC.webp,$98.00,30WGC,True,945
Cables,29-30120-01 - HP Power Cable For Fan,,https://cdn.cmshardware.com/images/Images/Products/29-30120-01.webp,$175.00,29-30120-01,True,1451
Cables,31028822 - IBM / Foxconn DMS59 to 1-VGA and 1-DVI Splitter Dongle Cable,,https://pub-4ae70fe1d6cf4e5ea327e14b66c0ad8e.r2.dev/dtsupply-products/31028822.webp,$62.00,31028822,True,6008
Cables,293203-001 - Compaq 90-Watts Automobile Adapter Cable for N610c/nc4000/nc4010 Laptop,,https://pub-4ae70fe1d6cf4e5ea327e14b66c0ad8e.r2.dev/dtsupply-products/293203-001.webp,$50.00,293203-001,True,4480
Cables,310-5680 - Dell Usb Server Interface Pod KVM Cable,,https://cdn.cmshardware.com/images/Images/Products/310-5680.webp,$75.00,310-5680,True,6473
Cables,293372-001 - Compaq Hard Drive Cable Kit,,https://pub-4ae70fe1d6cf4e5ea327e14b66c0ad8e.r2.dev/dtsupply-products/293372-001.webp,$65.00,293372-001,True,4624
Cables,310782-B21 - Compaq 1xC13/C14 Y-Cable,,https://pub-4ae70fe1d6cf4e5ea327e14b66c0ad8e.r2.dev/dtsupply-products/310782-B21.webp,$80.00,310782-B21,True,4609
Cables,293373-001 - HP 2 Point SCSI Cable with Terminator,,https://pub-4ae70fe1d6cf4e5ea327e14b66c0ad8e.r2.dev/dtsupply-products/293373-001.webp,$72.00,293373-001,True,2584
Cables,311174-001 - Compaq CD / Floppy / HD Cable Kit,,https://pub-4ae70fe1d6cf4e5ea327e14b66c0ad8e.r2.dev/dtsupply-products/311174-001.webp,$62.00,311174-001,True,4500
Cables,293YN - Dell 2 Drop 68-Pin SCSI Internal Ribbon Cable,,https://cdn.cmshardware.com/images/Images/Products/293YN.webp,$62.00,293YN,True,1203
Cables,311177-001 - Compaq LED Power Button Board Bracket Cable for Server TC2120,,https://pub-4ae70fe1d6cf4e5ea327e14b66c0ad8e.r2.dev/dtsupply-products/311177-001.webp,$55.00,311177-001,True,4610
Cables,294028-001 - Compaq 6-inch RJ45-to-DB9 Serial Converter Cable,,https://pub-4ae70fe1d6cf4e5ea327e14b66c0ad8e.r2.dev/dtsupply-products/294028-001.webp,$102.00,294028-001,True,4511
Cables,311846-001 - Compaq SCSI Cable Kit,,https://pub-4ae70fe1d6cf4e5ea327e14b66c0ad8e.r2.dev/dtsupply-products/311846-001.webp,$95.00,311846-001,True,5707
Cables,294088-001 - Compaq RJ-11 Modem Cable,,https://pub-4ae70fe1d6cf4e5ea327e14b66c0ad8e.r2.dev/dtsupply-products/294088-001.webp,$55.00,294088-001,True,4607
Cables,312144-001 - Compaq Hard Drive Power Cable For Integrity rx2600 Server,,https://pub-4ae70fe1d6cf4e5ea327e14b66c0ad8e.r2.dev/dtsupply-products/312144-001.webp,$55.00,312144-001,True,4238
Cables,294912-001 - Compaq Internal 56K ISA Data Fax Modem Card,,https://pub-4ae70fe1d6cf4e5ea327e14b66c0ad8e.r2.dev/dtsupply-products/294912-001.webp,$55.00,294912-001,True,5949
Cables,312337-001 - HP Power Cable Assembly,,https://pub-4ae70fe1d6cf4e5ea327e14b66c0ad8e.r2.dev/dtsupply-products/312337-001.webp,$62.00,312337-001,True,3493
Cables,295209-001 - Compaq Vertical Lift Ribbon Cable for DLT Tape Library,,https://pub-4ae70fe1d6cf4e5ea327e14b66c0ad8e.r2.dev/dtsupply-products/295209-001.webp,$80.00,295209-001,True,7394
Cables,313374-001 - Compaq 6ft VHDCI-VHDCI External SCSI Interface Cable,,https://pub-4ae70fe1d6cf4e5ea327e14b66c0ad8e.r2.dev/dtsupply-products/313374-001.webp,$62.00,313374-001,True,4572
Cables,295245-001 - Compaq 9-Pin Serial Cable,,https://pub-4ae70fe1d6cf4e5ea327e14b66c0ad8e.r2.dev/dtsupply-products/295245-001.webp,$118.00,295245-001,True,5708
Cables,313374-002 - Compaq SCSI-5 External Cable (3.6-meter),,https://pub-4ae70fe1d6cf4e5ea327e14b66c0ad8e.r2.dev/dtsupply-products/313374-002.webp,$75.00,313374-002,True,5780
Cables,295479-001 - HP 3.6m 16a to C19 Power Cable,,https://pub-4ae70fe1d6cf4e5ea327e14b66c0ad8e.r2.dev/dtsupply-products/295479-001.webp,$118.00,295479-001,True,7946
Cables,313374-004 - HP 7.4m VHDCI To VHDCI SCSI Cable,,https://pub-4ae70fe1d6cf4e5ea327e14b66c0ad8e.r2.dev/dtsupply-products/313374-004.webp,$172.00,313374-004,True,2330
Cables,295553-001 - HP Power Cord 250V 16A 3.6m,,https://pub-4ae70fe1d6cf4e5ea327e14b66c0ad8e.r2.dev/dtsupply-products/295553-001.webp,$80.00,295553-001,True,1923
Cables,313374-005 - HP 12m VHDCI to VHDCI SCSI Cable,,https://pub-4ae70fe1d6cf4e5ea327e14b66c0ad8e.r2.dev/dtsupply-products/313374-005.webp,$72.00,313374-005,True,2588
Cables,295589-001 - Compaq 10-inch External Wide SCSI Cable,,https://pub-4ae70fe1d6cf4e5ea327e14b66c0ad8e.r2.dev/dtsupply-products/295589-001.webp,$148.00,295589-001,True,4127
Cables,313375-001 - Compaq 2m VHDCI Lvd to Wide Ultra SCSI 68 Pin Cable,,https://pub-4ae70fe1d6cf4e5ea327e14b66c0ad8e.r2.dev/dtsupply-products/313375-001.webp,$88.00,313375-001,True,4003
Cables,295593-001 - HP External SCSI Cable,,https://pub-4ae70fe1d6cf4e5ea327e14b66c0ad8e.r2.dev/dtsupply-products/295593-001.webp,Get a Quote for price,295593-001,True,3221
Cables,313375-003 - Compaq VHDCI Cable,,https://pub-4ae70fe1d6cf4e5ea327e14b66c0ad8e.r2.dev/dtsupply-products/313375-003.webp,$130.00,313375-003,True,4479
Cables,295593-002 - HP 3.65m VHDCI to 68 Pin External SCSI Cable,,https://pub-4ae70fe1d6cf4e5ea327e14b66c0ad8e.r2.dev/dtsupply-products/295593-002.webp,$148.00,295593-002,True,2585
Cables,313376-002 - HP 12ft VHDCI to Fast/Narrow SCSI External Cable,,https://pub-4ae70fe1d6cf4e5ea327e14b66c0ad8e.r2.dev/dtsupply-products/313376-002.webp,$95.00,313376-002,True,3522
Cables,295593-004 - HP 3ft VHDCI External SCSI Cable,,https://pub-4ae70fe1d6cf4e5ea327e14b66c0ad8e.r2.dev/dtsupply-products/295593-004.webp,Get a Quote for price,295593-004,True,3513
Cables,31341 - Cables To Go 5FT Cat6 550MHz Snagless Unshielded Ethernet Network Patch Cable Blue,,https://pub-4ae70fe1d6cf4e5ea327e14b66c0ad8e.r2.dev/dtsupply-products/31341.webp,$62.00,31341,True,4952
Cables,295633-B22 - Compaq 2.5m 16A 1xC19-C20 Standard Power Cord,,https://pub-4ae70fe1d6cf4e5ea327e14b66c0ad8e.r2.dev/dtsupply-products/295633-B22.webp,$80.00,295633-B22,True,4513
Cables,314014-005 - Compaq IDE Cable,,https://pub-4ae70fe1d6cf4e5ea327e14b66c0ad8e.r2.dev/dtsupply-products/314014-005.webp,$55.00,314014-005,True,5959
Cables,295644-B21 - Compaq External VHDCI to 68-Pin SCSI Cable,,https://pub-4ae70fe1d6cf4e5ea327e14b66c0ad8e.r2.dev/dtsupply-products/295644-B21.webp,$172.00,295644-B21,True,4128
Cables,314014-006 - Compaq 50 Pin Universal Media Bay Cable,,https://pub-4ae70fe1d6cf4e5ea327e14b66c0ad8e.r2.dev/dtsupply-products/314014-006.webp,$55.00,314014-006,True,5960
Cables,296016-003 - HP 28-inch SCSI Cable,,https://pub-4ae70fe1d6cf4e5ea327e14b66c0ad8e.r2.dev/dtsupply-products/296016-003.webp,$62.00,296016-003,True,2137
Cables,314014-007 - Compaq 15-inch 49-Pin CD-ROM Drive Cable for ProLiant DL560,,https://pub-4ae70fe1d6cf4e5ea327e14b66c0ad8e.r2.dev/dtsupply-products/314014-007.webp,$55.00,314014-007,True,4595
Cables,296016-004 - HP Fast 2-Dev Wide SCSI Cable,,https://pub-4ae70fe1d6cf4e5ea327e14b66c0ad8e.r2.dev/dtsupply-products/296016-004.webp,$62.00,296016-004,True,2136
Cables,314015-001 - HP Power Button Switch Cable For DeskPro,,https://pub-4ae70fe1d6cf4e5ea327e14b66c0ad8e.r2.dev/dtsupply-products/314015-001.webp,$62.00,314015-001,True,3691
Cables,296016-008 - HP SCSI Cable for ProLiant ML370 Server,,https://pub-4ae70fe1d6cf4e5ea327e14b66c0ad8e.r2.dev/dtsupply-products/296016-008.webp,$62.00,296016-008,True,2586
Cables,314765-001 - Compaq Rj-45 Loopback Cable,,https://pub-4ae70fe1d6cf4e5ea327e14b66c0ad8e.r2.dev/dtsupply-products/314765-001.webp,$72.00,314765-001,True,4512
Cables,296572-002 - Compaq Fan Internal Power Cable,,https://pub-4ae70fe1d6cf4e5ea327e14b66c0ad8e.r2.dev/dtsupply-products/296572-002.webp,$62.00,296572-002,True,5983
Cables,316131-001 - HP MSA1000 Serial Cable,,https://pub-4ae70fe1d6cf4e5ea327e14b66c0ad8e.r2.dev/dtsupply-products/316131-001.webp,$125.00,316131-001,True,2978
Cables,296621-001 - Compaq Loopback SCSI Cable,,https://pub-4ae70fe1d6cf4e5ea327e14b66c0ad8e.r2.dev/dtsupply-products/296621-001.webp,$118.00,296621-001,True,5966
Cables,317463-001 - Compaq RJ-45 Ethernet Loopback Cable,,https://pub-4ae70fe1d6cf4e5ea327e14b66c0ad8e.r2.dev/dtsupply-products/317463-001.webp,$62.00,317463-001,True,5809
Cables,297012-001 - HP 68-Pin Internal SCSI Cable,,https://pub-4ae70fe1d6cf4e5ea327e14b66c0ad8e.r2.dev/dtsupply-products/297012-001.webp,$55.00,297012-001,True,2936
Cables,317463-002 - Compaq RJ-45 Ethernet Loopback Cable for NC3131,,https://pub-4ae70fe1d6cf4e5ea327e14b66c0ad8e.r2.dev/dtsupply-products/317463-002.webp,$72.00,317463-002,True,5688
Cables,297012-002 - HP 6-inch 68 Pin SCSI Signal Cable,,https://pub-4ae70fe1d6cf4e5ea327e14b66c0ad8e.r2.dev/dtsupply-products/297012-002.webp,$55.00,297012-002,True,2996
Cables,317465-001 - Compaq RJ-45 Ethernet Loopback Cable for NC3131,,https://pub-4ae70fe1d6cf4e5ea327e14b66c0ad8e.r2.dev/dtsupply-products/317465-001.webp,$72.00,317465-001,True,5789
Cables,297513-001 - HP Power Cable Assembly,,https://pub-4ae70fe1d6cf4e5ea327e14b66c0ad8e.r2.dev/dtsupply-products/297513-001.webp,$62.00,297513-001,True,3489
Cables,317940-B22 - Compaq 56K V.90 PCMCIA Fax/Modem Card,,https://pub-4ae70fe1d6cf4e5ea327e14b66c0ad8e.r2.dev/dtsupply-products/317940-B22.webp,$62.00,317940-B22,True,5704
Cables,298859-001 - Compaq External SCSI Cable,,https://pub-4ae70fe1d6cf4e5ea327e14b66c0ad8e.r2.dev/dtsupply-products/298859-001.webp,$110.00,298859-001,True,2145
Cables,319304-001 - HP 2.5M C19-C20 Power Cable,,https://pub-4ae70fe1d6cf4e5ea327e14b66c0ad8e.r2.dev/dtsupply-products/319304-001.webp,$80.00,319304-001,True,2126
Cables,299342-001 - HP Power Cable Assembly,,https://pub-4ae70fe1d6cf4e5ea327e14b66c0ad8e.r2.dev/dtsupply-products/299342-001.webp,$55.00,299342-001,True,3068
Cables,31P1296 - IBM 3.5m DB9 Male to Female Cable Port to UPS 2145,,https://cdn.cmshardware.com/images/Images/Products/31P1296.webp,$128.00,31P1296,True,3709
Cables,299342-002 - HP Power Cable Assembly,,https://pub-4ae70fe1d6cf4e5ea327e14b66c0ad8e.r2.dev/dtsupply-products/299342-002.webp,$55.00,299342-002,True,3069
Cables,31P1826 - IBM Battery Backplane Power Cable,,https://cdn.cmshardware.com/images/Images/Products/31P1826.webp,$115.00,31P1826,True,3797
Cables,31P1828 - IBM 0.76M 16-Pin Battery Backplane LPC Cable,,https://cdn.cmshardware.com/images/Images/Products/31P1828.webp,$55.00,31P1828,True,3798
Cables,299342-005 - HP Power Cable Assembly,,https://pub-4ae70fe1d6cf4e5ea327e14b66c0ad8e.r2.dev/dtsupply-products/299342-005.webp,$62.00,299342-005,True,3491
Cables,31P6102 - IBM 3.5M RIO-2 (Remote I/O) Copper Cable,,https://pub-4ae70fe1d6cf4e5ea327e14b66c0ad8e.r2.dev/dtsupply-products/31P6102.webp,$715.00,31P6102,True,7456
Cables,299386-001 - HP Video Cable Splitter 4-Port for STB Quad Video Card,,https://pub-4ae70fe1d6cf4e5ea327e14b66c0ad8e.r2.dev/dtsupply-products/299386-001.webp,$55.00,299386-001,True,7759
Cables,31P6131 - IBM 3.5M RIO-2 (Remote I/O) Copper Cable,,https://pub-4ae70fe1d6cf4e5ea327e14b66c0ad8e.r2.dev/dtsupply-products/31P6131.webp,$88.00,31P6131,True,5762
Cables,29KWG - Dell 410mm HDD SATA Data Cable for Precision T1650,,https://cdn.cmshardware.com/images/Images/Products/29KWG.webp,$62.00,29KWG,True,767
Cables,31P6277 - IBM Lenovo RJ45 Ethernet Patch Cable 2 meter Grey,,https://pub-4ae70fe1d6cf4e5ea327e14b66c0ad8e.r2.dev/dtsupply-products/31P6277.webp,Get a Quote for price,31P6277,True,5570
Cables,2CM32 - Dell 3M 10GbE SFP+ to SFP+ Twinaxial Cable,,https://pub-4ae70fe1d6cf4e5ea327e14b66c0ad8e.r2.dev/dtsupply-products/2CM32.webp,$62.00,2CM32,True,1014
Cables,2CV55 - Dell R7920 Mini DisplayPort to DisplayPort Adapter Cable,,https://cdn.cmshardware.com/images/Images/Products/2CV55.webp,$70.00,2CV55,True,851
Cables,31P6327 - IBM 3m SC to SC Fiber Cable,,https://pub-4ae70fe1d6cf4e5ea327e14b66c0ad8e.r2.dev/dtsupply-products/31P6327.webp,$62.00,31P6327,True,5868
Cables,2GFPGGX-06H - HP 0.5M External Mini-SAS SFF-8088 Cable,,https://cdn.cmshardware.com/images/Images/Products/2GFPGGX-06H.webp,$62.00,2GFPGGX-06H,True,2331
Cables,31R3144 - IBM 3M Console Switch Cable,,https://pub-4ae70fe1d6cf4e5ea327e14b66c0ad8e.r2.dev/dtsupply-products/31R3144.webp,$102.00,31R3144,True,7228
Cables,2GMT3 - Dell Laptop LCD Flex Cable For Chromebook Inspiron 7486,,https://cdn.cmshardware.com/images/Images/Products/2GMT3.webp,$78.00,2GMT3,True,598
Cables,31R3145 - IBM Console KVM Switch USB Cable (3m),,https://cdn.cmshardware.com/images/Images/Products/31R3145.webp,$118.00,31R3145,True,6039
Cables,31VUK - Dell Backplane Cable For PowerEdge 2550,,https://cdn.cmshardware.com/images/Images/Products/31VUK.webp,$78.00,31VUK,True,537
Cables,2H301 - Dell Front I/O Panel Audio Cable,,https://cdn.cmshardware.com/images/Images/Products/2H301.webp,$78.00,2H301,True,472
Cables,2JMN0 - Dell PERC Driver LED Signal Cable for Precision T5600 / T7600,,https://cdn.cmshardware.com/images/Images/Products/2JMN0.webp,$98.00,2JMN0,True,806
Cables,321510-B22 - Compaq 56Kb/s PCI Modem Card,,https://pub-4ae70fe1d6cf4e5ea327e14b66c0ad8e.r2.dev/dtsupply-products/321510-B22.webp,$62.00,321510-B22,True,4524
Cables,2JVNJ - Dell 3ft 3 Prong Power Cable For Adapter,,https://cdn.cmshardware.com/images/Images/Products/2JVNJ.webp,$55.00,2JVNJ,True,930
Cables,321624-B21 - Compaq Fibre Channel Copper Patch Cable (0.6-Meter),,https://pub-4ae70fe1d6cf4e5ea327e14b66c0ad8e.r2.dev/dtsupply-products/321624-B21.webp,$62.00,321624-B21,True,5717
Cables,2KVW5 - Dell 2 SATA to 4 SATA Transition Splitter Cable,,https://cdn.cmshardware.com/images/Images/Products/2KVW5.webp,$62.00,2KVW5,True,1207
Cables,2L-5202P - Aten 1.8-Meter 1 x Jack SPHD-15 Male To 1 x Jack VGA Male + 2 x Jacks PS/2 Male KVM Cable,,https://cdn.cmshardware.com/images/Images/Products/2L-5202P.webp,$80.00,2L-5202P,True,6480
Cables,324394-B21 - Compaq Fibre Channel Cable (6.6-ft),,https://pub-4ae70fe1d6cf4e5ea327e14b66c0ad8e.r2.dev/dtsupply-products/324394-B21.webp,$62.00,324394-B21,True,2272
Cables,2L-5203U - Aten 3M VGA Male / USB A Male SPHD15-G KVM Cable,,https://cdn.cmshardware.com/images/Images/Products/2L-5203U.webp,$68.00,2L-5203U,True,3944
Cables,326912-001 - HP Power Cable Assembly,,https://pub-4ae70fe1d6cf4e5ea327e14b66c0ad8e.r2.dev/dtsupply-products/326912-001.webp,$60.00,326912-001,True,3071
Cables,2M-26AWG - Intel 2m QSFP-QSFP Omni-Path Passive Copper Cable,,https://cdn.cmshardware.com/images/Images/Products/2M-26AWG.webp,$85.00,2M-26AWG,True,6263
Cables,2M516 - Dell Power Cable For PowerEdge 3250,,https://cdn.cmshardware.com/images/Images/Products/2M516.webp,$78.00,2M516,True,518
Cables,326965-001 - HP 12-inch Blue SATA Cable,,https://pub-4ae70fe1d6cf4e5ea327e14b66c0ad8e.r2.dev/dtsupply-products/326965-001.webp,$72.00,326965-001,True,2269
Cables,2NMYW - Dell USB/VGA KVM Switch Cable,,https://cdn.cmshardware.com/images/Images/Products/2NMYW.webp,$132.00,2NMYW,True,1189
Cables,326965-003 - HP SATA Cable for DC7100 PC,,https://pub-4ae70fe1d6cf4e5ea327e14b66c0ad8e.r2.dev/dtsupply-products/326965-003.webp,$72.00,326965-003,True,7802
Cables,2NY40 - Dell 0.5M MINI SAS Cable,,https://cdn.cmshardware.com/images/Images/Products/2NY40.webp,$88.00,2NY40,True,707
Cables,326965-006 - Compaq 7-Pin 18-inch SATA Right Angle Cable,,https://pub-4ae70fe1d6cf4e5ea327e14b66c0ad8e.r2.dev/dtsupply-products/326965-006.webp,$72.00,326965-006,True,4597
Cables,2R389 - Dell 5M LC-SC Fibre Optical Cable for PowerVault ML6000,,https://pub-4ae70fe1d6cf4e5ea327e14b66c0ad8e.r2.dev/dtsupply-products/2R389.webp,$62.00,2R389,True,996
Cables,326965-008 - HP SATA Cable for dc7100 PC,,https://pub-4ae70fe1d6cf4e5ea327e14b66c0ad8e.r2.dev/dtsupply-products/326965-008.webp,$62.00,326965-008,True,1321
Cables,2R390 - Dell 2M SC-SC DUPLEX Fibre Channel Cable,,https://pub-4ae70fe1d6cf4e5ea327e14b66c0ad8e.r2.dev/dtsupply-products/2R390.webp,Get a Quote for price,2R390,True,718
Cables,327655-001 - HP Power Cable Assembly,,https://pub-4ae70fe1d6cf4e5ea327e14b66c0ad8e.r2.dev/dtsupply-products/327655-001.webp,$62.00,327655-001,True,1990
Cables,2R512 - Dell Ethernet Cable 12 ft KMM CAT 5 RJ45 I/O Black,,https://cdn.cmshardware.com/images/Images/Products/2R512.webp,$62.00,2R512,True,848
Cables,2R904 - Dell Usb Server Interface Pod KVM Cable,,https://cdn.cmshardware.com/images/Images/Products/2R904.webp,$75.00,2R904,True,553
Cables,328215-001 - HP 5M 68-Pin Wide Differential SCSI Cable,,https://pub-4ae70fe1d6cf4e5ea327e14b66c0ad8e.r2.dev/dtsupply-products/328215-001.webp,Get a Quote for price,328215-001,True,3520
Cables,2T260 - Dell 1.5M Extension Power Cord,,https://pub-4ae70fe1d6cf4e5ea327e14b66c0ad8e.r2.dev/dtsupply-products/2T260.webp,$62.00,2T260,True,749
Cables,"2T71R - Dell 24"" PERC8 Mini-SAS to Mini-SAS Side Cable T620/T420",,https://cdn.cmshardware.com/images/Images/Products/2T71R.webp,$68.00,2T71R,True,961
Cables,328215-002 - HP 10M 68-Pin Wide Differential SCSI Cable,,https://pub-4ae70fe1d6cf4e5ea327e14b66c0ad8e.r2.dev/dtsupply-products/328215-002.webp,Get a Quote for price,328215-002,True,3519
Cables,2W1T9 - Dell 14-Pin Power Button Board Cable,,https://cdn.cmshardware.com/images/Images/Products/2W1T9.webp,$98.00,2W1T9,True,962
Cables,328215-003 - HP 15m 68 Pin SCSI Interface Cable,,https://pub-4ae70fe1d6cf4e5ea327e14b66c0ad8e.r2.dev/dtsupply-products/328215-003.webp,$172.00,328215-003,True,2163
Cables,2Y200 - Dell Keyboard Extension Cable,,https://pub-4ae70fe1d6cf4e5ea327e14b66c0ad8e.r2.dev/dtsupply-products/2Y200.webp,$70.00,2Y200,True,986
Cables,328215-004 - HP 20m HD-68 Male to HD-68 Male SCSI Cable,,https://pub-4ae70fe1d6cf4e5ea327e14b66c0ad8e.r2.dev/dtsupply-products/328215-004.webp,$172.00,328215-004,True,7805
Cables,2Y51X - Dell USB Audio Front I/O Panel Cable For OptiPlex 7010 / 9010,,https://cdn.cmshardware.com/images/Images/Products/2Y51X.webp,$82.00,2Y51X,True,533
Cables,328519-A - Hitachi 4X 100Cm TE Connectiivity Mini-SAS Cable,,https://cdn.cmshardware.com/images/Images/Products/328519-A.webp,$58.00,328519-A,True,6088
Cables,2YC3T - Dell Mini-SAS to 2 x Mini-SAS Cable for PowerEdge R410,,https://cdn.cmshardware.com/images/Images/Products/2YC3T.webp,$62.00,2YC3T,True,800
Cables,2YJPC - Dell SAS Cable Assembly for C8000,,https://cdn.cmshardware.com/images/Images/Products/2YJPC.webp,$150.00,2YJPC,True,490
Cables,328708-001 - Compaq Miscellaneous Power Cable Kit,,https://pub-4ae70fe1d6cf4e5ea327e14b66c0ad8e.r2.dev/dtsupply-products/328708-001.webp,$55.00,328708-001,True,4627
Cables,30-00202-000-00 - IBM 3-Drop 50-Pin Internal SCSI Cable,,https://pub-4ae70fe1d6cf4e5ea327e14b66c0ad8e.r2.dev/dtsupply-products/30-00202-000-00.webp,$62.00,30-00202-000-00,True,4662
Cables,328848-001 - Compaq Signal Cable Kit for ProLiant 6500 server,,https://pub-4ae70fe1d6cf4e5ea327e14b66c0ad8e.r2.dev/dtsupply-products/328848-001.webp,$55.00,328848-001,True,4239
Cables,300926-001 - HP DAT/DLT SCSI Cable for ProLiant 1200 Server Series,,https://pub-4ae70fe1d6cf4e5ea327e14b66c0ad8e.r2.dev/dtsupply-products/300926-001.webp,$62.00,300926-001,True,3514
Cables,3290630-A - Hitachi VSP GX00 1.5M SAS Cable,,https://cdn.cmshardware.com/images/Images/Products/3290630-A.webp,$110.00,3290630-A,True,6734
Cables,3290631-A - Hitachi HDS VSP G SAS 1.5M Cable,,https://cdn.cmshardware.com/images/Images/Products/3290631-A.webp,$195.00,3290631-A,True,6731
Cables,32G0397 - IBM 1.57m SCSI Cable single ported device for pSeries,,https://cdn.cmshardware.com/images/Images/Products/32G0397.webp,$80.00,32G0397,True,6163
Cables,3-01171-03 - Dell 3ft 68-Pin SCSI Cable,,https://pub-4ae70fe1d6cf4e5ea327e14b66c0ad8e.r2.dev/dtsupply-products/3-01171-03.webp,$118.00,3-01171-03,True,4701
Cables,32P1439 - IBM Power Backplane to System Board Cable for,,https://cdn.cmshardware.com/images/Images/Products/32P1439.webp,$78.00,32P1439,True,3794
Cables,30130-1  - Rocketport Express PCI Octa w/8 port RJ45 Cable,,https://cdn.cmshardware.com/images/Images/Products/30130-1.webp,$606.00,30130-1  ,True,430
Cables,32P1446 - IBM Backplane to Fans Cable Assembly,,https://cdn.cmshardware.com/images/Images/Products/32P1446.webp,$78.00,32P1446,True,3795
Cables,3-01743-02 - Dell Ext SAS Port with SATA Cable,,https://pub-4ae70fe1d6cf4e5ea327e14b66c0ad8e.r2.dev/dtsupply-products/3-01743-02.webp,$62.00,3-01743-02,True,3940
Cables,32P1645 - IBM 250mm KVM Conversion Cable,,https://pub-4ae70fe1d6cf4e5ea327e14b66c0ad8e.r2.dev/dtsupply-products/32P1645.webp,$125.00,32P1645,True,7769
Cables,32P1649 - IBM Conversion Cable for 17351GX Console Switch,,https://pub-4ae70fe1d6cf4e5ea327e14b66c0ad8e.r2.dev/dtsupply-products/32P1649.webp,$62.00,32P1649,True,5996
Cables,302376-001 - Compaq IDE Cable for ProLiant ML350 G3 Server,,https://pub-4ae70fe1d6cf4e5ea327e14b66c0ad8e.r2.dev/dtsupply-products/302376-001.webp,$62.00,302376-001,True,4559
Cables,32P1652 - IBM 1.5M KVM Conversion Cable,,https://cdn.cmshardware.com/images/Images/Products/32P1652.webp,$62.00,32P1652,True,6482
Cables,302532-001 - HP Floppy Cable for ProLiant ML570 / ML530,,https://cdn.cmshardware.com/images/Images/Products/302532-001.webp,$62.00,302532-001,True,1440
Cables,32P1654 - IBM 1.5-Meters 2 x Ports RJ-45 to CGA + 2 x PS/2 Connectors KVM Conversion Cable,,https://cdn.cmshardware.com/images/Images/Products/32P1654.webp,$62.00,32P1654,True,6486
Cables,32P1869 - IBM 26-Pin 1mm Diskette Drive Flat Flex Ribbon Cable,,https://cdn.cmshardware.com/images/Images/Products/32P1869.webp,$78.00,32P1869,True,3796
Cables,303309-002 - Compaq CAT5 Ethernet Crossover Cluster Cable,,https://pub-4ae70fe1d6cf4e5ea327e14b66c0ad8e.r2.dev/dtsupply-products/303309-002.webp,$55.00,303309-002,True,4606
Cables,32P1872 - IBM Power Cable For Light Path Board XSeries 345,,https://cdn.cmshardware.com/images/Images/Products/32P1872.webp,$78.00,32P1872,True,3799
Cables,304097-001 - Compaq USB-to-Parallel Converter 6.8ft Cable,,https://pub-4ae70fe1d6cf4e5ea327e14b66c0ad8e.r2.dev/dtsupply-products/304097-001.webp,$70.00,304097-001,True,4553
Cables,32P1873 - IBM 2 Drop Fan Cable Assembly For xSeries 345,,https://cdn.cmshardware.com/images/Images/Products/32P1873.webp,$72.00,32P1873,True,4204
Cables,32P8335 - IBM SCSI Backplane Power Cable for eServer x445,,https://cdn.cmshardware.com/images/Images/Products/32P8335.webp,$62.00,32P8335,True,6165
Cables,304098-001 - HP USB to Serial Converter Cable,,https://pub-4ae70fe1d6cf4e5ea327e14b66c0ad8e.r2.dev/dtsupply-products/304098-001.webp,Get a Quote for price,304098-001,True,3451
Cables,32T1C - Dell Intrusion Button Cable For Precision 3630,,https://cdn.cmshardware.com/images/Images/Products/32T1C.webp,$78.00,32T1C,True,531
Cables,305244-001 - Compaq USB-to-Parallel Converter Cable,,https://pub-4ae70fe1d6cf4e5ea327e14b66c0ad8e.r2.dev/dtsupply-products/305244-001.webp,Get a Quote for price,305244-001,True,4491
Cables,330-3967 - Dell Direct Attach Copper Cable SFP+ to SFP+ 7M Twinaxial Passive,,https://pub-4ae70fe1d6cf4e5ea327e14b66c0ad8e.r2.dev/dtsupply-products/330-3967.webp,$190.00,330-3967,True,7419
Cables,305318-001 - HP SCSI Backplane with Cable for ProLiant BL20p G2,,https://pub-4ae70fe1d6cf4e5ea327e14b66c0ad8e.r2.dev/dtsupply-products/305318-001.webp,$110.00,305318-001,True,2598
Cables,330-3968 - Sun 5M SFP+ to SFP+ Passive Direct Attach Copper Cable,,https://pub-4ae70fe1d6cf4e5ea327e14b66c0ad8e.r2.dev/dtsupply-products/330-3968.webp,Get a Quote for price,330-3968,True,7429
Cables,306039-001 - HP 68 Pin to 68 Pin LVD SCSI Drive Data Cable,,https://pub-4ae70fe1d6cf4e5ea327e14b66c0ad8e.r2.dev/dtsupply-products/306039-001.webp,$118.00,306039-001,True,3515
Cables,33050 - Cables To Go 10m LC to LC 50/125 PVC Fiber Optic Cable,,https://pub-4ae70fe1d6cf4e5ea327e14b66c0ad8e.r2.dev/dtsupply-products/33050.webp,$95.00,33050,True,415
Cables,306039-002 - HP 45-inch LVD SCSI Cable for Xw8000 WorkStation,,https://pub-4ae70fe1d6cf4e5ea327e14b66c0ad8e.r2.dev/dtsupply-products/306039-002.webp,$165.00,306039-002,True,3517
Cables,306039-004 - HP 48-inch 68 pin U320 SCSI Ribbon Cable,,https://cdn.cmshardware.com/images/Images/Products/306039-004.webp,$95.00,306039-004,True,1906
Cables,330582-001 - Compaq 12-inch 68-Pin Jumper SCSI Cable,,https://pub-4ae70fe1d6cf4e5ea327e14b66c0ad8e.r2.dev/dtsupply-products/330582-001.webp,$110.00,330582-001,True,3577
Cables,306041-002 - Foxconn 16-inch 68 pin Internal SCSI Cable,,https://cdn.cmshardware.com/images/Images/Products/306041-002.webp,$80.00,306041-002,True,6105
Cables,330-5969 - Dell Direct Attach Copper Cable SFP+ to SFP+ 7M Twinaxial Passive,,https://pub-4ae70fe1d6cf4e5ea327e14b66c0ad8e.r2.dev/dtsupply-products/330-5969.webp,$190.00,330-5969,True,7428
Cables,306347-001 - Compaq Hot-pluggable Fan Cable,,https://pub-4ae70fe1d6cf4e5ea327e14b66c0ad8e.r2.dev/dtsupply-products/306347-001.webp,$62.00,306347-001,True,4522
Cables,332-1369 - Dell 1m 40GbE To 4 x 10GbE SFP+  Breakout Copper DAC,,https://pub-4ae70fe1d6cf4e5ea327e14b66c0ad8e.r2.dev/dtsupply-products/332-1369.webp,$125.00,332-1369,True,4740
Cables,306356-002 - Compaq Hot-pluggable Fan Cable,,https://pub-4ae70fe1d6cf4e5ea327e14b66c0ad8e.r2.dev/dtsupply-products/306356-002.webp,$62.00,306356-002,True,4523
Cables,306579-001 - HP 0.56m Wide SCSI 3D Cable with Terminator,,https://pub-4ae70fe1d6cf4e5ea327e14b66c0ad8e.r2.dev/dtsupply-products/306579-001.webp,$55.00,306579-001,True,2937
Cables,332-1664 - Dell 1.6ft SFP+ Direct Attach Cable,,https://pub-4ae70fe1d6cf4e5ea327e14b66c0ad8e.r2.dev/dtsupply-products/332-1664.webp,$148.00,332-1664,True,7427
Cables,332616-001 - HP 6Ft 68 pin VHDCI to VHDCI SCSI Cable,,https://cdn.cmshardware.com/images/Images/Products/332616-001.webp,$132.00,332616-001,True,3087
Cables,308085-A - Nortel 46Cm Stacking Cable for BayStack 450/470,,https://cdn.cmshardware.com/images/Images/Products/308085-A.webp,$70.00,308085-A,True,6597
Cables,332616-002 - Compaq 12ft VHDCI- VHDCI SCSI Interface Cable,,https://pub-4ae70fe1d6cf4e5ea327e14b66c0ad8e.r2.dev/dtsupply-products/332616-002.webp,$62.00,332616-002,True,4534
Cables,308385-001 - HP 4-Pin LVD SCSI Cable for Workstation XW5000 XW6200,,https://pub-4ae70fe1d6cf4e5ea327e14b66c0ad8e.r2.dev/dtsupply-products/308385-001.webp,$62.00,308385-001,True,3454
Cables,332616-003 - HP 3ft VHDCI to VHDCI SCSI Cable,,https://pub-4ae70fe1d6cf4e5ea327e14b66c0ad8e.r2.dev/dtsupply-products/332616-003.webp,$62.00,332616-003,True,2396
Cables,308385-002 - Compaq 4-Pin LVD SCSI Female Hard Drive Cable,,https://pub-4ae70fe1d6cf4e5ea327e14b66c0ad8e.r2.dev/dtsupply-products/308385-002.webp,$55.00,308385-002,True,4588
Cables,333342-001 - HP 14 Pin Power Signal Cable for ProLiant dl380 Server,,https://pub-4ae70fe1d6cf4e5ea327e14b66c0ad8e.r2.dev/dtsupply-products/333342-001.webp,$62.00,333342-001,True,7801
Cables,308388-002 - Compaq 23-inch 40-Pin IDE Ultra ATA Dual Device Data Cable for xw8200 Workstation,,https://pub-4ae70fe1d6cf4e5ea327e14b66c0ad8e.r2.dev/dtsupply-products/308388-002.webp,$55.00,308388-002,True,4581
Cables,333343-001 - HP 20-Pin Internal Main Power Cable For ProLiant 1850R,,https://pub-4ae70fe1d6cf4e5ea327e14b66c0ad8e.r2.dev/dtsupply-products/333343-001.webp,$70.00,333343-001,True,7898
Cables,30WGC - Dell Power Button Switch Cable,,https://pub-4ae70fe1d6cf4e5ea327e14b66c0ad8e.r2.dev/dtsupply-products/30WGC.webp,$98.00,30WGC,True,945
Cables,333344-001 - HP Floppy / Hard Drive / CD-ROM Power Cable,,https://pub-4ae70fe1d6cf4e5ea327e14b66c0ad8e.r2.dev/dtsupply-products/333344-001.webp,$55.00,333344-001,True,3067
Cables,31028822 - IBM / Foxconn DMS59 to 1-VGA and 1-DVI Splitter Dongle Cable,,https://pub-4ae70fe1d6cf4e5ea327e14b66c0ad8e.r2.dev/dtsupply-products/31028822.webp,$62.00,31028822,True,6008
Cables,333370-B21 - HP ProLiant ML310 VHDCI SCSI Cable Kit,,https://pub-4ae70fe1d6cf4e5ea327e14b66c0ad8e.r2.dev/dtsupply-products/333370-B21.webp,Get a Quote for price,333370-B21,True,3523
Cables,310-5680 - Dell Usb Server Interface Pod KVM Cable,,https://cdn.cmshardware.com/images/Images/Products/310-5680.webp,$75.00,310-5680,True,6473
Cables,310782-B21 - Compaq 1xC13/C14 Y-Cable,,https://pub-4ae70fe1d6cf4e5ea327e14b66c0ad8e.r2.dev/dtsupply-products/310782-B21.webp,$80.00,310782-B21,True,4609
Cables,336047-B21 - HP RJ-45 to HD-15/USB Type-A KVM Adapter,,https://pub-4ae70fe1d6cf4e5ea327e14b66c0ad8e.r2.dev/dtsupply-products/336047-B21.webp,$138.00,336047-B21,True,273
Cables,337224-001 - Compaq Floppy Cable,,https://pub-4ae70fe1d6cf4e5ea327e14b66c0ad8e.r2.dev/dtsupply-products/337224-001.webp,$62.00,337224-001,True,7373
Cables,311174-001 - Compaq CD / Floppy / HD Cable Kit,,https://pub-4ae70fe1d6cf4e5ea327e14b66c0ad8e.r2.dev/dtsupply-products/311174-001.webp,$62.00,311174-001,True,4500
Cables,311177-001 - Compaq LED Power Button Board Bracket Cable for Server TC2120,,https://pub-4ae70fe1d6cf4e5ea327e14b66c0ad8e.r2.dev/dtsupply-products/311177-001.webp,$55.00,311177-001,True,4610
Cables,337247-001 - Compaq 13.5-inch IDE Data Transfer Cable,,https://pub-4ae70fe1d6cf4e5ea327e14b66c0ad8e.r2.dev/dtsupply-products/337247-001.webp,$62.00,337247-001,True,5680
Cables,311846-001 - Compaq SCSI Cable Kit,,https://pub-4ae70fe1d6cf4e5ea327e14b66c0ad8e.r2.dev/dtsupply-products/311846-001.webp,$95.00,311846-001,True,5707
Cables,337559-001 - Compaq 56Kb/s PCI Modem Card for Armada 1500,,https://pub-4ae70fe1d6cf4e5ea327e14b66c0ad8e.r2.dev/dtsupply-products/337559-001.webp,$62.00,337559-001,True,4538
Cables,312144-001 - Compaq Hard Drive Power Cable For Integrity rx2600 Server,,https://pub-4ae70fe1d6cf4e5ea327e14b66c0ad8e.r2.dev/dtsupply-products/312144-001.webp,$55.00,312144-001,True,4238
Cables,337MK - Dell SFP+ 10G 5m DAC Twinax Copper Cable,,https://pub-4ae70fe1d6cf4e5ea327e14b66c0ad8e.r2.dev/dtsupply-products/337MK.webp,$208.00,337MK,True,730
Cables,312337-001 - HP Power Cable Assembly,,https://pub-4ae70fe1d6cf4e5ea327e14b66c0ad8e.r2.dev/dtsupply-products/312337-001.webp,$62.00,312337-001,True,3493
Cables,338285-001 - Compaq VGA Y Splitter Cable with DMS-59 Connector,,https://pub-4ae70fe1d6cf4e5ea327e14b66c0ad8e.r2.dev/dtsupply-products/338285-001.webp,$62.00,338285-001,True,4486
Cables,338285-002 - Compaq DMS-59 to DVI Splitter Video Cable,,https://pub-4ae70fe1d6cf4e5ea327e14b66c0ad8e.r2.dev/dtsupply-products/338285-002.webp,$88.00,338285-002,True,4146
Cables,313374-001 - Compaq 6ft VHDCI-VHDCI External SCSI Interface Cable,,https://pub-4ae70fe1d6cf4e5ea327e14b66c0ad8e.r2.dev/dtsupply-products/313374-001.webp,$62.00,313374-001,True,4572
Cables,338285-004 - HP DMS-59 to Dual VGA Cable,,https://pub-4ae70fe1d6cf4e5ea327e14b66c0ad8e.r2.dev/dtsupply-products/338285-004.webp,$62.00,338285-004,True,2609
Cables,313374-002 - Compaq SCSI-5 External Cable (3.6-meter),,https://pub-4ae70fe1d6cf4e5ea327e14b66c0ad8e.r2.dev/dtsupply-products/313374-002.webp,$75.00,313374-002,True,5780
Cables,338285-005 - Compaq DMS-59 to Dual DVI Y-Splitter Cable,,https://pub-4ae70fe1d6cf4e5ea327e14b66c0ad8e.r2.dev/dtsupply-products/338285-005.webp,$62.00,338285-005,True,4134
Cables,313374-004 - HP 7.4m VHDCI To VHDCI SCSI Cable,,https://pub-4ae70fe1d6cf4e5ea327e14b66c0ad8e.r2.dev/dtsupply-products/313374-004.webp,$172.00,313374-004,True,2330
Cables,338285-006 - Compaq LFH / DMS-59 to Dual VGA Y-Splitter Cable,,https://pub-4ae70fe1d6cf4e5ea327e14b66c0ad8e.r2.dev/dtsupply-products/338285-006.webp,$62.00,338285-006,True,4564
Cables,313374-005 - HP 12m VHDCI to VHDCI SCSI Cable,,https://pub-4ae70fe1d6cf4e5ea327e14b66c0ad8e.r2.dev/dtsupply-products/313374-005.webp,$72.00,313374-005,True,2588
Cables,338285-007 - Compaq DMS-59 to Dual DVI Y-Splitter Cable,,https://pub-4ae70fe1d6cf4e5ea327e14b66c0ad8e.r2.dev/dtsupply-products/338285-007.webp,$62.00,338285-007,True,5732
Cables,313375-001 - Compaq 2m VHDCI Lvd to Wide Ultra SCSI 68 Pin Cable,,https://pub-4ae70fe1d6cf4e5ea327e14b66c0ad8e.r2.dev/dtsupply-products/313375-001.webp,$88.00,313375-001,True,4003
Cables,338285-008 - Compaq DMS-59 to Dual VGA Splitter Cable,,https://pub-4ae70fe1d6cf4e5ea327e14b66c0ad8e.r2.dev/dtsupply-products/338285-008.webp,$65.00,338285-008,True,5923
Cables,313375-003 - Compaq VHDCI Cable,,https://pub-4ae70fe1d6cf4e5ea327e14b66c0ad8e.r2.dev/dtsupply-products/313375-003.webp,$130.00,313375-003,True,4479
Cables,338285-009 - Compaq DMS-59 to Dual DVI-I Video Cable Splitter,,https://pub-4ae70fe1d6cf4e5ea327e14b66c0ad8e.r2.dev/dtsupply-products/338285-009.webp,$62.00,338285-009,True,4207
Cables,313376-002 - HP 12ft VHDCI to Fast/Narrow SCSI External Cable,,https://pub-4ae70fe1d6cf4e5ea327e14b66c0ad8e.r2.dev/dtsupply-products/313376-002.webp,$95.00,313376-002,True,3522
Cables,33G6897 - IBM LED & Power Cable,,https://cdn.cmshardware.com/images/Images/Products/33G6897.webp,$78.00,33G6897,True,3792
Cables,33G6898 - IBM LED Cable Assembly,,https://cdn.cmshardware.com/images/Images/Products/33G6898.webp,$78.00,33G6898,True,3793
Cables,31341 - Cables To Go 5FT Cat6 550MHz Snagless Unshielded Ethernet Network Patch Cable Blue,,https://pub-4ae70fe1d6cf4e5ea327e14b66c0ad8e.r2.dev/dtsupply-products/31341.webp,$62.00,31341,True,4952
Cables,33P2352 - IBM Fan Board Cable for xSeries 336 Server,,https://pub-4ae70fe1d6cf4e5ea327e14b66c0ad8e.r2.dev/dtsupply-products/33P2352.webp,$70.00,33P2352,True,7380
Cables,314014-005 - Compaq IDE Cable,,https://pub-4ae70fe1d6cf4e5ea327e14b66c0ad8e.r2.dev/dtsupply-products/314014-005.webp,$55.00,314014-005,True,5959
Cables,340203-001 - Compaq 12-inch ESL Ethernet Cable,,https://pub-4ae70fe1d6cf4e5ea327e14b66c0ad8e.r2.dev/dtsupply-products/340203-001.webp,$268.00,340203-001,True,5994
Cables,314014-006 - Compaq 50 Pin Universal Media Bay Cable,,https://pub-4ae70fe1d6cf4e5ea327e14b66c0ad8e.r2.dev/dtsupply-products/314014-006.webp,$55.00,314014-006,True,5960
Cables,340388-001 - HP 160mm SATA + 180mm Power ODD Combo Cable,,https://pub-4ae70fe1d6cf4e5ea327e14b66c0ad8e.r2.dev/dtsupply-products/340388-001.webp,$88.00,340388-001,True,3129
Cables,314014-007 - Compaq 15-inch 49-Pin CD-ROM Drive Cable for ProLiant DL560,,https://pub-4ae70fe1d6cf4e5ea327e14b66c0ad8e.r2.dev/dtsupply-products/314014-007.webp,$55.00,314014-007,True,4595
Cables,340569-001 - HP 68 Pin VHDCI to 50 Pin SCSI Cable,,https://pub-4ae70fe1d6cf4e5ea327e14b66c0ad8e.r2.dev/dtsupply-products/340569-001.webp,$138.00,340569-001,True,1543
Cables,314015-001 - HP Power Button Switch Cable For DeskPro,,https://pub-4ae70fe1d6cf4e5ea327e14b66c0ad8e.r2.dev/dtsupply-products/314015-001.webp,$62.00,314015-001,True,3691
Cables,340589-001 - Compaq 9-inch VHDCI Ultra SCSI Cable,,https://pub-4ae70fe1d6cf4e5ea327e14b66c0ad8e.r2.dev/dtsupply-products/340589-001.webp,$62.00,340589-001,True,4121
Cables,314765-001 - Compaq Rj-45 Loopback Cable,,https://pub-4ae70fe1d6cf4e5ea327e14b66c0ad8e.r2.dev/dtsupply-products/314765-001.webp,$72.00,314765-001,True,4512
Cables,340651-001 - HP 6-inch 2M External SCSI Cable,,https://pub-4ae70fe1d6cf4e5ea327e14b66c0ad8e.r2.dev/dtsupply-products/340651-001.webp,Get a Quote for price,340651-001,True,3579
Cables,316131-001 - HP MSA1000 Serial Cable,,https://pub-4ae70fe1d6cf4e5ea327e14b66c0ad8e.r2.dev/dtsupply-products/316131-001.webp,$125.00,316131-001,True,2978
Cables,340652-001 - Compaq SCSI 4.0m interface Cable,,https://pub-4ae70fe1d6cf4e5ea327e14b66c0ad8e.r2.dev/dtsupply-products/340652-001.webp,$148.00,340652-001,True,4143
Cables,317463-001 - Compaq RJ-45 Ethernet Loopback Cable,,https://pub-4ae70fe1d6cf4e5ea327e14b66c0ad8e.r2.dev/dtsupply-products/317463-001.webp,$62.00,317463-001,True,5809
Cables,340653-001 - HP 20A C19 L6-20P Power Cord 11.9-ft,,https://pub-4ae70fe1d6cf4e5ea327e14b66c0ad8e.r2.dev/dtsupply-products/340653-001.webp,$80.00,340653-001,True,2240
Cables,317463-002 - Compaq RJ-45 Ethernet Loopback Cable for NC3131,,https://pub-4ae70fe1d6cf4e5ea327e14b66c0ad8e.r2.dev/dtsupply-products/317463-002.webp,$72.00,317463-002,True,5688
Cables,340665-001 - HP VHDCI to 50 Pin Cable,,https://pub-4ae70fe1d6cf4e5ea327e14b66c0ad8e.r2.dev/dtsupply-products/340665-001.webp,$225.00,340665-001,True,1544
Cables,317465-001 - Compaq RJ-45 Ethernet Loopback Cable for NC3131,,https://pub-4ae70fe1d6cf4e5ea327e14b66c0ad8e.r2.dev/dtsupply-products/317465-001.webp,$72.00,317465-001,True,5789
Cables,340723-001 - HP 68 Pin SCSI Internal to External Cable,,https://pub-4ae70fe1d6cf4e5ea327e14b66c0ad8e.r2.dev/dtsupply-products/340723-001.webp,$62.00,340723-001,True,7812
Cables,317940-B22 - Compaq 56K V.90 PCMCIA Fax/Modem Card,,https://pub-4ae70fe1d6cf4e5ea327e14b66c0ad8e.r2.dev/dtsupply-products/317940-B22.webp,$62.00,317940-B22,True,5704
Cables,341109-001 - HP 68 Pin SCSI Internal to External Cable,,https://pub-4ae70fe1d6cf4e5ea327e14b66c0ad8e.r2.dev/dtsupply-products/341109-001.webp,$62.00,341109-001,True,7813
Cables,319304-001 - HP 2.5M C19-C20 Power Cable,,https://pub-4ae70fe1d6cf4e5ea327e14b66c0ad8e.r2.dev/dtsupply-products/319304-001.webp,$80.00,319304-001,True,2126
Cables,341110-001 - HP 68 Pin to 68 Pin SCSI Ribbon Cable Kit,,https://pub-4ae70fe1d6cf4e5ea327e14b66c0ad8e.r2.dev/dtsupply-products/341110-001.webp,$55.00,341110-001,True,2938
Cables,31P1296 - IBM 3.5m DB9 Male to Female Cable Port to UPS 2145,,https://cdn.cmshardware.com/images/Images/Products/31P1296.webp,$128.00,31P1296,True,3709
Cables,341175-B21 - Compaq 3.7m 68 Pin SCSI interface cable,,https://pub-4ae70fe1d6cf4e5ea327e14b66c0ad8e.r2.dev/dtsupply-products/341175-B21.webp,$110.00,341175-B21,True,4224
Cables,31P1826 - IBM Battery Backplane Power Cable,,https://cdn.cmshardware.com/images/Images/Products/31P1826.webp,$115.00,31P1826,True,3797
Cables,341176-B21 - Compaq VHDCI-M to HD68-M LVD External SCSI Cable (6-ft),,https://pub-4ae70fe1d6cf4e5ea327e14b66c0ad8e.r2.dev/dtsupply-products/341176-B21.webp,$118.00,341176-B21,True,4259
Cables,31P1828 - IBM 0.76M 16-Pin Battery Backplane LPC Cable,,https://cdn.cmshardware.com/images/Images/Products/31P1828.webp,$55.00,31P1828,True,3798
Cables,31P6102 - IBM 3.5M RIO-2 (Remote I/O) Copper Cable,,https://pub-4ae70fe1d6cf4e5ea327e14b66c0ad8e.r2.dev/dtsupply-products/31P6102.webp,$715.00,31P6102,True,7456
Cables,341177-B21 - HP 12 Ft SCSI Data Transfer Cable Vhdci male to HD68 male,,https://pub-4ae70fe1d6cf4e5ea327e14b66c0ad8e.r2.dev/dtsupply-products/341177-B21.webp,$95.00,341177-B21,True,1257
Cables,31P6131 - IBM 3.5M RIO-2 (Remote I/O) Copper Cable,,https://pub-4ae70fe1d6cf4e5ea327e14b66c0ad8e.r2.dev/dtsupply-products/31P6131.webp,$88.00,31P6131,True,5762
Cables,344680-003 - HP Power Switch Cable,,https://pub-4ae70fe1d6cf4e5ea327e14b66c0ad8e.r2.dev/dtsupply-products/344680-003.webp,$148.00,344680-003,True,2239
Cables,31P6277 - IBM Lenovo RJ45 Ethernet Patch Cable 2 meter Grey,,https://pub-4ae70fe1d6cf4e5ea327e14b66c0ad8e.r2.dev/dtsupply-products/31P6277.webp,Get a Quote for price,31P6277,True,5570
Cables,344860-003 - HP Power Switch and Cable for ProLiant ML150 G2 Server,,https://pub-4ae70fe1d6cf4e5ea327e14b66c0ad8e.r2.dev/dtsupply-products/344860-003.webp,$88.00,344860-003,True,2015
Cables,31P6327 - IBM 3m SC to SC Fiber Cable,,https://pub-4ae70fe1d6cf4e5ea327e14b66c0ad8e.r2.dev/dtsupply-products/31P6327.webp,$62.00,31P6327,True,5868
Cables,345580-B21 - Compaq StorageWorks EVA Fibre Channel Expansion Cable Kit,,https://pub-4ae70fe1d6cf4e5ea327e14b66c0ad8e.r2.dev/dtsupply-products/345580-B21.webp,$522.00,345580-B21,True,7381
Cables,31R3144 - IBM 3M Console Switch Cable,,https://pub-4ae70fe1d6cf4e5ea327e14b66c0ad8e.r2.dev/dtsupply-products/31R3144.webp,$102.00,31R3144,True,7228
Cables,346081-001 - HP Led SCSI Cable,,https://pub-4ae70fe1d6cf4e5ea327e14b66c0ad8e.r2.dev/dtsupply-products/346081-001.webp,$72.00,346081-001,True,3549
Cables,31R3145 - IBM Console KVM Switch USB Cable (3m),,https://cdn.cmshardware.com/images/Images/Products/31R3145.webp,$118.00,31R3145,True,6039
Cables,31VUK - Dell Backplane Cable For PowerEdge 2550,,https://cdn.cmshardware.com/images/Images/Products/31VUK.webp,$78.00,31VUK,True,537
Cables,346082-001 - HP SCSI/LED Cable for DL140 Server,,https://pub-4ae70fe1d6cf4e5ea327e14b66c0ad8e.r2.dev/dtsupply-products/346082-001.webp,$88.00,346082-001,True,2270
Cables,346140-001 - Compaq 6-inch HDD SATA Cable,,https://pub-4ae70fe1d6cf4e5ea327e14b66c0ad8e.r2.dev/dtsupply-products/346140-001.webp,$50.00,346140-001,True,2754
Cables,321510-B22 - Compaq 56Kb/s PCI Modem Card,,https://pub-4ae70fe1d6cf4e5ea327e14b66c0ad8e.r2.dev/dtsupply-products/321510-B22.webp,$62.00,321510-B22,True,4524
Cables,321624-B21 - Compaq Fibre Channel Copper Patch Cable (0.6-Meter),,https://pub-4ae70fe1d6cf4e5ea327e14b66c0ad8e.r2.dev/dtsupply-products/321624-B21.webp,$62.00,321624-B21,True,5717
Cables,347554-001 - HP 4-15-Pin SATA Hard Drive Power Cable,,https://pub-4ae70fe1d6cf4e5ea327e14b66c0ad8e.r2.dev/dtsupply-products/347554-001.webp,$50.00,347554-001,True,2760
Cables,324394-B21 - Compaq Fibre Channel Cable (6.6-ft),,https://pub-4ae70fe1d6cf4e5ea327e14b66c0ad8e.r2.dev/dtsupply-products/324394-B21.webp,$62.00,324394-B21,True,2272
Cables,348124-001 - Compaq Zoom 1220C V02 56Kb/s PCI Modem Card,,https://pub-4ae70fe1d6cf4e5ea327e14b66c0ad8e.r2.dev/dtsupply-products/348124-001.webp,$88.00,348124-001,True,4526
Cables,326912-001 - HP Power Cable Assembly,,https://pub-4ae70fe1d6cf4e5ea327e14b66c0ad8e.r2.dev/dtsupply-products/326912-001.webp,$60.00,326912-001,True,3071
Cables,348274-001 - Compaq Power Button with Cable and LED,,https://pub-4ae70fe1d6cf4e5ea327e14b66c0ad8e.r2.dev/dtsupply-products/348274-001.webp,$55.00,348274-001,True,7009
Cables,326965-001 - HP 12-inch Blue SATA Cable,,https://pub-4ae70fe1d6cf4e5ea327e14b66c0ad8e.r2.dev/dtsupply-products/326965-001.webp,$72.00,326965-001,True,2269
Cables,348622-001 - Compaq CD/Diskette/ ATA Drive Cable,,https://pub-4ae70fe1d6cf4e5ea327e14b66c0ad8e.r2.dev/dtsupply-products/348622-001.webp,$55.00,348622-001,True,4611
Cables,326965-003 - HP SATA Cable for DC7100 PC,,https://pub-4ae70fe1d6cf4e5ea327e14b66c0ad8e.r2.dev/dtsupply-products/326965-003.webp,$72.00,326965-003,True,7802
Cables,348623-001 - HP SCSI Cable for ProLiant ML110 Server,,https://pub-4ae70fe1d6cf4e5ea327e14b66c0ad8e.r2.dev/dtsupply-products/348623-001.webp,$62.00,348623-001,True,7814
Cables,348624-001 - HP SATA Hard Drive Data Cable for ProLiant ML110,,https://cdn.cmshardware.com/images/Images/Products/348624-001.webp,$72.00,348624-001,True,1958
Cables,326965-006 - Compaq 7-Pin 18-inch SATA Right Angle Cable,,https://pub-4ae70fe1d6cf4e5ea327e14b66c0ad8e.r2.dev/dtsupply-products/326965-006.webp,$72.00,326965-006,True,4597
Cables,348791-001 - HP Power Button and Cable for ProLiant DL140 Server,,https://pub-4ae70fe1d6cf4e5ea327e14b66c0ad8e.r2.dev/dtsupply-products/348791-001.webp,$62.00,348791-001,True,2016
Cables,348799-001 - Compaq IDE Optical / Hard Drive Cable Kit ProLiant DL140,,https://pub-4ae70fe1d6cf4e5ea327e14b66c0ad8e.r2.dev/dtsupply-products/348799-001.webp,$62.00,348799-001,True,4505
Cables,327655-001 - HP Power Cable Assembly,,https://pub-4ae70fe1d6cf4e5ea327e14b66c0ad8e.r2.dev/dtsupply-products/327655-001.webp,$62.00,327655-001,True,1990
Cables,348800-001 - HP USB Front Cable for ProLiant DL140 G3 Server,,https://pub-4ae70fe1d6cf4e5ea327e14b66c0ad8e.r2.dev/dtsupply-products/348800-001.webp,$62.00,348800-001,True,2257
Cables,328215-001 - HP 5M 68-Pin Wide Differential SCSI Cable,,https://pub-4ae70fe1d6cf4e5ea327e14b66c0ad8e.r2.dev/dtsupply-products/328215-001.webp,Get a Quote for price,328215-001,True,3520
Cables,349388-001 - HP 16.4ft HD68-Pin SCSI Wide Differential External Cable,,https://pub-4ae70fe1d6cf4e5ea327e14b66c0ad8e.r2.dev/dtsupply-products/349388-001.webp,Get a Quote for price,349388-001,True,3551
Cables,328215-002 - HP 10M 68-Pin Wide Differential SCSI Cable,,https://pub-4ae70fe1d6cf4e5ea327e14b66c0ad8e.r2.dev/dtsupply-products/328215-002.webp,Get a Quote for price,328215-002,True,3519
Cables,349388-002 - HP 10M 68-Pin Wide Differential SCSI Cable,,https://pub-4ae70fe1d6cf4e5ea327e14b66c0ad8e.r2.dev/dtsupply-products/349388-002.webp,$140.00,349388-002,True,3452
Cables,328215-003 - HP 15m 68 Pin SCSI Interface Cable,,https://pub-4ae70fe1d6cf4e5ea327e14b66c0ad8e.r2.dev/dtsupply-products/328215-003.webp,$172.00,328215-003,True,2163
Cables,349388-003 - HP 15m SCSI Cable,,https://pub-4ae70fe1d6cf4e5ea327e14b66c0ad8e.r2.dev/dtsupply-products/349388-003.webp,$172.00,349388-003,True,2164
Cables,328215-004 - HP 20m HD-68 Male to HD-68 Male SCSI Cable,,https://pub-4ae70fe1d6cf4e5ea327e14b66c0ad8e.r2.dev/dtsupply-products/328215-004.webp,$172.00,328215-004,True,7805
Cables,349388-004 - HP 20m SCSI Cable,,https://pub-4ae70fe1d6cf4e5ea327e14b66c0ad8e.r2.dev/dtsupply-products/349388-004.webp,$172.00,349388-004,True,7808
Cables,328519-A - Hitachi 4X 100Cm TE Connectiivity Mini-SAS Cable,,https://cdn.cmshardware.com/images/Images/Products/328519-A.webp,$58.00,328519-A,True,6088
Cables,349616-B21 - Compaq Backplane Cable,,https://pub-4ae70fe1d6cf4e5ea327e14b66c0ad8e.r2.dev/dtsupply-products/349616-B21.webp,$62.00,349616-B21,True,7388
Cables,328708-001 - Compaq Miscellaneous Power Cable Kit,,https://pub-4ae70fe1d6cf4e5ea327e14b66c0ad8e.r2.dev/dtsupply-products/328708-001.webp,$55.00,328708-001,True,4627
Cables,349716-001 - Compaq Backplane Cable for Netelligent Hub,,https://pub-4ae70fe1d6cf4e5ea327e14b66c0ad8e.r2.dev/dtsupply-products/349716-001.webp,$118.00,349716-001,True,7382
Cables,328848-001 - Compaq Signal Cable Kit for ProLiant 6500 server,,https://pub-4ae70fe1d6cf4e5ea327e14b66c0ad8e.r2.dev/dtsupply-products/328848-001.webp,$55.00,328848-001,True,4239
Cables,349717-002 - Compaq Backplane Cable for Netelligent Hub,,https://pub-4ae70fe1d6cf4e5ea327e14b66c0ad8e.r2.dev/dtsupply-products/349717-002.webp,$118.00,349717-002,True,7362
Cables,3290630-A - Hitachi VSP GX00 1.5M SAS Cable,,https://cdn.cmshardware.com/images/Images/Products/3290630-A.webp,$110.00,3290630-A,True,6734
Cables,349756-001 - HP Japanese Power Cable,,https://pub-4ae70fe1d6cf4e5ea327e14b66c0ad8e.r2.dev/dtsupply-products/349756-001.webp,$55.00,349756-001,True,3070
Cables,3290631-A - Hitachi HDS VSP G SAS 1.5M Cable,,https://cdn.cmshardware.com/images/Images/Products/3290631-A.webp,$195.00,3290631-A,True,6731
Cables,34CB001208 - Intel 4-Pin Cable 55cm,,https://pub-4ae70fe1d6cf4e5ea327e14b66c0ad8e.r2.dev/dtsupply-products/34CB001208.webp,$72.00,34CB001208,True,5933
Cables,32G0397 - IBM 1.57m SCSI Cable single ported device for pSeries,,https://cdn.cmshardware.com/images/Images/Products/32G0397.webp,$80.00,32G0397,True,6163
Cables,32P1439 - IBM Power Backplane to System Board Cable for,,https://cdn.cmshardware.com/images/Images/Products/32P1439.webp,$78.00,32P1439,True,3794
Cables,34CB001226 - Intel 68-Pin 37.5-inch SCSI Cable,,https://pub-4ae70fe1d6cf4e5ea327e14b66c0ad8e.r2.dev/dtsupply-products/34CB001226.webp,Get a Quote for price,34CB001226,True,4671
Cables,34L3629 - IBM AXY to MDA Cable For 3584 UltraScalable Tape Library,,https://cdn.cmshardware.com/images/Images/Products/34L3629.webp,$75.00,34L3629,True,3791
Cables,32P1446 - IBM Backplane to Fans Cable Assembly,,https://cdn.cmshardware.com/images/Images/Products/32P1446.webp,$78.00,32P1446,True,3795
Cables,34S48CAEL10 - Intel Front Panel USB Cable for SR1530SH Server,,https://pub-4ae70fe1d6cf4e5ea327e14b66c0ad8e.r2.dev/dtsupply-products/34S48CAEL10.webp,$62.00,34S48CAEL10,True,7413
Cables,32P1645 - IBM 250mm KVM Conversion Cable,,https://pub-4ae70fe1d6cf4e5ea327e14b66c0ad8e.r2.dev/dtsupply-products/32P1645.webp,$125.00,32P1645,True,7769
Cables,35-00000309 - HP 51cm 18-Pin To 18-Pin SAS External Sheilded Cable,,https://cdn.cmshardware.com/images/Images/Products/35-00000309.webp,$62.00,35-00000309,True,2756
Cables,32P1649 - IBM Conversion Cable for 17351GX Console Switch,,https://pub-4ae70fe1d6cf4e5ea327e14b66c0ad8e.r2.dev/dtsupply-products/32P1649.webp,$62.00,32P1649,True,5996
Cables,350141-001 - HP 2 Drop SCSI U320 Cable,,https://pub-4ae70fe1d6cf4e5ea327e14b66c0ad8e.r2.dev/dtsupply-products/350141-001.webp,$110.00,350141-001,True,2589
Cables,32P1652 - IBM 1.5M KVM Conversion Cable,,https://cdn.cmshardware.com/images/Images/Products/32P1652.webp,$62.00,32P1652,True,6482
Cables,35071W600-519-G - Compaq 335mm Petra Converter Cable,,https://pub-4ae70fe1d6cf4e5ea327e14b66c0ad8e.r2.dev/dtsupply-products/35071W600-519-G.webp,$108.00,35071W600-519-G,True,5824
Cables,32P1654 - IBM 1.5-Meters 2 x Ports RJ-45 to CGA + 2 x PS/2 Connectors KVM Conversion Cable,,https://cdn.cmshardware.com/images/Images/Products/32P1654.webp,$62.00,32P1654,True,6486
Cables,32P1869 - IBM 26-Pin 1mm Diskette Drive Flat Flex Ribbon Cable,,https://cdn.cmshardware.com/images/Images/Products/32P1869.webp,$78.00,32P1869,True,3796
Cables,35071W800-GY0-G - HP / Compaq Converter Cable for 18 All-in-One Business PC,,https://pub-4ae70fe1d6cf4e5ea327e14b66c0ad8e.r2.dev/dtsupply-products/35071W800-GY0-G.webp,$85.00,35071W800-GY0-G,True,2544
Cables,32P1872 - IBM Power Cable For Light Path Board XSeries 345,,https://cdn.cmshardware.com/images/Images/Products/32P1872.webp,$78.00,32P1872,True,3799
Cables,350973-001 - Compaq 16-inch 4-Pin to 4-Pin Cable for StorageWorks MSA1500,,https://pub-4ae70fe1d6cf4e5ea327e14b66c0ad8e.r2.dev/dtsupply-products/350973-001.webp,$55.00,350973-001,True,7010
Cables,32P1873 - IBM 2 Drop Fan Cable Assembly For xSeries 345,,https://cdn.cmshardware.com/images/Images/Products/32P1873.webp,$72.00,32P1873,True,4204
Cables,32P8335 - IBM SCSI Backplane Power Cable for eServer x445,,https://cdn.cmshardware.com/images/Images/Products/32P8335.webp,$62.00,32P8335,True,6165
Cables,35102CJ00-519-G - Compaq LVDS AiO LCD Cable,,https://pub-4ae70fe1d6cf4e5ea327e14b66c0ad8e.r2.dev/dtsupply-products/35102CJ00-519-G.webp,$101.00,35102CJ00-519-G,True,3993
Cables,351163-002 - HP 17-inch 34-Pin Floppy Drive Data Cable,,https://cdn.cmshardware.com/images/Images/Products/351163-002.webp,$62.00,351163-002,True,3389
Cables,32T1C - Dell Intrusion Button Cable For Precision 3630,,https://cdn.cmshardware.com/images/Images/Products/32T1C.webp,$78.00,32T1C,True,531
Cables,351594-001 - HP Power Switch Cable for ProLiant ML110,,https://pub-4ae70fe1d6cf4e5ea327e14b66c0ad8e.r2.dev/dtsupply-products/351594-001.webp,$55.00,351594-001,True,3066
Cables,330-3967 - Dell Direct Attach Copper Cable SFP+ to SFP+ 7M Twinaxial Passive,,https://pub-4ae70fe1d6cf4e5ea327e14b66c0ad8e.r2.dev/dtsupply-products/330-3967.webp,$190.00,330-3967,True,7419
Cables,351596-001 - HP 2M SFP Fibre Channel Cable for Network Devices,,https://pub-4ae70fe1d6cf4e5ea327e14b66c0ad8e.r2.dev/dtsupply-products/351596-001.webp,$55.00,351596-001,True,4428
Cables,330-3968 - Sun 5M SFP+ to SFP+ Passive Direct Attach Copper Cable,,https://pub-4ae70fe1d6cf4e5ea327e14b66c0ad8e.r2.dev/dtsupply-products/330-3968.webp,Get a Quote for price,330-3968,True,7429
Cables,351597-001 - Compaq 0.6M Copper Fibre Channel Interface Cable,,https://pub-4ae70fe1d6cf4e5ea327e14b66c0ad8e.r2.dev/dtsupply-products/351597-001.webp,$55.00,351597-001,True,4231
Cables,33050 - Cables To Go 10m LC to LC 50/125 PVC Fiber Optic Cable,,https://pub-4ae70fe1d6cf4e5ea327e14b66c0ad8e.r2.dev/dtsupply-products/33050.webp,$95.00,33050,True,415
Cables,330582-001 - Compaq 12-inch 68-Pin Jumper SCSI Cable,,https://pub-4ae70fe1d6cf4e5ea327e14b66c0ad8e.r2.dev/dtsupply-products/330582-001.webp,$110.00,330582-001,True,3577
Cables,351655-B21 - HPE Power Distribution Unit Cord Extension Bars,,https://pub-4ae70fe1d6cf4e5ea327e14b66c0ad8e.r2.dev/dtsupply-products/351655-B21.webp,$118.00,351655-B21,True,1608
Cables,330-5969 - Dell Direct Attach Copper Cable SFP+ to SFP+ 7M Twinaxial Passive,,https://pub-4ae70fe1d6cf4e5ea327e14b66c0ad8e.r2.dev/dtsupply-products/330-5969.webp,$190.00,330-5969,True,7428
Cables,352859-001 - Compaq Power Adapter Cable For Tablet PC TC1000 Series,,https://pub-4ae70fe1d6cf4e5ea327e14b66c0ad8e.r2.dev/dtsupply-products/352859-001.webp,$50.00,352859-001,True,4208
Cables,352937-001 - Compaq I2C Cluster Fan Out Cable,,https://pub-4ae70fe1d6cf4e5ea327e14b66c0ad8e.r2.dev/dtsupply-products/352937-001.webp,$378.00,352937-001,True,4501
Cables,332-1369 - Dell 1m 40GbE To 4 x 10GbE SFP+  Breakout Copper DAC,,https://pub-4ae70fe1d6cf4e5ea327e14b66c0ad8e.r2.dev/dtsupply-products/332-1369.webp,$125.00,332-1369,True,4740
Cables,352943-001 - Compaq OCP Flat Ribbon Cable,,https://pub-4ae70fe1d6cf4e5ea327e14b66c0ad8e.r2.dev/dtsupply-products/352943-001.webp,$792.00,352943-001,True,7365
Cables,332-1664 - Dell 1.6ft SFP+ Direct Attach Cable,,https://pub-4ae70fe1d6cf4e5ea327e14b66c0ad8e.r2.dev/dtsupply-products/332-1664.webp,$148.00,332-1664,True,7427
Cables,356452-001 - Compaq CD Data Cable for DL380 G4 ProLiant,,https://pub-4ae70fe1d6cf4e5ea327e14b66c0ad8e.r2.dev/dtsupply-products/356452-001.webp,$55.00,356452-001,True,4591
Cables,332616-001 - HP 6Ft 68 pin VHDCI to VHDCI SCSI Cable,,https://cdn.cmshardware.com/images/Images/Products/332616-001.webp,$132.00,332616-001,True,3087
Cables,356452-002 - HP ODD CD-DVD Drive Cable for Proliant DL380 Gen5,,https://cdn.cmshardware.com/images/Images/Products/356452-002.webp,$62.00,356452-002,True,1359
Cables,3576-6013 - IBM Fiber Optic Cable Fiber Optic for Network Device 42.65 ft LC Male Network LC Male Network,,https://pub-4ae70fe1d6cf4e5ea327e14b66c0ad8e.r2.dev/dtsupply-products/3576-6013.webp,Get a Quote for price,3576-6013,True,5535
Cables,332616-002 - Compaq 12ft VHDCI- VHDCI SCSI Interface Cable,,https://pub-4ae70fe1d6cf4e5ea327e14b66c0ad8e.r2.dev/dtsupply-products/332616-002.webp,$62.00,332616-002,True,4534
Cables,358201-001 - Compaq Local I/O Crossover SUVI Cable,,https://pub-4ae70fe1d6cf4e5ea327e14b66c0ad8e.r2.dev/dtsupply-products/358201-001.webp,$72.00,358201-001,True,4537
Cables,332616-003 - HP 3ft VHDCI to VHDCI SCSI Cable,,https://pub-4ae70fe1d6cf4e5ea327e14b66c0ad8e.r2.dev/dtsupply-products/332616-003.webp,$62.00,332616-003,True,2396
Cables,358801-001 - Compaq Front Audio USB Panel Cable For DC7100,,https://pub-4ae70fe1d6cf4e5ea327e14b66c0ad8e.r2.dev/dtsupply-products/358801-001.webp,$72.00,358801-001,True,4106
Cables,333342-001 - HP 14 Pin Power Signal Cable for ProLiant dl380 Server,,https://pub-4ae70fe1d6cf4e5ea327e14b66c0ad8e.r2.dev/dtsupply-products/333342-001.webp,$62.00,333342-001,True,7801
Cables,358VV - Dell 5m SFP+ Direct Attach Twinax Cable,,https://pub-4ae70fe1d6cf4e5ea327e14b66c0ad8e.r2.dev/dtsupply-products/358VV.webp,$78.00,358VV,True,1066
Cables,333343-001 - HP 20-Pin Internal Main Power Cable For ProLiant 1850R,,https://pub-4ae70fe1d6cf4e5ea327e14b66c0ad8e.r2.dev/dtsupply-products/333343-001.webp,$70.00,333343-001,True,7898
Cables,35TMJ - Dell Optical Disk Drive SATA Cable for PowerEdge T640,,https://cdn.cmshardware.com/images/Images/Products/35TMJ.webp,$62.00,35TMJ,True,1065
Cables,333344-001 - HP Floppy / Hard Drive / CD-ROM Power Cable,,https://pub-4ae70fe1d6cf4e5ea327e14b66c0ad8e.r2.dev/dtsupply-products/333344-001.webp,$55.00,333344-001,True,3067
Cables,360358-003 - Compaq 56K V92 Hi-Speed Modem Card,,https://pub-4ae70fe1d6cf4e5ea327e14b66c0ad8e.r2.dev/dtsupply-products/360358-003.webp,$88.00,360358-003,True,5401
Cables,333370-B21 - HP ProLiant ML310 VHDCI SCSI Cable Kit,,https://pub-4ae70fe1d6cf4e5ea327e14b66c0ad8e.r2.dev/dtsupply-products/333370-B21.webp,Get a Quote for price,333370-B21,True,3523
Cables,360358-004 - Compaq V.92 56kb/s Short Bracket PCI Modem Card,,https://pub-4ae70fe1d6cf4e5ea327e14b66c0ad8e.r2.dev/dtsupply-products/360358-004.webp,$80.00,360358-004,True,4525
Cables,361240-001 - Compaq 250V 3-Wire Power Cord,,https://pub-4ae70fe1d6cf4e5ea327e14b66c0ad8e.r2.dev/dtsupply-products/361240-001.webp,Get a Quote for price,361240-001,True,4495
Cables,336047-B21 - HP RJ-45 to HD-15/USB Type-A KVM Adapter,,https://pub-4ae70fe1d6cf4e5ea327e14b66c0ad8e.r2.dev/dtsupply-products/336047-B21.webp,$138.00,336047-B21,True,273
Cables,361316-001 - HP 30-inch Internal SAS Cable,,https://cdn.cmshardware.com/images/Images/Products/361316-001.webp,$62.00,361316-001,True,1897
Cables,337224-001 - Compaq Floppy Cable,,https://pub-4ae70fe1d6cf4e5ea327e14b66c0ad8e.r2.dev/dtsupply-products/337224-001.webp,$62.00,337224-001,True,7373
Cables,361316-002 - Compaq 0.75m Multilane SAS/SATA Cable,,https://pub-4ae70fe1d6cf4e5ea327e14b66c0ad8e.r2.dev/dtsupply-products/361316-002.webp,$55.00,361316-002,True,4245
Cables,337247-001 - Compaq 13.5-inch IDE Data Transfer Cable,,https://pub-4ae70fe1d6cf4e5ea327e14b66c0ad8e.r2.dev/dtsupply-products/337247-001.webp,$62.00,337247-001,True,5680
Cables,361316-003 - HP SATA to SAS Cable for DL320 G3 Server,,https://pub-4ae70fe1d6cf4e5ea327e14b66c0ad8e.r2.dev/dtsupply-products/361316-003.webp,$62.00,361316-003,True,2057
Cables,337559-001 - Compaq 56Kb/s PCI Modem Card for Armada 1500,,https://pub-4ae70fe1d6cf4e5ea327e14b66c0ad8e.r2.dev/dtsupply-products/337559-001.webp,$62.00,337559-001,True,4538
Cables,361316-006 - Compaq 27-inch Internal SAS Cable,,https://pub-4ae70fe1d6cf4e5ea327e14b66c0ad8e.r2.dev/dtsupply-products/361316-006.webp,$55.00,361316-006,True,5955
Cables,337MK - Dell SFP+ 10G 5m DAC Twinax Copper Cable,,https://pub-4ae70fe1d6cf4e5ea327e14b66c0ad8e.r2.dev/dtsupply-products/337MK.webp,$208.00,337MK,True,730
Cables,361316-009 - HP 4-Lane SATA Hard Drive Cable,,https://pub-4ae70fe1d6cf4e5ea327e14b66c0ad8e.r2.dev/dtsupply-products/361316-009.webp,$55.00,361316-009,True,3053
Cables,338285-001 - Compaq VGA Y Splitter Cable with DMS-59 Connector,,https://pub-4ae70fe1d6cf4e5ea327e14b66c0ad8e.r2.dev/dtsupply-products/338285-001.webp,$62.00,338285-001,True,4486
Cables,361316-010 - HP 22-inch SATA/SAS Cable,,https://pub-4ae70fe1d6cf4e5ea327e14b66c0ad8e.r2.dev/dtsupply-products/361316-010.webp,$62.00,361316-010,True,2263
Cables,338285-002 - Compaq DMS-59 to DVI Splitter Video Cable,,https://pub-4ae70fe1d6cf4e5ea327e14b66c0ad8e.r2.dev/dtsupply-products/338285-002.webp,$88.00,338285-002,True,4146
Cables,"361316-011 - Compaq SAS 24"" Cable for ProLiant DL380 G5",,https://pub-4ae70fe1d6cf4e5ea327e14b66c0ad8e.r2.dev/dtsupply-products/361316-011.webp,$62.00,361316-011,True,5876
Cables,361316-013 - Compaq Multilane SAS Cable for ProLiant DL580 G5 Server,,https://pub-4ae70fe1d6cf4e5ea327e14b66c0ad8e.r2.dev/dtsupply-products/361316-013.webp,$72.00,361316-013,True,4232
Cables,338285-004 - HP DMS-59 to Dual VGA Cable,,https://pub-4ae70fe1d6cf4e5ea327e14b66c0ad8e.r2.dev/dtsupply-products/338285-004.webp,$62.00,338285-004,True,2609
Cables,361316-014 - HP 4 Lane SATA to SAS MultiLane Hard Drive Cable,,https://pub-4ae70fe1d6cf4e5ea327e14b66c0ad8e.r2.dev/dtsupply-products/361316-014.webp,$88.00,361316-014,True,2047
Cables,338285-005 - Compaq DMS-59 to Dual DVI Y-Splitter Cable,,https://pub-4ae70fe1d6cf4e5ea327e14b66c0ad8e.r2.dev/dtsupply-products/338285-005.webp,$62.00,338285-005,True,4134
Cables,361317-001 - HP 1M External/Internal SAS Cable,,https://pub-4ae70fe1d6cf4e5ea327e14b66c0ad8e.r2.dev/dtsupply-products/361317-001.webp,$150.00,361317-001,True,1813
Cables,338285-006 - Compaq LFH / DMS-59 to Dual VGA Y-Splitter Cable,,https://pub-4ae70fe1d6cf4e5ea327e14b66c0ad8e.r2.dev/dtsupply-products/338285-006.webp,$62.00,338285-006,True,4564
Cables,361317-002 - Compaq 2m Mini SAS to Mini SAS Cable,,https://pub-4ae70fe1d6cf4e5ea327e14b66c0ad8e.r2.dev/dtsupply-products/361317-002.webp,$62.00,361317-002,True,4181
Cables,338285-007 - Compaq DMS-59 to Dual DVI Y-Splitter Cable,,https://pub-4ae70fe1d6cf4e5ea327e14b66c0ad8e.r2.dev/dtsupply-products/338285-007.webp,$62.00,338285-007,True,5732
Cables,361317-004 - HP 4m External SAS Cable,,https://pub-4ae70fe1d6cf4e5ea327e14b66c0ad8e.r2.dev/dtsupply-products/361317-004.webp,$80.00,361317-004,True,2397
Cables,361442-001 - HP Fan Cage Cable Assembly For DL585,,https://cdn.cmshardware.com/images/Images/Products/361442-001.webp,$55.00,361442-001,True,2928
Cables,338285-008 - Compaq DMS-59 to Dual VGA Splitter Cable,,https://pub-4ae70fe1d6cf4e5ea327e14b66c0ad8e.r2.dev/dtsupply-products/338285-008.webp,$65.00,338285-008,True,5923
Cables,361624-001 - HP 16-Pin Power Cable For ProLiant DL145 Server,,https://pub-4ae70fe1d6cf4e5ea327e14b66c0ad8e.r2.dev/dtsupply-products/361624-001.webp,$62.00,361624-001,True,3527
Cables,338285-009 - Compaq DMS-59 to Dual DVI-I Video Cable Splitter,,https://pub-4ae70fe1d6cf4e5ea327e14b66c0ad8e.r2.dev/dtsupply-products/338285-009.webp,$62.00,338285-009,True,4207
Cables,361626-001 - Compaq IDE Cable for ProLiant DL145 Server,,https://pub-4ae70fe1d6cf4e5ea327e14b66c0ad8e.r2.dev/dtsupply-products/361626-001.webp,$62.00,361626-001,True,4560
Cables,33G6897 - IBM LED & Power Cable,,https://cdn.cmshardware.com/images/Images/Products/33G6897.webp,$78.00,33G6897,True,3792
Cables,33G6898 - IBM LED Cable Assembly,,https://cdn.cmshardware.com/images/Images/Products/33G6898.webp,$78.00,33G6898,True,3793
Cables,361627-001 - HP Internal Hard Drive Power Cable For ProLiant,,https://pub-4ae70fe1d6cf4e5ea327e14b66c0ad8e.r2.dev/dtsupply-products/361627-001.webp,$62.00,361627-001,True,2558
Cables,33P2352 - IBM Fan Board Cable for xSeries 336 Server,,https://pub-4ae70fe1d6cf4e5ea327e14b66c0ad8e.r2.dev/dtsupply-products/33P2352.webp,$70.00,33P2352,True,7380
Cables,361749-001 - Compaq LED / HD Cable Kit for ProLiant BL30P,,https://pub-4ae70fe1d6cf4e5ea327e14b66c0ad8e.r2.dev/dtsupply-products/361749-001.webp,$148.00,361749-001,True,4565
Cables,364225-001 - HP 5-inch Signal Cable,,https://pub-4ae70fe1d6cf4e5ea327e14b66c0ad8e.r2.dev/dtsupply-products/364225-001.webp,$118.00,364225-001,True,2230
Cables,340203-001 - Compaq 12-inch ESL Ethernet Cable,,https://pub-4ae70fe1d6cf4e5ea327e14b66c0ad8e.r2.dev/dtsupply-products/340203-001.webp,$268.00,340203-001,True,5994
Cables,364226-001 - Compaq Optical / Floppy Drive Ribbon Cable for ProLiant DL360 G4,,https://pub-4ae70fe1d6cf4e5ea327e14b66c0ad8e.r2.dev/dtsupply-products/364226-001.webp,$55.00,364226-001,True,4612
Cables,340388-001 - HP 160mm SATA + 180mm Power ODD Combo Cable,,https://pub-4ae70fe1d6cf4e5ea327e14b66c0ad8e.r2.dev/dtsupply-products/340388-001.webp,$88.00,340388-001,True,3129
Cables,340569-001 - HP 68 Pin VHDCI to 50 Pin SCSI Cable,,https://pub-4ae70fe1d6cf4e5ea327e14b66c0ad8e.r2.dev/dtsupply-products/340569-001.webp,$138.00,340569-001,True,1543
16-001,True,5678
Cables,340589-001 - Compaq 9-inch VHDCI Ultra SCSI Cable,,https://pub-4ae70fe1d6cf4e5ea327e14b66c0ad8e.r2.dev/dtsupply-products/340589-001.webp,$62.00,340589-001,True,4121
Cables,364317-001 - HP ProLiant DL145 Serial Port Cable,,https://pub-4ae70fe1d6cf4e5ea327e14b66c0ad8e.r2.dev/dtsupply-products/364317-001.webp,$62.00,364317-001,True,2125
Cables,340651-001 - HP 6-inch 2M External SCSI Cable,,https://pub-4ae70fe1d6cf4e5ea327e14b66c0ad8e.r2.dev/dtsupply-products/340651-001.webp,Get a Quote for price,340651-001,True,3579
Cables,364471-B21 - HP ProLiant DL380 G4 SCSI Configuration Kit,,https://pub-4ae70fe1d6cf4e5ea327e14b66c0ad8e.r2.dev/dtsupply-products/364471-B21.webp,$132.00,364471-B21,True,7809
Cables,340652-001 - Compaq SCSI 4.0m interface Cable,,https://pub-4ae70fe1d6cf4e5ea327e14b66c0ad8e.r2.dev/dtsupply-products/340652-001.webp,$148.00,340652-001,True,4143
Cables,365661-001 - HP Multibay USB External Cable,,https://pub-4ae70fe1d6cf4e5ea327e14b66c0ad8e.r2.dev/dtsupply-products/365661-001.webp,$98.00,365661-001,True,2400
Cables,366063-001 - Compaq CD MultiBay Adapter Cable Assembly for ProLiant DL380 Server,,https://pub-4ae70fe1d6cf4e5ea327e14b66c0ad8e.r2.dev/dtsupply-products/366063-001.webp,$148.00,366063-001,True,7363
Cables,340653-001 - HP 20A C19 L6-20P Power Cord 11.9-ft,,https://pub-4ae70fe1d6cf4e5ea327e14b66c0ad8e.r2.dev/dtsupply-products/340653-001.webp,$80.00,340653-001,True,2240
Cables,367168-001 - HP SCSI Cable Assembly for ProLiant ML150 G2 Server,,https://pub-4ae70fe1d6cf4e5ea327e14b66c0ad8e.r2.dev/dtsupply-products/367168-001.webp,$72.00,367168-001,True,2399
Cables,340665-001 - HP VHDCI to 50 Pin Cable,,https://pub-4ae70fe1d6cf4e5ea327e14b66c0ad8e.r2.dev/dtsupply-products/340665-001.webp,$225.00,340665-001,True,1544
Cables,367602-001 - HP Power Cable For ProLiant DL580 G3 Server,,https://pub-4ae70fe1d6cf4e5ea327e14b66c0ad8e.r2.dev/dtsupply-products/367602-001.webp,$55.00,367602-001,True,2994
Cables,340723-001 - HP 68 Pin SCSI Internal to External Cable,,https://pub-4ae70fe1d6cf4e5ea327e14b66c0ad8e.r2.dev/dtsupply-products/340723-001.webp,$62.00,340723-001,True,7812
Cables,368245-001 - HP Serial SATA LED Cable for ProLiant ML110,,https://cdn.cmshardware.com/images/Images/Products/368245-001.webp,$72.00,368245-001,True,3407
Cables,341109-001 - HP 68 Pin SCSI Internal to External Cable,,https://pub-4ae70fe1d6cf4e5ea327e14b66c0ad8e.r2.dev/dtsupply-products/341109-001.webp,$62.00,341109-001,True,7813
Cables,368282-001 - HP SCSI Cable Assembly,,https://pub-4ae70fe1d6cf4e5ea327e14b66c0ad8e.r2.dev/dtsupply-products/368282-001.webp,$95.00,368282-001,True,2398
Cables,341110-001 - HP 68 Pin to 68 Pin SCSI Ribbon Cable Kit,,https://pub-4ae70fe1d6cf4e5ea327e14b66c0ad8e.r2.dev/dtsupply-products/341110-001.webp,$55.00,341110-001,True,2938
Cables,341175-B21 - Compaq 3.7m 68 Pin SCSI interface cable,,https://pub-4ae70fe1d6cf4e5ea327e14b66c0ad8e.r2.dev/dtsupply-products/341175-B21.webp,$110.00,341175-B21,True,4224
Cables,3692K - Dell 8-Pin to (8+6)-Pin Graphics Card Cable,,https://pub-4ae70fe1d6cf4e5ea327e14b66c0ad8e.r2.dev/dtsupply-products/3692K.webp,$62.00,3692K,True,549
Cables,341176-B21 - Compaq VHDCI-M to HD68-M LVD External SCSI Cable (6-ft),,https://pub-4ae70fe1d6cf4e5ea327e14b66c0ad8e.r2.dev/dtsupply-products/341176-B21.webp,$118.00,341176-B21,True,4259
Cables,36L8861 - IBM 4.3-Meters C13 to C14 Rack Power Cable,,https://pub-4ae70fe1d6cf4e5ea327e14b66c0ad8e.r2.dev/dtsupply-products/36L8861.webp,$70.00,36L8861,True,4216
Cables,341177-B21 - HP 12 Ft SCSI Data Transfer Cable Vhdci male to HD68 male,,https://pub-4ae70fe1d6cf4e5ea327e14b66c0ad8e.r2.dev/dtsupply-products/341177-B21.webp,$95.00,341177-B21,True,1257
Cables,36L9552 - IBM Fan-4 Power Cable,,https://pub-4ae70fe1d6cf4e5ea327e14b66c0ad8e.r2.dev/dtsupply-products/36L9552.webp,$128.00,36L9552,True,7026
Cables,344680-003 - HP Power Switch Cable,,https://pub-4ae70fe1d6cf4e5ea327e14b66c0ad8e.r2.dev/dtsupply-products/344680-003.webp,$148.00,344680-003,True,2239
Cables,36L9595 - IBM 1M 3-Connector SCSI Cable with Terminator,,https://pub-4ae70fe1d6cf4e5ea327e14b66c0ad8e.r2.dev/dtsupply-products/36L9595.webp,$95.00,36L9595,True,5726
Cables,344860-003 - HP Power Switch and Cable for ProLiant ML150 G2 Server,,https://pub-4ae70fe1d6cf4e5ea327e14b66c0ad8e.r2.dev/dtsupply-products/344860-003.webp,$88.00,344860-003,True,2015
Cables,36L9973 - IBM Netfinity 3.28ft Cable SC Male SC Male Fibre Channel,,https://pub-4ae70fe1d6cf4e5ea327e14b66c0ad8e.r2.dev/dtsupply-products/36L9973.webp,$80.00,36L9973,True,4708
Cables,345580-B21 - Compaq StorageWorks EVA Fibre Channel Expansion Cable Kit,,https://pub-4ae70fe1d6cf4e5ea327e14b66c0ad8e.r2.dev/dtsupply-products/345580-B21.webp,$522.00,345580-B21,True,7381
Cables,370-3276 - Sun 1 ft CD-ROM Internal Cable,,https://cdn.cmshardware.com/images/Images/Products/370-3276.webp,$238.00,370-3276,True,4212
Cables,346081-001 - HP Led SCSI Cable,,https://pub-4ae70fe1d6cf4e5ea327e14b66c0ad8e.r2.dev/dtsupply-products/346081-001.webp,$72.00,346081-001,True,3549
Cables,370520-B21 - HP SCSI Internal Cable,,https://pub-4ae70fe1d6cf4e5ea327e14b66c0ad8e.r2.dev/dtsupply-products/370520-B21.webp,$55.00,370520-B21,True,2952
Cables,346082-001 - HP SCSI/LED Cable for DL140 Server,,https://pub-4ae70fe1d6cf4e5ea327e14b66c0ad8e.r2.dev/dtsupply-products/346082-001.webp,$88.00,346082-001,True,2270
Cables,370764-005 - Compaq Dual Mini SAS Cable Assembly,,https://pub-4ae70fe1d6cf4e5ea327e14b66c0ad8e.r2.dev/dtsupply-products/370764-005.webp,$55.00,370764-005,True,5947
Cables,346140-001 - Compaq 6-inch HDD SATA Cable,,https://pub-4ae70fe1d6cf4e5ea327e14b66c0ad8e.r2.dev/dtsupply-products/346140-001.webp,$50.00,346140-001,True,2754
Cables,370764-006 - Compaq 2M FDR Quad Small Pluggable Infiniband Copper Cable,,https://pub-4ae70fe1d6cf4e5ea327e14b66c0ad8e.r2.dev/dtsupply-products/370764-006.webp,$55.00,370764-006,True,5954
Cables,346187-001 - Compaq 173mm USB Port Cable + Connector,,https://pub-4ae70fe1d6cf4e5ea327e14b66c0ad8e.r2.dev/dtsupply-products/346187-001.webp,$55.00,346187-001,True,6011
Cables,370764-007 - Compaq ATA Serial Cable,,https://pub-4ae70fe1d6cf4e5ea327e14b66c0ad8e.r2.dev/dtsupply-products/370764-007.webp,$55.00,370764-007,True,5951
Cables,347554-001 - HP 4-15-Pin SATA Hard Drive Power Cable,,https://pub-4ae70fe1d6cf4e5ea327e14b66c0ad8e.r2.dev/dtsupply-products/347554-001.webp,$50.00,347554-001,True,2760
Cables,370897-001 - Compaq IDE Cable for ProLiant ML150 Gen9,,https://pub-4ae70fe1d6cf4e5ea327e14b66c0ad8e.r2.dev/dtsupply-products/370897-001.webp,$55.00,370897-001,True,5962
Cables,348124-001 - Compaq Zoom 1220C V02 56Kb/s PCI Modem Card,,https://pub-4ae70fe1d6cf4e5ea327e14b66c0ad8e.r2.dev/dtsupply-products/348124-001.webp,$88.00,348124-001,True,4526
Cables,370898-001 - Compaq Floppy Drive Cable ProLiant ML150,,https://pub-4ae70fe1d6cf4e5ea327e14b66c0ad8e.r2.dev/dtsupply-products/370898-001.webp,$62.00,370898-001,True,4487
Cables,348274-001 - Compaq Power Button with Cable and LED,,https://pub-4ae70fe1d6cf4e5ea327e14b66c0ad8e.r2.dev/dtsupply-products/348274-001.webp,$55.00,348274-001,True,7009
Cables,371-0982 - Sun RS449 80-Pin to 4 x DB37-F Cable For X1155A,,https://pub-4ae70fe1d6cf4e5ea327e14b66c0ad8e.r2.dev/dtsupply-products/371-0982.webp,"$2,355.00",371-0982,True,3852
Cables,348622-001 - Compaq CD/Diskette/ ATA Drive Cable,,https://pub-4ae70fe1d6cf4e5ea327e14b66c0ad8e.r2.dev/dtsupply-products/348622-001.webp,$55.00,348622-001,True,4611
Cables,372616-002 - HP Fan Board Cable For ProLiant DL380 Server,,https://pub-4ae70fe1d6cf4e5ea327e14b66c0ad8e.r2.dev/dtsupply-products/372616-002.webp,$62.00,372616-002,True,2224
Cables,348623-001 - HP SCSI Cable for ProLiant ML110 Server,,https://pub-4ae70fe1d6cf4e5ea327e14b66c0ad8e.r2.dev/dtsupply-products/348623-001.webp,$62.00,348623-001,True,7814
Cables,372618-001 - Compaq Fan Board Power Cable For ProLiant ML570 G3 Server,,https://pub-4ae70fe1d6cf4e5ea327e14b66c0ad8e.r2.dev/dtsupply-products/372618-001.webp,$62.00,372618-001,True,4258
Cables,348624-001 - HP SATA Hard Drive Data Cable for ProLiant ML110,,https://cdn.cmshardware.com/images/Images/Products/348624-001.webp,$72.00,348624-001,True,1958
Cables,372619-001 - HP 12-Pin Backplane Power Cable,,https://pub-4ae70fe1d6cf4e5ea327e14b66c0ad8e.r2.dev/dtsupply-products/372619-001.webp,$55.00,372619-001,True,2993
Cables,348791-001 - HP Power Button and Cable for ProLiant DL140 Server,,https://pub-4ae70fe1d6cf4e5ea327e14b66c0ad8e.r2.dev/dtsupply-products/348791-001.webp,$62.00,348791-001,True,2016
Cables,372621-001 - Compaq 22-Pin Power Backplane Cable for ProLiant ML570 G3 Server,,https://pub-4ae70fe1d6cf4e5ea327e14b66c0ad8e.r2.dev/dtsupply-products/372621-001.webp,$55.00,372621-001,True,4590
Cables,348799-001 - Compaq IDE Optical / Hard Drive Cable Kit ProLiant DL140,,https://pub-4ae70fe1d6cf4e5ea327e14b66c0ad8e.r2.dev/dtsupply-products/348799-001.webp,$62.00,348799-001,True,4505
Cables,372657-001 - Compaq Second Serial Port Connector Assembly for ProLiant ML350 G4 Server,,https://pub-4ae70fe1d6cf4e5ea327e14b66c0ad8e.r2.dev/dtsupply-products/372657-001.webp,$172.00,372657-001,True,6005
Cables,348800-001 - HP USB Front Cable for ProLiant DL140 G3 Server,,https://pub-4ae70fe1d6cf4e5ea327e14b66c0ad8e.r2.dev/dtsupply-products/348800-001.webp,$62.00,348800-001,True,2257
Cables,373240-001 - Compaq SCSI Cable,,https://pub-4ae70fe1d6cf4e5ea327e14b66c0ad8e.r2.dev/dtsupply-products/373240-001.webp,$62.00,373240-001,True,7811
Cables,349388-001 - HP 16.4ft HD68-Pin SCSI Wide Differential External Cable,,https://pub-4ae70fe1d6cf4e5ea327e14b66c0ad8e.r2.dev/dtsupply-products/349388-001.webp,Get a Quote for price,349388-001,True,3551
Cables,373276-001 - Compaq Floppy Drive Cable ProLiant ML150,,https://pub-4ae70fe1d6cf4e5ea327e14b66c0ad8e.r2.dev/dtsupply-products/373276-001.webp,$62.00,373276-001,True,4535
Cables,349388-002 - HP 10M 68-Pin Wide Differential SCSI Cable,,https://pub-4ae70fe1d6cf4e5ea327e14b66c0ad8e.r2.dev/dtsupply-products/349388-002.webp,$140.00,349388-002,True,3452
Cables,373278-001 - Compaq IDE Cable for ProLiant ML150 Gen9,,https://pub-4ae70fe1d6cf4e5ea327e14b66c0ad8e.r2.dev/dtsupply-products/373278-001.webp,$62.00,373278-001,True,4542
Cables,349388-003 - HP 15m SCSI Cable,,https://pub-4ae70fe1d6cf4e5ea327e14b66c0ad8e.r2.dev/dtsupply-products/349388-003.webp,$172.00,349388-003,True,2164
Cables,373797-001 - Compaq Cable / Bracket Kit,,https://pub-4ae70fe1d6cf4e5ea327e14b66c0ad8e.r2.dev/dtsupply-products/373797-001.webp,$130.00,373797-001,True,4625
Cables,349388-004 - HP 20m SCSI Cable,,https://pub-4ae70fe1d6cf4e5ea327e14b66c0ad8e.r2.dev/dtsupply-products/349388-004.webp,$172.00,349388-004,True,7808
Cables,373979-001 - Compaq 3 Wire AC Power Cord,,https://pub-4ae70fe1d6cf4e5ea327e14b66c0ad8e.r2.dev/dtsupply-products/373979-001.webp,$240.00,373979-001,True,4257
Cables,349616-B21 - Compaq Backplane Cable,,https://pub-4ae70fe1d6cf4e5ea327e14b66c0ad8e.r2.dev/dtsupply-products/349616-B21.webp,$62.00,349616-B21,True,7388
Cables,375258-001 - Compaq 5M 4 x Fabric Copper Cable,,https://pub-4ae70fe1d6cf4e5ea327e14b66c0ad8e.r2.dev/dtsupply-products/375258-001.webp,$225.00,375258-001,True,5676
Cables,349716-001 - Compaq Backplane Cable for Netelligent Hub,,https://pub-4ae70fe1d6cf4e5ea327e14b66c0ad8e.r2.dev/dtsupply-products/349716-001.webp,$118.00,349716-001,True,7382
Cables,375558-001 - HP 68-Pin Ultra 320 LVD SCSI Cable with Terminator,,https://cdn.cmshardware.com/images/Images/Products/375558-001.webp,$62.00,375558-001,True,2801
Cables,375559-001 - HP 14-Pin SATA LED Cable for ProLiant ML150 Servers,,https://pub-4ae70fe1d6cf4e5ea327e14b66c0ad8e.r2.dev/dtsupply-products/375559-001.webp,$80.00,375559-001,True,2025
Cables,349756-001 - HP Japanese Power Cable,,https://pub-4ae70fe1d6cf4e5ea327e14b66c0ad8e.r2.dev/dtsupply-products/349756-001.webp,$55.00,349756-001,True,3070
Cables,376229-001 - Compaq 1M 4 x Fabric Copper Cable,,https://pub-4ae70fe1d6cf4e5ea327e14b66c0ad8e.r2.dev/dtsupply-products/376229-001.webp,$188.00,376229-001,True,5975
Cables,34CB001208 - Intel 4-Pin Cable 55cm,,https://pub-4ae70fe1d6cf4e5ea327e14b66c0ad8e.r2.dev/dtsupply-products/34CB001208.webp,$72.00,34CB001208,True,5933
Cables,376229-003 - Compaq 5M 4 x Fabric Copper Cable,,https://pub-4ae70fe1d6cf4e5ea327e14b66c0ad8e.r2.dev/dtsupply-products/376229-003.webp,$225.00,376229-003,True,5980
Cables,34CB001226 - Intel 68-Pin 37.5-inch SCSI Cable,,https://pub-4ae70fe1d6cf4e5ea327e14b66c0ad8e.r2.dev/dtsupply-products/34CB001226.webp,Get a Quote for price,34CB001226,True,4671
Cables,376229-004 - HP 7M IB 4X Copper Cable,,https://pub-4ae70fe1d6cf4e5ea327e14b66c0ad8e.r2.dev/dtsupply-products/376229-004.webp,$225.00,376229-004,True,6999
Cables,34L3629 - IBM AXY to MDA Cable For 3584 UltraScalable Tape Library,,https://cdn.cmshardware.com/images/Images/Products/34L3629.webp,$75.00,34L3629,True,3791
Cables,376232-B21 - Compaq 4x Fabric Copper Network Cable MicroGiGaCN MicroGiGaCN 3.28ft,,https://pub-4ae70fe1d6cf4e5ea327e14b66c0ad8e.r2.dev/dtsupply-products/376232-B21.webp,$188.00,376232-B21,True,4518
Cables,34S48CAEL10 - Intel Front Panel USB Cable for SR1530SH Server,,https://pub-4ae70fe1d6cf4e5ea327e14b66c0ad8e.r2.dev/dtsupply-products/34S48CAEL10.webp,$62.00,34S48CAEL10,True,7413
Cables,35-00000309 - HP 51cm 18-Pin To 18-Pin SAS External Sheilded Cable,,https://cdn.cmshardware.com/images/Images/Products/35-00000309.webp,$62.00,35-00000309,True,2756
Cables,376232-B22 - HP 3M 9.8ft 4x Fabric Copper Cable,,https://pub-4ae70fe1d6cf4e5ea327e14b66c0ad8e.r2.dev/dtsupply-products/376232-B22.webp,$130.00,376232-B22,True,1326
Cables,350141-001 - HP 2 Drop SCSI U320 Cable,,https://pub-4ae70fe1d6cf4e5ea327e14b66c0ad8e.r2.dev/dtsupply-products/350141-001.webp,$110.00,350141-001,True,2589
Cables,376232-B24 - HP 22.97ft 4x InfiniBand Fabric Copper Cable,,https://pub-4ae70fe1d6cf4e5ea327e14b66c0ad8e.r2.dev/dtsupply-products/376232-B24.webp,$155.00,376232-B24,True,1738
Cables,35071W600-519-G - Compaq 335mm Petra Converter Cable,,https://pub-4ae70fe1d6cf4e5ea327e14b66c0ad8e.r2.dev/dtsupply-products/35071W600-519-G.webp,$108.00,35071W600-519-G,True,5824
Cables,376257-001 - Compaq 1M 4 x Fabric Copper Cable,,https://pub-4ae70fe1d6cf4e5ea327e14b66c0ad8e.r2.dev/dtsupply-products/376257-001.webp,$188.00,376257-001,True,5978
Cables,35071W800-GY0-G - HP / Compaq Converter Cable for 18 All-in-One Business PC,,https://pub-4ae70fe1d6cf4e5ea327e14b66c0ad8e.r2.dev/dtsupply-products/35071W800-GY0-G.webp,$85.00,35071W800-GY0-G,True,2544
Cables,376259-001 - HP 7m 4x Fabric Copper Cable,,https://pub-4ae70fe1d6cf4e5ea327e14b66c0ad8e.r2.dev/dtsupply-products/376259-001.webp,$225.00,376259-001,True,2095
Cables,376753-001 - HP Serial SATA Signal Cable,,https://cdn.cmshardware.com/images/Images/Products/376753-001.webp,$72.00,376753-001,True,1381
Cables,350973-001 - Compaq 16-inch 4-Pin to 4-Pin Cable for StorageWorks MSA1500,,https://pub-4ae70fe1d6cf4e5ea327e14b66c0ad8e.r2.dev/dtsupply-products/350973-001.webp,$55.00,350973-001,True,7010
Cables,376753-002 - HP 12/17-inch SATA Cable Kit for ProLiant DL320 G4 Server,,https://pub-4ae70fe1d6cf4e5ea327e14b66c0ad8e.r2.dev/dtsupply-products/376753-002.webp,$125.00,376753-002,True,2181
Cables,35102CJ00-519-G - Compaq LVDS AiO LCD Cable,,https://pub-4ae70fe1d6cf4e5ea327e14b66c0ad8e.r2.dev/dtsupply-products/35102CJ00-519-G.webp,$101.00,35102CJ00-519-G,True,3993
Cables,351163-002 - HP 17-inch 34-Pin Floppy Drive Data Cable,,https://cdn.cmshardware.com/images/Images/Products/351163-002.webp,$62.00,351163-002,True,3389
Cables,377227-001 - HP 14-Pin SATA LED Cable for ProLiant ML150 Servers,,https://pub-4ae70fe1d6cf4e5ea327e14b66c0ad8e.r2.dev/dtsupply-products/377227-001.webp,$80.00,377227-001,True,2182
Cables,377691-001 - Compaq Optical Disk Drive Cable,,https://pub-4ae70fe1d6cf4e5ea327e14b66c0ad8e.r2.dev/dtsupply-products/377691-001.webp,$62.00,377691-001,True,6000
Cables,351594-001 - HP Power Switch Cable for ProLiant ML110,,https://pub-4ae70fe1d6cf4e5ea327e14b66c0ad8e.r2.dev/dtsupply-products/351594-001.webp,$55.00,351594-001,True,3066
Cables,378627-001 - Compaq Power Switch and Cable,,https://pub-4ae70fe1d6cf4e5ea327e14b66c0ad8e.r2.dev/dtsupply-products/378627-001.webp,$55.00,378627-001,True,4593
Cables,351596-001 - HP 2M SFP Fibre Channel Cable for Network Devices,,https://pub-4ae70fe1d6cf4e5ea327e14b66c0ad8e.r2.dev/dtsupply-products/351596-001.webp,$55.00,351596-001,True,4428
Cables,378628-001 - Compaq Front USB Cable for ProLiant DL320 G4 Server,,https://pub-4ae70fe1d6cf4e5ea327e14b66c0ad8e.r2.dev/dtsupply-products/378628-001.webp,$118.00,378628-001,True,4488
Cables,351597-001 - Compaq 0.6M Copper Fibre Channel Interface Cable,,https://pub-4ae70fe1d6cf4e5ea327e14b66c0ad8e.r2.dev/dtsupply-products/351597-001.webp,$55.00,351597-001,True,4231
Cables,378629-001 - HP 12/17-inch Serial ATA (SATA) Signal Cable,,https://pub-4ae70fe1d6cf4e5ea327e14b66c0ad8e.r2.dev/dtsupply-products/378629-001.webp,$125.00,378629-001,True,2183
Cables,351655-B21 - HPE Power Distribution Unit Cord Extension Bars,,https://pub-4ae70fe1d6cf4e5ea327e14b66c0ad8e.r2.dev/dtsupply-products/351655-B21.webp,$118.00,351655-B21,True,1608
Cables,37918A - HP SS7 Dual V.35 & Dual DS-0 Modem Card,,https://pub-4ae70fe1d6cf4e5ea327e14b66c0ad8e.r2.dev/dtsupply-products/37918A.webp,Get a Quote for price,37918A,True,1837
Cables,352859-001 - Compaq Power Adapter Cable For Tablet PC TC1000 Series,,https://pub-4ae70fe1d6cf4e5ea327e14b66c0ad8e.r2.dev/dtsupply-products/352859-001.webp,$50.00,352859-001,True,4208
Cables,379196-001 - HP Power Cable For ProLiant DL380 G4 Server,,https://pub-4ae70fe1d6cf4e5ea327e14b66c0ad8e.r2.dev/dtsupply-products/379196-001.webp,$55.00,379196-001,True,3019
Cables,352937-001 - Compaq I2C Cluster Fan Out Cable,,https://pub-4ae70fe1d6cf4e5ea327e14b66c0ad8e.r2.dev/dtsupply-products/352937-001.webp,$378.00,352937-001,True,4501
Cables,379266-001 - Compaq 4-inch 1 SATA Cable,,https://pub-4ae70fe1d6cf4e5ea327e14b66c0ad8e.r2.dev/dtsupply-products/379266-001.webp,$132.00,379266-001,True,2190
Cables,352943-001 - Compaq OCP Flat Ribbon Cable,,https://pub-4ae70fe1d6cf4e5ea327e14b66c0ad8e.r2.dev/dtsupply-products/352943-001.webp,$792.00,352943-001,True,7365
Cables,37L0083 - IBM 1M Fibre Channel SC to SC Cable,,https://pub-4ae70fe1d6cf4e5ea327e14b66c0ad8e.r2.dev/dtsupply-products/37L0083.webp,$72.00,37L0083,True,5424
Cables,356452-001 - Compaq CD Data Cable for DL380 G4 ProLiant,,https://pub-4ae70fe1d6cf4e5ea327e14b66c0ad8e.r2.dev/dtsupply-products/356452-001.webp,$55.00,356452-001,True,4591
Cables,37L0084 - IBM 1 Meter Optical Cable,,https://pub-4ae70fe1d6cf4e5ea327e14b66c0ad8e.r2.dev/dtsupply-products/37L0084.webp,$80.00,37L0084,True,7464
Cables,356452-002 - HP ODD CD-DVD Drive Cable for Proliant DL380 Gen5,,https://cdn.cmshardware.com/images/Images/Products/356452-002.webp,$62.00,356452-002,True,1359
Cables,37L0149 - IBM Lvd SCSI Cable,,https://pub-4ae70fe1d6cf4e5ea327e14b66c0ad8e.r2.dev/dtsupply-products/37L0149.webp,$72.00,37L0149,True,4723
Cables,3576-6013 - IBM Fiber Optic Cable Fiber Optic for Network Device 42.65 ft LC Male Network LC Male Network,,https://pub-4ae70fe1d6cf4e5ea327e14b66c0ad8e.r2.dev/dtsupply-products/3576-6013.webp,Get a Quote for price,3576-6013,True,5535
Cables,37L0350 - IBM LVD Planar To SCSI Backplane Cable,,https://pub-4ae70fe1d6cf4e5ea327e14b66c0ad8e.r2.dev/dtsupply-products/37L0350.webp,$72.00,37L0350,True,5783
Cables,358201-001 - Compaq Local I/O Crossover SUVI Cable,,https://pub-4ae70fe1d6cf4e5ea327e14b66c0ad8e.r2.dev/dtsupply-products/358201-001.webp,$72.00,358201-001,True,4537
Cables,37L5098 - IBM ATA-66 2 Drop HDD/CD-R Cable for Netvista,,https://cdn.cmshardware.com/images/Images/Products/37L5098.webp,$62.00,37L5098,True,6162
Cables,358801-001 - Compaq Front Audio USB Panel Cable For DC7100,,https://pub-4ae70fe1d6cf4e5ea327e14b66c0ad8e.r2.dev/dtsupply-products/358801-001.webp,$72.00,358801-001,True,4106
Cables,37NUX - Dell Firewire 3.75-Ft IEEE 1394 4P M/M Cable,,https://pub-4ae70fe1d6cf4e5ea327e14b66c0ad8e.r2.dev/dtsupply-products/37NUX.webp,$62.00,37NUX,True,938
Cables,358VV - Dell 5m SFP+ Direct Attach Twinax Cable,,https://pub-4ae70fe1d6cf4e5ea327e14b66c0ad8e.r2.dev/dtsupply-products/358VV.webp,$78.00,358VV,True,1066
Cables,37NUX-L20 - Dell Firewire 3.75-Ft IEEE 1394 4P M/M Cable,,https://pub-4ae70fe1d6cf4e5ea327e14b66c0ad8e.r2.dev/dtsupply-products/37NUX-L20.webp,$125.00,37NUX-L20,True,5932
Cables,35TMJ - Dell Optical Disk Drive SATA Cable for PowerEdge T640,,https://cdn.cmshardware.com/images/Images/Products/35TMJ.webp,$62.00,35TMJ,True,1065
Cables,38021-00 - IBM Remote Battery Cable,,https://cdn.cmshardware.com/images/Images/Products/38021-00.webp,$98.00,38021-00,True,4274
Cables,360358-003 - Compaq 56K V92 Hi-Speed Modem Card,,https://pub-4ae70fe1d6cf4e5ea327e14b66c0ad8e.r2.dev/dtsupply-products/360358-003.webp,$88.00,360358-003,True,5401
Cables,380390-001 - Compaq SAS Cable for ProLiant ML370 Server,,https://pub-4ae70fe1d6cf4e5ea327e14b66c0ad8e.r2.dev/dtsupply-products/380390-001.webp,Get a Quote for price,380390-001,True,3165
Cables,380393-001 - Compaq IDE Splitter Cable,,https://pub-4ae70fe1d6cf4e5ea327e14b66c0ad8e.r2.dev/dtsupply-products/380393-001.webp,$55.00,380393-001,True,4580
360358-004,True,4525
Cables,380579-B21 - Compaq 1Gb Fibre Channel Connection Kit,,https://pub-4ae70fe1d6cf4e5ea327e14b66c0ad8e.r2.dev/dtsupply-products/380579-B21.webp,$118.00,380579-B21,True,7364
Cables,361240-001 - Compaq 250V 3-Wire Power Cord,,https://pub-4ae70fe1d6cf4e5ea327e14b66c0ad8e.r2.dev/dtsupply-products/361240-001.webp,Get a Quote for price,361240-001,True,4495
Cables,361316-001 - HP 30-inch Internal SAS Cable,,https://cdn.cmshardware.com/images/Images/Products/361316-001.webp,$62.00,361316-001,True,1897
Cables,380596-B21 - Compaq 1GB Fibre Channel Connect Kit with 2m Sc to Sc Cable,,https://pub-4ae70fe1d6cf4e5ea327e14b66c0ad8e.r2.dev/dtsupply-products/380596-B21.webp,$50.00,380596-B21,True,4481
Cables,361316-002 - Compaq 0.75m Multilane SAS/SATA Cable,,https://pub-4ae70fe1d6cf4e5ea327e14b66c0ad8e.r2.dev/dtsupply-products/361316-002.webp,$55.00,361316-002,True,4245
Cables,380612-005 - Compaq 7-Inch SLI Graphic Connector EMI+ Cable,,https://pub-4ae70fe1d6cf4e5ea327e14b66c0ad8e.r2.dev/dtsupply-products/380612-005.webp,$122.00,380612-005,True,4554
Cables,361316-003 - HP SATA to SAS Cable for DL320 G3 Server,,https://pub-4ae70fe1d6cf4e5ea327e14b66c0ad8e.r2.dev/dtsupply-products/361316-003.webp,$62.00,361316-003,True,2057
Cables,381805-001 - Compaq (Power Button-LED / Hard Drive) Cable Kit for ProLiant BL35p Server,,https://pub-4ae70fe1d6cf4e5ea327e14b66c0ad8e.r2.dev/dtsupply-products/381805-001.webp,$72.00,381805-001,True,4499
Cables,361316-006 - Compaq 27-inch Internal SAS Cable,,https://pub-4ae70fe1d6cf4e5ea327e14b66c0ad8e.r2.dev/dtsupply-products/361316-006.webp,$55.00,361316-006,True,5955
Cables,381868-001 - HP 13-inch SATA 3G Hard Drive Cable,,https://pub-4ae70fe1d6cf4e5ea327e14b66c0ad8e.r2.dev/dtsupply-products/381868-001.webp,$62.00,381868-001,True,2792
Cables,361316-009 - HP 4-Lane SATA Hard Drive Cable,,https://pub-4ae70fe1d6cf4e5ea327e14b66c0ad8e.r2.dev/dtsupply-products/361316-009.webp,$55.00,361316-009,True,3053
Cables,381868-002 - HP SATA Hard Drive Cable for ProLiant ML110 Server,,https://pub-4ae70fe1d6cf4e5ea327e14b66c0ad8e.r2.dev/dtsupply-products/381868-002.webp,$62.00,381868-002,True,1757
Cables,361316-010 - HP 22-inch SATA/SAS Cable,,https://pub-4ae70fe1d6cf4e5ea327e14b66c0ad8e.r2.dev/dtsupply-products/361316-010.webp,$62.00,361316-010,True,2263
Cables,381868-003 - Compaq 7-Pin SATA Hard Drive Cable (10-inch),,https://pub-4ae70fe1d6cf4e5ea327e14b66c0ad8e.r2.dev/dtsupply-products/381868-003.webp,$50.00,381868-003,True,5673
Cables,"361316-011 - Compaq SAS 24"" Cable for ProLiant DL380 G5",,https://pub-4ae70fe1d6cf4e5ea327e14b66c0ad8e.r2.dev/dtsupply-products/361316-011.webp,$62.00,361316-011,True,5876
Cables,381868-004 - HP 14-inch 7-Pin SATA Hard Drive Cable,,https://pub-4ae70fe1d6cf4e5ea327e14b66c0ad8e.r2.dev/dtsupply-products/381868-004.webp,$62.00,381868-004,True,1809
Cables,361316-013 - Compaq Multilane SAS Cable for ProLiant DL580 G5 Server,,https://pub-4ae70fe1d6cf4e5ea327e14b66c0ad8e.r2.dev/dtsupply-products/361316-013.webp,$72.00,361316-013,True,4232
Cables,381868-006 - Compaq 7 Pin 18-inch SATA Hard Drive Cable,,https://pub-4ae70fe1d6cf4e5ea327e14b66c0ad8e.r2.dev/dtsupply-products/381868-006.webp,$62.00,381868-006,True,4189
Cables,361316-014 - HP 4 Lane SATA to SAS MultiLane Hard Drive Cable,,https://pub-4ae70fe1d6cf4e5ea327e14b66c0ad8e.r2.dev/dtsupply-products/361316-014.webp,$88.00,361316-014,True,2047
Cables,381868-009 - Compaq 24-inch Straight-to-90 Degree SATA Cable,,https://pub-4ae70fe1d6cf4e5ea327e14b66c0ad8e.r2.dev/dtsupply-products/381868-009.webp,$62.00,381868-009,True,5729
Cables,361317-001 - HP 1M External/Internal SAS Cable,,https://pub-4ae70fe1d6cf4e5ea327e14b66c0ad8e.r2.dev/dtsupply-products/361317-001.webp,$150.00,361317-001,True,1813
Cables,381868-014 - HP 17-inch SATA Hard Drive Cable,,https://pub-4ae70fe1d6cf4e5ea327e14b66c0ad8e.r2.dev/dtsupply-products/381868-014.webp,$62.00,381868-014,True,1726
Cables,361317-002 - Compaq 2m Mini SAS to Mini SAS Cable,,https://pub-4ae70fe1d6cf4e5ea327e14b66c0ad8e.r2.dev/dtsupply-products/361317-002.webp,$62.00,361317-002,True,4181
Cables,381868-015 - Compaq 17-inch SATA Hard Drive Cable,,https://pub-4ae70fe1d6cf4e5ea327e14b66c0ad8e.r2.dev/dtsupply-products/381868-015.webp,$62.00,381868-015,True,5727
Cables,361317-004 - HP 4m External SAS Cable,,https://pub-4ae70fe1d6cf4e5ea327e14b66c0ad8e.r2.dev/dtsupply-products/361317-004.webp,$80.00,361317-004,True,2397
Cables,381868-016 - Compaq 2ft SATA Drive Cable for Dc5800 SFF PC,,https://pub-4ae70fe1d6cf4e5ea327e14b66c0ad8e.r2.dev/dtsupply-products/381868-016.webp,$62.00,381868-016,True,5765
Cables,361442-001 - HP Fan Cage Cable Assembly For DL585,,https://cdn.cmshardware.com/images/Images/Products/361442-001.webp,$55.00,361442-001,True,2928
Cables,381868-017 - HP 23-inch SATA Cable,,https://pub-4ae70fe1d6cf4e5ea327e14b66c0ad8e.r2.dev/dtsupply-products/381868-017.webp,Get a Quote for price,381868-017,True,1325
Cables,361624-001 - HP 16-Pin Power Cable For ProLiant DL145 Server,,https://pub-4ae70fe1d6cf4e5ea327e14b66c0ad8e.r2.dev/dtsupply-products/361624-001.webp,$62.00,361624-001,True,3527
Cables,382086-002 - HP SCSI Cable Kit Rackmount,,https://cdn.cmshardware.com/images/Images/Products/382086-002.webp,$110.00,382086-002,True,1967
Cables,361626-001 - Compaq IDE Cable for ProLiant DL145 Server,,https://pub-4ae70fe1d6cf4e5ea327e14b66c0ad8e.r2.dev/dtsupply-products/361626-001.webp,$62.00,361626-001,True,4560
Cables,382112-001 - HP Front USB Cable,,https://pub-4ae70fe1d6cf4e5ea327e14b66c0ad8e.r2.dev/dtsupply-products/382112-001.webp,$62.00,382112-001,True,1916
Cables,361627-001 - HP Internal Hard Drive Power Cable For ProLiant,,https://pub-4ae70fe1d6cf4e5ea327e14b66c0ad8e.r2.dev/dtsupply-products/361627-001.webp,$62.00,361627-001,True,2558
Cables,382156-001 - HP SCSI / LED Cable for ProLiant DL140 Server,,https://pub-4ae70fe1d6cf4e5ea327e14b66c0ad8e.r2.dev/dtsupply-products/382156-001.webp,$88.00,382156-001,True,2793
Cables,361749-001 - Compaq LED / HD Cable Kit for ProLiant BL30P,,https://pub-4ae70fe1d6cf4e5ea327e14b66c0ad8e.r2.dev/dtsupply-products/361749-001.webp,$148.00,361749-001,True,4565
Cables,382511-001 - HP 2.6-inch External Flying Serial Port Cable for DC5100,,https://pub-4ae70fe1d6cf4e5ea327e14b66c0ad8e.r2.dev/dtsupply-products/382511-001.webp,$62.00,382511-001,True,1508
Cables,364225-001 - HP 5-inch Signal Cable,,https://pub-4ae70fe1d6cf4e5ea327e14b66c0ad8e.r2.dev/dtsupply-products/364225-001.webp,$118.00,364225-001,True,2230
Cables,382630-001 - HP Power Button / LED Board Cable Assembly,,https://pub-4ae70fe1d6cf4e5ea327e14b66c0ad8e.r2.dev/dtsupply-products/382630-001.webp,$80.00,382630-001,True,2273
Cables,364226-001 - Compaq Optical / Floppy Drive Ribbon Cable for ProLiant DL360 G4,,https://pub-4ae70fe1d6cf4e5ea327e14b66c0ad8e.r2.dev/dtsupply-products/364226-001.webp,$55.00,364226-001,True,4612
Cables,382956-001 - HP LED Cable For ProLiant ML110 Gen10,,https://pub-4ae70fe1d6cf4e5ea327e14b66c0ad8e.r2.dev/dtsupply-products/382956-001.webp,$88.00,382956-001,True,7950
Cables,364316-001 - Compaq 15-inch Dual IDE Cable for ProLiant DL145 Server,,https://pub-4ae70fe1d6cf4e5ea327e14b66c0ad8e.r2.dev/dtsupply-products/364316-001.webp,$72.00,364316-001,True,5678
Cables,382959-001 - HP SATA Cable for ProLiant ML110 Server,,https://pub-4ae70fe1d6cf4e5ea327e14b66c0ad8e.r2.dev/dtsupply-products/382959-001.webp,$88.00,382959-001,True,2192
Cables,364317-001 - HP ProLiant DL145 Serial Port Cable,,https://pub-4ae70fe1d6cf4e5ea327e14b66c0ad8e.r2.dev/dtsupply-products/364317-001.webp,$62.00,364317-001,True,2125
Cables,382960-001 - Compaq 4 in 1 SATA Cable,,https://pub-4ae70fe1d6cf4e5ea327e14b66c0ad8e.r2.dev/dtsupply-products/382960-001.webp,$132.00,382960-001,True,2191
Cables,364471-B21 - HP ProLiant DL380 G4 SCSI Configuration Kit,,https://pub-4ae70fe1d6cf4e5ea327e14b66c0ad8e.r2.dev/dtsupply-products/364471-B21.webp,$132.00,364471-B21,True,7809
Cables,382972-001 - HP CD-ROM Drive Power Cable For ProLiant ML310 Server,,https://pub-4ae70fe1d6cf4e5ea327e14b66c0ad8e.r2.dev/dtsupply-products/382972-001.webp,$80.00,382972-001,True,2596
Cables,365661-001 - HP Multibay USB External Cable,,https://pub-4ae70fe1d6cf4e5ea327e14b66c0ad8e.r2.dev/dtsupply-products/365661-001.webp,$98.00,365661-001,True,2400
Cables,382982-001 - HP Power Button / LED Board Cable Assembly,,https://pub-4ae70fe1d6cf4e5ea327e14b66c0ad8e.r2.dev/dtsupply-products/382982-001.webp,$80.00,382982-001,True,2462
Cables,366063-001 - Compaq CD MultiBay Adapter Cable Assembly for ProLiant DL380 Server,,https://pub-4ae70fe1d6cf4e5ea327e14b66c0ad8e.r2.dev/dtsupply-products/366063-001.webp,$148.00,366063-001,True,7363
Cables,384449-001 - HP 40.94-inch Non Hot-plug SCSI Cable,,https://pub-4ae70fe1d6cf4e5ea327e14b66c0ad8e.r2.dev/dtsupply-products/384449-001.webp,$72.00,384449-001,True,7810
Cables,367168-001 - HP SCSI Cable Assembly for ProLiant ML150 G2 Server,,https://pub-4ae70fe1d6cf4e5ea327e14b66c0ad8e.r2.dev/dtsupply-products/367168-001.webp,$72.00,367168-001,True,2399
Cables,384450-001 - HP 2.36-Inch Hot-Plug SATA Data Transfer Cable,,https://pub-4ae70fe1d6cf4e5ea327e14b66c0ad8e.r2.dev/dtsupply-products/384450-001.webp,$55.00,384450-001,True,2948
Cables,367602-001 - HP Power Cable For ProLiant DL580 G3 Server,,https://pub-4ae70fe1d6cf4e5ea327e14b66c0ad8e.r2.dev/dtsupply-products/367602-001.webp,$55.00,367602-001,True,2994
Cables,384451-001 - HP Hard Drive SATA Cable,,https://pub-4ae70fe1d6cf4e5ea327e14b66c0ad8e.r2.dev/dtsupply-products/384451-001.webp,$55.00,384451-001,True,2949
Cables,368245-001 - HP Serial SATA LED Cable for ProLiant ML110,,https://cdn.cmshardware.com/images/Images/Products/368245-001.webp,$72.00,368245-001,True,3407
Cables,384452-001 - HP Hard Drive SATA Cable,,https://pub-4ae70fe1d6cf4e5ea327e14b66c0ad8e.r2.dev/dtsupply-products/384452-001.webp,$55.00,384452-001,True,2939
Cables,368282-001 - HP SCSI Cable Assembly,,https://pub-4ae70fe1d6cf4e5ea327e14b66c0ad8e.r2.dev/dtsupply-products/368282-001.webp,$95.00,368282-001,True,2398
Cables,384453-001 - HP Hard Drive SATA Cable,,https://pub-4ae70fe1d6cf4e5ea327e14b66c0ad8e.r2.dev/dtsupply-products/384453-001.webp,$55.00,384453-001,True,2940
Cables,3692K - Dell 8-Pin to (8+6)-Pin Graphics Card Cable,,https://pub-4ae70fe1d6cf4e5ea327e14b66c0ad8e.r2.dev/dtsupply-products/3692K.webp,$62.00,3692K,True,549
Cables,384746-001 - HP Power Switch Cable for DC7600 SFF DESKTOP,,https://pub-4ae70fe1d6cf4e5ea327e14b66c0ad8e.r2.dev/dtsupply-products/384746-001.webp,$62.00,384746-001,True,2463
Cables,36L8860 - IBM 5Ft 10A 250V Power Extension Cord,,https://pub-4ae70fe1d6cf4e5ea327e14b66c0ad8e.r2.dev/dtsupply-products/36L8860.webp,$62.00,36L8860,True,4192
Cables,384746-002 - HP Power Button Switch Cable for dc7600 Tower xw4400 Workstation,,https://pub-4ae70fe1d6cf4e5ea327e14b66c0ad8e.r2.dev/dtsupply-products/384746-002.webp,$62.00,384746-002,True,3494
Cables,36L8861 - IBM 4.3-Meters C13 to C14 Rack Power Cable,,https://pub-4ae70fe1d6cf4e5ea327e14b66c0ad8e.r2.dev/dtsupply-products/36L8861.webp,$70.00,36L8861,True,4216
Cables,384746-005 - HP Status LED Power Switch with Cable,,https://pub-4ae70fe1d6cf4e5ea327e14b66c0ad8e.r2.dev/dtsupply-products/384746-005.webp,$62.00,384746-005,True,1932
Cables,36L9552 - IBM Fan-4 Power Cable,,https://pub-4ae70fe1d6cf4e5ea327e14b66c0ad8e.r2.dev/dtsupply-products/36L9552.webp,$128.00,36L9552,True,7026
Cables,384747-001 - Compaq Front Audio USB Panel Cable For DC7600,,https://pub-4ae70fe1d6cf4e5ea327e14b66c0ad8e.r2.dev/dtsupply-products/384747-001.webp,$62.00,384747-001,True,4222
Cables,36L9595 - IBM 1M 3-Connector SCSI Cable with Terminator,,https://pub-4ae70fe1d6cf4e5ea327e14b66c0ad8e.r2.dev/dtsupply-products/36L9595.webp,$95.00,36L9595,True,5726
Cables,384753-001 - HP 50cm SCSI Drive Cable Assembly,,https://pub-4ae70fe1d6cf4e5ea327e14b66c0ad8e.r2.dev/dtsupply-products/384753-001.webp,$110.00,384753-001,True,7817
Cables,36L9973 - IBM Netfinity 3.28ft Cable SC Male SC Male Fibre Channel,,https://pub-4ae70fe1d6cf4e5ea327e14b66c0ad8e.r2.dev/dtsupply-products/36L9973.webp,$80.00,36L9973,True,4708
Cables,384754-001 - HP ProLiant DL380 G4 G5 19-inch 4-Lane SAS Drive Signal Cable,,https://pub-4ae70fe1d6cf4e5ea327e14b66c0ad8e.r2.dev/dtsupply-products/384754-001.webp,$62.00,384754-001,True,2464
Cables,370-3276 - Sun 1 ft CD-ROM Internal Cable,,https://cdn.cmshardware.com/images/Images/Products/370-3276.webp,$238.00,370-3276,True,4212
Cables,384755-001 - HP U4 SCSI Low Voltage Differential (LVD) Cable,,https://pub-4ae70fe1d6cf4e5ea327e14b66c0ad8e.r2.dev/dtsupply-products/384755-001.webp,$102.00,384755-001,True,7818
Cables,370520-B21 - HP SCSI Internal Cable,,https://pub-4ae70fe1d6cf4e5ea327e14b66c0ad8e.r2.dev/dtsupply-products/370520-B21.webp,$55.00,370520-B21,True,2952
Cables,385482-001 - HP Power Cable For ProLiant ML310 G2 Server,,https://pub-4ae70fe1d6cf4e5ea327e14b66c0ad8e.r2.dev/dtsupply-products/385482-001.webp,$80.00,385482-001,True,1931
Cables,370764-005 - Compaq Dual Mini SAS Cable Assembly,,https://pub-4ae70fe1d6cf4e5ea327e14b66c0ad8e.r2.dev/dtsupply-products/370764-005.webp,$55.00,370764-005,True,5947
Cables,385840-001 - HP 3XSATA to SAS Cable for ProLiant DL320 G3/G4 Server,,https://pub-4ae70fe1d6cf4e5ea327e14b66c0ad8e.r2.dev/dtsupply-products/385840-001.webp,$62.00,385840-001,True,2279
Cables,370764-006 - Compaq 2M FDR Quad Small Pluggable Infiniband Copper Cable,,https://pub-4ae70fe1d6cf4e5ea327e14b66c0ad8e.r2.dev/dtsupply-products/370764-006.webp,$55.00,370764-006,True,5954
Cables,386341-001 - Compaq 2-Pin LED Cable for ProLiant 400 / Prosignia 720,,https://pub-4ae70fe1d6cf4e5ea327e14b66c0ad8e.r2.dev/dtsupply-products/386341-001.webp,$80.00,386341-001,True,4498
Cables,387527-001 - Compaq CD DVD Audio Sound Cable for D510 Tower PC,,https://pub-4ae70fe1d6cf4e5ea327e14b66c0ad8e.r2.dev/dtsupply-products/387527-001.webp,$62.00,387527-001,True,4213
Cables,370764-007 - Compaq ATA Serial Cable,,https://pub-4ae70fe1d6cf4e5ea327e14b66c0ad8e.r2.dev/dtsupply-products/370764-007.webp,$55.00,370764-007,True,5951
Cables,387527-002 - Compaq DeskPro Evo Audio 12 Cable Assembly,,https://pub-4ae70fe1d6cf4e5ea327e14b66c0ad8e.r2.dev/dtsupply-products/387527-002.webp,$62.00,387527-002,True,4214
Cables,370897-001 - Compaq IDE Cable for ProLiant ML150 Gen9,,https://pub-4ae70fe1d6cf4e5ea327e14b66c0ad8e.r2.dev/dtsupply-products/370897-001.webp,$55.00,370897-001,True,5962
Cables,387527-003 - Compaq DeskPro Evo Audio Cable Assembly,,https://pub-4ae70fe1d6cf4e5ea327e14b66c0ad8e.r2.dev/dtsupply-products/387527-003.webp,$55.00,387527-003,True,7385
Cables,370898-001 - Compaq Floppy Drive Cable ProLiant ML150,,https://pub-4ae70fe1d6cf4e5ea327e14b66c0ad8e.r2.dev/dtsupply-products/370898-001.webp,$62.00,370898-001,True,4487
Cables,387662-001 - Compaq 21-inch Dual LED Power Cable Assembly,,https://pub-4ae70fe1d6cf4e5ea327e14b66c0ad8e.r2.dev/dtsupply-products/387662-001.webp,$62.00,387662-001,True,7462
Cables,371-0982 - Sun RS449 80-Pin to 4 x DB37-F Cable For X1155A,,https://pub-4ae70fe1d6cf4e5ea327e14b66c0ad8e.r2.dev/dtsupply-products/371-0982.webp,"$2,355.00",371-0982,True,3852
Cables,387738-001 - Compaq Power Cable and LED,,https://pub-4ae70fe1d6cf4e5ea327e14b66c0ad8e.r2.dev/dtsupply-products/387738-001.webp,$55.00,387738-001,True,4576
Cables,372616-002 - HP Fan Board Cable For ProLiant DL380 Server,,https://pub-4ae70fe1d6cf4e5ea327e14b66c0ad8e.r2.dev/dtsupply-products/372616-002.webp,$62.00,372616-002,True,2224
Cables,389309-001 - Compaq Non-Hot Plug SATA Cable,,https://pub-4ae70fe1d6cf4e5ea327e14b66c0ad8e.r2.dev/dtsupply-products/389309-001.webp,$148.00,389309-001,True,4136
Cables,372618-001 - Compaq Fan Board Power Cable For ProLiant ML570 G3 Server,,https://pub-4ae70fe1d6cf4e5ea327e14b66c0ad8e.r2.dev/dtsupply-products/372618-001.webp,$62.00,372618-001,True,4258
Cables,389326-001 - HP ProLiant DL140 G2 USB Cable with Port,,https://pub-4ae70fe1d6cf4e5ea327e14b66c0ad8e.r2.dev/dtsupply-products/389326-001.webp,$62.00,389326-001,True,2161
Cables,372619-001 - HP 12-Pin Backplane Power Cable,,https://pub-4ae70fe1d6cf4e5ea327e14b66c0ad8e.r2.dev/dtsupply-products/372619-001.webp,$55.00,372619-001,True,2993
Cables,389571-001 - HP 15-inch Serial Ata SATA Cable,,https://cdn.cmshardware.com/images/Images/Products/389571-001.webp,$62.00,389571-001,True,1889
Cables,372621-001 - Compaq 22-Pin Power Backplane Cable for ProLiant ML570 G3 Server,,https://pub-4ae70fe1d6cf4e5ea327e14b66c0ad8e.r2.dev/dtsupply-products/372621-001.webp,$55.00,372621-001,True,4590
Cables,389572-001 - HP Ultra-320 68-Pin LVD SE Terminator SCSI Cable,,https://pub-4ae70fe1d6cf4e5ea327e14b66c0ad8e.r2.dev/dtsupply-products/389572-001.webp,$72.00,389572-001,True,7816
Cables,389647-B21 - HP Internal SAS/SATA Multi-Lane A Cable,,https://cdn.cmshardware.com/images/Images/Products/389647-B21.webp,$105.00,389647-B21,True,1417
Cables,372657-001 - Compaq Second Serial Port Connector Assembly for ProLiant ML350 G4 Server,,https://pub-4ae70fe1d6cf4e5ea327e14b66c0ad8e.r2.dev/dtsupply-products/372657-001.webp,$172.00,372657-001,True,6005
Cables,389659-B21 - HP Multi-Lane B Internal SAS/SATA Cable,,https://pub-4ae70fe1d6cf4e5ea327e14b66c0ad8e.r2.dev/dtsupply-products/389659-B21.webp,Get a Quote for price,389659-B21,True,1478
Cables,373240-001 - Compaq SCSI Cable,,https://pub-4ae70fe1d6cf4e5ea327e14b66c0ad8e.r2.dev/dtsupply-products/373240-001.webp,$62.00,373240-001,True,7811
Cables,389668-B21 - HP 2m SFF-8470 External SAS Cable,,https://cdn.cmshardware.com/images/Images/Products/389668-B21.webp,$62.00,389668-B21,True,2254
Cables,373276-001 - Compaq Floppy Drive Cable ProLiant ML150,,https://pub-4ae70fe1d6cf4e5ea327e14b66c0ad8e.r2.dev/dtsupply-products/373276-001.webp,$62.00,373276-001,True,4535
Cables,389671-B12 - HP 4m External SAS Cable,,https://pub-4ae70fe1d6cf4e5ea327e14b66c0ad8e.r2.dev/dtsupply-products/389671-B12.webp,$172.00,389671-B12,True,3166
Cables,389714-001 - HP 22-inch USB 2.0 Cable for ProLiant DL140g2,,https://cdn.cmshardware.com/images/Images/Products/389714-001.webp,$62.00,389714-001,True,1954
Cables,373278-001 - Compaq IDE Cable for ProLiant ML150 Gen9,,https://pub-4ae70fe1d6cf4e5ea327e14b66c0ad8e.r2.dev/dtsupply-products/373278-001.webp,$62.00,373278-001,True,4542
Cables,373797-001 - Compaq Cable / Bracket Kit,,https://pub-4ae70fe1d6cf4e5ea327e14b66c0ad8e.r2.dev/dtsupply-products/373797-001.webp,$130.00,373797-001,True,4625
Cables,389916-001 - Compaq 21-inch 38 Pin IDE Cable for ProLiant DL140 Server,,https://pub-4ae70fe1d6cf4e5ea327e14b66c0ad8e.r2.dev/dtsupply-products/389916-001.webp,$102.00,389916-001,True,5964
Cables,373979-001 - Compaq 3 Wire AC Power Cord,,https://pub-4ae70fe1d6cf4e5ea327e14b66c0ad8e.r2.dev/dtsupply-products/373979-001.webp,$240.00,373979-001,True,4257
Cables,389948-001 - HP SAS/SATA Multi Lane Cable,,https://pub-4ae70fe1d6cf4e5ea327e14b66c0ad8e.r2.dev/dtsupply-products/389948-001.webp,$55.00,389948-001,True,2973
Cables,375258-001 - Compaq 5M 4 x Fabric Copper Cable,,https://pub-4ae70fe1d6cf4e5ea327e14b66c0ad8e.r2.dev/dtsupply-products/375258-001.webp,$225.00,375258-001,True,5676
Cables,389949-001 - HP 1m 4-Lane External SAS Cable,,https://pub-4ae70fe1d6cf4e5ea327e14b66c0ad8e.r2.dev/dtsupply-products/389949-001.webp,$172.00,389949-001,True,2048
Cables,375558-001 - HP 68-Pin Ultra 320 LVD SCSI Cable with Terminator,,https://cdn.cmshardware.com/images/Images/Products/375558-001.webp,$62.00,375558-001,True,2801
Cables,389952-001 - HP 0.76m 4-Lane Internal SAS Cable for DL380 G5 Server,,https://pub-4ae70fe1d6cf4e5ea327e14b66c0ad8e.r2.dev/dtsupply-products/389952-001.webp,$62.00,389952-001,True,2277
Cables,375559-001 - HP 14-Pin SATA LED Cable for ProLiant ML150 Servers,,https://pub-4ae70fe1d6cf4e5ea327e14b66c0ad8e.r2.dev/dtsupply-products/375559-001.webp,$80.00,375559-001,True,2025
Cables,389955-001 - Compaq 2m External Mini SAS Cable,,https://pub-4ae70fe1d6cf4e5ea327e14b66c0ad8e.r2.dev/dtsupply-products/389955-001.webp,$62.00,389955-001,True,4171
Cables,376229-001 - Compaq 1M 4 x Fabric Copper Cable,,https://pub-4ae70fe1d6cf4e5ea327e14b66c0ad8e.r2.dev/dtsupply-products/376229-001.webp,$188.00,376229-001,True,5975
Cables,389956-001 - HP 4m External SAS Cable,,https://pub-4ae70fe1d6cf4e5ea327e14b66c0ad8e.r2.dev/dtsupply-products/389956-001.webp,$172.00,389956-001,True,3167
Cables,376229-003 - Compaq 5M 4 x Fabric Copper Cable,,https://pub-4ae70fe1d6cf4e5ea327e14b66c0ad8e.r2.dev/dtsupply-products/376229-003.webp,$225.00,376229-003,True,5980
Cables,389G1758AAA - Dell 6ft USB 3.0 Type A to Type B Cable,,https://pub-4ae70fe1d6cf4e5ea327e14b66c0ad8e.r2.dev/dtsupply-products/389G1758AAA.webp,$105.00,389G1758AAA,True,7396
Cables,376229-004 - HP 7M IB 4X Copper Cable,,https://pub-4ae70fe1d6cf4e5ea327e14b66c0ad8e.r2.dev/dtsupply-products/376229-004.webp,$225.00,376229-004,True,6999
Cables,390491-001 - HP 68-Pin Ultra-320 SCSI Cable,,https://pub-4ae70fe1d6cf4e5ea327e14b66c0ad8e.r2.dev/dtsupply-products/390491-001.webp,$72.00,390491-001,True,2258
Cables,376232-B21 - Compaq 4x Fabric Copper Network Cable MicroGiGaCN MicroGiGaCN 3.28ft,,https://pub-4ae70fe1d6cf4e5ea327e14b66c0ad8e.r2.dev/dtsupply-products/376232-B21.webp,$188.00,376232-B21,True,4518
Cables,390492-001 - HP 15-inch SATA Hard Drive Cable for ProLiant DL145 G2,,https://pub-4ae70fe1d6cf4e5ea327e14b66c0ad8e.r2.dev/dtsupply-products/390492-001.webp,$62.00,390492-001,True,2278
Cables,376232-B22 - HP 3M 9.8ft 4x Fabric Copper Cable,,https://pub-4ae70fe1d6cf4e5ea327e14b66c0ad8e.r2.dev/dtsupply-products/376232-B22.webp,$130.00,376232-B22,True,1326
Cables,390494-001 - Compaq 21-inch 38 Pin IDE Data Cable Proliant Dl145 G2 Server,,https://pub-4ae70fe1d6cf4e5ea327e14b66c0ad8e.r2.dev/dtsupply-products/390494-001.webp,$62.00,390494-001,True,5771
Cables,390576-001 - Compaq BladeSystem Cat5 KVM Switch Adapter Cable,,https://pub-4ae70fe1d6cf4e5ea327e14b66c0ad8e.r2.dev/dtsupply-products/390576-001.webp,$62.00,390576-001,True,4140
Cables,376232-B24 - HP 22.97ft 4x InfiniBand Fabric Copper Cable,,https://pub-4ae70fe1d6cf4e5ea327e14b66c0ad8e.r2.dev/dtsupply-products/376232-B24.webp,$155.00,376232-B24,True,1738
Cables,376257-001 - Compaq 1M 4 x Fabric Copper Cable,,https://pub-4ae70fe1d6cf4e5ea327e14b66c0ad8e.r2.dev/dtsupply-products/376257-001.webp,$188.00,376257-001,True,5978
Cables,390577-001 - Compaq Floppy Drive Cable ProLiant ML110 G2 Server,,https://pub-4ae70fe1d6cf4e5ea327e14b66c0ad8e.r2.dev/dtsupply-products/390577-001.webp,$55.00,390577-001,True,7012
Cables,376259-001 - HP 7m 4x Fabric Copper Cable,,https://pub-4ae70fe1d6cf4e5ea327e14b66c0ad8e.r2.dev/dtsupply-products/376259-001.webp,$225.00,376259-001,True,2095
Cables,390730-001 - Compaq 9-inch Hard Drive Cable for ProLiant BL35p Server,,https://pub-4ae70fe1d6cf4e5ea327e14b66c0ad8e.r2.dev/dtsupply-products/390730-001.webp,$72.00,390730-001,True,4540
Cables,376753-001 - HP Serial SATA Signal Cable,,https://cdn.cmshardware.com/images/Images/Products/376753-001.webp,$72.00,376753-001,True,1381
Cables,391055-001 - Compaq 20.4-inch 1.44MB Diskette Drive Data Cable Assembly for ProLiant ML310 G4 Server,,https://pub-4ae70fe1d6cf4e5ea327e14b66c0ad8e.r2.dev/dtsupply-products/391055-001.webp,$62.00,391055-001,True,4541
Cables,376753-002 - HP 12/17-inch SATA Cable Kit for ProLiant DL320 G4 Server,,https://pub-4ae70fe1d6cf4e5ea327e14b66c0ad8e.r2.dev/dtsupply-products/376753-002.webp,$125.00,376753-002,True,2181
Cables,391183-001 - HP Second Serial Port Option Kit for ProLiant ML310 G4 Server,,https://pub-4ae70fe1d6cf4e5ea327e14b66c0ad8e.r2.dev/dtsupply-products/391183-001.webp,$155.00,391183-001,True,2124
Cables,377227-001 - HP 14-Pin SATA LED Cable for ProLiant ML150 Servers,,https://pub-4ae70fe1d6cf4e5ea327e14b66c0ad8e.r2.dev/dtsupply-products/377227-001.webp,$80.00,377227-001,True,2182
Cables,391898-001 - HP Serial Port Cable for ProLiant ML310 G2 Server,,https://pub-4ae70fe1d6cf4e5ea327e14b66c0ad8e.r2.dev/dtsupply-products/391898-001.webp,$172.00,391898-001,True,7820
Cables,377691-001 - Compaq Optical Disk Drive Cable,,https://pub-4ae70fe1d6cf4e5ea327e14b66c0ad8e.r2.dev/dtsupply-products/377691-001.webp,$62.00,377691-001,True,6000
Cables,392178-001 - HP SCSI Interface Cable,,https://pub-4ae70fe1d6cf4e5ea327e14b66c0ad8e.r2.dev/dtsupply-products/392178-001.webp,$88.00,392178-001,True,7815
Cables,378627-001 - Compaq Power Switch and Cable,,https://pub-4ae70fe1d6cf4e5ea327e14b66c0ad8e.r2.dev/dtsupply-products/378627-001.webp,$55.00,378627-001,True,4593
Cables,392179-001 - HP Single SATA Drive Cable,,https://pub-4ae70fe1d6cf4e5ea327e14b66c0ad8e.r2.dev/dtsupply-products/392179-001.webp,$118.00,392179-001,True,1737
Cables,378628-001 - Compaq Front USB Cable for ProLiant DL320 G4 Server,,https://pub-4ae70fe1d6cf4e5ea327e14b66c0ad8e.r2.dev/dtsupply-products/378628-001.webp,$118.00,378628-001,True,4488
Cables,392250-001 - Compaq VGA Port Module Video Cable,,https://pub-4ae70fe1d6cf4e5ea327e14b66c0ad8e.r2.dev/dtsupply-products/392250-001.webp,$62.00,392250-001,True,5795
Cables,378629-001 - HP 12/17-inch Serial ATA (SATA) Signal Cable,,https://pub-4ae70fe1d6cf4e5ea327e14b66c0ad8e.r2.dev/dtsupply-products/378629-001.webp,$125.00,378629-001,True,2183
Cables,392250-002 - Compaq VGA Video Cable for ProLiant DL580 G4,,https://pub-4ae70fe1d6cf4e5ea327e14b66c0ad8e.r2.dev/dtsupply-products/392250-002.webp,$62.00,392250-002,True,4539
Cables,37918A - HP SS7 Dual V.35 & Dual DS-0 Modem Card,,https://pub-4ae70fe1d6cf4e5ea327e14b66c0ad8e.r2.dev/dtsupply-products/37918A.webp,Get a Quote for price,37918A,True,1837
Cables,392250-003 - Compaq Front VGA Cable with Bracket for ProLiant DL585 G2,,https://pub-4ae70fe1d6cf4e5ea327e14b66c0ad8e.r2.dev/dtsupply-products/392250-003.webp,$62.00,392250-003,True,4536
Cables,392307-001 - HP Serial SATA Hard Drive Data Cable,,https://cdn.cmshardware.com/images/Images/Products/392307-001.webp,$62.00,392307-001,True,1430
Cables,379196-001 - HP Power Cable For ProLiant DL380 G4 Server,,https://pub-4ae70fe1d6cf4e5ea327e14b66c0ad8e.r2.dev/dtsupply-products/379196-001.webp,$55.00,379196-001,True,3019
Cables,3923X - Dell Front I/O Panel Cable For Precision Workstation 7810,,https://cdn.cmshardware.com/images/Images/Products/3923X.webp,$78.00,3923X,True,478
Cables,379266-001 - Compaq 4-inch 1 SATA Cable,,https://pub-4ae70fe1d6cf4e5ea327e14b66c0ad8e.r2.dev/dtsupply-products/379266-001.webp,$132.00,379266-001,True,2190
Cables,392408-001 - HP I/O Front USB Device with Cable For DC7600,,https://pub-4ae70fe1d6cf4e5ea327e14b66c0ad8e.r2.dev/dtsupply-products/392408-001.webp,$78.00,392408-001,True,1509
Cables,37L0083 - IBM 1M Fibre Channel SC to SC Cable,,https://pub-4ae70fe1d6cf4e5ea327e14b66c0ad8e.r2.dev/dtsupply-products/37L0083.webp,$72.00,37L0083,True,5424
Cables,393275-001 - HP 4-Lane SAS to SATA Cable 19-inch,,https://pub-4ae70fe1d6cf4e5ea327e14b66c0ad8e.r2.dev/dtsupply-products/393275-001.webp,$62.00,393275-001,True,2308
Cables,37L0084 - IBM 1 Meter Optical Cable,,https://pub-4ae70fe1d6cf4e5ea327e14b66c0ad8e.r2.dev/dtsupply-products/37L0084.webp,$80.00,37L0084,True,7464
Cables,394038-001 - HP Backplane Power Cable For ProLiant DL380 G5,,https://pub-4ae70fe1d6cf4e5ea327e14b66c0ad8e.r2.dev/dtsupply-products/394038-001.webp,$72.00,394038-001,True,1924
Cables,37L0149 - IBM Lvd SCSI Cable,,https://pub-4ae70fe1d6cf4e5ea327e14b66c0ad8e.r2.dev/dtsupply-products/37L0149.webp,$72.00,37L0149,True,4723
Cables,394038-003 - HP SAS Power Cable For ProLiant DL580 G5 Server,,https://pub-4ae70fe1d6cf4e5ea327e14b66c0ad8e.r2.dev/dtsupply-products/394038-003.webp,$80.00,394038-003,True,2274
Cables,37L0350 - IBM LVD Planar To SCSI Backplane Cable,,https://pub-4ae70fe1d6cf4e5ea327e14b66c0ad8e.r2.dev/dtsupply-products/37L0350.webp,$72.00,37L0350,True,5783
Cables,394596-001 - Compaq 385mm Non-hot-plug SCSI Cable,,https://pub-4ae70fe1d6cf4e5ea327e14b66c0ad8e.r2.dev/dtsupply-products/394596-001.webp,$138.00,394596-001,True,4187
Cables,37L5098 - IBM ATA-66 2 Drop HDD/CD-R Cable for Netvista,,https://cdn.cmshardware.com/images/Images/Products/37L5098.webp,$62.00,37L5098,True,6162
Cables,395703-001 - HP Front USB Cable,,https://pub-4ae70fe1d6cf4e5ea327e14b66c0ad8e.r2.dev/dtsupply-products/395703-001.webp,$85.00,395703-001,True,3142
Cables,37NUX - Dell Firewire 3.75-Ft IEEE 1394 4P M/M Cable,,https://pub-4ae70fe1d6cf4e5ea327e14b66c0ad8e.r2.dev/dtsupply-products/37NUX.webp,$62.00,37NUX,True,938
Cables,395966-001 - Compaq USB/Audio Connector,,https://pub-4ae70fe1d6cf4e5ea327e14b66c0ad8e.r2.dev/dtsupply-products/395966-001.webp,$55.00,395966-001,True,4594
Cables,37NUX-L20 - Dell Firewire 3.75-Ft IEEE 1394 4P M/M Cable,,https://pub-4ae70fe1d6cf4e5ea327e14b66c0ad8e.r2.dev/dtsupply-products/37NUX-L20.webp,$125.00,37NUX-L20,True,5932
Cables,396405-001 - HP Tft7600 Keyboard Cable,,https://pub-4ae70fe1d6cf4e5ea327e14b66c0ad8e.r2.dev/dtsupply-products/396405-001.webp,$62.00,396405-001,True,2391
Cables,396406-001 - HP 3M PS/2 Male to PS/2 Male Extension Cable,,https://cdn.cmshardware.com/images/Images/Products/396406-001.webp,$62.00,396406-001,True,1579
Cables,38021-00 - IBM Remote Battery Cable,,https://cdn.cmshardware.com/images/Images/Products/38021-00.webp,$98.00,38021-00,True,4274
Cables,396595-001 - HP SCSI Cable for ProLiant ML110 G3 Server,,https://pub-4ae70fe1d6cf4e5ea327e14b66c0ad8e.r2.dev/dtsupply-products/396595-001.webp,Get a Quote for price,396595-001,True,3185
Cables,380390-001 - Compaq SAS Cable for ProLiant ML370 Server,,https://pub-4ae70fe1d6cf4e5ea327e14b66c0ad8e.r2.dev/dtsupply-products/380390-001.webp,Get a Quote for price,380390-001,True,3165
Cables,396633-001 - Compaq RJ-45 to VGA + USB KVM Interface Adapter,,https://pub-4ae70fe1d6cf4e5ea327e14b66c0ad8e.r2.dev/dtsupply-products/396633-001.webp,$110.00,396633-001,True,4619
Cables,380579-B21 - Compaq 1Gb Fibre Channel Connection Kit,,https://pub-4ae70fe1d6cf4e5ea327e14b66c0ad8e.r2.dev/dtsupply-products/380579-B21.webp,$118.00,380579-B21,True,7364
Cables,396773-001 - HP Internal Flat Ribbon Power Cable,,https://pub-4ae70fe1d6cf4e5ea327e14b66c0ad8e.r2.dev/dtsupply-products/396773-001.webp,$88.00,396773-001,True,2225
Cables,396773-004 - HP Midplane Power Cable StorageWorks D2700,,https://cdn.cmshardware.com/images/Images/Products/396773-004.webp,$42.00,396773-004,True,1287
Cables,380596-B21 - Compaq 1GB Fibre Channel Connect Kit with 2m Sc to Sc Cable,,https://pub-4ae70fe1d6cf4e5ea327e14b66c0ad8e.r2.dev/dtsupply-products/380596-B21.webp,$50.00,380596-B21,True,4481
Cables,397237-001 - Compaq 9-Pin Male to Female Serial Cable (6-ft),,https://pub-4ae70fe1d6cf4e5ea327e14b66c0ad8e.r2.dev/dtsupply-products/397237-001.webp,$62.00,397237-001,True,5710
Cables,380612-005 - Compaq 7-Inch SLI Graphic Connector EMI+ Cable,,https://pub-4ae70fe1d6cf4e5ea327e14b66c0ad8e.r2.dev/dtsupply-products/380612-005.webp,$122.00,380612-005,True,4554
Cables,397237-002 - HP 12Ft 9-Pin M/F Serial Cable,,https://pub-4ae70fe1d6cf4e5ea327e14b66c0ad8e.r2.dev/dtsupply-products/397237-002.webp,$50.00,397237-002,True,3223
Cables,381805-001 - Compaq (Power Button-LED / Hard Drive) Cable Kit for ProLiant BL35p Server,,https://pub-4ae70fe1d6cf4e5ea327e14b66c0ad8e.r2.dev/dtsupply-products/381805-001.webp,$72.00,381805-001,True,4499
Cables,397641-001 - Compaq 1.8m 6ft Server Console KVM Cable,,https://pub-4ae70fe1d6cf4e5ea327e14b66c0ad8e.r2.dev/dtsupply-products/397641-001.webp,$62.00,397641-001,True,4548
Cables,381868-001 - HP 13-inch SATA 3G Hard Drive Cable,,https://pub-4ae70fe1d6cf4e5ea327e14b66c0ad8e.r2.dev/dtsupply-products/381868-001.webp,$62.00,381868-001,True,2792
Cables,397642-001 - HP 9-Pin Male to Female Serial Cable,,https://pub-4ae70fe1d6cf4e5ea327e14b66c0ad8e.r2.dev/dtsupply-products/397642-001.webp,$50.00,397642-001,True,2227
Cables,381868-002 - HP SATA Hard Drive Cable for ProLiant ML110 Server,,https://pub-4ae70fe1d6cf4e5ea327e14b66c0ad8e.r2.dev/dtsupply-products/381868-002.webp,$62.00,381868-002,True,1757
Cables,397G1 - Dell Front Control Panel Signal Cable For PowerEdge R320,,https://cdn.cmshardware.com/images/Images/Products/397G1.webp,$62.00,397G1,True,969
Cables,381868-003 - Compaq 7-Pin SATA Hard Drive Cable (10-inch),,https://pub-4ae70fe1d6cf4e5ea327e14b66c0ad8e.r2.dev/dtsupply-products/381868-003.webp,$50.00,381868-003,True,5673
Cables,398062-001 - Compaq 1.8m 16A 250V Black Power Cord,,https://pub-4ae70fe1d6cf4e5ea327e14b66c0ad8e.r2.dev/dtsupply-products/398062-001.webp,$62.00,398062-001,True,4483
Cables,398299-001 - Compaq 4x Mini SAS Back Cable for xw8400 Series,,https://pub-4ae70fe1d6cf4e5ea327e14b66c0ad8e.r2.dev/dtsupply-products/398299-001.webp,$110.00,398299-001,True,4489
Cables,381868-004 - HP 14-inch 7-Pin SATA Hard Drive Cable,,https://pub-4ae70fe1d6cf4e5ea327e14b66c0ad8e.r2.dev/dtsupply-products/381868-004.webp,$62.00,381868-004,True,1809
Cables,398307-B21 - HP 1U SAS/SATA Cable Kit for ProLiant DL320 Gen3,,https://cdn.cmshardware.com/images/Images/Products/398307-B21.webp,$70.00,398307-B21,True,1407
Cables,381868-006 - Compaq 7 Pin 18-inch SATA Hard Drive Cable,,https://pub-4ae70fe1d6cf4e5ea327e14b66c0ad8e.r2.dev/dtsupply-products/381868-006.webp,$62.00,381868-006,True,4189
Cables,398664-001 - HP ProLiant DL320 G3 G4 SATA SAS 1U Cable Kit,,https://pub-4ae70fe1d6cf4e5ea327e14b66c0ad8e.r2.dev/dtsupply-products/398664-001.webp,$62.00,398664-001,True,2049
Cables,381868-009 - Compaq 24-inch Straight-to-90 Degree SATA Cable,,https://pub-4ae70fe1d6cf4e5ea327e14b66c0ad8e.r2.dev/dtsupply-products/381868-009.webp,$62.00,381868-009,True,5729
Cables,399333-501 - Compaq IDE CD-ROM Cable,,https://pub-4ae70fe1d6cf4e5ea327e14b66c0ad8e.r2.dev/dtsupply-products/399333-501.webp,$55.00,399333-501,True,4579
Cables,381868-014 - HP 17-inch SATA Hard Drive Cable,,https://pub-4ae70fe1d6cf4e5ea327e14b66c0ad8e.r2.dev/dtsupply-products/381868-014.webp,$62.00,381868-014,True,1726
Cables,399546-B21 - Compaq 13-inch Mini SAS Cable for DL36 G5 Server,,https://pub-4ae70fe1d6cf4e5ea327e14b66c0ad8e.r2.dev/dtsupply-products/399546-B21.webp,$62.00,399546-B21,True,4186
Cables,381868-015 - Compaq 17-inch SATA Hard Drive Cable,,https://pub-4ae70fe1d6cf4e5ea327e14b66c0ad8e.r2.dev/dtsupply-products/381868-015.webp,$62.00,381868-015,True,5727
Cables,399632-501 - HP Power/LED Cable for ProLiant ML310 G3 Server,,https://pub-4ae70fe1d6cf4e5ea327e14b66c0ad8e.r2.dev/dtsupply-products/399632-501.webp,$62.00,399632-501,True,2309
Cables,39DMM - Dell 68-Pin Internal SCSI Cable for PowerEdge 2500 / 2600,,https://cdn.cmshardware.com/images/Images/Products/39DMM.webp,$62.00,39DMM,True,534
Cables,381868-016 - Compaq 2ft SATA Drive Cable for Dc5800 SFF PC,,https://pub-4ae70fe1d6cf4e5ea327e14b66c0ad8e.r2.dev/dtsupply-products/381868-016.webp,$62.00,381868-016,True,5765
Cables,39DVK - Dell PowerEdge 20ft 4X Mini-SAS SFF External Cable,,https://pub-4ae70fe1d6cf4e5ea327e14b66c0ad8e.r2.dev/dtsupply-products/39DVK.webp,$75.00,39DVK,True,970
Cables,381868-017 - HP 23-inch SATA Cable,,https://pub-4ae70fe1d6cf4e5ea327e14b66c0ad8e.r2.dev/dtsupply-products/381868-017.webp,Get a Quote for price,381868-017,True,1325
Cables,39J0170 - IBM 8m RIOG Cable with Core for MT9119,,https://pub-4ae70fe1d6cf4e5ea327e14b66c0ad8e.r2.dev/dtsupply-products/39J0170.webp,$178.00,39J0170,True,5935
Cables,382086-002 - HP SCSI Cable Kit Rackmount,,https://cdn.cmshardware.com/images/Images/Products/382086-002.webp,$110.00,382086-002,True,1967
Cables,39J0444 - IBM Cable SCSI PCI Adapter to Hot Swap FC Backplane,,https://pub-4ae70fe1d6cf4e5ea327e14b66c0ad8e.r2.dev/dtsupply-products/39J0444.webp,Get a Quote for price,39J0444,True,4722
Cables,382112-001 - HP Front USB Cable,,https://pub-4ae70fe1d6cf4e5ea327e14b66c0ad8e.r2.dev/dtsupply-products/382112-001.webp,$62.00,382112-001,True,1916
Cables,39J2202 - IBM IDE-SCSI Power Cable,,https://pub-4ae70fe1d6cf4e5ea327e14b66c0ad8e.r2.dev/dtsupply-products/39J2202.webp,$62.00,39J2202,True,5865
Cables,382156-001 - HP SCSI / LED Cable for ProLiant DL140 Server,,https://pub-4ae70fe1d6cf4e5ea327e14b66c0ad8e.r2.dev/dtsupply-products/382156-001.webp,$88.00,382156-001,True,2793
Cables,39J2554 - IBM 3.5-Meters RIO-G SL-2 Remote I/O Cable,,https://pub-4ae70fe1d6cf4e5ea327e14b66c0ad8e.r2.dev/dtsupply-products/39J2554.webp,$62.00,39J2554,True,5939
Cables,382511-001 - HP 2.6-inch External Flying Serial Port Cable for DC5100,,https://pub-4ae70fe1d6cf4e5ea327e14b66c0ad8e.r2.dev/dtsupply-products/382511-001.webp,$62.00,382511-001,True,1508
Cables,39J2561 - IBM 10M RIO-2 (Remote I/O) Copper Cable,,https://pub-4ae70fe1d6cf4e5ea327e14b66c0ad8e.r2.dev/dtsupply-products/39J2561.webp,$62.00,39J2561,True,5734
Cables,382630-001 - HP Power Button / LED Board Cable Assembly,,https://pub-4ae70fe1d6cf4e5ea327e14b66c0ad8e.r2.dev/dtsupply-products/382630-001.webp,$80.00,382630-001,True,2273
Cables,39K5026 - IBM 27-inch SATA Drive Cable for ThinkCentre M52,,https://cdn.cmshardware.com/images/Images/Products/39K5026.webp,$62.00,39K5026,True,6169
Cables,39M0489 - IBM SCSI Cable 3-drop Ultra320,,https://cdn.cmshardware.com/images/Images/Products/39M0489.webp,$62.00,39M0489,True,6170
Cables,382956-001 - HP LED Cable For ProLiant ML110 Gen10,,https://pub-4ae70fe1d6cf4e5ea327e14b66c0ad8e.r2.dev/dtsupply-products/382956-001.webp,$88.00,382956-001,True,7950
Cables,39M2892 - IBM 15-inch RJ-45 KVM Cable,,https://pub-4ae70fe1d6cf4e5ea327e14b66c0ad8e.r2.dev/dtsupply-products/39M2892.webp,$62.00,39M2892,True,5800
Cables,382959-001 - HP SATA Cable for ProLiant ML110 Server,,https://pub-4ae70fe1d6cf4e5ea327e14b66c0ad8e.r2.dev/dtsupply-products/382959-001.webp,$88.00,382959-001,True,2192
Cables,382960-001 - Compaq 4 in 1 SATA Cable,,https://pub-4ae70fe1d6cf4e5ea327e14b66c0ad8e.r2.dev/dtsupply-products/382960-001.webp,$132.00,382960-001,True,2191
Cables,39M2895 - IBM Cat5 USB KVM Conversion Option Cable Kit,,https://pub-4ae70fe1d6cf4e5ea327e14b66c0ad8e.r2.dev/dtsupply-products/39M2895.webp,$238.00,39M2895,True,7108
Cables,382972-001 - HP CD-ROM Drive Power Cable For ProLiant ML310 Server,,https://pub-4ae70fe1d6cf4e5ea327e14b66c0ad8e.r2.dev/dtsupply-products/382972-001.webp,$80.00,382972-001,True,2596
Cables,39M2901 - IBM 1.5-Meters KVM+PS/2 Conversion Cable,,https://pub-4ae70fe1d6cf4e5ea327e14b66c0ad8e.r2.dev/dtsupply-products/39M2901.webp,$62.00,39M2901,True,7766
Cables,39M2908 - IBM Virtual Media Cable (VCO),,https://cdn.cmshardware.com/images/Images/Products/39M2908.webp,$155.00,39M2908,True,6442
Cables,382982-001 - HP Power Button / LED Board Cable Assembly,,https://pub-4ae70fe1d6cf4e5ea327e14b66c0ad8e.r2.dev/dtsupply-products/382982-001.webp,$80.00,382982-001,True,2462
Cables,39M2910 - IBM 250mm PS2 KVM Conversion Cable,,https://pub-4ae70fe1d6cf4e5ea327e14b66c0ad8e.r2.dev/dtsupply-products/39M2910.webp,$105.00,39M2910,True,5802
Cables,384449-001 - HP 40.94-inch Non Hot-plug SCSI Cable,,https://pub-4ae70fe1d6cf4e5ea327e14b66c0ad8e.r2.dev/dtsupply-products/384449-001.webp,$72.00,384449-001,True,7810
Cables,39M4964 - IBM 3-Pin Europe-France Germany Power Cord For AC Adapter,,https://pub-4ae70fe1d6cf4e5ea327e14b66c0ad8e.r2.dev/dtsupply-products/39M4964.webp,$118.00,39M4964,True,3849
Cables,384450-001 - HP 2.36-Inch Hot-Plug SATA Data Transfer Cable,,https://pub-4ae70fe1d6cf4e5ea327e14b66c0ad8e.r2.dev/dtsupply-products/384450-001.webp,$55.00,384450-001,True,2948
Cables,39M4988 - IBM 3-Pin Israel Cord For AC Adapter,,https://pub-4ae70fe1d6cf4e5ea327e14b66c0ad8e.r2.dev/dtsupply-products/39M4988.webp,$142.00,39M4988,True,3850
Cables,384451-001 - HP Hard Drive SATA Cable,,https://pub-4ae70fe1d6cf4e5ea327e14b66c0ad8e.r2.dev/dtsupply-products/384451-001.webp,$55.00,384451-001,True,2949
Cables,39M5068 - IBM 2.8m 10A-250V C13 to IRAM Power Cord,,https://pub-4ae70fe1d6cf4e5ea327e14b66c0ad8e.r2.dev/dtsupply-products/39M5068.webp,$69.00,39M5068,True,7059
Cables,384452-001 - HP Hard Drive SATA Cable,,https://pub-4ae70fe1d6cf4e5ea327e14b66c0ad8e.r2.dev/dtsupply-products/384452-001.webp,$55.00,384452-001,True,2939
Cables,39M5076 - IBM 4.3M 10A-125V C13 to NEMA 5-15P Power Cord,,https://pub-4ae70fe1d6cf4e5ea327e14b66c0ad8e.r2.dev/dtsupply-products/39M5076.webp,$62.00,39M5076,True,7188
Cables,384453-001 - HP Hard Drive SATA Cable,,https://pub-4ae70fe1d6cf4e5ea327e14b66c0ad8e.r2.dev/dtsupply-products/384453-001.webp,$55.00,384453-001,True,2940
Cables,39M5079 - IBM 125V 10A 4.3m Power Cord,,https://pub-4ae70fe1d6cf4e5ea327e14b66c0ad8e.r2.dev/dtsupply-products/39M5079.webp,Get a Quote for price,39M5079,True,5584
Cables,39M5080 - IBM 6-ft 5-15 to C13 125-Volt AC 10-Amp Power Cord,,https://pub-4ae70fe1d6cf4e5ea327e14b66c0ad8e.r2.dev/dtsupply-products/39M5080.webp,$65.00,39M5080,True,4193
3
Cables,384746-002 - HP Power Button Switch Cable for dc7600 Tower xw4400 Workstation,,https://pub-4ae70fe1d6cf4e5ea327e14b66c0ad8e.r2.dev/dtsupply-products/384746-002.webp,$62.00,384746-002,True,3494
Cables,39M5081 - Lenovo 125V 10A 9Ft 5-15P to C13 Black Power Cord,,https://pub-4ae70fe1d6cf4e5ea327e14b66c0ad8e.r2.dev/dtsupply-products/39M5081.webp,$62.00,39M5081,True,4219
Cables,384746-005 - HP Status LED Power Switch with Cable,,https://pub-4ae70fe1d6cf4e5ea327e14b66c0ad8e.r2.dev/dtsupply-products/384746-005.webp,$62.00,384746-005,True,1932
Cables,39M5095 - IBM 2.8m 10A-250V C13 to NEMA 6-15P Power Cable,,https://pub-4ae70fe1d6cf4e5ea327e14b66c0ad8e.r2.dev/dtsupply-products/39M5095.webp,$85.00,39M5095,True,7987
Cables,384747-001 - Compaq Front Audio USB Panel Cable For DC7600,,https://pub-4ae70fe1d6cf4e5ea327e14b66c0ad8e.r2.dev/dtsupply-products/384747-001.webp,$62.00,384747-001,True,4222
Cables,39M5102 - IBM 2.8m 10A-250V C13 to AS/NZ 3112 Power Cord,,https://pub-4ae70fe1d6cf4e5ea327e14b66c0ad8e.r2.dev/dtsupply-products/39M5102.webp,Get a Quote for price,39M5102,True,5234
Cables,384753-001 - HP 50cm SCSI Drive Cable Assembly,,https://pub-4ae70fe1d6cf4e5ea327e14b66c0ad8e.r2.dev/dtsupply-products/384753-001.webp,$110.00,384753-001,True,7817
Cables,39M5123 - IBM 2.8m 10A-230V C13 to CEE7-VII Power Cord,,https://pub-4ae70fe1d6cf4e5ea327e14b66c0ad8e.r2.dev/dtsupply-products/39M5123.webp,$62.00,39M5123,True,7225
Cables,384754-001 - HP ProLiant DL380 G4 G5 19-inch 4-Lane SAS Drive Signal Cable,,https://pub-4ae70fe1d6cf4e5ea327e14b66c0ad8e.r2.dev/dtsupply-products/384754-001.webp,$62.00,384754-001,True,2464
Cables,39M5130 - IBM 2.8m 10A-250V C13 to DK2-5a Power Cord,,https://pub-4ae70fe1d6cf4e5ea327e14b66c0ad8e.r2.dev/dtsupply-products/39M5130.webp,Get a Quote for price,39M5130,True,7033
Cables,384755-001 - HP U4 SCSI Low Voltage Differential (LVD) Cable,,https://pub-4ae70fe1d6cf4e5ea327e14b66c0ad8e.r2.dev/dtsupply-products/384755-001.webp,$102.00,384755-001,True,7818
Cables,39M5151 - IBM 2.8m 10A-250V C13 to BS 1363/A Power Cord,,https://pub-4ae70fe1d6cf4e5ea327e14b66c0ad8e.r2.dev/dtsupply-products/39M5151.webp,$62.00,39M5151,True,7109
Cables,385482-001 - HP Power Cable For ProLiant ML310 G2 Server,,https://pub-4ae70fe1d6cf4e5ea327e14b66c0ad8e.r2.dev/dtsupply-products/385482-001.webp,$80.00,385482-001,True,1931
Cables,39M5165 - IBM 2.8m 220-240V C13 to CEI 23-16 Power Cord,,https://pub-4ae70fe1d6cf4e5ea327e14b66c0ad8e.r2.dev/dtsupply-products/39M5165.webp,Get a Quote for price,39M5165,True,5237
Cables,385840-001 - HP 3XSATA to SAS Cable for ProLiant DL320 G3/G4 Server,,https://pub-4ae70fe1d6cf4e5ea327e14b66c0ad8e.r2.dev/dtsupply-products/385840-001.webp,$62.00,385840-001,True,2279
Cables,39M5179 - IBM 2.8m 10A 230V C13 to IEC Power Cord,,https://pub-4ae70fe1d6cf4e5ea327e14b66c0ad8e.r2.dev/dtsupply-products/39M5179.webp,Get a Quote for price,39M5179,True,7055
Cables,386341-001 - Compaq 2-Pin LED Cable for ProLiant 400 / Prosignia 720,,https://pub-4ae70fe1d6cf4e5ea327e14b66c0ad8e.r2.dev/dtsupply-products/386341-001.webp,$80.00,386341-001,True,4498
Cables,39M5199 - IBM 2.8m 12A 125V C13 to JIS C-83 Power Cord,,https://pub-4ae70fe1d6cf4e5ea327e14b66c0ad8e.r2.dev/dtsupply-products/39M5199.webp,Get a Quote for price,39M5199,True,5227
Cables,387527-001 - Compaq CD DVD Audio Sound Cable for D510 Tower PC,,https://pub-4ae70fe1d6cf4e5ea327e14b66c0ad8e.r2.dev/dtsupply-products/387527-001.webp,$62.00,387527-001,True,4213
Cables,39M5206 - IBM 2.8m 220-240V C13 to GB 2099.1 Power Cord,,https://pub-4ae70fe1d6cf4e5ea327e14b66c0ad8e.r2.dev/dtsupply-products/39M5206.webp,Get a Quote for price,39M5206,True,5241
Cables,387527-002 - Compaq DeskPro Evo Audio 12 Cable Assembly,,https://pub-4ae70fe1d6cf4e5ea327e14b66c0ad8e.r2.dev/dtsupply-products/387527-002.webp,$62.00,387527-002,True,4214
Cables,39M5226 - IBM 2.8M 10A-250V C13(2P+Gnd) Power Cord,,https://pub-4ae70fe1d6cf4e5ea327e14b66c0ad8e.r2.dev/dtsupply-products/39M5226.webp,Get a Quote for price,39M5226,True,5251
Cables,387527-003 - Compaq DeskPro Evo Audio Cable Assembly,,https://pub-4ae70fe1d6cf4e5ea327e14b66c0ad8e.r2.dev/dtsupply-products/387527-003.webp,$55.00,387527-003,True,7385
Cables,39M5240 - IBM 2.8m 250V C13 to NBR Power Cord,,https://pub-4ae70fe1d6cf4e5ea327e14b66c0ad8e.r2.dev/dtsupply-products/39M5240.webp,$62.00,39M5240,True,7081
Cables,387662-001 - Compaq 21-inch Dual LED Power Cable Assembly,,https://pub-4ae70fe1d6cf4e5ea327e14b66c0ad8e.r2.dev/dtsupply-products/387662-001.webp,$62.00,387662-001,True,7462
Cables,39M5375 - IBM 1.5m 10A-100-250V C13 to IEC 320-C14 Rack Power Cable,,https://pub-4ae70fe1d6cf4e5ea327e14b66c0ad8e.r2.dev/dtsupply-products/39M5375.webp,$62.00,39M5375,True,7226
Cables,387738-001 - Compaq Power Cable and LED,,https://pub-4ae70fe1d6cf4e5ea327e14b66c0ad8e.r2.dev/dtsupply-products/387738-001.webp,$55.00,387738-001,True,4576
Cables,39M5376 - Lenovo 100-250V 10A 72-Inch IEC C13 to C14 Rack Power Cable,,https://pub-4ae70fe1d6cf4e5ea327e14b66c0ad8e.r2.dev/dtsupply-products/39M5376.webp,$70.00,39M5376,True,4019
Cables,389309-001 - Compaq Non-Hot Plug SATA Cable,,https://pub-4ae70fe1d6cf4e5ea327e14b66c0ad8e.r2.dev/dtsupply-products/389309-001.webp,$148.00,389309-001,True,4136
Cables,389326-001 - HP ProLiant DL140 G2 USB Cable with Port,,https://pub-4ae70fe1d6cf4e5ea327e14b66c0ad8e.r2.dev/dtsupply-products/389326-001.webp,$62.00,389326-001,True,2161
Cables,39M5377 - Lenovo 250V 10A 9Ft IEC C13-C14 Power Extension Cord,,https://pub-4ae70fe1d6cf4e5ea327e14b66c0ad8e.r2.dev/dtsupply-products/39M5377.webp,$72.00,39M5377,True,4220
Cables,389571-001 - HP 15-inch Serial Ata SATA Cable,,https://cdn.cmshardware.com/images/Images/Products/389571-001.webp,$62.00,389571-001,True,1889
Cables,39M5378 - IBM Power Cable C13 to C14 100-240V AC 14.10ft for 7014,,https://pub-4ae70fe1d6cf4e5ea327e14b66c0ad8e.r2.dev/dtsupply-products/39M5378.webp,$62.00,39M5378,True,7187
Cables,389572-001 - HP Ultra-320 68-Pin LVD SE Terminator SCSI Cable,,https://pub-4ae70fe1d6cf4e5ea327e14b66c0ad8e.r2.dev/dtsupply-products/389572-001.webp,$72.00,389572-001,True,7816
Cables,39M5389 - IBM 2.5-Meters C19 to IEC Power Cord Cable,,https://pub-4ae70fe1d6cf4e5ea327e14b66c0ad8e.r2.dev/dtsupply-products/39M5389.webp,$75.00,39M5389,True,4020
Cables,389647-B21 - HP Internal SAS/SATA Multi-Lane A Cable,,https://cdn.cmshardware.com/images/Images/Products/389647-B21.webp,$105.00,389647-B21,True,1417
Cables,39M5392 - IBM 2.8m IEC 309 C20 to C13 Rack Power Cable,,https://pub-4ae70fe1d6cf4e5ea327e14b66c0ad8e.r2.dev/dtsupply-products/39M5392.webp,$78.00,39M5392,True,7985
659-B21,True,1478
Cables,39M5401 - IBM 250V AC Power Cable For PDU/UPC,,https://cdn.cmshardware.com/images/Images/Products/39M5401.webp,$145.00,39M5401,True,7986
Cables,389668-B21 - HP 2m SFF-8470 External SAS Cable,,https://cdn.cmshardware.com/images/Images/Products/389668-B21.webp,$62.00,389668-B21,True,2254
Cables,39M5416 - IBM 4.3M 30A 240V NEMA L6-30 to Twist Lock Power Cable,,https://pub-4ae70fe1d6cf4e5ea327e14b66c0ad8e.r2.dev/dtsupply-products/39M5416.webp,$80.00,39M5416,True,4190
Cables,389671-B12 - HP 4m External SAS Cable,,https://pub-4ae70fe1d6cf4e5ea327e14b66c0ad8e.r2.dev/dtsupply-products/389671-B12.webp,$172.00,389671-B12,True,3166
Cables,389714-001 - HP 22-inch USB 2.0 Cable for ProLiant DL140g2,,https://cdn.cmshardware.com/images/Images/Products/389714-001.webp,$62.00,389714-001,True,1954
Cables,39M5508 - Lenovo 125-250V 13A 6Ft IEC C13 to C14 Rack Power Cord,,https://pub-4ae70fe1d6cf4e5ea327e14b66c0ad8e.r2.dev/dtsupply-products/39M5508.webp,$62.00,39M5508,True,4185
Cables,389916-001 - Compaq 21-inch 38 Pin IDE Cable for ProLiant DL140 Server,,https://pub-4ae70fe1d6cf4e5ea327e14b66c0ad8e.r2.dev/dtsupply-products/389916-001.webp,$102.00,389916-001,True,5964
Cables,389948-001 - HP SAS/SATA Multi Lane Cable,,https://pub-4ae70fe1d6cf4e5ea327e14b66c0ad8e.r2.dev/dtsupply-products/389948-001.webp,$55.00,389948-001,True,2973
Cables,39M5509 - IBM 2.8M 13A 125V-250V C13 to IEC 320-C14 Power Cable,,https://pub-4ae70fe1d6cf4e5ea327e14b66c0ad8e.r2.dev/dtsupply-products/39M5509.webp,$62.00,39M5509,True,4008
Cables,39M5510 - IBM 4.3M 13A 125V-250V C13 to IEC 320-C14 Power Cable,,https://pub-4ae70fe1d6cf4e5ea327e14b66c0ad8e.r2.dev/dtsupply-products/39M5510.webp,$118.00,39M5510,True,4018
Cables,389949-001 - HP 1m 4-Lane External SAS Cable,,https://pub-4ae70fe1d6cf4e5ea327e14b66c0ad8e.r2.dev/dtsupply-products/389949-001.webp,$172.00,389949-001,True,2048
Cables,39M5512 - IBM 2.8m 13A-120V C13 to NEMA 5-15P Power Cord,,https://pub-4ae70fe1d6cf4e5ea327e14b66c0ad8e.r2.dev/dtsupply-products/39M5512.webp,Get a Quote for price,39M5512,True,7045
Cables,389952-001 - HP 0.76m 4-Lane Internal SAS Cable for DL380 G5 Server,,https://pub-4ae70fe1d6cf4e5ea327e14b66c0ad8e.r2.dev/dtsupply-products/389952-001.webp,$62.00,389952-001,True,2277
Cables,389955-001 - Compaq 2m External Mini SAS Cable,,https://pub-4ae70fe1d6cf4e5ea327e14b66c0ad8e.r2.dev/dtsupply-products/389955-001.webp,$62.00,389955-001,True,4171
Cables,39M5696 - IBM 1M LC To LC Fiber Optic Cable,,https://pub-4ae70fe1d6cf4e5ea327e14b66c0ad8e.r2.dev/dtsupply-products/39M5696.webp,Get a Quote for price,39M5696,True,5599
Cables,389956-001 - HP 4m External SAS Cable,,https://pub-4ae70fe1d6cf4e5ea327e14b66c0ad8e.r2.dev/dtsupply-products/389956-001.webp,$172.00,389956-001,True,3167
Cables,389G1758AAA - Dell 6ft USB 3.0 Type A to Type B Cable,,https://pub-4ae70fe1d6cf4e5ea327e14b66c0ad8e.r2.dev/dtsupply-products/389G1758AAA.webp,$105.00,389G1758AAA,True,7396
Cables,39M5697 - IBM 5m Fiber Optic LC-LC Cable,,https://pub-4ae70fe1d6cf4e5ea327e14b66c0ad8e.r2.dev/dtsupply-products/39M5697.webp,$95.00,39M5697,True,5946
Cables,390491-001 - HP 68-Pin Ultra-320 SCSI Cable,,https://pub-4ae70fe1d6cf4e5ea327e14b66c0ad8e.r2.dev/dtsupply-products/390491-001.webp,$72.00,390491-001,True,2258
Cables,39M5700 - IBM 5m LC-LC Fibre Cable (networking),,https://pub-4ae70fe1d6cf4e5ea327e14b66c0ad8e.r2.dev/dtsupply-products/39M5700.webp,Get a Quote for price,39M5700,True,5550
Cables,390492-001 - HP 15-inch SATA Hard Drive Cable for ProLiant DL145 G2,,https://pub-4ae70fe1d6cf4e5ea327e14b66c0ad8e.r2.dev/dtsupply-products/390492-001.webp,$62.00,390492-001,True,2278
Cables,39M5701 - IBM 25m LC-LC Fibre Cable (networking),,https://pub-4ae70fe1d6cf4e5ea327e14b66c0ad8e.r2.dev/dtsupply-products/39M5701.webp,$95.00,39M5701,True,7656
Cables,390494-001 - Compaq 21-inch 38 Pin IDE Data Cable Proliant Dl145 G2 Server,,https://pub-4ae70fe1d6cf4e5ea327e14b66c0ad8e.r2.dev/dtsupply-products/390494-001.webp,$62.00,390494-001,True,5771
Cables,39M6759 - IBM 3.5-inch SATA/SAS Hard Drive Power Cable For x3650,,https://pub-4ae70fe1d6cf4e5ea327e14b66c0ad8e.r2.dev/dtsupply-products/39M6759.webp,$62.00,39M6759,True,4012
Cables,390576-001 - Compaq BladeSystem Cat5 KVM Switch Adapter Cable,,https://pub-4ae70fe1d6cf4e5ea327e14b66c0ad8e.r2.dev/dtsupply-products/390576-001.webp,$62.00,390576-001,True,4140
Cables,39M6761 - IBM External VGA Port with Cable for System x3650,,https://pub-4ae70fe1d6cf4e5ea327e14b66c0ad8e.r2.dev/dtsupply-products/39M6761.webp,$62.00,39M6761,True,7346
Cables,39M6763 - IBM Front USB Cable for System X3650,,https://cdn.cmshardware.com/images/Images/Products/39M6763.webp,$62.00,39M6763,True,6172
Cables,390577-001 - Compaq Floppy Drive Cable ProLiant ML110 G2 Server,,https://pub-4ae70fe1d6cf4e5ea327e14b66c0ad8e.r2.dev/dtsupply-products/390577-001.webp,$55.00,390577-001,True,7012
Cables,39M6797 - IBM USB Power Cable For X Series Tape,,https://pub-4ae70fe1d6cf4e5ea327e14b66c0ad8e.r2.dev/dtsupply-products/39M6797.webp,$65.00,39M6797,True,3851
Cables,390730-001 - Compaq 9-inch Hard Drive Cable for ProLiant BL35p Server,,https://pub-4ae70fe1d6cf4e5ea327e14b66c0ad8e.r2.dev/dtsupply-products/390730-001.webp,$72.00,390730-001,True,4540
Cables,39R6529 - IBM 1m SAS Cable for EXP3000 Storage System,,https://pub-4ae70fe1d6cf4e5ea327e14b66c0ad8e.r2.dev/dtsupply-products/39R6529.webp,$72.00,39R6529,True,4688
Cables,391055-001 - Compaq 20.4-inch 1.44MB Diskette Drive Data Cable Assembly for ProLiant ML310 G4 Server,,https://pub-4ae70fe1d6cf4e5ea327e14b66c0ad8e.r2.dev/dtsupply-products/391055-001.webp,$62.00,391055-001,True,4541
Cables,39R6530 - IBM 1.0m SAS Cable for EXP3000 System Storage,,https://pub-4ae70fe1d6cf4e5ea327e14b66c0ad8e.r2.dev/dtsupply-products/39R6530.webp,$62.00,39R6530,True,4736
Cables,391183-001 - HP Second Serial Port Option Kit for ProLiant ML310 G4 Server,,https://pub-4ae70fe1d6cf4e5ea327e14b66c0ad8e.r2.dev/dtsupply-products/391183-001.webp,$155.00,391183-001,True,2124
Cables,39R6531 - IBM 3m SAS Cable,,https://cdn.cmshardware.com/images/Images/Products/39R6531.webp,$88.00,39R6531,True,6020
Cables,391898-001 - HP Serial Port Cable for ProLiant ML310 G2 Server,,https://pub-4ae70fe1d6cf4e5ea327e14b66c0ad8e.r2.dev/dtsupply-products/391898-001.webp,$172.00,391898-001,True,7820
Cables,39R6532 - IBM 3M SAS Cable for EXP3000 System Storage,,https://pub-4ae70fe1d6cf4e5ea327e14b66c0ad8e.r2.dev/dtsupply-products/39R6532.webp,$62.00,39R6532,True,5886
Cables,392178-001 - HP SCSI Interface Cable,,https://pub-4ae70fe1d6cf4e5ea327e14b66c0ad8e.r2.dev/dtsupply-products/392178-001.webp,$88.00,392178-001,True,7815
Cables,39Y8473 - IBM SAS Signal Cable for X3400/X3500,,https://cdn.cmshardware.com/images/Images/Products/39Y8473.webp,$95.00,39Y8473,True,6139
Cables,392179-001 - HP Single SATA Drive Cable,,https://pub-4ae70fe1d6cf4e5ea327e14b66c0ad8e.r2.dev/dtsupply-products/392179-001.webp,$118.00,392179-001,True,1737
Cables,39Y9169 - IBM BladeCenter Copper Pass-thru Cable,,https://pub-4ae70fe1d6cf4e5ea327e14b66c0ad8e.r2.dev/dtsupply-products/39Y9169.webp,$105.00,39Y9169,True,7100
Cables,392250-001 - Compaq VGA Port Module Video Cable,,https://pub-4ae70fe1d6cf4e5ea327e14b66c0ad8e.r2.dev/dtsupply-products/392250-001.webp,$62.00,392250-001,True,5795
Cables,39Y9170 - IBM eServer BladeCenter Copper Pass-thru Module Network Cable,,https://pub-4ae70fe1d6cf4e5ea327e14b66c0ad8e.r2.dev/dtsupply-products/39Y9170.webp,Get a Quote for price,39Y9170,True,5636
Cables,392250-002 - Compaq VGA Video Cable for ProLiant DL580 G4,,https://pub-4ae70fe1d6cf4e5ea327e14b66c0ad8e.r2.dev/dtsupply-products/392250-002.webp,$62.00,392250-002,True,4539
Cables,39Y9495 - IBM 6-inch DB9 M-to-F Serial Cable,,https://pub-4ae70fe1d6cf4e5ea327e14b66c0ad8e.r2.dev/dtsupply-products/39Y9495.webp,Get a Quote for price,39Y9495,True,5449
Cables,392250-003 - Compaq Front VGA Cable with Bracket for ProLiant DL585 G2,,https://pub-4ae70fe1d6cf4e5ea327e14b66c0ad8e.r2.dev/dtsupply-products/392250-003.webp,$62.00,392250-003,True,4536
Cables,39Y9810 - IBM 18-inch SATA Signal Cable for x3500 M4 Server,,https://pub-4ae70fe1d6cf4e5ea327e14b66c0ad8e.r2.dev/dtsupply-products/39Y9810.webp,$62.00,39Y9810,True,5386
Cables,392307-001 - HP Serial SATA Hard Drive Data Cable,,https://cdn.cmshardware.com/images/Images/Products/392307-001.webp,$62.00,392307-001,True,1430
Cables,3C16965 - 3Com SuperStack II Switch 1100/3300 Matrix Stacking Cable,,https://cdn.cmshardware.com/images/Images/Products/3C16965.webp,$78.00,3C16965,True,7984
Cables,3923X - Dell Front I/O Panel Cable For Precision Workstation 7810,,https://cdn.cmshardware.com/images/Images/Products/3923X.webp,$78.00,3923X,True,478
Cables,392408-001 - HP I/O Front USB Device with Cable For DC7600,,https://pub-4ae70fe1d6cf4e5ea327e14b66c0ad8e.r2.dev/dtsupply-products/392408-001.webp,$78.00,392408-001,True,1509
Cables,3C17263 - 3Com 1.2M Stacking Cable for 5500G Series Switches,,https://pub-4ae70fe1d6cf4e5ea327e14b66c0ad8e.r2.dev/dtsupply-products/3C17263.webp,$102.00,3C17263,True,4962
Cables,393275-001 - HP 4-Lane SAS to SATA Cable 19-inch,,https://pub-4ae70fe1d6cf4e5ea327e14b66c0ad8e.r2.dev/dtsupply-products/393275-001.webp,$62.00,393275-001,True,2308
Cables,3C17269 - 3Com 5500G-EI 5m Extended Stacking Cable,,https://pub-4ae70fe1d6cf4e5ea327e14b66c0ad8e.r2.dev/dtsupply-products/3C17269.webp,$198.00,3C17269,True,4996
Cables,394038-001 - HP Backplane Power Cable For ProLiant DL380 G5,,https://pub-4ae70fe1d6cf4e5ea327e14b66c0ad8e.r2.dev/dtsupply-products/394038-001.webp,$72.00,394038-001,True,1924
Cables,394038-003 - HP SAS Power Cable For ProLiant DL580 G5 Server,,https://pub-4ae70fe1d6cf4e5ea327e14b66c0ad8e.r2.dev/dtsupply-products/394038-003.webp,$80.00,394038-003,True,2274
Cables,3C17463 - 3Com 1.3M Resilent Stacking Cable for SuperStack 3 3870,,https://pub-4ae70fe1d6cf4e5ea327e14b66c0ad8e.r2.dev/dtsupply-products/3C17463.webp,$160.00,3C17463,True,4779
Cables,394596-001 - Compaq 385mm Non-hot-plug SCSI Cable,,https://pub-4ae70fe1d6cf4e5ea327e14b66c0ad8e.r2.dev/dtsupply-products/394596-001.webp,$138.00,394596-001,True,4187
Cables,395703-001 - HP Front USB Cable,,https://pub-4ae70fe1d6cf4e5ea327e14b66c0ad8e.r2.dev/dtsupply-products/395703-001.webp,$85.00,395703-001,True,3142
Cables,3CWE581 - HP X270 Ultra Low Loss 20ft SMA N-type Antenna Cable,,https://pub-4ae70fe1d6cf4e5ea327e14b66c0ad8e.r2.dev/dtsupply-products/3CWE581.webp,$55.00,3CWE581,True,2528
Cables,395966-001 - Compaq USB/Audio Connector,,https://pub-4ae70fe1d6cf4e5ea327e14b66c0ad8e.r2.dev/dtsupply-products/395966-001.webp,$55.00,395966-001,True,4594
Cables,3DN6R - Dell 2M 6.5Ft Display Port Cable,,https://pub-4ae70fe1d6cf4e5ea327e14b66c0ad8e.r2.dev/dtsupply-products/3DN6R.webp,$65.00,3DN6R,True,994
Cables,396405-001 - HP Tft7600 Keyboard Cable,,https://pub-4ae70fe1d6cf4e5ea327e14b66c0ad8e.r2.dev/dtsupply-products/396405-001.webp,$62.00,396405-001,True,2391
Cables,3GYT1 - Dell Inverter Board LCD Cable For Inspiron One 19,,https://cdn.cmshardware.com/images/Images/Products/3GYT1.webp,$58.00,3GYT1,True,593
Cables,3H42W - Dell Interface Assembly Cable For PowerEdge C1100,,https://cdn.cmshardware.com/images/Images/Products/3H42W.webp,$78.00,3H42W,True,474
Cables,396406-001 - HP 3M PS/2 Male to PS/2 Male Extension Cable,,https://cdn.cmshardware.com/images/Images/Products/396406-001.webp,$62.00,396406-001,True,1579
Cables,396595-001 - HP SCSI Cable for ProLiant ML110 G3 Server,,https://pub-4ae70fe1d6cf4e5ea327e14b66c0ad8e.r2.dev/dtsupply-products/396595-001.webp,Get a Quote for price,396595-001,True,3185
Cables,3K8W2 - Dell 1 meter mini-SAS HD to mini-SAS Cable,,https://pub-4ae70fe1d6cf4e5ea327e14b66c0ad8e.r2.dev/dtsupply-products/3K8W2.webp,$88.00,3K8W2,True,548
Cables,396633-001 - Compaq RJ-45 to VGA + USB KVM Interface Adapter,,https://pub-4ae70fe1d6cf4e5ea327e14b66c0ad8e.r2.dev/dtsupply-products/396633-001.webp,$110.00,396633-001,True,4619
Cables,3PAR-10G-10M - HP 10m LC-LC Fibre Channel Cable,,https://pub-4ae70fe1d6cf4e5ea327e14b66c0ad8e.r2.dev/dtsupply-products/3PAR-10G-10M.webp,$50.00,3PAR-10G-10M,True,1623
Cables,396773-001 - HP Internal Flat Ribbon Power Cable,,https://pub-4ae70fe1d6cf4e5ea327e14b66c0ad8e.r2.dev/dtsupply-products/396773-001.webp,$88.00,396773-001,True,2225
Cables,3PC1W - Dell Optical Disk Drive SATA Cable,,https://cdn.cmshardware.com/images/Images/Products/3PC1W.webp,$72.00,3PC1W,True,1175
