category,title,description,image,price,part_number,url
Vertex Networking,M0T01A - HP MSA 2040 Energy Star SAS Dual Controller with 24 1.2TB 12g SAS 10k SFF HDD 28.8TB Bundle,M0T01A - HP MSA 2040 Energy Star SAS Dual Controller with 24 1.2TB 12g SAS 10k SFF HDD 28.8TB Bundle Product Condition: Refurbished,https://pub-4ae70fe1d6cf4e5ea327e14b66c0ad8e.r2.dev/products/M0T01A.webp,"$21,860.00",M0T01A,https://www.vertexnetworking.co.uk/product/m0t01a-hp-msa-2040-energy-star-sas-dual-controller-with-24-1-2tb-12g-sas-10k-sff-hdd-28-8tb-bundle.html
Vertex Networking,64116B4 - Lenovo S3200 SFF Chassis Dual Fibre Channel and iSCSI Controller Rack Kit,64116B4 - Lenovo S3200 SFF Chassis Dual Fibre Channel and iSCSI Controller Rack Kit Product Condition: Refurbished,https://pub-4ae70fe1d6cf4e5ea327e14b66c0ad8e.r2.dev/products/64116B4.webp,$470.00,64116B4,https://www.vertexnetworking.co.uk/product/64116b4-lenovo-s3200-sff-chassis-dual-fibre-channel-and-iscsi-controller-rack-kit.html
Vertex Networking,HP - M0T00A - MSA 2040 SFF 24-bays 28.8TB (24 x 1.2TB) HDD SAS 12Gbps SAN Dual Controller 2U Rack-mountable Storage Array,HP - M0T00A - MSA 2040 SFF 24-bays 28.8TB (24 x 1.2TB) HDD SAS 12Gbps SAN Dual Controller 2U Rack-mountable Storage Array Product Condition: Refurbished,https://pub-4ae70fe1d6cf4e5ea327e14b66c0ad8e.r2.dev/products/M0T00A.webp,"$12,372.85",M0T00A,https://www.vertexnetworking.co.uk/product/m0t00a-hp-msa-2040-energy-star-san-dual-controller-with-24-1-2tb-12g-sas-10k-sff-hdd-28-8tb-bundle.html
Vertex Networking,AV451A - HP 32GB Cache Backup SSD Memory Module for StorageWorks P9500 Disk Array,AV451A - HP 32GB Cache Backup SSD Memory Module for StorageWorks P9500 Disk Array Product Condition: Refurbished General Information Product Type Solid State Drive Technical Information Storage Capacity 32 GB Drive Type Internal Miscellaneous Assembly Required No Eco Friendly Yes,https://pub-4ae70fe1d6cf4e5ea327e14b66c0ad8e.r2.dev/products/AV451A.webp,$139.30,AV451A,https://www.vertexnetworking.co.uk/product/av451a-hp-32gb-cache-backup-ssd-memory-module-for-storageworks-p9500-disk-array.html
Vertex Networking,64116B2 - Lenovo Storage S3200 LFF Chassis Dual Fibre Channel and iSCSI Controller,64116B2 - Lenovo Storage S3200 LFF Chassis Dual Fibre Channel and iSCSI Controller Product Condition: Refurbished,https://pub-4ae70fe1d6cf4e5ea327e14b66c0ad8e.r2.dev/products/64116B2.webp,"$2,787.00",64116B2,https://www.vertexnetworking.co.uk/product/64116b2-lenovo-storage-s3200-lff-chassis-dual-fibre-channel-and-iscsi-controller.html
Vertex Networking,Dell - 8TTVC - Compellent Series C40 CT-040 16-Bay iSCSI Rack-Mountable SAN Storage Array,Dell - 8TTVC - Compellent Series C40 CT-040 16-Bay iSCSI Rack-Mountable SAN Storage Array Product Condition: Refurbished,https://pub-4ae70fe1d6cf4e5ea327e14b66c0ad8e.r2.dev/products/8TTVC.webp,"$1,353.00",8TTVC,https://www.vertexnetworking.co.uk/product/8ttvc-dell-compellent-series-c40-ct-040-san-storage-system-controller-enclosure.html
Vertex Networking,H1142VCA - Apple VTrak E-Class H1142VCA Hard Drive Array - 16 x HDD Installed - 32 TB Installed HDD Capacity - Serial Attached SCSI SAS Controller,H1142VCA - Apple VTrak E-Class H1142VCA Hard Drive Array - 16 x HDD Installed - 32 TB Installed HDD Capacity - Serial Attached SCSI SAS Controller - Product Condition: Refurbished,https://pub-4ae70fe1d6cf4e5ea327e14b66c0ad8e.r2.dev/products/H1142VC_A.webp,"$15,297.00",H1142VC/A,https://www.vertexnetworking.co.uk/product/h1142vc-a-apple-vtrak-e-class-h1142vc-a-hard-drive-array-16-x-hdd-installed-32-tb-installed-hdd-capacity-serial-attached-scsi-sas-controller.html
Vertex Networking,HP - AJ746A - StorageWorks MSA2012i 12-Bay Single iSCSI Controller Storage Array,HP - AJ746A - StorageWorks MSA2012i 12-Bay Single iSCSI Controller Storage Array Product Condition: Refurbished,https://pub-4ae70fe1d6cf4e5ea327e14b66c0ad8e.r2.dev/products/AJ746A.webp,"$2,000.00",AJ746A,https://www.vertexnetworking.co.uk/product/aj746a-hp-storageworks-2012i-modular-enclosure-network-storage-enclosure-48-x-3-5-inch-1-3h-rack-mountable.html
Vertex Networking,HP - AJ798A - G2 StorageWorks 2-Ports SATA 3Gb/s SAS Fibre Channel 4Gb/s Disk Array Controller,"HP - AJ798A - G2 StorageWorks 2-Ports SATA 3Gb/s SAS Fibre Channel 4Gb/s Disk Array Controller Product Condition: Refurbished General Information Product Type Fibre Channel Controller Technical Information Host Interface Fibre Channel Form Factor Internal Miscellaneous Compliance Standards CE,RoHS,REACH Assembly Required Yes Eco Friendly Yes OS Platform PC",https://pub-4ae70fe1d6cf4e5ea327e14b66c0ad8e.r2.dev/products/AJ798A.webp,$442.77,AJ798A,https://www.vertexnetworking.co.uk/product/aj798a-hp-storageworks-modular-smart-array-msa2300fc-g2-fiber-channel-storage-raid-controller.html
Vertex Networking,64114B2 - Lenovo S2200 LFF Chassis Dual Fibre Channel and iSCSI Controller,64114B2 - Lenovo S2200 LFF Chassis Dual Fibre Channel and iSCSI Controller Product Condition: Refurbished General Information Product Type Server Technical Information Ethernet Standard Gigabit Ethernet Redundant Source of Power Yes Input Voltage 100-240 V Quantity of Processor Supported 1 Built-in Processor Core Dual-core (2 Core) Miscellaneous Assembly Required Yes Eco Friendly Yes,https://pub-4ae70fe1d6cf4e5ea327e14b66c0ad8e.r2.dev/products/64114B2.webp,"$2,095.00",64114B2,https://www.vertexnetworking.co.uk/product/64114b2-lenovo-s2200-lff-chassis-dual-fibre-channel-and-iscsi-controller.html
Vertex Networking,AD397A - HP Smart Array P400 PCI-Express 8-Channel Serial Attached SCSI / SAS RAID Controller Card with 256MB Battery Backed Write Cache,"AD397A - HP Smart Array P400 PCI-Express 8-Channel Serial Attached SCSI / SAS RAID Controller Card with 256MB Battery Backed Write Cache Product Condition: Refurbished General Information Product Line Smart Array Model P400 Product Type SAS Controller Technical Information Host Interface PCI Express Form Factor Plug-in Card Controller Type SCSI Raid Supported Yes Data Backup Type Battery Backup Cache Memory 256 MB Miscellaneous Compliance Standards WEEE,RoHS,CE Assembly Required Yes Eco Friendly Yes OS Platform PC",https://pub-4ae70fe1d6cf4e5ea327e14b66c0ad8e.r2.dev/products/AD397A.webp,$110.00,AD397A,https://www.vertexnetworking.co.uk/product/ad397a-hp-smart-array-p400-8channel-low-profile-pci-express-sas-raid-controller.html
Vertex Networking,Q0F74A - HP MSA 2042 12-Bays 800GB 2x400GB SAS 12Gbs Dual-Controller SAN Storage Array,Q0F74A - HP MSA 2042 12-Bays 800GB 2x400GB SAS 12Gbs Dual-Controller SAN Storage Array Product Condition: New,https://pub-4ae70fe1d6cf4e5ea327e14b66c0ad8e.r2.dev/products/Q0F74A.webp,$236.15,Q0F74A,https://www.vertexnetworking.co.uk/product/q0f74a-hp-storage-array-network-san.html
Vertex Networking,M0T02A - HP MSA 2040 Energy Star SAS Dual Controller with 24 900GB 12g SAS 10k SFF HDD 21.6TB Bundle,M0T02A - HP MSA 2040 Energy Star SAS Dual Controller with 24 900GB 12g SAS 10k SFF HDD 21.6TB Bundle Product Condition: Refurbished,https://pub-4ae70fe1d6cf4e5ea327e14b66c0ad8e.r2.dev/products/M0T02A.webp,"$18,372.00",M0T02A,https://www.vertexnetworking.co.uk/product/m0t02a-hp-msa-2040-energy-star-sas-dual-controller-with-24-900gb-12g-sas-10k-sff-hdd-21-6tb-bundle.html
Vertex Networking,AW593A - HP StorageWorks P2000 Hard Drive Array Hard Drive Serial Attached SCSI,AW593A - HP StorageWorks P2000 Hard Drive Array Hard Drive Serial Attached SCSI Product Condition: Refurbished,https://pub-4ae70fe1d6cf4e5ea327e14b66c0ad8e.r2.dev/products/AW593A.webp,$758.56,AW593A,https://www.vertexnetworking.co.uk/product/aw593a-hp-storageworks-p2000-hard-drive-array-hard-drive-serial-attached-scsi.html
Vertex Networking,Q1J31A - HP MSA 2052 SAS 12Gb/s Dual Controller 2U Rack-Mountable SFF Storage Array,Q1J31A - HP MSA 2052 SAS 12Gb/s Dual Controller 2U Rack-Mountable SFF Storage Array Product Condition: Refurbished,https://pub-4ae70fe1d6cf4e5ea327e14b66c0ad8e.r2.dev/products/Q1J31A.webp,"$4,354.80",Q1J31A,https://www.vertexnetworking.co.uk/product/q1j31a-hp-msa-2052-sas-12gb-s-dual-controller-2u-rack-mountable-sff-storage-array.html
Vertex Networking,HP - 629913-003 - LSI SAS9212-4I 4-Ports SAS 6Gb/s RAID Host Bus Controller,HP - 629913-003 - LSI SAS9212-4I 4-Ports SAS 6Gb/s RAID Host Bus Controller Product Condition: Refurbished General Information Model SAS9212-4I Product Type Host Bus Adapter Technical Information Maximum Data Transfer Rate 6 Gb/s Technology Standard SAS Interfaces/Ports Quantity of Fixed Ports/Expansion Slots 4 Miscellaneous Assembly Required Yes Eco Friendly Yes,https://pub-4ae70fe1d6cf4e5ea327e14b66c0ad8e.r2.dev/products/629913-003.webp,$105.00,629913-003,https://www.vertexnetworking.co.uk/product/629913-003-hp-sas-sata-controller.html
Vertex Networking,Dell - PVMD1200 - PowerVault Md1200 12-Slot SAS Solid State Drive Storage Array,Dell - PVMD1200 - PowerVault Md1200 12-Slot SAS Solid State Drive Storage Array Product Condition: Refurbished,https://pub-4ae70fe1d6cf4e5ea327e14b66c0ad8e.r2.dev/products/PVMD1200.webp,$467.65,PVMD1200,https://www.vertexnetworking.co.uk/product/pvmd1200-dell-server-accessories.html
Vertex Networking,AV452A - HP 128GB Cache Backup Memory Module,"AV452A - HP 128GB Cache Backup Memory Module Product Condition: Refurbished General Information Product Type Solid State Drive Technical Information Storage Capacity 1.6 TB Drive Type Internal Miscellaneous Compliance Standards RoHS,WEEE,CE Eco Friendly Yes",https://pub-4ae70fe1d6cf4e5ea327e14b66c0ad8e.r2.dev/products/AV452A.webp,$869.22,AV452A,https://www.vertexnetworking.co.uk/product/av452a-hp-128gb-cache-backup-memory-module.html
Vertex Networking,HP - QW991-60104 - 8-Ports SAS 12Gb/s PCI Express X8 Controller Card,"HP - QW991-60104 - 8-Ports SAS 12Gb/s PCI Express X8 Controller Card Product Condition: Refurbished General Information Product Type SATA/SAS Controller Technical Information Host Interface PCI Express x8 Form Factor Internal Controller Type 12Gb/s SAS Miscellaneous Compliance Standards WEEE,RoHS Assembly Required Yes Eco Friendly Yes OS Platform PC",https://pub-4ae70fe1d6cf4e5ea327e14b66c0ad8e.r2.dev/products/QW991-60104.webp,$109.69,QW991-60104,https://www.vertexnetworking.co.uk/product/qw991-60104-hp-sas-sata-controller.html
Vertex Networking,64114B4 - Lenovo S2200 SFF Chassis Dual Fibre Channel and iSCSI Controller,64114B4 - Lenovo S2200 SFF Chassis Dual Fibre Channel and iSCSI Controller Product Condition: Refurbished,https://pub-4ae70fe1d6cf4e5ea327e14b66c0ad8e.r2.dev/products/64114B4.webp,"$2,053.00",64114B4,https://www.vertexnetworking.co.uk/product/64114b4-lenovo-s2200-sff-chassis-dual-fibre-channel-and-iscsi-controller.html
Vertex Networking,HPE Q8H71A Nimble Storage HF20H Adaptive Dual Controller 10GBASE-T 2-port Base Array,HPE Q8H71A Nimble Storage HF20H Adaptive Dual Controller 10GBASE-T 2-port Base Array Product Condition: Refurbished,https://pub-4ae70fe1d6cf4e5ea327e14b66c0ad8e.r2.dev/products/Q8H71A.webp,"$5,410.44",Q8H71A,https://www.vertexnetworking.co.uk/product/hpe-q8h71a-nimble-storage-hf20h-adaptive-dual-controller-10gbase-t-2-port-base-array.html
Vertex Networking,WR682 - Dell Dual Port SAS Controller for PowerVault MD3000,"WR682 - Dell Dual Port SAS Controller for PowerVault MD3000 Product Condition: Refurbished General Information Product Type SAS Controller Technical Information Form Factor Plug-in Card Raid Supported Yes Miscellaneous Compliance Standards WEEE,CE,RoHS Assembly Required Yes Eco Friendly Yes OS Platform PC",https://pub-4ae70fe1d6cf4e5ea327e14b66c0ad8e.r2.dev/products/WR682.webp,$514.89,WR682,https://www.vertexnetworking.co.uk/product/wr682-dell-sas-sata-controller.html
Vertex Networking,6WHM8 Dell PowerEdge FD332 2.5 Inch SAS/SATA Bay Storage Array Node For FX2/FX2S,6WHM8 Dell PowerEdge FD332 2.5 Inch SAS/SATA Bay Storage Array Node For FX2/FX2S Product Condition: Refurbished,https://pub-4ae70fe1d6cf4e5ea327e14b66c0ad8e.r2.dev/products/6WHM8.webp,$732.58,6WHM8,https://www.vertexnetworking.co.uk/product/dell-6whm8-poweredge-fd332-2-5-inch-sas-sata-bay-storage-array-node-for-fx2-fx2s.html
Vertex Networking,PS6100XS Dell EqualLogic PS6100XS Configure-to-Order Virtualized iSCSI SAN Storage Array,Product Condition: Refurbished,https://pub-4ae70fe1d6cf4e5ea327e14b66c0ad8e.r2.dev/products/PS6100XS.webp,$592.52,PS6100XS,https://www.vertexnetworking.co.uk/product/ps6100xs-dell-equallogic-ps6100xs-configure-to-order-virtualized-iscsi-san-storage-array.html
Vertex Networking,PS6500E Dell EqualLogic Ps6500e Configure-to-Order Virtualized iSCSI Storage Area Network System,Product Condition: Refurbished,https://pub-4ae70fe1d6cf4e5ea327e14b66c0ad8e.r2.dev/products/PS6500E.webp,$471.38,PS6500E,https://www.vertexnetworking.co.uk/product/ps6500e-dell-equallogic-ps6500e-configure-to-order-virtualized-iscsi-storage-area-network-system.html
Vertex Networking,06WHM8 Dell PowerEdge FD332 2.5 Inch SAS/SATA Bay Storage Array Node For FX2/FX2S,06WHM8 Dell PowerEdge FD332 2.5 Inch SAS/SATA Bay Storage Array Node For FX2/FX2S Product Condition: Refurbished,https://pub-4ae70fe1d6cf4e5ea327e14b66c0ad8e.r2.dev/products/06WHM8.webp,$592.66,06WHM8,https://www.vertexnetworking.co.uk/product/dell-06whm8-poweredge-fd332-2-5-inch-sas-sata-bay-storage-array-node-for-fx2-fx2s.html
Vertex Networking,NetApp DS224C 2u 24x 2.4 12GBps Expansion Shelf,NetApp DS224C 2u 24x 2.4 12GBps Expansion Shelf Product Condition: Refurbished,https://pub-4ae70fe1d6cf4e5ea327e14b66c0ad8e.r2.dev/products/DS224C.webp,"$3,359.23",DS224C,https://www.vertexnetworking.co.uk/product/ds224c-netapp-2u-24x-2-4-12gbps-expansion-shelf.html
Vertex Networking,BV409A - HP Adaptec 5805ZQ SAS SATA PCI Express x8 512MB MaxCache Array Controller,BV409A - HP Adaptec 5805ZQ SAS SATA PCI Express x8 512MB MaxCache Array Controller Product Condition: New General Information Product Type SATA/SAS Controller Technical Information Form Factor Plug-in Card Raid Supported Yes Cache Memory 2 GB Miscellaneous Compliance Standards WEEE Assembly Required Yes Eco Friendly Yes OS Platform PC,https://pub-4ae70fe1d6cf4e5ea327e14b66c0ad8e.r2.dev/products/BV409A.webp,$308.59,BV409A,https://www.vertexnetworking.co.uk/product/bv409a-hp-sas-sata-controller.html
Vertex Networking,IBM 2078-12E Storwize V5000 SAN Array 12 x HDD Supported,IBM 2078-12E Storwize V5000 SAN Array 12 x HDD Supported Product Condition: Refurbished,https://pub-4ae70fe1d6cf4e5ea327e14b66c0ad8e.r2.dev/products/2078-12E.webp,$415.70,2078-12E,https://www.vertexnetworking.co.uk/product/2078-12e-ibm-storwize-v5000-san-array-12-x-hdd-supported.html
Vertex Networking,CX4-120 EMC Clariion CX4 SAN Storage System,Product Condition: Refurbished,https://pub-4ae70fe1d6cf4e5ea327e14b66c0ad8e.r2.dev/products/CX4-120.webp,$471.38,CX4-120,https://www.vertexnetworking.co.uk/product/cx4-120-emc-clariion-cx4-san-storage-system.html
Vertex Networking,HP - AJ795A - G2 StorageWorks 2-Ports SATA 3Gb/s SAS Fibre Channel 4Gb/s Disk Array Controller,HP - AJ795A - G2 StorageWorks 2-Ports SATA 3Gb/s SAS Fibre Channel 4Gb/s Disk Array Controller Product Condition: Refurbished,https://pub-4ae70fe1d6cf4e5ea327e14b66c0ad8e.r2.dev/products/AJ795A.webp,"$1,223.55",AJ795A,https://www.vertexnetworking.co.uk/product/aj795a-hp-storageworks-modular-smart-array-2312fc-g2-dual-raid-controller-12-bay-hard-drive-array.html
Vertex Networking,PS6100 Dell EqualLogic PS6100 Configure-to-Order SAN Storage Array,Product Condition: Refurbished,https://pub-4ae70fe1d6cf4e5ea327e14b66c0ad8e.r2.dev/products/PS6100.webp,$137.27,PS6100,https://www.vertexnetworking.co.uk/product/ps6100-dell-equallogic-ps6100-configure-to-order-san-storage-array.html
Vertex Networking,IBM 207812E Storwize V5000 SAN Array 12 x HDD Supported,IBM 207812E Storwize V5000 SAN Array 12 x HDD Supported Product Condition: Refurbished,https://pub-4ae70fe1d6cf4e5ea327e14b66c0ad8e.r2.dev/products/207812E.webp,$415.70,207812E,https://www.vertexnetworking.co.uk/product/207812e-ibm-storwize-v5000-san-array-12-x-hdd-supported.html
Vertex Networking,PS5000XV Dell EqualLogic PS5000XV Configure-to-Order iSCSI SAN Storage Array,Product Condition: Refurbished,https://pub-4ae70fe1d6cf4e5ea327e14b66c0ad8e.r2.dev/products/PS5000XV.webp,$248.64,PS5000XV,https://www.vertexnetworking.co.uk/product/ps5000xv-dell-equallogic-ps5000xv-configure-to-order-iscsi-san-storage-array.html
Vertex Networking,74Y3342 - IBM SAS SFF-1 Controller for Split Backplane 5618,74Y3342 - IBM SAS SFF-1 Controller for Split Backplane 5618 Product Condition: Refurbished General Information Model 74Y3342 Product Type SAS Controller Technical Information Form Factor Plug-in Card Raid Supported Yes Miscellaneous Compliance Standards WEEE Assembly Required Yes Eco Friendly Yes OS Platform PC,https://pub-4ae70fe1d6cf4e5ea327e14b66c0ad8e.r2.dev/products/74Y3342.webp,$102.29,74Y3342,https://www.vertexnetworking.co.uk/product/74y3342-ibm-sas-sata-controller.html
Vertex Networking,H4947LLA - Apple H4947LLA SAN Hard Drive Array - 24 x HDD Installed - 48 TB Installed HDD Capacity - Serial Attached SCSI SAS Controller - RAID Supp,H4947LLA - Apple H4947LLA SAN Hard Drive Array - 24 x HDD Installed - 48 TB Installed HDD Capacity - Serial Attached SCSI SAS Controller - RAID Supp Product Condition: Refurbished,https://pub-4ae70fe1d6cf4e5ea327e14b66c0ad8e.r2.dev/products/H4947LL_A.webp,"$26,334.00",H4947LL/A,https://www.vertexnetworking.co.uk/product/h4947ll-a-apple-h4947ll-a-san-hard-drive-array-24-x-hdd-installed-48-tb-installed-hdd-capacity-serial-attached-scsi-sas-controller-raid-supp.html
Vertex Networking,IBM - 88Y4479 - ServerRAID M5120 SAS 6Gb/s RAID Array Controller Card,IBM - 88Y4479 - ServerRAID M5120 SAS 6Gb/s RAID Array Controller Card Product Condition: Refurbished General Information Product Line ServeRAID Model M5120 Product Type SAS Controller Technical Information Form Factor Plug-in Card Controller Type 6Gb/s SAS Raid Supported Yes Miscellaneous Compliance Standards WEEE Assembly Required Yes Eco Friendly Yes OS Platform PC,https://pub-4ae70fe1d6cf4e5ea327e14b66c0ad8e.r2.dev/products/88Y4479.webp,$133.79,88Y4479,https://www.vertexnetworking.co.uk/product/88y4479-ibm-sas-sata-controller.html
Vertex Networking,IBM Brocade 20-Port 4 Gigabit SAN Switch Module for BladeCenter,IBM Brocade 20-Port 4 Gigabit SAN Switch Module for BladeCenter Product Condition: Refurbished,https://pub-4ae70fe1d6cf4e5ea327e14b66c0ad8e.r2.dev/products/80-1000574-05.webp,$89.74,80-1000574-05,https://www.vertexnetworking.co.uk/product/80-1000574-05-ibm-brocade-20-port-4-gigabit-san-switch-module-for-bladecenter.html
Vertex Networking,XTA3310T01A1R876 - Sun StorEdge 3310 Hard Drive Array - 12 x HDD Installed - 876 GB Installed HDD Capacity - Serial Attached SCSI SAS Controller - RAID Suppo,XTA3310T01A1R876 - Sun StorEdge 3310 Hard Drive Array - 12 x HDD Installed - 876 GB Installed HDD Capacity - Serial Attached SCSI SAS Controller - RAID Suppo Product Condition: Refurbished,https://pub-4ae70fe1d6cf4e5ea327e14b66c0ad8e.r2.dev/products/XTA3310T01A1R876.webp,Get a Quote for price,XTA3310T01A1R876,https://www.vertexnetworking.co.uk/product/xta3310t01a1r876-sun-storedge-3310-hard-drive-array-12-x-hdd-installed-876-gb-installed-hdd-capacity-serial-attached-scsi-sas-controller-raid-suppo.html
Vertex Networking,HPE - M0S99A - MSA 2040 SFF 24-Bay 21.6TB (24 x 900GB) HDD SAS 12Gb/s SAN Dual Controller 2U Rack-mountable Storage Array,HPE - M0S99A - MSA 2040 SFF 24-Bay 21.6TB (24 x 900GB) HDD SAS 12Gb/s SAN Dual Controller 2U Rack-mountable Storage Array Product Condition: Refurbished,https://pub-4ae70fe1d6cf4e5ea327e14b66c0ad8e.r2.dev/products/M0S99A.webp,"$16,790.00",M0S99A,https://www.vertexnetworking.co.uk/product/m0s99a-hp-msa-2040-energy-star-san-dual-controller-with-24-900gb-12g-sas-10k-sff-hdd-21-6tb-bundle.html
Vertex Networking,HPE R0Q82B Modular 2062 10GbE iSCSI SFF Storage Hard drive array,HPE R0Q82B Modular 2062 10GbE iSCSI SFF Storage Hard drive array Product Condition: New,https://pub-4ae70fe1d6cf4e5ea327e14b66c0ad8e.r2.dev/products/R0Q82B.webp,"$7,382.62",R0Q82B,https://www.vertexnetworking.co.uk/product/hpe-r0q82b-modular-2062-10gbe-iscsi-sff-storage-hard-drive-array.html
Vertex Networking,Dell n EqualLogic 16 Bay Virtualized iSCSI SAN Storage Array with 10GbE Dual-Port Controller,Dell n EqualLogic 16 Bay Virtualized iSCSI SAN Storage Array with 10GbE Dual-Port Controller Product Condition: Refurbished,https://pub-4ae70fe1d6cf4e5ea327e14b66c0ad8e.r2.dev/products/PS6010XV.webp,$990.37,PS6010XV,https://www.vertexnetworking.co.uk/product/dell-ps6010xv-equallogic-16-bay-virtualized-iscsi-san-storage-array-with-10gbe-dual-port-controller.html
Vertex Networking,Dell 2GB Fibre Channel 15 Bay Storage Array,Dell 2GB Fibre Channel 15 Bay Storage Array Product Condition: Refurbished,https://pub-4ae70fe1d6cf4e5ea327e14b66c0ad8e.r2.dev/products/0W4572.webp,$297.91,0W4572,https://www.vertexnetworking.co.uk/product/dell-0w4572-2gb-fibre-channel-15-bay-storage-array.html
Vertex Networking,CX4-240 EMC SAN Storage System,Product Condition: Refurbished,https://pub-4ae70fe1d6cf4e5ea327e14b66c0ad8e.r2.dev/products/CX4-240.webp,$581.46,CX4-240,https://www.vertexnetworking.co.uk/product/cx4-240-emc-san-storage-system.html
Vertex Networking,HPE Q8H41A Nimble Storage 2-Port 10Gbase-T Controller Storage Array,"Product Condition: Refurbished General Information Product Type Fibre Channel Controller Technical Information Form Factor Internal Miscellaneous Compliance Standards CE,RoHS,WEEE Assembly Required Yes Eco Friendly Yes OS Platform PC",https://pub-4ae70fe1d6cf4e5ea327e14b66c0ad8e.r2.dev/products/Q8H41A.webp,"$8,720.97",Q8H41A,https://www.vertexnetworking.co.uk/product/q8h41a-1495652.html
Vertex Networking,Dell 16 Bay Storage Array for EqualLogic Ps6000,Dell 16 Bay Storage Array for EqualLogic Ps6000 Product Condition: Refurbished,https://pub-4ae70fe1d6cf4e5ea327e14b66c0ad8e.r2.dev/products/E01J.webp,$157.24,E01J,https://www.vertexnetworking.co.uk/product/dell-e01j-16-bay-storage-array-for-equallogic-ps6000.html
Vertex Networking,2108-G07 IBM 2108 Model G07 SAN Data Gateway,Product Condition: Refurbished,https://pub-4ae70fe1d6cf4e5ea327e14b66c0ad8e.r2.dev/products/2108-G07.webp,$112.50,2108-G07,https://www.vertexnetworking.co.uk/product/2108-g07-ibm-2108-model-g07-san-data-gateway.html
Vertex Networking,HPE 10GBase-T iSCSI LFF 2U SAN Storage System for MSA 2060,HPE 10GBase-T iSCSI LFF 2U SAN Storage System for MSA 2060 Product Condition: Refurbished,https://pub-4ae70fe1d6cf4e5ea327e14b66c0ad8e.r2.dev/products/R7J72A.webp,"$11,225.92",R7J72A,https://www.vertexnetworking.co.uk/product/hpe-r7j72a-10gbase-t-iscsi-lff-2u-san-storage-system-for-msa-2060.html
Vertex Networking,HPE 16Gb Fibre Channel LFF SAN Storage System for MSA 2060,HPE 16Gb Fibre Channel LFF SAN Storage System for MSA 2060 Product Condition: Refurbished,https://pub-4ae70fe1d6cf4e5ea327e14b66c0ad8e.r2.dev/products/R0Q73A.webp,"$10,218.87",R0Q73A,https://www.vertexnetworking.co.uk/product/hpe-r0q73a-16gb-fibre-channel-lff-san-storage-system-for-msa-2060.html
Vertex Networking,Dell EqualLogic 16 Bay Virtualized iSCSI SAN Storage Array with 10GbE Dual-Port Controller,Dell EqualLogic 16 Bay Virtualized iSCSI SAN Storage Array with 10GbE Dual-Port Controller Product Condition: Refurbished,https://pub-4ae70fe1d6cf4e5ea327e14b66c0ad8e.r2.dev/products/PS6010E.webp,$990.37,PS6010E,https://www.vertexnetworking.co.uk/product/dell-ps6010e-equallogic-16-bay-virtualized-iscsi-san-storage-array-with-10gbe-dual-port-controller.html
Vertex Networking,AW594A - HP StorageWorks P2000 G3 Hard Drive Array Serial Attached SCSI SAS Controller RAID Supported 24 x Total Bays 2U Rack-mountable,AW594A - HP StorageWorks P2000 G3 Hard Drive Array Serial Attached SCSI SAS Controller RAID Supported 24 x Total Bays 2U Rack-mountable Product Condition: Refurbished,https://pub-4ae70fe1d6cf4e5ea327e14b66c0ad8e.r2.dev/products/AW594A.webp,"$6,448.04",AW594A,https://www.vertexnetworking.co.uk/product/aw594a-hp-storageworks-p2000-g3-hard-drive-array-serial-attached-scsi-sas-controller-raid-supported-24-x-total-bays-2u-rack-mountable.html
Vertex Networking,Dell EqualLogic 16 Bay Virtualized iSCSI SAN Storage Array with 8 x 100GB SSD Dual Controller,Dell EqualLogic 16 Bay Virtualized iSCSI SAN Storage Array with 8 x 100GB SSD Dual Controller Product Condition: Refurbished,https://pub-4ae70fe1d6cf4e5ea327e14b66c0ad8e.r2.dev/products/PS6010X.webp,$990.37,PS6010X,https://www.vertexnetworking.co.uk/product/dell-ps6010x-equallogic-16-bay-virtualized-iscsi-san-storage-array-with-8-x-100gb-ssd-dual-controller.html
Vertex Networking,1746A2E - IBM EXP3512 DAS Hard Drive Array - 12 x Total Bays - 2U Rack-mountable,1746A2E - IBM EXP3512 DAS Hard Drive Array - 12 x Total Bays - 2U Rack-mountable Product Condition: Refurbished,https://pub-4ae70fe1d6cf4e5ea327e14b66c0ad8e.r2.dev/products/1746A2E.webp,$345.03,1746A2E,https://www.vertexnetworking.co.uk/product/1746a2e-ibm-exp3512-das-hard-drive-array-12-x-total-bays-2u-rack-mountable.html
Vertex Networking,AW525A - HP StorageWorks D2700 Hard Drive Array 25 x HDD 7.50 TB Installed HDD Capacity RAID Supported 25 x Total Bays 2U Rack-mountable,AW525A - HP StorageWorks D2700 Hard Drive Array 25 x HDD 7.50 TB Installed HDD Capacity RAID Supported 25 x Total Bays 2U Rack-mountable Product Condition: Refurbished,https://pub-4ae70fe1d6cf4e5ea327e14b66c0ad8e.r2.dev/products/AW525A.webp,$718.71,AW525A,https://www.vertexnetworking.co.uk/product/aw525a-hp-storageworks-d2700-hard-drive-array-25-x-hdd-installed-7-50-tb-installed-hdd-capacity-raid-supported-25-x-total-bays-2u-rack-mountable.html
Vertex Networking,IBM 2498-24E-16-7203 249824E wit 16 active ports and Extended Fabric,IBM 2498-24E-16-7203 249824E wit 16 active ports and Extended Fabric Product Condition: Refurbished,https://pub-4ae70fe1d6cf4e5ea327e14b66c0ad8e.r2.dev/products/2498-24E-16-7203.webp,$859.88,2498-24E-16-7203,https://www.vertexnetworking.co.uk/product/2498-24e-16-7203-ibm-249824e-wit-16-active-ports-and-extended-fabric.html
Vertex Networking,Dell EqualLogic 16 Bay Virtualized iSCSI SAN Storage Array with 8 x 100GB SSD Dual Controller,Dell EqualLogic 16 Bay Virtualized iSCSI SAN Storage Array with 8 x 100GB SSD Dual Controller Product Condition: Refurbished,https://pub-4ae70fe1d6cf4e5ea327e14b66c0ad8e.r2.dev/products/PS6010XVS.webp,$990.37,PS6010XVS,https://www.vertexnetworking.co.uk/product/dell-ps6010xvs-equallogic-16-bay-virtualized-iscsi-san-storage-array-with-8-x-100gb-ssd-dual-controller.html
Vertex Networking,Dell Type F 12G SCV3020 2x SFP Storage Array Controller,Dell Type F 12G SCV3020 2x SFP Storage Array Controller Product Condition: Refurbished,https://pub-4ae70fe1d6cf4e5ea327e14b66c0ad8e.r2.dev/products/NHDV9-30SFF.webp,"$3,000.80",NHDV9-30SFF,https://www.vertexnetworking.co.uk/product/dell-nhdv9-30sff-type-f-12g-scv3020-2x-sfp-storage-array-controller.html
Vertex Networking,HPE Hybrid Flash SAN Bdl/TVlite,HPE Hybrid Flash SAN Bdl/TVlite Product Condition: Refurbished,https://pub-4ae70fe1d6cf4e5ea327e14b66c0ad8e.r2.dev/products/Q2R47A.webp,"$12,341.68",Q2R47A,https://www.vertexnetworking.co.uk/product/hpe-q2r47a-hybrid-flash-san-bdl-tvlite.html
Vertex Networking,PS5000E Dell EqualLogic PS5000E Configure-to-Order iSCSI SAN Storage Array,Product Condition: Refurbished,https://pub-4ae70fe1d6cf4e5ea327e14b66c0ad8e.r2.dev/products/PS5000E.webp,$331.13,PS5000E,https://www.vertexnetworking.co.uk/product/ps5000e-dell-equallogic-ps5000e-configure-to-order-iscsi-san-storage-array.html
Vertex Networking,Lenovo ThinkServer Storage Array 6Gbps IO Module,Lenovo ThinkServer Storage Array 6Gbps IO Module Product Condition: Refurbished,https://pub-4ae70fe1d6cf4e5ea327e14b66c0ad8e.r2.dev/products/4XF0F28765-06.webp,$127.72,4XF0F28765-06,https://www.vertexnetworking.co.uk/product/4xf0f28765-06-lenovo-thinkserver-storage-array-6gbps-io-module.html
Vertex Networking,AW594B - HP Modular Smart Array P2000 G3 SAS Dual Controller SFF Array System Hard Drive Array 24-Bay 0 Hard Drive (aw,AW594B - HP Modular Smart Array P2000 G3 SAS Dual Controller SFF Array System Hard Drive Array 24-Bay 0 Hard Drive (aw Product Condition: New,https://pub-4ae70fe1d6cf4e5ea327e14b66c0ad8e.r2.dev/products/AW594B.webp,$448.04,AW594B,https://www.vertexnetworking.co.uk/product/aw594b-hp-modular-smart-array-p2000-g3-sas-dual-controller-sff-array-system-hard-drive-array-24-bay-0-hard-drive-aw.html
Vertex Networking,HP - Q2R23A - Modular Smart Array 1050 4-Port 1GbE iSCSI Dual Controller SFF Storage,HP - Q2R23A - Modular Smart Array 1050 4-Port 1GbE iSCSI Dual Controller SFF Storage Product Condition: New,https://pub-4ae70fe1d6cf4e5ea327e14b66c0ad8e.r2.dev/products/Q2R23A.webp,"$2,433.00",Q2R23A,https://www.vertexnetworking.co.uk/product/q2r23a-hp-network-storage-device.html
Vertex Networking,HP 397079-B21 StorageWorks Modular Array 1000 SAN Starter Kit Switch,HP 397079-B21 StorageWorks Modular Array 1000 SAN Starter Kit Switch Product Condition: Refurbished General Information Product Line StorageWorks Product Type Fibre Channel Switch Interface/Ports Quantity of Fixed Ports/Expansion Slots 8 Quantity of Network Ports 8 Fixed Ports/Expansion Slot Details 8 x Gigabit Ethernet Expansion Slot Media & Performance Ethernet Standard Gigabit Ethernet Media Standard Optical Fiber Technology Standard 10/100/1000Base-TX Physical Characteristics Form Factor Rack-mountable Miscellaneous Eco Friendly Yes Source of Power Power Supply,https://pub-4ae70fe1d6cf4e5ea327e14b66c0ad8e.r2.dev/products/397079-B21.webp,"$2,072.10",397079-B21,https://www.vertexnetworking.co.uk/product/hp-397079-b21-storageworks-modular-array-1000-san-starter-kit-switch-397079-b21.html
Vertex Networking,HPE Q1J01B Modular Smart Array 2050 SAN Dual Controller SFF Storage,HPE Q1J01B Modular Smart Array 2050 SAN Dual Controller SFF Storage Product Condition: Refurbished,https://pub-4ae70fe1d6cf4e5ea327e14b66c0ad8e.r2.dev/products/Q1J01B.webp,"$3,793.90",Q1J01B,https://www.vertexnetworking.co.uk/product/hpe-q1j01b-modular-smart-array-2050-san-dual-controller-sff-storage-q1j01b.html
Vertex Networking,HPE Q1J15A D3710 2U Rack-mountable Drive Enclosure,HPE Q1J15A D3710 2U Rack-mountable Drive Enclosure Product Condition: Refurbished,https://pub-4ae70fe1d6cf4e5ea327e14b66c0ad8e.r2.dev/products/Q1J15A.webp,"$3,109.69",Q1J15A,https://www.vertexnetworking.co.uk/product/hpe-q1j15a-d3710-2u-rack-mountable-drive-enclosure-q1j15a.html
Vertex Networking,HP - 877972-001 - Smart Array P204i-b SR 4-Ports SAS 12Gb/s SATA 6Gb/s PCI Express 3.0 x8 1GB Cache Modular Controller,HP - 877972-001 - Smart Array P204i-b SR 4-Ports SAS 12Gb/s SATA 6Gb/s PCI Express 3.0 x8 1GB Cache Modular Controller Product Condition: Refurbished,https://pub-4ae70fe1d6cf4e5ea327e14b66c0ad8e.r2.dev/products/877972-001.webp,$129.24,877972-001,https://www.vertexnetworking.co.uk/product/877972-001-hp-smart-array-p204i-b-sr-4-ports-pci-express-3-0-x8-12g-sas-modular-controller-4-internal-lanes-1gb-fbwc-battery-not-included.html
Vertex Networking,C8R15A - HP Modular Smart Array 2040 San Dual Controller SFF Storage Hard Drive Array 24-Bay,C8R15A - HP Modular Smart Array 2040 San Dual Controller SFF Storage Hard Drive Array 24-Bay Product Condition: Refurbished,https://pub-4ae70fe1d6cf4e5ea327e14b66c0ad8e.r2.dev/products/C8R15A.webp,"$1,545.78",C8R15A,https://www.vertexnetworking.co.uk/product/c8r15a-hp-modular-smart-array-2040-san-dual-controller-sff-storage-hard-drive-array-24-bay.html
Vertex Networking,Q1J06A - HP MSA 2050 LFF Disk Enclosure,Q1J06A - HP MSA 2050 LFF Disk Enclosure Product Condition: Refurbished General Information Product Type Server Technical Information Drive Interface 12Gb/s SAS Quantity of Processor Supported 1 Quantity of Processor Installed 1 Miscellaneous Assembly Required Yes Eco Friendly Yes,https://pub-4ae70fe1d6cf4e5ea327e14b66c0ad8e.r2.dev/products/Q1J06A.webp,"$1,993.90",Q1J06A,https://www.vertexnetworking.co.uk/product/q1j06a-hp-network-storage-device.html
Vertex Networking,HP - 804370-001 - Smart Array P204i-b SR 4-Ports SAS 12Gb/s SATA 6Gb/s PCI Express 3.0 x8 1GB Cache Modular Controller,HP - 804370-001 - Smart Array P204i-b SR 4-Ports SAS 12Gb/s SATA 6Gb/s PCI Express 3.0 x8 1GB Cache Modular Controller Product Condition: Refurbished General Information Product Line Smart Array Model P204i-b Product Type SATA/SAS Controller Technical Information Host Interface PCI Express 3.0 x8 Controller Type 12Gb/s SAS Raid Levels 10 Data Backup Type Flash Backed Cache Cache Memory 1GB Product Compatibility HPE ProLiant BL Series BL460c G10,https://pub-4ae70fe1d6cf4e5ea327e14b66c0ad8e.r2.dev/products/804370-001.webp,$129.24,804370-001,https://www.vertexnetworking.co.uk/product/804370-001-hp-smart-array-p204i-b-sr-4-ports-pci-express-3-0-x8-12g-sas-modular-controller-4-internal-lanes-1gb-fbwc-battery-not-included.html
Vertex Networking,HPE - Q1J01A - MSA2050 24 x BAYs SFF Dual Controller 2U Rack-Mountable SAN Storage System,HPE - Q1J01A - MSA2050 24 x BAYs SFF Dual Controller 2U Rack-Mountable SAN Storage System Product Condition: Refurbished,https://pub-4ae70fe1d6cf4e5ea327e14b66c0ad8e.r2.dev/products/Q1J01A.webp,"$2,920.22",Q1J01A,https://www.vertexnetworking.co.uk/product/q1j01a-hp-storage-array-network-san.html
Vertex Networking,HPE - QK770A - D2700 1TB 6G SAS SFF MDL 10TB Bundle,HPE - QK770A - D2700 1TB 6G SAS SFF MDL 10TB Bundle Product Condition: Refurbished,https://pub-4ae70fe1d6cf4e5ea327e14b66c0ad8e.r2.dev/products/QK770A.webp,"$2,839.02",QK770A,https://www.vertexnetworking.co.uk/product/qk770a-hp-d2700-w-10-1tb-6g-sas-7-2k-sff-dual-port-mdl-hdd-10tb-bundle.html
Vertex Networking,HPE R0Q84B Modular Smart Array 2062 12Gb SAS SFF Storage - Hard drive array,HPE R0Q84B Modular Smart Array 2062 12Gb SAS SFF Storage - Hard drive array Product Condition: New,https://pub-4ae70fe1d6cf4e5ea327e14b66c0ad8e.r2.dev/products/R0Q84B.webp,"$8,138.26",R0Q84B,https://www.vertexnetworking.co.uk/product/hpe-r0q84b-modular-smart-array-2062-12gb-sas-sff-storage-hard-drive-array.html
Vertex Networking,N9X16A - HP StoreVirtual 3200 LFF 12-Bays SAS 4-Port 1GbE SCSI 2U Rack-Mountable Storage Array,N9X16A - HP StoreVirtual 3200 LFF 12-Bays SAS 4-Port 1GbE SCSI 2U Rack-Mountable Storage Array Product Condition: Refurbished,https://pub-4ae70fe1d6cf4e5ea327e14b66c0ad8e.r2.dev/products/N9X16A.webp,"$1,480.37",N9X16A,https://www.vertexnetworking.co.uk/product/n9x16a-hp-storage-array-network-san.html
Vertex Networking,Q2R25A - HP Modular Smart Array 1050 4-Port 10GbE iSCSI Dual Controller SFF Storage,Q2R25A - HP Modular Smart Array 1050 4-Port 10GbE iSCSI Dual Controller SFF Storage Product Condition: Refurbished,https://pub-4ae70fe1d6cf4e5ea327e14b66c0ad8e.r2.dev/products/Q2R25A.webp,"$2,297.66",Q2R25A,https://www.vertexnetworking.co.uk/product/q2r25a-hp-network-storage-device.html
Vertex Networking,HPE Q8H39A Nimble Storage Adaptive Flash HF40 Base Array,HPE Q8H39A Nimble Storage Adaptive Flash HF40 Base Array Product Condition: Refurbished,https://pub-4ae70fe1d6cf4e5ea327e14b66c0ad8e.r2.dev/products/Q8H39A.webp,"$6,808.94",Q8H39A,https://www.vertexnetworking.co.uk/product/hpe-q8h39a-nimble-storage-adaptive-flash-hf40-base-array.html
Vertex Networking,Q1J29A - HP Modular Smart Array 2050 SAS 2U Rack-Mountable Dual Controller SFF Storage,Q1J29A - HP Modular Smart Array 2050 SAS 2U Rack-Mountable Dual Controller SFF Storage Product Condition: Refurbished,https://pub-4ae70fe1d6cf4e5ea327e14b66c0ad8e.r2.dev/products/Q1J29A.webp,"$2,703.68",Q1J29A,https://www.vertexnetworking.co.uk/product/q1j29a-hp-network-storage-device.html
Vertex Networking,AP839B - HP StorageWorks Modular Smart Array P2000 2.5-inch Drive Bay Chassis Storage Enclosure 24-Bay,AP839B - HP StorageWorks Modular Smart Array P2000 2.5-inch Drive Bay Chassis Storage Enclosure 24-Bay Product Condition: New,https://pub-4ae70fe1d6cf4e5ea327e14b66c0ad8e.r2.dev/products/AP839B.webp,$402.92,AP839B,https://www.vertexnetworking.co.uk/product/ap839b-hp-storageworks-modular-smart-array-p2000-2-5-inch-drive-bay-chassis-storage-enclosure-24-bay.html
Vertex Networking,HPE - Q1J07A - MSA 2050 24 x Expansion Bays 2U Rack-mountable Disk Enclosure,HPE - Q1J07A - MSA 2050 24 x Expansion Bays 2U Rack-mountable Disk Enclosure Product Condition: Refurbished Miscellaneous,https://pub-4ae70fe1d6cf4e5ea327e14b66c0ad8e.r2.dev/products/Q1J07A.webp,"$2,703.68",Q1J07A,https://www.vertexnetworking.co.uk/product/q1j07a-hp-network-storage-device.html
Vertex Networking,823856-B21 - HP 8-Port SAS 12Gbs PCI-Express 3.0 x8 Smart Array Storage Controller,"823856-B21 - HP 8-Port SAS 12Gbs PCI-Express 3.0 x8 Smart Array Storage Controller Product Condition: New General Information Product Line Smart Array Product Series Smart Array Model P408I-A Product Type SAS Controller Technical Information Host Interface PCI Express 3.0 x8 Form Factor Plug-in Module Controller Type 12Gb/s SAS Raid Supported Yes Raid Levels 60 Data Backup Type Flash Backed Cache Cache Memory 2GB SAS Connector Details 2 Miscellaneous Compliance Standards WEEE,RoHS Assembly Required Yes Eco Friendly Yes OS Platform Linux Product Compatibility HPE Synergy 660 G10",https://pub-4ae70fe1d6cf4e5ea327e14b66c0ad8e.r2.dev/products/823856-B21.webp,$329.99,823856-B21,https://www.vertexnetworking.co.uk/product/823856-b21-hp-sas-sata-controller.html
Vertex Networking,HP - 804381-B21 - Smart Array P408e-m 8-Ports SAS 12Gb/s SATA 6Gb/s PCI-Express 3.0 x8 2GB Cache Mezzanine Controller Card,"HP - 804381-B21 - Smart Array P408e-m 8-Ports SAS 12Gb/s SATA 6Gb/s PCI-Express 3.0 x8 2GB Cache Mezzanine Controller Card Product Condition: Refurbished General Information Product Line Smart Array Product Series Smart Array Model P408e-m Product Type SATA/SAS Controller Technical Information Host Interface PCI Express 3.0 x8 Form Factor Mezzanine Controller Type 12Gb/s SAS Raid Supported Yes Raid Levels 1 Data Backup Type Flash Backed Cache Cache Memory 2GB Miscellaneous Compliance Standards WEEE,RoHS Assembly Required Yes Eco Friendly Yes OS Platform PC Product Compatibility HPE ProLiant BL Series BL460c G10",https://pub-4ae70fe1d6cf4e5ea327e14b66c0ad8e.r2.dev/products/804381-B21.webp,$194.65,804381-B21,https://www.vertexnetworking.co.uk/product/804381-b21-hp-smart-array-p408e-m-sr-gen10-12gb-s-sas-mezzanine-controller.html
Vertex Networking,HPE - AP845A - StorageWorks P2000 Fibre Channel Dual Controller Lff Modular Smart Array System Hard Drive Array,HPE - AP845A - StorageWorks P2000 Fibre Channel Dual Controller Lff Modular Smart Array System Hard Drive Array Product Condition: Refurbished,https://pub-4ae70fe1d6cf4e5ea327e14b66c0ad8e.r2.dev/products/AP845A.webp,"$1,598.41",AP845A,https://www.vertexnetworking.co.uk/product/ap845a-hp-storageworks-p2000-g3-msa-fc-dual-controller-lff-modular-smart-array-system.html
Vertex Networking,AJ752A - HP StorageWorks Modular Smart Array 2012sa Single Controller SASSATA 12-Bay 3.5-inch Hard Drive Array 2U Rack-Mountable,AJ752A - HP StorageWorks Modular Smart Array 2012sa Single Controller SASSATA 12-Bay 3.5-inch Hard Drive Array 2U Rack-Mountable Product Condition: Refurbished,https://pub-4ae70fe1d6cf4e5ea327e14b66c0ad8e.r2.dev/products/AJ752A.webp,"$1,711.20",AJ752A,https://www.vertexnetworking.co.uk/product/aj752a-hp-storageworks-modular-smart-array-2012sa-single-controller-sas-sata-12-bay-3-5-inch-hard-drive-array-2u.html
Vertex Networking,201723-B21 - HP 14 Bays Rack Mount Fibre Channel Hard Drive Array Enclosure 4u StorageWorks Modular San Array 1000,201723-B21 - HP 14 Bays Rack Mount Fibre Channel Hard Drive Array Enclosure 4u StorageWorks Modular San Array 1000 Product Condition: Refurbished,https://pub-4ae70fe1d6cf4e5ea327e14b66c0ad8e.r2.dev/products/201723-B21.webp,$718.71,201723-B21,https://www.vertexnetworking.co.uk/product/201723-b21-hp-14-bays-rack-mount-fibre-channel-hard-drive-array-enclosure-4u-storageworks-modular-san-array-1000.html
Vertex Networking,AW524A - HP StorageWorks D2700 Hard Drive Array 25 x HDD Installed 3.60 TB Installed HDD Capacity RAID Supported 25 x Total Bays 2U Rack-mountable,AW524A - HP StorageWorks D2700 Hard Drive Array 25 x HDD Installed 3.60 TB Installed HDD Capacity RAID Supported 25 x Total Bays 2U Rack-mountable Product Condition: Refurbished,https://pub-4ae70fe1d6cf4e5ea327e14b66c0ad8e.r2.dev/products/AW524A.webp,$442.77,AW524A,https://www.vertexnetworking.co.uk/product/aw524a-hp-storageworks-d2700-hard-drive-array-25-x-hdd-installed-3-60-tb-installed-hdd-capacity-raid-supported-25-x-total-bays-2u-rack-mountable.html
Vertex Networking,Q1J29B - HP MSA 1050 SAS 12Gb/s Dual Controller 2U Rack-Mountable SFF Storage Array,Q1J29B - HP MSA 1050 SAS 12Gb/s Dual Controller 2U Rack-Mountable SFF Storage Array Product Condition: Refurbished,https://pub-4ae70fe1d6cf4e5ea327e14b66c0ad8e.r2.dev/products/Q1J29B.webp,"$3,251.05",Q1J29B,https://www.vertexnetworking.co.uk/product/q1j29b-hp-msa-1050-sas-12gb-s-dual-controller-2u-rack-mountable-sff-storage-array.html
Vertex Networking,HPE R0Q78A MSA2060 SAS 12Gb/s SFF 2U Rack-mountable Storage Array,Product Condition: New,https://pub-4ae70fe1d6cf4e5ea327e14b66c0ad8e.r2.dev/products/R0Q78A.webp,"$6,087.14",R0Q78A,https://www.vertexnetworking.co.uk/product/hpe-r0q78a-12gb-4-ports-sas-sff-2u-das-storage-system-for-msa-2060.html
Vertex Networking,AJ805A - HP StorageWorks Modular Smart Array 2312sa G2 Dual RAID Controller 12-Bay Hard Drive Array,AJ805A - HP StorageWorks Modular Smart Array 2312sa G2 Dual RAID Controller 12-Bay Hard Drive Array Product Condition: Refurbished,https://pub-4ae70fe1d6cf4e5ea327e14b66c0ad8e.r2.dev/products/AJ805A.webp,$623.23,AJ805A,https://www.vertexnetworking.co.uk/product/aj805a-hp-storageworks-modular-smart-array-2312sa-g2-dual-raid-controller-12-bay-hard-drive-array.html
Vertex Networking,C8R14A - HP Modular Smart Array 2040 San Dual Controller LFF Storage Hard Drive Array 12-Bay,C8R14A - HP Modular Smart Array 2040 San Dual Controller LFF Storage Hard Drive Array 12-Bay Product Condition: Refurbished,https://pub-4ae70fe1d6cf4e5ea327e14b66c0ad8e.r2.dev/products/C8R14A.webp,$477.88,C8R14A,https://www.vertexnetworking.co.uk/product/c8r14a-hp-modular-smart-array-2040-san-dual-controller-lff-storage-hard-drive-array-12-bay.html
Vertex Networking,HPE R0Q85A Modular Smart Array 1060 16Gb Fibre Channel SFF Storage Hard drive array,HPE R0Q85A Modular Smart Array 1060 16Gb Fibre Channel SFF Storage Hard drive array Product Condition: New,https://pub-4ae70fe1d6cf4e5ea327e14b66c0ad8e.r2.dev/products/R0Q85A.webp,"$2,301.00",R0Q85A,https://www.vertexnetworking.co.uk/product/hpe-r0q85a-modular-smart-array-1060-16gb-fibre-channel-sff-storage-hard-drive-array.html
Vertex Networking,64113B4 - Lenovo Storage S3200 SFF Chassis SAS Dual Controller,64113B4 - Lenovo Storage S3200 SFF Chassis SAS Dual Controller Product Condition: Refurbished,https://pub-4ae70fe1d6cf4e5ea327e14b66c0ad8e.r2.dev/products/64113B4.webp,"$2,879.00",64113B4,https://www.vertexnetworking.co.uk/product/64113b4-lenovo-storage-s3200-sff-chassis-sas-dual-controller.html
Vertex Networking,HPE - AW567A - StorageWorks P2000 Fibre Channel + ISCSI Dual Combo Controller LFF Modular Smart Array,HPE - AW567A - StorageWorks P2000 Fibre Channel + ISCSI Dual Combo Controller LFF Modular Smart Array Product Condition: Refurbished,https://pub-4ae70fe1d6cf4e5ea327e14b66c0ad8e.r2.dev/products/AW567A.webp,"$5,636.01",AW567A,https://www.vertexnetworking.co.uk/product/aw567a-hp-storageworks-p2000-g3-msa-fc-iscsi-dual-combo-controller-lff-array.html
Vertex Networking,AJ955A - HP StorageWorks 2324fc G2 Hard Drive Array Fibre Channel Controller RAID Supported 24 x Total Bays Fast Ethernet Network RJ-45 Fibre,AJ955A - HP StorageWorks 2324fc G2 Hard Drive Array Fibre Channel Controller RAID Supported 24 x Total Bays Fast Ethernet Network RJ-45 Fibre Product Condition: Refurbished,https://pub-4ae70fe1d6cf4e5ea327e14b66c0ad8e.r2.dev/products/AJ955A.webp,"$7,169.84",AJ955A,https://www.vertexnetworking.co.uk/product/aj955a-hp-storageworks-2324fc-g2-hard-drive-array-fibre-channel-controller-raid-supported-24-x-total-bays-fast-ethernet-network-rj-45-fibre-channel-2u-rack-mountable.html
Vertex Networking,AJ807A - HP StorageWorks MSA2324sa Dual Controller Modular Smart Array,AJ807A - HP StorageWorks MSA2324sa Dual Controller Modular Smart Array Product Condition: Refurbished,https://pub-4ae70fe1d6cf4e5ea327e14b66c0ad8e.r2.dev/products/AJ807A.webp,"$1,756.31",AJ807A,https://www.vertexnetworking.co.uk/product/aj807a-hp-storageworks-2324sa-hard-drive-array-serial-attached-scsi-sas-controller-raid-supported-24-x-total-bays-network-rj-45-2u-rack-mountable.html
Vertex Networking,HPE R4T20A J2000 Dual IOM 2x100GbE NVMe-oF SFF TAA-compliant JBOF Storage,HPE R4T20A J2000 Dual IOM 2x100GbE NVMe-oF SFF TAA-compliant JBOF Storage Product Condition: New,https://pub-4ae70fe1d6cf4e5ea327e14b66c0ad8e.r2.dev/products/R4T20A.webp,"$1,548.04",R4T20A,https://www.vertexnetworking.co.uk/product/hpe-r4t20a-j2000-dual-iom-2x100gbe-nvme-of-sff-taa-compliant-jbof-storage.html
Vertex Networking,90Y9277 - IBM Flex System Storage Expansion Node Hard Drive Array,90Y9277 - IBM Flex System Storage Expansion Node Hard Drive Array Product Condition: Refurbished,https://pub-4ae70fe1d6cf4e5ea327e14b66c0ad8e.r2.dev/products/90Y9277.webp,$313.00,90Y9277,https://www.vertexnetworking.co.uk/product/90y9277-ibm-flex-system-storage-expansion-node-hard-drive-array.html
Vertex Networking,AJ802A - HP StorageWorks MSA2324i Serial Network SAS iSCSI Hard Drive Array,AJ802A - HP StorageWorks MSA2324i Serial Network SAS iSCSI Hard Drive Array Product Condition: Refurbished,https://pub-4ae70fe1d6cf4e5ea327e14b66c0ad8e.r2.dev/products/AJ802A.webp,"$1,350.29",AJ802A,https://www.vertexnetworking.co.uk/product/aj802a-hp-storageworks-msa2324i-hard-drive-array-serial-network-network-sas-iscsi.html
Vertex Networking,AW593B - HP Modular Smart Array P2000 G3 SAS Dual Controller LFF Array System Hard Drive Array 12-Bay 0 HDD Installed,AW593B - HP Modular Smart Array P2000 G3 SAS Dual Controller LFF Array System Hard Drive Array 12-Bay 0 HDD Installed Product Condition: Refurbished,https://pub-4ae70fe1d6cf4e5ea327e14b66c0ad8e.r2.dev/products/AW593B.webp,"$1,805.93",AW593B,https://www.vertexnetworking.co.uk/product/aw593b-hp-modular-smart-array-p2000-g3-sas-dual-controller-lff-array-system-hard-drive-array-12-bay-0-hdd-installed.html
Vertex Networking,HPE Q1J00B Modular Smart Array 2050 SAN Dual Controller LFF Storage,HPE Q1J00B Modular Smart Array 2050 SAN Dual Controller LFF Storage Product Condition: Refurbished,https://pub-4ae70fe1d6cf4e5ea327e14b66c0ad8e.r2.dev/products/Q1J00B.webp,"$4,048.04",Q1J00B,https://www.vertexnetworking.co.uk/product/hpe-q1j00b-modular-smart-array-2050-san-dual-controller-lff-storage-q1j00b.html
Vertex Networking,AW596A - HP StorageWorks P2000 G3 SAN Hard Drive Array RAID Supported 12 x Total Bays Gigabit Ethernet Network RJ-45 iSCSI 2U,AW596A - HP StorageWorks P2000 G3 SAN Hard Drive Array RAID Supported 12 x Total Bays Gigabit Ethernet Network RJ-45 iSCSI 2U Product Condition: Refurbished,https://pub-4ae70fe1d6cf4e5ea327e14b66c0ad8e.r2.dev/products/AW596A.webp,"$6,177.36",AW596A,https://www.vertexnetworking.co.uk/product/aw596a-hp-storageworks-p2000-g3-san-hard-drive-array-raid-supported-12-x-total-bays-gigabit-ethernet-network-rj-45-iscsi-2u.html
Vertex Networking,HPE R4T21A Enterprise J2000 Dual IOM 6x100GbE NVMe-oF SFF JBOF Storage - Hard Drive Array,HPE R4T21A Enterprise J2000 Dual IOM 6x100GbE NVMe-oF SFF JBOF Storage - Hard Drive Array Product Condition: Refurbished,https://pub-4ae70fe1d6cf4e5ea327e14b66c0ad8e.r2.dev/products/R4T21A.webp,$848.79,R4T21A,https://www.vertexnetworking.co.uk/product/hpe-r4t21a-enterprise-j2000-dual-iom-6x100gbe-nvme-of-sff-jbof-storage-hard-drive-array.html
Vertex Networking,Dell 048CF4 Slim-line DVD-RW Odd F Laptop,Dell 048CF4 Slim-line DVD-RW Odd F Laptop Product Condition: Refurbished,https://pub-4ae70fe1d6cf4e5ea327e14b66c0ad8e.r2.dev/products/048CF4.webp,$110.23,048CF4,https://www.vertexnetworking.co.uk/product/048cf4-dell-slim-line-dvd-rw-odd-f-laptops.html
Vertex Networking,Synology DS620SLIM 6-Bay Hot-Swap SATA 2.5-In SSD Storage Enclouser,Product Condition: New,https://pub-4ae70fe1d6cf4e5ea327e14b66c0ad8e.r2.dev/products/DS620SLIM.webp,$472.85,DS620SLIM,https://www.vertexnetworking.co.uk/product/ds620slim-synology-diskstation-ds620slim-6-bay-nas.html
Vertex Networking,176253-CB1 - HP / Compaq 16X Speed DVD ROM Optical Drive,176253-CB1 - HP / Compaq 16X Speed DVD ROM Optical Drive Product Condition: Refurbished,https://pub-4ae70fe1d6cf4e5ea327e14b66c0ad8e.r2.dev/products/176253-CB1.webp,$102.71,176253-CB1,https://www.vertexnetworking.co.uk/product/176253-cb1-hp-compaq-16x-speed-dvd-rom-optical-drive.html
Vertex Networking,Dell - 08TTVC - Compellent Series C40 CT-040 16-Bay iSCSI Rack-Mountable SAN Storage Array,Dell - 08TTVC - Compellent Series C40 CT-040 16-Bay iSCSI Rack-Mountable SAN Storage Array Product Condition: Refurbished,https://pub-4ae70fe1d6cf4e5ea327e14b66c0ad8e.r2.dev/products/08TTVC.webp,"$1,033.00",08TTVC,https://www.vertexnetworking.co.uk/product/08ttvc-dell-compellent-series-c40-ct-040-san-storage-system-controller-enclosures.html
Vertex Networking,D4383-60041 - HP 24x Speed IDE CD-ROM Drive,D4383-60041 - HP 24x Speed IDE CD-ROM Drive Product Condition: Refurbished Miscellaneous,https://pub-4ae70fe1d6cf4e5ea327e14b66c0ad8e.r2.dev/products/D4383-60041.webp,$66.62,D4383-60041,https://www.vertexnetworking.co.uk/product/d4383-60041-hp-24x-speed-ide-cd-rom-drive.html
Vertex Networking,Q8F63A - HP Nimble Storage AF1000 Spare Controller,Q8F63A - HP Nimble Storage AF1000 Spare Controller Product Condition: Refurbished,https://pub-4ae70fe1d6cf4e5ea327e14b66c0ad8e.r2.dev/products/Q8F63A.webp,"$13,583.00",Q8F63A,https://www.vertexnetworking.co.uk/product/q8f63a-hp-nimble-storage-af1000-spare-controller.html
Vertex Networking,B7E26A - HP StoreVirtual 4530 San Array 12 X 600GB HDD Installed 7.20 TB Installed HDD Capacity,B7E26A - HP StoreVirtual 4530 San Array 12 X 600GB HDD Installed 7.20 TB Installed HDD Capacity Product Condition: Refurbished,https://pub-4ae70fe1d6cf4e5ea327e14b66c0ad8e.r2.dev/products/B7E26A.webp,"$2,252.55",B7E26A,https://www.vertexnetworking.co.uk/product/b7e26a-hp-storevirtual-4530-san-array-12-x-600gb-hdd-installed-7-20-tb-installed-hdd-capacity.html
Vertex Networking,Q8F69A - HP Nimble Storage CS220 Spare Controller,Q8F69A - HP Nimble Storage CS220 Spare Controller Product Condition: Refurbished,https://pub-4ae70fe1d6cf4e5ea327e14b66c0ad8e.r2.dev/products/Q8F69A.webp,"$13,583.00",Q8F69A,https://www.vertexnetworking.co.uk/product/q8f69a-hp-nimble-storage-cs220-spare-controller.html
Vertex Networking,D4383-60001 - HP 24x Speed IDE CD-ROM Drive,D4383-60001 - HP 24x Speed IDE CD-ROM Drive Product Condition: Refurbished,https://pub-4ae70fe1d6cf4e5ea327e14b66c0ad8e.r2.dev/products/D4383-60001.webp,$66.62,D4383-60001,https://www.vertexnetworking.co.uk/product/d4383-60001-hp-24x-speed-ide-cd-rom-drive.html
Vertex Networking,Q8F65A - HP Nimble Storage CS1000 Spare Controller,Q8F65A - HP Nimble Storage CS1000 Spare Controller Product Condition: Refurbished,https://pub-4ae70fe1d6cf4e5ea327e14b66c0ad8e.r2.dev/products/Q8F65A.webp,"$12,680.00",Q8F65A,https://www.vertexnetworking.co.uk/product/q8f65a-hp-nimble-storage-cs1000-spare-controller.html
Vertex Networking,Synology DX517 5-Bay Hot-Swap SATA 2.5-Inch SSD Storage Enclouser,Product Condition: New,https://pub-4ae70fe1d6cf4e5ea327e14b66c0ad8e.r2.dev/products/DX517.webp,$487.89,DX517,https://www.vertexnetworking.co.uk/product/dx517-synology-dx517-5-bay-expansion-enclosure.html
Vertex Networking,Q8F64A - HP Nimble Storage CS1000H Spare Controller,Q8F64A - HP Nimble Storage CS1000H Spare Controller Product Condition: Refurbished,https://pub-4ae70fe1d6cf4e5ea327e14b66c0ad8e.r2.dev/products/Q8F64A.webp,"$11,848.00",Q8F64A,https://www.vertexnetworking.co.uk/product/q8f64a-hp-nimble-storage-cs1000h-spare-controller.html
Vertex Networking,Q8F70A - HP Nimble Storage CS235 Spare Controller,Q8F70A - HP Nimble Storage CS235 Spare Controller Product Condition: Refurbished,https://pub-4ae70fe1d6cf4e5ea327e14b66c0ad8e.r2.dev/products/Q8F70A.webp,"$11,848.00",Q8F70A,https://www.vertexnetworking.co.uk/product/q8f70a-hp-nimble-storage-cs235-spare-controller.html
Vertex Networking,AW526A - HP StorageWorks D2700 Hard Drive Array 25 x HDD 12.50 TB Installed HDD Capacity RAID Supported 25 x Total Bays 2U Rack-mountable,AW526A - HP StorageWorks D2700 Hard Drive Array 25 x HDD 12.50 TB Installed HDD Capacity RAID Supported 25 x Total Bays 2U Rack-mountable Product Condition: Refurbished,https://pub-4ae70fe1d6cf4e5ea327e14b66c0ad8e.r2.dev/products/AW526A.webp,"$5,004.43",AW526A,https://www.vertexnetworking.co.uk/product/aw526a-hp-storageworks-d2700-hard-drive-array-25-x-hdd-installed-12-50-tb-installed-hdd-capacity-raid-supported-25-x-total-bays-2u-rack-mountable.html
Vertex Networking,Q8F68A - HP Nimble Storage CS220 Spare Controller,Q8F68A - HP Nimble Storage CS220 Spare Controller Product Condition: Refurbished,https://pub-4ae70fe1d6cf4e5ea327e14b66c0ad8e.r2.dev/products/Q8F68A.webp,"$11,394.00",Q8F68A,https://www.vertexnetworking.co.uk/product/q8f68a-hp-nimble-storage-cs220-spare-controller.html
Vertex Networking,D4383-60021 - HP 24x Speed IDE CD-ROM Drive,D4383-60021 - HP 24x Speed IDE CD-ROM Drive Product Condition: Refurbished,https://pub-4ae70fe1d6cf4e5ea327e14b66c0ad8e.r2.dev/products/D4383-60021.webp,$66.62,D4383-60021,https://www.vertexnetworking.co.uk/product/d4383-60021-hp-24x-speed-ide-cd-rom-drive.html
Vertex Networking,QNAP TR-002 - Hard Drive Array,QNAP TR-002 - Hard Drive Array Product Condition: New,https://pub-4ae70fe1d6cf4e5ea327e14b66c0ad8e.r2.dev/products/TR-002-US.webp,$205.93,TR-002-US,https://www.vertexnetworking.co.uk/product/qnap-tr-002-hard-drive-array.html
Vertex Networking,BB877A - HP StoreOnce 2700 8TB 7200RPM SCSI Hot-Swappable 3.5-inch Rack-Mountable NAS Server,BB877A - HP StoreOnce 2700 8TB 7200RPM SCSI Hot-Swappable 3.5-inch Rack-Mountable NAS Server Product Condition: Refurbished,https://pub-4ae70fe1d6cf4e5ea327e14b66c0ad8e.r2.dev/products/BB877A.webp,"$3,798.35",BB877A,https://www.vertexnetworking.co.uk/product/bb877a-hp-storeonce-2700-8tb-7200rpm-scsi-hot-swappable-3-5-inch-rack-mountable-nas-server.html
Vertex Networking,D4382-60001 - HP 16x Speed IDE 5.25-inch CD-ROM Drive,D4382-60001 - HP 16x Speed IDE 5.25-inch CD-ROM Drive Product Condition: Refurbished,https://pub-4ae70fe1d6cf4e5ea327e14b66c0ad8e.r2.dev/products/D4382-60001.webp,$66.62,D4382-60001,https://www.vertexnetworking.co.uk/product/d4382-60001-hp-16x-speed-ide-5-25-inch-cd-rom-drive.html
Vertex Networking,D4383-60031 - HP 24x Speed IDE CD-ROM Drive,D4383-60031 - HP 24x Speed IDE CD-ROM Drive Product Condition: Refurbished,https://pub-4ae70fe1d6cf4e5ea327e14b66c0ad8e.r2.dev/products/D4383-60031.webp,$66.62,D4383-60031,https://www.vertexnetworking.co.uk/product/d4383-60031-hp-24x-speed-ide-cd-rom-drive.html
Vertex Networking,Q1592-60003 - HP DVD+RW Pluggable Optical Drive,Q1592-60003 - HP DVD+RW Pluggable Optical Drive Product Condition: Refurbished,https://pub-4ae70fe1d6cf4e5ea327e14b66c0ad8e.r2.dev/products/Q1592-60003.webp,$91.43,Q1592-60003,https://www.vertexnetworking.co.uk/product/q1592-60003-hp-dvd-rw-pluggable-optical-drive.html
Vertex Networking,P4388-60006 - HP 16x Speed IDE DVD-ROM,P4388-60006 - HP 16x Speed IDE DVD-ROM Product Condition: Refurbished,https://pub-4ae70fe1d6cf4e5ea327e14b66c0ad8e.r2.dev/products/P4388-60006.webp,$131.28,P4388-60006,https://www.vertexnetworking.co.uk/product/p4388-60006-hp-16x-speed-ide-dvd-rom.html
Vertex Networking,173834-001 - HP ProLiant DL360 CD-ROM Module,173834-001 - HP ProLiant DL360 CD-ROM Module Product Condition: Refurbished Miscellaneous,https://pub-4ae70fe1d6cf4e5ea327e14b66c0ad8e.r2.dev/products/173834-001.webp,$66.62,173834-001,https://www.vertexnetworking.co.uk/product/173834-001-hp-proliant-dl360-cd-rom-module.html
Vertex Networking,176135-E30 - HP 48x Speed CD-ROM IDE Internal Optical Drive,176135-E30 - HP 48x Speed CD-ROM IDE Internal Optical Drive Product Condition: Refurbished Miscellaneous,https://pub-4ae70fe1d6cf4e5ea327e14b66c0ad8e.r2.dev/products/176135-E30.webp,$66.62,176135-E30,https://www.vertexnetworking.co.uk/product/176135-e30-hp-48x-speed-cd-rom-ide-internal-optical-drive.html
Vertex Networking,344541-001 - HP 48X Speed ATAPI/IDE CD-ROM Optical Drive for xw9300 Workstation,344541-001 - HP 48X Speed ATAPI/IDE CD-ROM Optical Drive for xw9300 Workstation Product Condition: Refurbished,https://pub-4ae70fe1d6cf4e5ea327e14b66c0ad8e.r2.dev/products/344541-001.webp,$66.62,344541-001,https://www.vertexnetworking.co.uk/product/344541-001-hp-48x-speed-atapi-ide-cd-rom-optical-drive-for-xw9300-workstation.html
Vertex Networking,173549-001 - HP / Compaq CD-RW Drive for Deskpro,173549-001 - HP / Compaq CD-RW Drive for Deskpro Product Condition: Refurbished Miscellaneous,https://pub-4ae70fe1d6cf4e5ea327e14b66c0ad8e.r2.dev/products/173549-001.webp,$74.14,173549-001,https://www.vertexnetworking.co.uk/product/173549-001-hp-compaq-cd-rw-drive-for-deskpro.html
Vertex Networking,Q1592-67201 - HP DVD+RW Pluggable Optical Drive,Q1592-67201 - HP DVD+RW Pluggable Optical Drive Product Condition: Refurbished Miscellaneous,https://pub-4ae70fe1d6cf4e5ea327e14b66c0ad8e.r2.dev/products/Q1592-67201.webp,$91.43,Q1592-67201,https://www.vertexnetworking.co.uk/product/q1592-67201-hp-dvd-rw-pluggable-optical-drive.html
Vertex Networking,Dell - CC773 - 24X CD-RW DVD SFF Combo Drive,Dell - CC773 - 24X CD-RW DVD SFF Combo Drive Product Condition: Refurbished,https://pub-4ae70fe1d6cf4e5ea327e14b66c0ad8e.r2.dev/products/CC773.webp,$86.17,CC773,https://www.vertexnetworking.co.uk/product/cc773-dell-24x-cd-rw-dvd-combo-drive.html
Vertex Networking,AG716A - HP StorageWorks 70 Modular Smart Array,AG716A - HP StorageWorks 70 Modular Smart Array Product Condition: Refurbished,https://pub-4ae70fe1d6cf4e5ea327e14b66c0ad8e.r2.dev/products/AG716A.webp,"$11,155.00",AG716A,https://www.vertexnetworking.co.uk/product/hp-storageworks-hard-drive-array-8-x-hdd-installed-576-gb-installed-hdd-capacity-serial-attached-scsi-sas-controller-25-x-total-ba.html
Vertex Networking,Q2030A - HP UDO Disk 30GB Write Once New,Q2030A - HP UDO Disk 30GB Write Once New Product Condition: New Miscellaneous,https://pub-4ae70fe1d6cf4e5ea327e14b66c0ad8e.r2.dev/products/Q2030A.webp,$91.43,Q2030A,https://www.vertexnetworking.co.uk/product/q2030a-hp-udo-disk-30gb-write-once-new.html
Vertex Networking,Dell - MD3460 PowerVault 60 x 2.53.5 Bp 2 x Dual Controllers 2 x Power Supply Storage Array System,"Dell - MD3460 PowerVault 60 x 2.53.5 Bp 2 x Dual Controllers 2 x Power Supply Storage Array System Product Condition: Refurbished General Information Product Type Hard Drive Technical Information RPM 7200 Drive Type Internal Drive Width 2.5"" Interfaces/Ports Drive Interface SAS Interface Standard 6Gb/s SAS Miscellaneous Compliance Standards WEEE,RoHS Assembly Required Yes Eco Friendly Yes",https://pub-4ae70fe1d6cf4e5ea327e14b66c0ad8e.r2.dev/products/MD3460.webp,"$3,199.92",MD3460,https://www.vertexnetworking.co.uk/product/md3460-dell-powervault-60-x-2-53-5-bp-2-x-dual-controllers-2-x-power-supply-storage-array-system.html
Vertex Networking,173747-001 - HP 8 / 4 / 32x Internal CD-RW Drive,173747-001 - HP 8 / 4 / 32x Internal CD-RW Drive Product Condition: Refurbished,https://pub-4ae70fe1d6cf4e5ea327e14b66c0ad8e.r2.dev/products/173747-001.webp,$149.32,173747-001,https://www.vertexnetworking.co.uk/product/173747-001-hp-8-4-32x-internal-cd-rw-drive.html
Vertex Networking,P9513 - Dell 16X DVD-RW Drive,P9513 - Dell 16X DVD-RW Drive Product Condition: Refurbished,https://pub-4ae70fe1d6cf4e5ea327e14b66c0ad8e.r2.dev/products/P9513.webp,$113.98,P9513,https://www.vertexnetworking.co.uk/product/p9513-dell-16x-dvd-rw-drive.html
Vertex Networking,344548-001 - HP 48x/32x/48X Speed IDE CD-RW Optical Drive,344548-001 - HP 48x/32x/48X Speed IDE CD-RW Optical Drive Product Condition: Refurbished,https://pub-4ae70fe1d6cf4e5ea327e14b66c0ad8e.r2.dev/products/344548-001.webp,$66.62,344548-001,https://www.vertexnetworking.co.uk/product/344548-001-hp-48x-32x-48x-speed-ide-cd-rw-optical-drive.html
Vertex Networking,176135-MD1 - HP 48x Speed CD-ROM Optical Drive,176135-MD1 - HP 48x Speed CD-ROM Optical Drive Product Condition: Refurbished Miscellaneous,https://pub-4ae70fe1d6cf4e5ea327e14b66c0ad8e.r2.dev/products/176135-MD1.webp,$66.62,176135-MD1,https://www.vertexnetworking.co.uk/product/176135-md1-hp-48x-speed-cd-rom-optical-drive.html
Vertex Networking,343791-B21 - HP 24x/8X Speed EIDE/ATAPI CD-RW/DVD-ROM Optical Drive,343791-B21 - HP 24x/8X Speed EIDE/ATAPI CD-RW/DVD-ROM Optical Drive Product Condition: Refurbished,https://pub-4ae70fe1d6cf4e5ea327e14b66c0ad8e.r2.dev/products/343791-B21.webp,$86.17,343791-B21,https://www.vertexnetworking.co.uk/product/343791-b21-hp-24x-8x-speed-eide-atapi-cd-rw-dvd-rom-optical-drive.html
Vertex Networking,168003-9D5 - HP IDE CD/ DVD-ROM Drive for ProLiant DL360 G4 Server,168003-9D5 - HP IDE CD/ DVD-ROM Drive for ProLiant DL360 G4 Server Product Condition: Refurbished Miscellaneous,https://pub-4ae70fe1d6cf4e5ea327e14b66c0ad8e.r2.dev/products/168003-9D5.webp,$66.62,168003-9D5,https://www.vertexnetworking.co.uk/product/168003-9d5-hp-ide-cd-dvd-rom-drive-for-proliant-dl360-g4-server.html
Vertex Networking,P664Y - Dell Super Multi DVD Writer,P664Y - Dell Super Multi DVD Writer Product Condition: Refurbished,https://pub-4ae70fe1d6cf4e5ea327e14b66c0ad8e.r2.dev/products/P664Y.webp,$66.62,P664Y,https://www.vertexnetworking.co.uk/product/p664y-dell-super-multi-dvd-writer.html
Vertex Networking,173949-001 - Compaq Slimline DVD-ROM drive,173949-001 - Compaq Slimline DVD-ROM drive Product Condition: Refurbished Miscellaneous,https://pub-4ae70fe1d6cf4e5ea327e14b66c0ad8e.r2.dev/products/173949-001.webp,$66.62,173949-001,https://www.vertexnetworking.co.uk/product/173949-001-compaq-slimline-dvd-rom-drive.html
Vertex Networking,176135-630 - HP 48x Speed CD-ROM Optical Drive for Workstation Evo W8000 / 6000,176135-630 - HP 48x Speed CD-ROM Optical Drive for Workstation Evo W8000 / 6000 Product Condition: Refurbished Miscellaneous,https://pub-4ae70fe1d6cf4e5ea327e14b66c0ad8e.r2.dev/products/176135-630.webp,$66.62,176135-630,https://www.vertexnetworking.co.uk/product/176135-630-hp-48x-speed-cd-rom-optical-drive-for-workstation-evo-w8000-6000.html
Vertex Networking,179137-706 - Compaq 32x Internal IDE CD-ROM Drive,179137-706 - Compaq 32x Internal IDE CD-ROM Drive Product Condition: Refurbished,https://pub-4ae70fe1d6cf4e5ea327e14b66c0ad8e.r2.dev/products/179137-706.webp,$66.62,179137-706,https://www.vertexnetworking.co.uk/product/179137-706-compaq-32x-internal-ide-cd-rom-drive.html
Vertex Networking,339811-001 - HP 8x 50-Pin Slimline DVD-ROM Optical Drive for ProLiant DL740 / DL760 G2,339811-001 - HP 8x 50-Pin Slimline DVD-ROM Optical Drive for ProLiant DL740 / DL760 G2 Product Condition: Refurbished,https://pub-4ae70fe1d6cf4e5ea327e14b66c0ad8e.r2.dev/products/339811-001.webp,$149.32,339811-001,https://www.vertexnetworking.co.uk/product/339811-001-hp-8x-50-pin-slimline-dvd-rom-optical-drive-for-proliant-dl740-dl760-g2.html
Vertex Networking,0MKT6V - Dell DVD-ROM SATA Optical Drive,0MKT6V - Dell DVD-ROM SATA Optical Drive Product Condition: Refurbished,https://pub-4ae70fe1d6cf4e5ea327e14b66c0ad8e.r2.dev/products/0MKT6V.webp,$66.62,0MKT6V,https://www.vertexnetworking.co.uk/product/dell-dvd-rom-sata-optical-drive.html
Vertex Networking,080N64 - Dell 8x DVD-ROM SlimLine 12.7mm SATA Optical Drive for PowerEdge R420 / R920,080N64 - Dell 8x DVD-ROM SlimLine 12.7mm SATA Optical Drive for PowerEdge R420 / R920 Product Condition: Refurbished,https://pub-4ae70fe1d6cf4e5ea327e14b66c0ad8e.r2.dev/products/080N64.webp,$66.62,080N64,https://www.vertexnetworking.co.uk/product/080n64-dell-8x-dvd-rom-slimline-12-7mm-sata-optical-drive-for-poweredge-r420-r920.html
Vertex Networking,168003-930 - HP 8X SlimLine Multibay IDE DVD-ROM Optical Drive for nc4000 Notebook,168003-930 - HP 8X SlimLine Multibay IDE DVD-ROM Optical Drive for nc4000 Notebook Product Condition: Refurbished,https://pub-4ae70fe1d6cf4e5ea327e14b66c0ad8e.r2.dev/products/168003-930.webp,$74.14,168003-930,https://www.vertexnetworking.co.uk/product/168003-930-hp-8x-slimline-multibay-ide-dvd-rom-optical-drive-for-nc4000-notebook.html
Vertex Networking,N6GN3 - Dell 8x Speed SATA Slimline DVD-RW Optical Drive for PowerEdge R610,N6GN3 - Dell 8x Speed SATA Slimline DVD-RW Optical Drive for PowerEdge R610 Product Condition: Refurbished,https://pub-4ae70fe1d6cf4e5ea327e14b66c0ad8e.r2.dev/products/N6GN3.webp,$71.13,N6GN3,https://www.vertexnetworking.co.uk/product/n6gn3-dell-8x-speed-sata-slimline-dvd-rw-optical-drive-for-poweredge-r610.html
Vertex Networking,CRX330E - Sony 48X/32X/48X/16X IDE Internal CD-RW/DVD-ROM Combo Drive,CRX330E - Sony 48X/32X/48X/16X IDE Internal CD-RW/DVD-ROM Combo Drive Product Condition: Refurbished,https://pub-4ae70fe1d6cf4e5ea327e14b66c0ad8e.r2.dev/products/CRX330E.webp,$149.32,CRX330E,https://www.vertexnetworking.co.uk/product/crx330e-sony-48x-32x-48x-16x-ide-internal-cd-rw-dvd-rom-combo-drive.html
Vertex Networking,172717-001 - HP / Compaq 4x Internal IDE CD-ROM Drive,172717-001 - HP / Compaq 4x Internal IDE CD-ROM Drive Product Condition: Refurbished,https://pub-4ae70fe1d6cf4e5ea327e14b66c0ad8e.r2.dev/products/172717-001.webp,$66.62,172717-001,https://www.vertexnetworking.co.uk/product/172717-001-hp-compaq-4x-internal-ide-cd-rom-drive.html
Vertex Networking,RMO-S561 - Sony 9.1GB EXTERNAL MAGNETO Optical SCSI Drive,RMO-S561 - Sony 9.1GB EXTERNAL MAGNETO Optical SCSI Drive Product Condition: Refurbished,https://pub-4ae70fe1d6cf4e5ea327e14b66c0ad8e.r2.dev/products/RMO-S561.webp,$344.81,RMO-S561,https://www.vertexnetworking.co.uk/product/rmo-s561-sony-9-1gb-external-magneto-optical-scsi-drive.html
Vertex Networking,170718-001 - HP IDE DVD-ROM Drive for Presario 4000 / 4600 Series,170718-001 - HP IDE DVD-ROM Drive for Presario 4000 / 4600 Series Product Condition: Refurbished Miscellaneous,https://pub-4ae70fe1d6cf4e5ea327e14b66c0ad8e.r2.dev/products/170718-001.webp,$96.69,170718-001,https://www.vertexnetworking.co.uk/product/170718-001-hp-ide-dvd-rom-drive-for-presario-4000-4600-series.html
Vertex Networking,Dell - R1141 - 48X 32 CD-ROM RW CD Burner,Dell - R1141 - 48X 32 CD-ROM RW CD Burner Product Condition: Refurbished,https://pub-4ae70fe1d6cf4e5ea327e14b66c0ad8e.r2.dev/products/R1141.webp,$111.73,R1141,https://www.vertexnetworking.co.uk/product/r1141-dell-48x32-cd-rom-rw-cd-burner.html
Vertex Networking,166896-001 - HP / Compaq 24x IDE CD-ROM Drive for Deskpro 2000 / 4000,166896-001 - HP / Compaq 24x IDE CD-ROM Drive for Deskpro 2000 / 4000 Product Condition: Refurbished,https://pub-4ae70fe1d6cf4e5ea327e14b66c0ad8e.r2.dev/products/166896-001.webp,$66.62,166896-001,https://www.vertexnetworking.co.uk/product/166896-001-hp-compaq-24x-ide-cd-rom-drive-for-deskpro-2000-4000.html
Vertex Networking,33P3231 - IBM CD-Reader - Internal - 24x - IDE,33P3231 - IBM CD-Reader - Internal - 24x - IDE Product Condition: Refurbished,https://pub-4ae70fe1d6cf4e5ea327e14b66c0ad8e.r2.dev/products/33P3231.webp,$66.62,33P3231,https://www.vertexnetworking.co.uk/product/33p3231-ibm-cd-reader-internal-24x-ide.html
Vertex Networking,345567-001 - HP DVD/CD-RW/Diskette Drive Assembly for ProLiant DL320 G2 Server,345567-001 - HP DVD/CD-RW/Diskette Drive Assembly for ProLiant DL320 G2 Server Product Condition: Refurbished,https://pub-4ae70fe1d6cf4e5ea327e14b66c0ad8e.r2.dev/products/345567-001.webp,$200.45,345567-001,https://www.vertexnetworking.co.uk/product/345567-001-hp-dvd-cd-rw-diskette-drive-assembly-for-proliant-dl320-g2-server.html
Vertex Networking,168003-9D2 - HP 8X Speed DVD-ROM Optical Drive for ProLiant DL140 G2 Server,168003-9D2 - HP 8X Speed DVD-ROM Optical Drive for ProLiant DL140 G2 Server Product Condition: Refurbished,https://pub-4ae70fe1d6cf4e5ea327e14b66c0ad8e.r2.dev/products/168003-9D2.webp,$141.80,168003-9D2,https://www.vertexnetworking.co.uk/product/168003-9d2-hp-8x-speed-dvd-rom-optical-drive-for-proliant-dl140-g2-server.html
Vertex Networking,R7379 - Dell DVD+ RW Drive for Latitude D Series,R7379 - Dell DVD+ RW Drive for Latitude D Series Product Condition: Refurbished,https://pub-4ae70fe1d6cf4e5ea327e14b66c0ad8e.r2.dev/products/R7379.webp,$66.62,R7379,https://www.vertexnetworking.co.uk/product/r7379-dell-dvd-rw-drive-for-latitude-d-series.html
Vertex Networking,168003-9D1 - HP 8x Multi Bay IDE DVD-ROM Slimline Optical Drive,168003-9D1 - HP 8x Multi Bay IDE DVD-ROM Slimline Optical Drive Product Condition: Refurbished Miscellaneous,https://pub-4ae70fe1d6cf4e5ea327e14b66c0ad8e.r2.dev/products/168003-9D1.webp,$66.62,168003-9D1,https://www.vertexnetworking.co.uk/product/168003-9d1-hp-8x-multi-bay-ide-dvd-rom-slimline-optical-drive.html
Vertex Networking,344547-MDO - HP 32X/ 48X Speed IDE CD-RW Optical Drive,344547-MDO - HP 32X/ 48X Speed IDE CD-RW Optical Drive Product Condition: Refurbished,https://pub-4ae70fe1d6cf4e5ea327e14b66c0ad8e.r2.dev/products/344547-MDO.webp,$66.62,344547-MDO,https://www.vertexnetworking.co.uk/product/344547-mdo-hp-32x-48x-speed-ide-cd-rw-optical-drive.html
Vertex Networking,338732-B21 - HP 24x Slimline CD-ROM Drive,338732-B21 - HP 24x Slimline CD-ROM Drive Product Condition: Refurbished,https://pub-4ae70fe1d6cf4e5ea327e14b66c0ad8e.r2.dev/products/338732-B21.webp,$66.62,338732-B21,https://www.vertexnetworking.co.uk/product/338732-b21-hp-24x-slimline-cd-rom-drive.html
Vertex Networking,166869-001 - HP 24X Max Speed IDE CD-ROM Drive for AlphaStation XP1000,166869-001 - HP 24X Max Speed IDE CD-ROM Drive for AlphaStation XP1000 Product Condition: Refurbished,https://pub-4ae70fe1d6cf4e5ea327e14b66c0ad8e.r2.dev/products/166869-001.webp,$66.62,166869-001,https://www.vertexnetworking.co.uk/product/166869-001-hp-24x-max-speed-ide-cd-rom-drive-for-alphastation-xp1000.html
Vertex Networking,0TT2M - Dell 8x SATA DVD-RW Dual Layer Drive for Inspiron N7110 17,0TT2M - Dell 8x SATA DVD-RW Dual Layer Drive for Inspiron N7110 17 Product Condition: Refurbished,https://pub-4ae70fe1d6cf4e5ea327e14b66c0ad8e.r2.dev/products/0TT2M.webp,$66.62,0TT2M,https://www.vertexnetworking.co.uk/product/0tt2m-dell-8x-sata-dvd-rw-dual-layer-drive-for-inspiron-n7110-17.html
Vertex Networking,Dell - H2YKY - 8x CD DVD-RW Slimline Optical Drive,Dell - H2YKY - 8x CD DVD-RW Slimline Optical Drive Product Condition: Refurbished,https://pub-4ae70fe1d6cf4e5ea327e14b66c0ad8e.r2.dev/products/H2YKY.webp,$74.14,H2YKY,https://www.vertexnetworking.co.uk/product/h2yky-dell-optical-slim-dvd-rw-drive.html
Vertex Networking,0U827 - Dell 24X CD-ROM Unit and CD-RW Unit,0U827 - Dell 24X CD-ROM Unit and CD-RW Unit Product Condition: Refurbished,https://pub-4ae70fe1d6cf4e5ea327e14b66c0ad8e.r2.dev/products/0U827.webp,$74.14,0U827,https://www.vertexnetworking.co.uk/product/0u827-dell-24x-cd-rom-unit-and-cd-rw-unit.html
Vertex Networking,R496H - Dell Optical Drive DVD-RW Latitude E5400,R496H - Dell Optical Drive DVD-RW Latitude E5400 Product Condition: Refurbished,https://pub-4ae70fe1d6cf4e5ea327e14b66c0ad8e.r2.dev/products/R496H.webp,$86.17,R496H,https://www.vertexnetworking.co.uk/product/r496h-dell-optical-drive-dvd-rw-latitude-e5400.html
Vertex Networking,M6932 - Dell CD-RW/DVD Combo Drive for Inspiron 700m,M6932 - Dell CD-RW/DVD Combo Drive for Inspiron 700m Product Condition: Refurbished,https://pub-4ae70fe1d6cf4e5ea327e14b66c0ad8e.r2.dev/products/M6932.webp,$66.62,M6932,https://www.vertexnetworking.co.uk/product/m6932-dell-cd-rw-dvd-combo-drive-for-inspiron-700m.html
Vertex Networking,0T730 - Dell 24X CD-ROM Unit and CD-RW Unit,0T730 - Dell 24X CD-ROM Unit and CD-RW Unit Product Condition: Refurbished,https://pub-4ae70fe1d6cf4e5ea327e14b66c0ad8e.r2.dev/products/0T730.webp,$131.28,0T730,https://www.vertexnetworking.co.uk/product/0t730-dell-24x-cd-rom-unit-and-cd-rw-unit.html
Vertex Networking,Dell 04V7F1 Slim 8X DVD-RW Optical Drive,Product Condition: Refurbished,https://pub-4ae70fe1d6cf4e5ea327e14b66c0ad8e.r2.dev/products/04V7F1.webp,$66.62,04V7F1,https://www.vertexnetworking.co.uk/product/dell-04v7f1-slim-8x-dvd-rw-optical-drive.html
Vertex Networking,0RGN3 - Dell DVD+R/RW Slim SATA Drive (Black),0RGN3 - Dell DVD+R/RW Slim SATA Drive (Black) Product Condition: New,https://pub-4ae70fe1d6cf4e5ea327e14b66c0ad8e.r2.dev/products/0RGN3.webp,$116.24,0RGN3,https://www.vertexnetworking.co.uk/product/0rgn3-dell-dvd-r-rw-slim-sata-drive-black.html
Vertex Networking,176432-679 - HP 40x Speed CD-ROM Optical Drive,176432-679 - HP 40x Speed CD-ROM Optical Drive Product Condition: Refurbished,https://pub-4ae70fe1d6cf4e5ea327e14b66c0ad8e.r2.dev/products/176432-679.webp,$80.15,176432-679,https://www.vertexnetworking.co.uk/product/176432-679-hp-40x-speed-cd-rom-optical-drive.html
Vertex Networking,100044-001 - HP 24XMax Speed IDE Slimline CD-ROM Optical Drive for nc6000 Notebook,100044-001 - HP 24XMax Speed IDE Slimline CD-ROM Optical Drive for nc6000 Notebook Product Condition: Refurbished Miscellaneous,https://pub-4ae70fe1d6cf4e5ea327e14b66c0ad8e.r2.dev/products/100044-001.webp,$66.62,100044-001,https://www.vertexnetworking.co.uk/product/100044-001-hp-24xmax-speed-ide-slimline-cd-rom-optical-drive-for-nc6000-notebook.html
Vertex Networking,120893-001 - HP / Compaq 4x / 4x / 24x CD-RW Drive,120893-001 - HP / Compaq 4x / 4x / 24x CD-RW Drive Product Condition: Refurbished,https://pub-4ae70fe1d6cf4e5ea327e14b66c0ad8e.r2.dev/products/120893-001.webp,$76.39,120893-001,https://www.vertexnetworking.co.uk/product/120893-001-hp-compaq-4x-4x-24x-cd-rw-drive.html
Vertex Networking,127434-208 - HP 32X Speed IDE CD-ROM for ProLiant 1600 Server,127434-208 - HP 32X Speed IDE CD-ROM for ProLiant 1600 Server Product Condition: Refurbished Miscellaneous,https://pub-4ae70fe1d6cf4e5ea327e14b66c0ad8e.r2.dev/products/127434-208.webp,$66.62,127434-208,https://www.vertexnetworking.co.uk/product/127434-208-hp-32x-speed-ide-cd-rom-for-proliant-1600-server.html
Vertex Networking,0G150 - Dell 8X CD-RW Drive for Latitude C Series and Inspiron Series,0G150 - Dell 8X CD-RW Drive for Latitude C Series and Inspiron Series Product Condition: Refurbished,https://pub-4ae70fe1d6cf4e5ea327e14b66c0ad8e.r2.dev/products/0G150.webp,$66.62,0G150,https://www.vertexnetworking.co.uk/product/0g150-dell-8x-cd-rw-drive-for-latitude-c-series-and-inspiron-series.html
Vertex Networking,120417-001 - HP IDE DVD-ROM Drive for Deskpro Workstation AP250,120417-001 - HP IDE DVD-ROM Drive for Deskpro Workstation AP250 Product Condition: Refurbished,https://pub-4ae70fe1d6cf4e5ea327e14b66c0ad8e.r2.dev/products/120417-001.webp,$108.72,120417-001,https://www.vertexnetworking.co.uk/product/120417-001-hp-ide-dvd-rom-drive-for-deskpro-workstation-ap250.html
Vertex Networking,H2606 - Dell 8X SATA Slimline CD-RW/DVD Combo Drive (Black),H2606 - Dell 8X SATA Slimline CD-RW/DVD Combo Drive (Black) Product Condition: Refurbished,https://pub-4ae70fe1d6cf4e5ea327e14b66c0ad8e.r2.dev/products/H2606.webp,$74.14,H2606,https://www.vertexnetworking.co.uk/product/h2606-dell-8x-sata-slimline-cd-rw-dvd-combo-drive-black.html
Vertex Networking,H426H - Dell Assembly DVD+/-rwbare Toshiba,H426H - Dell Assembly DVD+/-rwbare Toshiba Product Condition: Refurbished,https://pub-4ae70fe1d6cf4e5ea327e14b66c0ad8e.r2.dev/products/H426H.webp,$101.20,H426H,https://www.vertexnetworking.co.uk/product/h426h-dell-assembly-dvd-rwbare-toshiba.html
Vertex Networking,Dell - R451X - 8x DVD/RW SATA Dual Layer Internal Optical Drive for Latitude E6420/ E6520,Dell - R451X - 8x DVD/RW SATA Dual Layer Internal Optical Drive for Latitude E6420/ E6520 Product Condition: Refurbished,https://pub-4ae70fe1d6cf4e5ea327e14b66c0ad8e.r2.dev/products/R451X.webp,$66.62,R451X,https://www.vertexnetworking.co.uk/product/r451x-dell-8x-dvd-rw-sata-dual-layer-internal-optical-drive-for-latitude-e6420-e6520.html
Vertex Networking,Dell - H8074 - OptiPlex GX270 Slimline 1.44MB Floppy Drive,Dell - H8074 - OptiPlex GX270 Slimline 1.44MB Floppy Drive Product Condition: Refurbished,https://pub-4ae70fe1d6cf4e5ea327e14b66c0ad8e.r2.dev/products/H8074.webp,$66.62,H8074,https://www.vertexnetworking.co.uk/product/h8074-dell-slimline-1-44mb-floppy-drive.html
Vertex Networking,179137-201 - HP 32x Speed CD-ROM Drive,179137-201 - HP 32x Speed CD-ROM Drive Product Condition: Refurbished Miscellaneous,https://pub-4ae70fe1d6cf4e5ea327e14b66c0ad8e.r2.dev/products/179137-201.webp,$66.62,179137-201,https://www.vertexnetworking.co.uk/product/179137-201-hp-32x-speed-cd-rom-drive.html
Vertex Networking,127434-705 - HP 32X Speed IDE CD-ROM for ProLiant ML330 /ML350 Server,127434-705 - HP 32X Speed IDE CD-ROM for ProLiant ML330 /ML350 Server Product Condition: Refurbished,https://pub-4ae70fe1d6cf4e5ea327e14b66c0ad8e.r2.dev/products/127434-705.webp,$74.14,127434-705,https://www.vertexnetworking.co.uk/product/127434-705-hp-32x-speed-ide-cd-rom-for-proliant-ml330-ml350-server.html
Vertex Networking,Dell 07RDMR Slimline 8x SATA DVD-ROM Internal Drive,Product Condition: Refurbished,https://pub-4ae70fe1d6cf4e5ea327e14b66c0ad8e.r2.dev/products/07RDMR.webp,$90.00,07RDMR,https://www.vertexnetworking.co.uk/product/dell-07rdmr-slimline-8x-sata-dvd-rom-internal-drive.html
Vertex Networking,Dell YNX23 16x SATA CD/DVD+/-RW Half Height Optical Drive,Product Condition: Refurbished,https://pub-4ae70fe1d6cf4e5ea327e14b66c0ad8e.r2.dev/products/YNX23.webp,$66.62,YNX23,https://www.vertexnetworking.co.uk/product/dell-ynx23-sata-16x-dvd-rw-disk-drive.html
Vertex Networking,27NC0 - Dell Slimline SATA DVD-Rewritable Optical Drive,27NC0 - Dell Slimline SATA DVD-Rewritable Optical Drive Product Condition: Refurbished,https://pub-4ae70fe1d6cf4e5ea327e14b66c0ad8e.r2.dev/products/27NC0.webp,$38.00,27NC0,https://www.vertexnetworking.co.uk/product/27nc0-dell-slimline-sata-dvd-rewritable-optical-drive.html
Vertex Networking,KVXM6 - Dell 8X SATA Internal DVD-ROM Drive for PowerEdge R710 Server,KVXM6 - Dell 8X SATA Internal DVD-ROM Drive for PowerEdge R710 Server,https://pub-4ae70fe1d6cf4e5ea327e14b66c0ad8e.r2.dev/products/KVXM6.webp,$90.00,KVXM6,https://www.vertexnetworking.co.uk/product/kvxm6-dell-8x-sata-internal-dvd-rom-drive-for-poweredge-r710-server.html
Vertex Networking,Dell - 0TWXR6 Slimline DVD ROM,Dell - 0TWXR6 Slimline DVD ROM Product Condition: Refurbished,https://pub-4ae70fe1d6cf4e5ea327e14b66c0ad8e.r2.dev/products/0TWXR6.webp,$66.62,0TWXR6,https://www.vertexnetworking.co.uk/product/0twxr6-dell-slimline-dvd-rom.html
Vertex Networking,42R5292 - IBM 4.7GB IDE Slimline DVD-ROM Drive,42R5292 - IBM 4.7GB IDE Slimline DVD-ROM Drive Product Condition: Refurbished,https://pub-4ae70fe1d6cf4e5ea327e14b66c0ad8e.r2.dev/products/42R5292.webp,$55.00,42R5292,https://www.vertexnetworking.co.uk/product/42r5292-ibm-4-7gb-ide-slimline-dvd-rom-drive-954793.html
Vertex Networking,Dell 027NC0 12.7mm DVD/CD RW Drive for PowerEdge R610,Product Condition: Refurbished,https://pub-4ae70fe1d6cf4e5ea327e14b66c0ad8e.r2.dev/products/027NC0.webp,$65.00,027NC0,https://www.vertexnetworking.co.uk/product/dell-027nc0-12-7mm-dvd-cd-rw-drive-for-poweredge-r610.html
Vertex Networking,Dell TTYK0 8X DVD+/-RW SATA Dual Layer Burner Drive,Product Condition: Refurbished,https://pub-4ae70fe1d6cf4e5ea327e14b66c0ad8e.r2.dev/products/TTYK0.webp,$88.00,TTYK0,https://www.vertexnetworking.co.uk/product/dell-ttyk0-8x-dvd-rw-sata-dual-layer-burner-drive-for-inspiron-15r-5537-5521.html
Vertex Networking,Dell 0HCHD9 SATA Slimline DVD Rewritable Optical Drive for PowerEdge Servers,Dell 0HCHD9 SATA Slimline DVD Rewritable Optical Drive for PowerEdge Servers Product Condition: Refurbished,https://pub-4ae70fe1d6cf4e5ea327e14b66c0ad8e.r2.dev/products/0HCHD9.webp,$66.62,0HCHD9,https://www.vertexnetworking.co.uk/product/dell-0hchd9-dvd-rw-slimline-optical-rom-drive.html
Vertex Networking,CTYDR - Dell 8X External USB DVD-RW Drive,CTYDR - Dell 8X External USB DVD-RW Drive Product Condition: Refurbished Miscellaneous,https://pub-4ae70fe1d6cf4e5ea327e14b66c0ad8e.r2.dev/products/CTYDR.webp,$96.00,CTYDR,https://www.vertexnetworking.co.uk/product/ctydr-dell-8x-external-usb-dvd-rw-drive.html
Vertex Networking,HT141 - Dell Xps DVD-RW Slot Load,HT141 - Dell Xps DVD-RW Slot Load,https://pub-4ae70fe1d6cf4e5ea327e14b66c0ad8e.r2.dev/products/HT141.webp,$122.00,HT141,https://www.vertexnetworking.co.uk/product/ht141-dell-xps-dvd-rw-slot-load.html
Vertex Networking,Dell 0JGP9R SATA DVD Rewritable 5.25-Inch Optical Drive for PowerEdge T320,Dell 0JGP9R SATA DVD Rewritable 5.25-Inch Optical Drive for PowerEdge T320 Product Condition: Refurbished,https://pub-4ae70fe1d6cf4e5ea327e14b66c0ad8e.r2.dev/products/0JGP9R.webp,$81.65,0JGP9R,https://www.vertexnetworking.co.uk/product/dell-0jgp9r-sata-dvd-rw-disk-drive-for-poweredge-t320.html
Vertex Networking,120955-001 - HP 4 / 4 / 24x CD-RW Optical Drive,120955-001 - HP 4 / 4 / 24x CD-RW Optical Drive Product Condition: Refurbished,https://pub-4ae70fe1d6cf4e5ea327e14b66c0ad8e.r2.dev/products/120955-001.webp,$149.32,120955-001,https://www.vertexnetworking.co.uk/product/120955-001-hp-4-4-24x-cd-rw-optical-drive.html
Vertex Networking,Dell T7N2C 8x SATA CD/DVD+/-RW Optical Drive,Product Condition: Refurbished,https://pub-4ae70fe1d6cf4e5ea327e14b66c0ad8e.r2.dev/products/T7N2C.webp,$72.63,T7N2C,https://www.vertexnetworking.co.uk/product/dell-t7n2c-8x-dvd-rw-sata-optical-drive-latitude-e6320-e6420-e6420-atg.html
Vertex Networking,127434-205 - HP / Compaq CDR-8435 32x Speed IDE CD-ROM Drive,127434-205 - HP / Compaq CDR-8435 32x Speed IDE CD-ROM Drive Product Condition: Refurbished,https://pub-4ae70fe1d6cf4e5ea327e14b66c0ad8e.r2.dev/products/127434-205.webp,$66.62,127434-205,https://www.vertexnetworking.co.uk/product/127434-205-hp-compaq-cdr-8435-32x-speed-ide-cd-rom-drive.html
Vertex Networking,Dell 09JTVT DVD/RW Slimline SATA Optical Disk Drive,Product Condition: Refurbished,https://pub-4ae70fe1d6cf4e5ea327e14b66c0ad8e.r2.dev/products/09JTVT.webp,$66.62,09JTVT,https://www.vertexnetworking.co.uk/product/dell-09jtvt-dvd-rw-slimline-sata-optical-disk-drive-for-poweredge-r710.html
Vertex Networking,481431-001 - HP SATA DVD-RW Optical Disk Drive,481431-001 - HP SATA DVD-RW Optical Disk Drive Product Condition: Refurbished,https://pub-4ae70fe1d6cf4e5ea327e14b66c0ad8e.r2.dev/products/481431-001.webp,$80.15,481431-001,https://www.vertexnetworking.co.uk/product/481431-001-hp-sata-dvd-r-w-optical-disk-drive.html
Vertex Networking,Dell 096R30 SATA Slimline DVD Rewritable Optical Drive for PowerEdge Server,Dell 096R30 SATA Slimline DVD Rewritable Optical Drive for PowerEdge Server Product Condition: Refurbished,https://pub-4ae70fe1d6cf4e5ea327e14b66c0ad8e.r2.dev/products/096R30.webp,$66.62,096R30,https://www.vertexnetworking.co.uk/product/dell-096r30-dvd-rw-sata-optical-drive-for-poweredge-r720-servers.html
Vertex Networking,Dell 0YNX23 16x SATA CD-RW/DVD-RW Optical Drive,Product Condition: Refurbished,https://pub-4ae70fe1d6cf4e5ea327e14b66c0ad8e.r2.dev/products/0YNX23.webp,$66.62,0YNX23,https://www.vertexnetworking.co.uk/product/dell-0ynx23-sata-16x-dvd-rw-disk-drive.html
Vertex Networking,42R5293 - IBM 4.7GB IDE Slimline DVD-ROM Drive,42R5293 - IBM 4.7GB IDE Slimline DVD-ROM Drive Product Condition: Refurbished,https://pub-4ae70fe1d6cf4e5ea327e14b66c0ad8e.r2.dev/products/42R5293.webp,$55.00,42R5293,https://www.vertexnetworking.co.uk/product/42r5293-ibm-4-7gb-ide-slimline-dvd-rom-drive.html
Vertex Networking,33P3288 - IBM 48x CD-RW Optical Drive,33P3288 - IBM 48x CD-RW Optical Drive Product Condition: Refurbished,https://pub-4ae70fe1d6cf4e5ea327e14b66c0ad8e.r2.dev/products/33P3288.webp,$45.00,33P3288,https://www.vertexnetworking.co.uk/product/33p3288-ibm-48x-cd-rw-optical-drive.html
Vertex Networking,0H311J - Dell DVD-RW Drive Black for Studio 540,0H311J - Dell DVD-RW Drive Black for Studio 540 Product Condition: Refurbished,https://pub-4ae70fe1d6cf4e5ea327e14b66c0ad8e.r2.dev/products/0H311J.webp,$75.00,0H311J,https://www.vertexnetworking.co.uk/product/0h311j-dell-dvd-rw-drive-black-for-studio-540.html
Vertex Networking,Dell VFG2N 8x DVD+/-RW Slimline SATA SuperMulti,Product Condition: Refurbished,https://pub-4ae70fe1d6cf4e5ea327e14b66c0ad8e.r2.dev/products/VFG2N.webp,$85.00,VFG2N,https://www.vertexnetworking.co.uk/product/dell-vfg2n-8x-dvd-rw-slimline-sata-supermulti-internal-dvd-writer-drive-for-optiplex-755-sff.html
Vertex Networking,481428-001 - HP SATA 12.7mm Slim DVD-ROM Optical Drive for ProLiant DL360 DL380 Server,481428-001 - HP SATA 12.7mm Slim DVD-ROM Optical Drive for ProLiant DL360 DL380 Server Product Condition: Refurbished Miscellaneous,https://pub-4ae70fe1d6cf4e5ea327e14b66c0ad8e.r2.dev/products/481428-001.webp,$66.62,481428-001,https://www.vertexnetworking.co.uk/product/481428-001-hp-sata-12-7mm-slim-dvd-rom-optical-drive-for-proliant-dl360-dl380-server.html
Vertex Networking,Dell RPG4Y 8x DVD+/-RW SATA SlimLine SuperMulti,Product Condition: Refurbished,https://pub-4ae70fe1d6cf4e5ea327e14b66c0ad8e.r2.dev/products/RPG4Y.webp,$85.00,RPG4Y,https://www.vertexnetworking.co.uk/product/dell-rpg4y-8x-dvd-rw-sata-slimline-supermulti-internal-dvd-writer-drive-for-optiplex-9010.html
Vertex Networking,337273-011 - HP Slimline IDE CD-RW / DVD-ROM Combo Drive for ProLiant Server,337273-011 - HP Slimline IDE CD-RW / DVD-ROM Combo Drive for ProLiant Server,https://pub-4ae70fe1d6cf4e5ea327e14b66c0ad8e.r2.dev/products/337273-011.webp,Get a Quote for price,337273-011,https://www.vertexnetworking.co.uk/product/337273-011-hp-slimline-ide-cd-rw-dvd-rom-combo-drive-for-proliant-server.html
Vertex Networking,384069-001 - HP 16x DVD-RW Optical Drive,384069-001 - HP 16x DVD-RW Optical Drive Product Condition: Refurbished,https://pub-4ae70fe1d6cf4e5ea327e14b66c0ad8e.r2.dev/products/384069-001.webp,$50.00,384069-001,https://www.vertexnetworking.co.uk/product/384069-001-hp-16x-dvd-rw-optical-drive.html
Vertex Networking,JHN48 - Dell 8X SATA Slimline DVD-ROM Drive for PowerEdge R620,JHN48 - Dell 8X SATA Slimline DVD-ROM Drive for PowerEdge R620 Product Condition: Refurbished,https://pub-4ae70fe1d6cf4e5ea327e14b66c0ad8e.r2.dev/products/JHN48.webp,$48.00,JHN48,https://www.vertexnetworking.co.uk/product/jhn48-dell-8x-sata-slimline-dvd-rom-drive-for-poweredge-r620.html
Vertex Networking,Dell 03J08C 16x SATA DVD+/-RW Optical Drive for PowerEdge T710/T610/T410/T310,Dell 03J08C 16x SATA DVD+/-RW Optical Drive for PowerEdge T710/T610/T410/T310 Product Condition: Refurbished,https://pub-4ae70fe1d6cf4e5ea327e14b66c0ad8e.r2.dev/products/03J08C.webp,$90.00,03J08C,https://www.vertexnetworking.co.uk/product/dell-03j08c-dvd-rw-dvd-rom-optical-drive-for-poweredge-t710.html
Vertex Networking,7214-1U2 - IBM Rack Mount Media Enclosure,7214-1U2 - IBM Rack Mount Media Enclosure Product Condition: Refurbished,https://pub-4ae70fe1d6cf4e5ea327e14b66c0ad8e.r2.dev/products/7214-1U2.webp,$848.00,7214-1U2,https://www.vertexnetworking.co.uk/product/7214-1u2-ibm-rack-mount-media-enclosure.html
Vertex Networking,Dell 7RDMR 12X DVD-ROM SATA Slimline Optical Disk Drive,Product Condition: Refurbished,https://pub-4ae70fe1d6cf4e5ea327e14b66c0ad8e.r2.dev/products/7RDMR.webp,$90.00,7RDMR,https://www.vertexnetworking.co.uk/product/dell-7rdmr-12x-dvd-rom-sata-slimline-optical-disk-drive-for-poweredge-r710.html
Vertex Networking,5K4C3 - Dell SATA Slimline DVD-ROM Drive,5K4C3 - Dell SATA Slimline DVD-ROM Drive Product Condition: Refurbished,https://pub-4ae70fe1d6cf4e5ea327e14b66c0ad8e.r2.dev/products/5K4C3.webp,$66.62,5K4C3,https://www.vertexnetworking.co.uk/product/5k4c3-dell-sata-slimline-dvd-rom-drive.html
Vertex Networking,331903-B21 - HP 24x Slimline CD-RW / DVD-ROM Combo Drive,331903-B21 - HP 24x Slimline CD-RW / DVD-ROM Combo Drive Product Condition: Refurbished Miscellaneous,https://pub-4ae70fe1d6cf4e5ea327e14b66c0ad8e.r2.dev/products/331903-B21.webp,$51.58,331903-B21,https://www.vertexnetworking.co.uk/product/331903-b21-hp-24x-slimline-cd-rw-dvd-rom-combo-drive.html
Vertex Networking,Dell 8RW6T 8x DVD+RW SATA Internal SlimLine Silver,Product Condition: Refurbished,https://pub-4ae70fe1d6cf4e5ea327e14b66c0ad8e.r2.dev/products/8RW6T.webp,$90.00,8RW6T,https://www.vertexnetworking.co.uk/product/dell-8rw6t-8x-dvd-rw-sata-internal-slimline-silver-drive-for-latitude-e4300-e4310.html
Vertex Networking,Dell 0F00DD SN-208 SATA DVD-RW Optical Drive,Product Condition: Refurbished,https://pub-4ae70fe1d6cf4e5ea327e14b66c0ad8e.r2.dev/products/0F00DD.webp,$66.62,0F00DD,https://www.vertexnetworking.co.uk/product/dell-0f00dd-sn-208-sata-dvd-rw-optical-drive.html
Vertex Networking,Dell NJ3W3 Optical CD DVD Disk Drive,Product Condition: Refurbished,https://pub-4ae70fe1d6cf4e5ea327e14b66c0ad8e.r2.dev/products/NJ3W3.webp,$91.43,NJ3W3,https://www.vertexnetworking.co.uk/product/dell-nj3w3-8x-dvd-rw-sata-slimline-drive-for-7020-sff.html
Vertex Networking,Dell 0JW884 8x Slim DVD+/-RW Optical Drive for Latitude D Series,Dell 0JW884 8x Slim DVD+/-RW Optical Drive for Latitude D Series Product Condition: Refurbished,https://pub-4ae70fe1d6cf4e5ea327e14b66c0ad8e.r2.dev/products/0JW884.webp,$74.14,0JW884,https://www.vertexnetworking.co.uk/product/dell-0jw884-cd-rw-dvd-rw-combo-drive-for-latitude-d-series.html
Vertex Networking,Lenovo - 00FL353 Ultraslim Enhanced SATA Multiburner 9.5MM,Lenovo - 00FL353 Ultraslim Enhanced SATA Multiburner 9.5MM Product Condition: Refurbished,https://pub-4ae70fe1d6cf4e5ea327e14b66c0ad8e.r2.dev/products/00FL353.webp,$68.00,00FL353,https://www.vertexnetworking.co.uk/product/00fl353-lenovo-ultraslim-enhanced-sata-multiburner-9-5mm.html
Vertex Networking,IBM - 81Y3657 DVD+RRW Dual Layer UltraSlim SATA Optical Drive,IBM - 81Y3657 DVD+RRW Dual Layer UltraSlim SATA Optical Drive Product Condition: Refurbished,https://pub-4ae70fe1d6cf4e5ea327e14b66c0ad8e.r2.dev/products/81Y3657.webp,$38.00,81Y3657,https://www.vertexnetworking.co.uk/product/81y3657-ibm-dvd-rrw-dual-layer-ultraslim-sata-optical-drive.html
Vertex Networking,03N5908 - IBM 4.7GB Slimline DVD-ROM Drive,03N5908 - IBM 4.7GB Slimline DVD-ROM Drive Product Condition: Refurbished,https://pub-4ae70fe1d6cf4e5ea327e14b66c0ad8e.r2.dev/products/03N5908.webp,$55.00,03N5908,https://www.vertexnetworking.co.uk/product/03n5908-ibm-4-7gb-slimline-dvd-rom-drive.html
Vertex Networking,Dell - MU184 - CD-RW DVD-ROM Disk Drive for PowerEdge R300,Dell - MU184 - CD-RW DVD-ROM Disk Drive for PowerEdge R300 Product Condition: Refurbished,https://pub-4ae70fe1d6cf4e5ea327e14b66c0ad8e.r2.dev/products/MU184.webp,$66.62,MU184,https://www.vertexnetworking.co.uk/product/mu184-dell-cd-r-with-dvd-sata-drive.html
Vertex Networking,652294-001 - HP 12.7mm Slim SATA DVD-ROM,652294-001 - HP 12.7mm Slim SATA DVD-ROM Product Condition: New Miscellaneous,https://pub-4ae70fe1d6cf4e5ea327e14b66c0ad8e.r2.dev/products/652294-001.webp,$102.71,652294-001,https://www.vertexnetworking.co.uk/product/652294-001-hp-12-7mm-slim-sata-dvd-rom.html
Vertex Networking,Teac DV-28S-VE0 Slim DVD-ROM Optical Drive,Product Condition: Refurbished,https://pub-4ae70fe1d6cf4e5ea327e14b66c0ad8e.r2.dev/products/DV-28S-VE0.webp,$105.00,DV-28S-VE0,https://www.vertexnetworking.co.uk/product/dell-dv-28s-ve0-8x-24x-dvd-rw-sata-slimline-dvd-writer-drive.html
Vertex Networking,Dell - P5266 - 48X IDE CD-RW 5.25-Inch Optical Drive,Dell - P5266 - 48X IDE CD-RW 5.25-Inch Optical Drive Product Condition: Refurbished,https://pub-4ae70fe1d6cf4e5ea327e14b66c0ad8e.r2.dev/products/P5266.webp,$72.63,P5266,https://www.vertexnetworking.co.uk/product/p5266-dell-cd-rw-48x-ide-hh-01.html
Vertex Networking,Dell - N5913 - 24X CDRW/DVD Combo Drive for Dell Latitude,Dell - N5913 - 24X CDRW/DVD Combo Drive for Dell Latitude Product Condition: Refurbished,https://pub-4ae70fe1d6cf4e5ea327e14b66c0ad8e.r2.dev/products/N5913.webp,$66.62,N5913,https://www.vertexnetworking.co.uk/product/n5913-dell-assembly-cdrw-dvd-24x-bpk.html
Vertex Networking,Dell - RC221 - 24X 4G CD-RW/DVD IDE ROM Drive,Dell - RC221 - 24X 4G CD-RW/DVD IDE ROM Drive Product Condition: Refurbished,https://pub-4ae70fe1d6cf4e5ea327e14b66c0ad8e.r2.dev/products/RC221.webp,$66.62,RC221,https://www.vertexnetworking.co.uk/product/rc221-dell-cd-rw-dvd-4g-24x-ide-drive.html
Vertex Networking,Dell UD458 24X Slimline CD-ROM Drive For PowerEdge 860 / 2950,Product Condition: Refurbished,https://pub-4ae70fe1d6cf4e5ea327e14b66c0ad8e.r2.dev/products/UD458.webp,$66.62,UD458,https://www.vertexnetworking.co.uk/product/dell-ud458-24x-slimline-cd-rom-drive-for-poweredge-860-2950.html
Vertex Networking,C7975A - HP LTO-5 Ultrium 1.5TB3TB RW Tape Data Cartridge Storage Media,C7975A - HP LTO-5 Ultrium 1.5TB3TB RW Tape Data Cartridge Storage Media Product Condition: Refurbished General Information Product Type Tape Drive Technical Information Tape Drive Type LTO-5 Compressed Storage Capacity 3 TB Native Storage Capacity 1.5 TB Physical Characteristics Form Factor Internal Miscellaneous Compliance Standards RoHS Eco Friendly Yes,https://pub-4ae70fe1d6cf4e5ea327e14b66c0ad8e.r2.dev/products/C7975A.webp,$66.62,C7975A,https://www.vertexnetworking.co.uk/product/c7975a-hp-1-5tb-3tb-lto-5-ultrium-rw-tape-data-cartridge.html
Vertex Networking,481047-B21 - HP 9.5mm SATA DVD-RW Optical Drive,481047-B21 - HP 9.5mm SATA DVD-RW Optical Drive Product Condition: Refurbished Miscellaneous,https://pub-4ae70fe1d6cf4e5ea327e14b66c0ad8e.r2.dev/products/481047-B21.webp,$96.69,481047-B21,https://www.vertexnetworking.co.uk/product/481047-b21-hp-9-5mm-sata-dvd-rw-optical-drive.html
Vertex Networking,Dell 8P5NY SATA Slimline CD-RW/DVD+/-RW Optical Drive Black,Product Condition: Refurbished,https://pub-4ae70fe1d6cf4e5ea327e14b66c0ad8e.r2.dev/products/8P5NY.webp,$102.71,8P5NY,https://www.vertexnetworking.co.uk/product/dell-8p5ny-dvd-rw-sata-internal-optical-drive-for-optiplex-9020-desktop-system.html
Vertex Networking,652297-001 - HP 9.5mm SATA Optical DVD-RW Drive,652297-001 - HP 9.5mm SATA Optical DVD-RW Drive Product Condition: Refurbished Miscellaneous,https://pub-4ae70fe1d6cf4e5ea327e14b66c0ad8e.r2.dev/products/652297-001.webp,$66.62,652297-001,https://www.vertexnetworking.co.uk/product/652297-001-hp-9-5mm-sata-optical-dvd-rw-drive.html
Vertex Networking,Dell TTGJ9 DVD-ROM Slimline Optical Drive Optiplex 380/ 990,Product Condition: New,https://pub-4ae70fe1d6cf4e5ea327e14b66c0ad8e.r2.dev/products/TTGJ9.webp,$66.62,TTGJ9,https://www.vertexnetworking.co.uk/product/dell-ttgj9-dvd-rom-slimline-optical-drive-optiplex-380-990.html
Vertex Networking,Dell - C8KH4 Assy OptiPlex 780 DVD+/-RW 8 SATA HLDS,Dell - C8KH4 Assy OptiPlex 780 DVD+/-RW 8 SATA HLDS Product Condition: Refurbished,https://pub-4ae70fe1d6cf4e5ea327e14b66c0ad8e.r2.dev/products/C8KH4.webp,$75.00,C8KH4,https://www.vertexnetworking.co.uk/product/dell-c8kh4-assy-optiplex-780-dvd-rw-8-sata-hlds.html
Vertex Networking,F887C - Dell Assembly DVD+/-RW 8 SATA Plds Mc (RoHS),F887C - Dell Assembly DVD+/-RW 8 SATA Plds Mc (RoHS) Product Condition: Refurbished,https://pub-4ae70fe1d6cf4e5ea327e14b66c0ad8e.r2.dev/products/F887C.webp,$66.62,F887C,https://www.vertexnetworking.co.uk/product/f887c-dell-assembly-dvd-rw-8-sata-plds-mc-rohs.html
Vertex Networking,M7704 - Dell 8X DVD+/-RW,M7704 - Dell 8X DVD+/-RW Product Condition: Refurbished,https://pub-4ae70fe1d6cf4e5ea327e14b66c0ad8e.r2.dev/products/M7704.webp,$61.35,M7704,https://www.vertexnetworking.co.uk/product/m7704-dell-8x-dvd-rw.html
Vertex Networking,Dell MRGTT DVD-RW Slimline SATA Optical Drive,Product Condition: Refurbished,https://pub-4ae70fe1d6cf4e5ea327e14b66c0ad8e.r2.dev/products/MRGTT.webp,$74.14,MRGTT,https://www.vertexnetworking.co.uk/product/dell-mrgtt-dvd-rw-slimline-sata-optical-drive-for-precision-workstation-t3600.html
Vertex Networking,92X1G - Dell SATA Slim DVD-ROM Optical Drive for PowerEdge R620,92X1G - Dell SATA Slim DVD-ROM Optical Drive for PowerEdge R620 Product Condition: Refurbished,https://pub-4ae70fe1d6cf4e5ea327e14b66c0ad8e.r2.dev/products/92X1G.webp,$66.62,92X1G,https://www.vertexnetworking.co.uk/product/92x1g-dell-sata-slim-dvd-rom-optical-drive-for-poweredge-r620.html
Vertex Networking,Dell G4GTD 12X SATA Slimline DVD-ROM Optical Drive,Product Condition: Refurbished,https://pub-4ae70fe1d6cf4e5ea327e14b66c0ad8e.r2.dev/products/G4GTD.webp,$85.00,G4GTD,https://www.vertexnetworking.co.uk/product/dell-g4gtd-12x-sata-slimline-dvd-rom-optical-drive.html
Vertex Networking,268795-001 - HP DVD-ROM for ProLiant DL580 G2 Server,268795-001 - HP DVD-ROM for ProLiant DL580 G2 Server Product Condition: Refurbished Miscellaneous,https://pub-4ae70fe1d6cf4e5ea327e14b66c0ad8e.r2.dev/products/268795-001.webp,$131.28,268795-001,https://www.vertexnetworking.co.uk/product/268795-001-hp-dvd-rom-for-proliant-dl580-g2-server.html
Vertex Networking,Dell - P6729 - 24X DVD/CD-RW Combo Drive for Inspiron 1200 Series,Dell - P6729 - 24X DVD/CD-RW Combo Drive for Inspiron 1200 Series Product Condition: Refurbished,https://pub-4ae70fe1d6cf4e5ea327e14b66c0ad8e.r2.dev/products/P6729.webp,$108.72,P6729,https://www.vertexnetworking.co.uk/product/p6729-dell-24x-cdrw-dvd-combo.html
Vertex Networking,SM-332 - Samsung 40X/10X/32X/12X IDE Internal Half Height CD-RW/DVD-ROM Combo Drive,SM-332 - Samsung 40X/10X/32X/12X IDE Internal Half Height CD-RW/DVD-ROM Combo Drive Product Condition: Refurbished Miscellaneous,https://pub-4ae70fe1d6cf4e5ea327e14b66c0ad8e.r2.dev/products/SM-332.webp,$149.32,SM-332,https://www.vertexnetworking.co.uk/product/sm-332-samsung-40x-10x-32x-12x-ide-internal-half-height-cd-rw-dvd-rom-combo-drive.html
Vertex Networking,176CE - Dell 8X DVD Drive,176CE - Dell 8X DVD Drive Product Condition: Refurbished,https://pub-4ae70fe1d6cf4e5ea327e14b66c0ad8e.r2.dev/products/176CE.webp,$73.54,176CE,https://www.vertexnetworking.co.uk/product/176ce-dell-8x-dvd-drive.html
Vertex Networking,HP 652235-B21 12.7mm Slim DVD(+/-)RW JackBlack Optical Drive Black SATA,HP 652235-B21 12.7mm Slim DVD(+/-)RW JackBlack Optical Drive Black SATA Product Condition: Refurbished,https://pub-4ae70fe1d6cf4e5ea327e14b66c0ad8e.r2.dev/products/652235-B21.webp,$81.65,652235-B21,https://www.vertexnetworking.co.uk/product/hp-652235-b21-127mm-slim-dvd-rw-jackblack-optical-drive-black-sata-652235-b21.html
Vertex Networking,Dell - 5R212 - OptiPlex GX260 1.44MB Floppy Disk Drive,Dell - 5R212 - OptiPlex GX260 1.44MB Floppy Disk Drive Product Condition: Refurbished,https://pub-4ae70fe1d6cf4e5ea327e14b66c0ad8e.r2.dev/products/5R212.webp,$131.28,5R212,https://www.vertexnetworking.co.uk/product/5r212-dell-1-44mb-floppy-disk-drive-for-optiplex-gx260.html
Vertex Networking,Dell - ND504 - 16X DVD-RW IDE (Black Bezel) Firmware D108,Dell - ND504 - 16X DVD-RW IDE (Black Bezel) Firmware D108 Product Condition: Refurbished,https://pub-4ae70fe1d6cf4e5ea327e14b66c0ad8e.r2.dev/products/ND504.webp,$74.14,ND504,https://www.vertexnetworking.co.uk/product/nd504-dell-16x-dvd-rw-gwa-4164b-h-h-desktop.html
Vertex Networking,J3276-69002 - HP CD-ROM Server Module,J3276-69002 - HP CD-ROM Server Module Product Condition: Refurbished,https://pub-4ae70fe1d6cf4e5ea327e14b66c0ad8e.r2.dev/products/J3276-69002.webp,$211.73,J3276-69002,https://www.vertexnetworking.co.uk/product/j3276-69002-hp-cd-rom-server-module.html
Vertex Networking,0950-3984 - HP 6x Speed SCSI DVD-ROM Optical Drive,0950-3984 - HP 6x Speed SCSI DVD-ROM Optical Drive Product Condition: Refurbished Miscellaneous,https://pub-4ae70fe1d6cf4e5ea327e14b66c0ad8e.r2.dev/products/0950-3984.webp,$86.17,0950-3984,https://www.vertexnetworking.co.uk/product/0950-3984-hp-6x-speed-scsi-dvd-rom-optical-drive.html
Vertex Networking,SM-352 - Samsung 52X/24X/52X/16X IDE Internal CD-RW/DVD-ROM Combo Drive,SM-352 - Samsung 52X/24X/52X/16X IDE Internal CD-RW/DVD-ROM Combo Drive Product Condition: Refurbished Miscellaneous,https://pub-4ae70fe1d6cf4e5ea327e14b66c0ad8e.r2.dev/products/SM-352.webp,$66.62,SM-352,https://www.vertexnetworking.co.uk/product/sm-352-samsung-52x-24x-52x-16x-ide-internal-cd-rw-dvd-rom-combo-drive.html
Vertex Networking,48CF4 - Dell Slim-line DVD-RW Odd F Laptop,48CF4 - Dell Slim-line DVD-RW Odd F Laptop Product Condition: Refurbished,https://pub-4ae70fe1d6cf4e5ea327e14b66c0ad8e.r2.dev/products/48CF4.webp,$110.23,48CF4,https://www.vertexnetworking.co.uk/product/48cf4-dell-slim-line-dvd-rw-odd-f-laptop.html
Vertex Networking,Dell - 2YD8R - 16x DVD+/-RW 5.25-Inch Internal DVD-Writer Drive,Dell - 2YD8R - 16x DVD+/-RW 5.25-Inch Internal DVD-Writer Drive Product Condition: Refurbished,https://pub-4ae70fe1d6cf4e5ea327e14b66c0ad8e.r2.dev/products/2YD8R.webp,$81.65,2YD8R,https://www.vertexnetworking.co.uk/product/2yd8r-dell-sata-black-dvd-rw-drive.html
Vertex Networking,SMO-F551/S - Sony SMO F551/S Magneto Optical Drive - Magneto Optical Drive - 5.2GB Native - 1 x 50-pin IDC Fast SCSI SCSI - 5.25 1/2H Internal,SMO-F551/S - Sony SMO F551/S Magneto Optical Drive - Magneto Optical Drive - 5.2GB Native - 1 x 50-pin IDC Fast SCSI SCSI - 5.25 1/2H Internal Product Condition: Refurbished,https://pub-4ae70fe1d6cf4e5ea327e14b66c0ad8e.r2.dev/products/SMO-F551_S.webp,$229.02,SMO-F551/S,https://www.vertexnetworking.co.uk/product/smo-f551-s-sony-smo-f551-s-magneto-optical-drive-magneto-optical-drive-5-2gb-native-1-x-50-pin-idc-fast-scsi-scsi-5-25-1-2h-internal.html
Vertex Networking,0950-4488 - HP Ultra SCSI DVD/CD ROM Optical Drive,0950-4488 - HP Ultra SCSI DVD/CD ROM Optical Drive Product Condition: Refurbished,https://pub-4ae70fe1d6cf4e5ea327e14b66c0ad8e.r2.dev/products/0950-4488.webp,$66.62,0950-4488,https://www.vertexnetworking.co.uk/product/0950-4488-hp-ultra-scsi-dvd-cd-rom-optical-drive.html
Vertex Networking,0N6GN3 - Dell Slimline SATA Optical DVD-RW Drive,0N6GN3 - Dell Slimline SATA Optical DVD-RW Drive Product Condition: Refurbished,https://pub-4ae70fe1d6cf4e5ea327e14b66c0ad8e.r2.dev/products/0N6GN3.webp,$71.13,0N6GN3,https://www.vertexnetworking.co.uk/product/0n6gn3-dell-slimline-sata-optical-dvd-rw-drive.html
Vertex Networking,K2664 - Dell 24X CD-R W/ DVD Combo Drive,K2664 - Dell 24X CD-R W/ DVD Combo Drive Product Condition: Refurbished,https://pub-4ae70fe1d6cf4e5ea327e14b66c0ad8e.r2.dev/products/K2664.webp,$66.62,K2664,https://www.vertexnetworking.co.uk/product/k2664-dell-24x-cd-r-w-dvd-combo-drive.html
Vertex Networking,N1192 - Dell 48X32X IDE 5.25-inch Internal CD-RW Drive (Black),N1192 - Dell 48X32X IDE 5.25-inch Internal CD-RW Drive (Black) Product Condition: Refurbished,https://pub-4ae70fe1d6cf4e5ea327e14b66c0ad8e.r2.dev/products/N1192.webp,$66.62,N1192,https://www.vertexnetworking.co.uk/product/n1192-dell-48x32x-ide-5-25-inch-internal-cd-rw-drive-black.html
Vertex Networking,SMO-E502 - Sony 650MB Internal Magneto Optical Drive FHT,SMO-E502 - Sony 650MB Internal Magneto Optical Drive FHT Product Condition: Refurbished,https://pub-4ae70fe1d6cf4e5ea327e14b66c0ad8e.r2.dev/products/SMO-E502.webp,$239.55,SMO-E502,https://www.vertexnetworking.co.uk/product/smo-e502-sony-650mb-internal-magneto-optical-drive-fht.html
Vertex Networking,3W833 - Dell CD-RW and DVD Drive,3W833 - Dell CD-RW and DVD Drive Product Condition: Refurbished,https://pub-4ae70fe1d6cf4e5ea327e14b66c0ad8e.r2.dev/products/3W833.webp,$108.72,3W833,https://www.vertexnetworking.co.uk/product/3w833-dell-cd-rw-and-dvd-drive.html
Vertex Networking,400807-001 - HP 40x IDE CD-ROM Drive,400807-001 - HP 40x IDE CD-ROM Drive Product Condition: Refurbished Miscellaneous,https://pub-4ae70fe1d6cf4e5ea327e14b66c0ad8e.r2.dev/products/400807-001.webp,$66.62,400807-001,https://www.vertexnetworking.co.uk/product/400807-001-hp-40x-ide-cd-rom-drive.html
Vertex Networking,Dell - RP016 - 24X HLDS Slimline CD-ROM for PowerEdge,Dell - RP016 - 24X HLDS Slimline CD-ROM for PowerEdge Product Condition: Refurbished,https://pub-4ae70fe1d6cf4e5ea327e14b66c0ad8e.r2.dev/products/RP016.webp,$66.62,RP016,https://www.vertexnetworking.co.uk/product/rp016-dell-hlds-slim-cd-rom-gcr-8240n.html
Vertex Networking,SD-C2502 - Toshiba 12.7MM 8X/24X IDE Internal Slim Line DVD-ROM Drive for Laptops,SD-C2502 - Toshiba 12.7MM 8X/24X IDE Internal Slim Line DVD-ROM Drive for Laptops Product Condition: Refurbished,https://pub-4ae70fe1d6cf4e5ea327e14b66c0ad8e.r2.dev/products/SD-C2502.webp,$71.13,SD-C2502,https://www.vertexnetworking.co.uk/product/sd-c2502-toshiba-12-7mm-8x-24x-ide-internal-slim-line-dvd-rom-drive-for-laptops.html
Vertex Networking,UJ862A - HP SATA Super Multi Dual Layer DVD+RW Optical Drive for ProLiant DL160 G6,UJ862A - HP SATA Super Multi Dual Layer DVD+RW Optical Drive for ProLiant DL160 G6 Product Condition: Refurbished,https://pub-4ae70fe1d6cf4e5ea327e14b66c0ad8e.r2.dev/products/UJ862A.webp,$74.14,UJ862A,https://www.vertexnetworking.co.uk/product/uj862a-hp-sata-super-multi-dual-layer-dvd-rw-optical-drive-for-proliant-dl160-g6.html
Vertex Networking,D9900-60055 - HP 24X Max Speed Slim CD-ROM Optical Drive,D9900-60055 - HP 24X Max Speed Slim CD-ROM Optical Drive Product Condition: Refurbished,https://pub-4ae70fe1d6cf4e5ea327e14b66c0ad8e.r2.dev/products/D9900-60055.webp,$66.62,D9900-60055,https://www.vertexnetworking.co.uk/product/d9900-60055-hp-24x-max-speed-slim-cd-rom-optical-drive.html
Vertex Networking,D9900-60068 - HP 24X Speed IDE Internal Slimline CD-ROM Optical Drive,D9900-60068 - HP 24X Speed IDE Internal Slimline CD-ROM Optical Drive Product Condition: New,https://pub-4ae70fe1d6cf4e5ea327e14b66c0ad8e.r2.dev/products/D9900-60068.webp,$149.32,D9900-60068,https://www.vertexnetworking.co.uk/product/d9900-60068-hp-24x-speed-ide-internal-slimline-cd-rom-optical-drive.html
Vertex Networking,0950-3398 - HP 6/32X Speed SCSI Narrow 50-Pin DVD Drive for 9000 Server,0950-3398 - HP 6/32X Speed SCSI Narrow 50-Pin DVD Drive for 9000 Server Product Condition: Refurbished Miscellaneous,https://pub-4ae70fe1d6cf4e5ea327e14b66c0ad8e.r2.dev/products/0950-3398.webp,$74.14,0950-3398,https://www.vertexnetworking.co.uk/product/0950-3398-hp-6-32x-speed-scsi-narrow-50-pin-dvd-drive-for-9000-server.html
Vertex Networking,KN132 - Dell 8x DVD+/-RW Drive,KN132 - Dell 8x DVD+/-RW Drive Product Condition: Refurbished,https://pub-4ae70fe1d6cf4e5ea327e14b66c0ad8e.r2.dev/products/KN132.webp,$78.65,KN132,https://www.vertexnetworking.co.uk/product/kn132-dell-8x-dvd-rw-drive.html
Vertex Networking,481429-001 - HP 8x Speed Slim SATA DVD-RW Optical Drive,481429-001 - HP 8x Speed Slim SATA DVD-RW Optical Drive Product Condition: Refurbished,https://pub-4ae70fe1d6cf4e5ea327e14b66c0ad8e.r2.dev/products/481429-001.webp,$81.65,481429-001,https://www.vertexnetworking.co.uk/product/481429-001-hp-8x-speed-slim-sata-dvd-rw-optical-drive.html
Vertex Networking,652296-001 - HP 9.5mm SATA Optical Drive DVD-ROM for ProLiant DL160 G8,652296-001 - HP 9.5mm SATA Optical Drive DVD-ROM for ProLiant DL160 G8 Product Condition: Refurbished Miscellaneous,https://pub-4ae70fe1d6cf4e5ea327e14b66c0ad8e.r2.dev/products/652296-001.webp,$87.67,652296-001,https://www.vertexnetworking.co.uk/product/652296-001-hp-9-5mm-sata-optical-drive-dvd-rom-for-proliant-dl160-g8.html
Vertex Networking,J989M - Dell DVD+/-RW 8x SATA Sff,J989M - Dell DVD+/-RW 8x SATA Sff Product Condition: Refurbished,https://pub-4ae70fe1d6cf4e5ea327e14b66c0ad8e.r2.dev/products/J989M.webp,$86.17,J989M,https://www.vertexnetworking.co.uk/product/j989m-dell-dvd-rw-8x-sata-sff.html
Vertex Networking,Dell - J3WMH - 16X CD+RW / DVD+RW SATA Optical Drive,Dell - J3WMH - 16X CD+RW / DVD+RW SATA Optical Drive Product Condition: Refurbished,https://pub-4ae70fe1d6cf4e5ea327e14b66c0ad8e.r2.dev/products/J3WMH.webp,$86.17,J3WMH,https://www.vertexnetworking.co.uk/product/j3wmh-dell-16x-sata-dvd-rw-drive.html
Vertex Networking,446780-001 - HP 16x SATA DVD+RW 5.25-inch Internal Optical Drive for ProLiant Server,446780-001 - HP 16x SATA DVD+RW 5.25-inch Internal Optical Drive for ProLiant Server Product Condition: Refurbished,https://pub-4ae70fe1d6cf4e5ea327e14b66c0ad8e.r2.dev/products/446780-001.webp,$66.62,446780-001,https://www.vertexnetworking.co.uk/product/446780-001-hp-16x-sata-dvd-rw-5-25-inch-internal-optical-drive-for-proliant-server.html
Vertex Networking,TDCTC - Dell DVD-RW Slimline Optical Drive for R910 Server,TDCTC - Dell DVD-RW Slimline Optical Drive for R910 Server Product Condition: Refurbished,https://pub-4ae70fe1d6cf4e5ea327e14b66c0ad8e.r2.dev/products/TDCTC.webp,$78.65,TDCTC,https://www.vertexnetworking.co.uk/product/tdctc-dell-dvd-rw-slimline-optical-drive-for-r910-server.html
Vertex Networking,532066-B21 - HP 12.7mm Slimline SATA Optical DVD Drive for ProLiant DL360 G6,532066-B21 - HP 12.7mm Slimline SATA Optical DVD Drive for ProLiant DL360 G6 Product Condition: Refurbished Miscellaneous,https://pub-4ae70fe1d6cf4e5ea327e14b66c0ad8e.r2.dev/products/532066-B21.webp,$81.65,532066-B21,https://www.vertexnetworking.co.uk/product/532066-b21-hp-12-7mm-slimline-sata-optical-dvd-drive-for-proliant-dl360-g6.html
Vertex Networking,Samsung - SN-324 24X10X24X CD-RW/8X DVD-ROM Internal Slimline Combo Drive,Samsung - SN-324 24X10X24X CD-RW/8X DVD-ROM Internal Slimline Combo Drive Product Condition: Refurbished Miscellaneous,https://pub-4ae70fe1d6cf4e5ea327e14b66c0ad8e.r2.dev/products/SN-324.webp,$74.14,SN-324,https://www.vertexnetworking.co.uk/product/sn-324-samsung-24x-cd-8x-dvd-ide-internal-co.html
Vertex Networking,0950-3034 - HP 6x/32x Speed DVD-ROM Narrow Single-Ended SCSI-2 50-Pin Optical Drive,0950-3034 - HP 6x/32x Speed DVD-ROM Narrow Single-Ended SCSI-2 50-Pin Optical Drive Product Condition: Refurbished,https://pub-4ae70fe1d6cf4e5ea327e14b66c0ad8e.r2.dev/products/0950-3034.webp,$102.71,0950-3034,https://www.vertexnetworking.co.uk/product/0950-3034-hp-6x-32x-speed-dvd-rom-narrow-single-ended-scsi-2-50-pin-optical-drive.html
Vertex Networking,DW804 - Dell DVD+/-rw16xhhbare,DW804 - Dell DVD+/-rw16xhhbare Product Condition: Refurbished,https://pub-4ae70fe1d6cf4e5ea327e14b66c0ad8e.r2.dev/products/DW804.webp,$91.43,DW804,https://www.vertexnetworking.co.uk/product/dw804-dell-dvd-rw16xhhbare.html
Vertex Networking,SW-248 - Samsung 48X/24X/48X IDE Internal CD-RW Drive,SW-248 - Samsung 48X/24X/48X IDE Internal CD-RW Drive Product Condition: Refurbished Miscellaneous,https://pub-4ae70fe1d6cf4e5ea327e14b66c0ad8e.r2.dev/products/SW-248.webp,$66.62,SW-248,https://www.vertexnetworking.co.uk/product/sw-248-samsung-48x-24x-48x-ide-internal-cd-rw-drive.html
Vertex Networking,C1114M - HP StorageWorks 9100mx 9.1GB Optical SCSI External Drive,C1114M - HP StorageWorks 9100mx 9.1GB Optical SCSI External Drive Product Condition: Refurbished Miscellaneous,https://pub-4ae70fe1d6cf4e5ea327e14b66c0ad8e.r2.dev/products/C1114M.webp,$301.95,C1114M,https://www.vertexnetworking.co.uk/product/c1114m-hp-storageworks-9100mx-9-1gb-optical-scsi-external-drive.html
Vertex Networking,X8579 - Dell 16X DVD-ROM IDE 5.25-inch Optical Drive,X8579 - Dell 16X DVD-ROM IDE 5.25-inch Optical Drive Product Condition: Refurbished,https://pub-4ae70fe1d6cf4e5ea327e14b66c0ad8e.r2.dev/products/X8579.webp,$74.14,X8579,https://www.vertexnetworking.co.uk/product/x8579-dell-16x-dvd-rom-ide-5-25-inch-optical-drive.html
Vertex Networking,Dell - 0H58R - 8x DVD-RW Slimline SATA Drive for OptiPlex 990 USFF,Dell - 0H58R - 8x DVD-RW Slimline SATA Drive for OptiPlex 990 USFF Product Condition: Refurbished,https://pub-4ae70fe1d6cf4e5ea327e14b66c0ad8e.r2.dev/products/0H58R.webp,$81.65,0H58R,https://www.vertexnetworking.co.uk/product/0h58r-dell-8x-dvd-rw-slim-line-drive-for-optiplex-990-usff.html
Vertex Networking,FY13D - Dell 16x SATA DVD-RW Drive,FY13D - Dell 16x SATA DVD-RW Drive Product Condition: Refurbished,https://pub-4ae70fe1d6cf4e5ea327e14b66c0ad8e.r2.dev/products/FY13D.webp,$81.65,FY13D,https://www.vertexnetworking.co.uk/product/fy13d-dell-16x-sata-dvd-rw-drive.html
Vertex Networking,447326-B21 - HP 16x / 40x DVD / CD SATA DVD-ROM Drive,447326-B21 - HP 16x / 40x DVD / CD SATA DVD-ROM Drive Product Condition: Refurbished Miscellaneous,https://pub-4ae70fe1d6cf4e5ea327e14b66c0ad8e.r2.dev/products/447326-B21.webp,$66.62,447326-B21,https://www.vertexnetworking.co.uk/product/447326-b21-hp-16x-40x-dvd-cd-sata-dvd-rom-drive.html
Vertex Networking,437546-001 - HP 24X Speed IDE Slimline CD-ROM Optical Drive,437546-001 - HP 24X Speed IDE Slimline CD-ROM Optical Drive Product Condition: Refurbished,https://pub-4ae70fe1d6cf4e5ea327e14b66c0ad8e.r2.dev/products/437546-001.webp,$66.62,437546-001,https://www.vertexnetworking.co.uk/product/437546-001-hp-24x-speed-ide-slimline-cd-rom-optical-drive.html
Vertex Networking,D7140-63015 - HP 32X Speed IDE CD-ROM Drive for NetServer E60,D7140-63015 - HP 32X Speed IDE CD-ROM Drive for NetServer E60 Product Condition: Refurbished Miscellaneous,https://pub-4ae70fe1d6cf4e5ea327e14b66c0ad8e.r2.dev/products/D7140-63015.webp,$66.62,D7140-63015,https://www.vertexnetworking.co.uk/product/d7140-63015-hp-32x-speed-ide-cd-rom-drive-for-netserver-e60.html
Vertex Networking,SM-348 - Samsung 48X/24X/48X/16X IDE Internal CD-RW/DVD-ROM Combo Drive,SM-348 - Samsung 48X/24X/48X/16X IDE Internal CD-RW/DVD-ROM Combo Drive Product Condition: Refurbished Miscellaneous,https://pub-4ae70fe1d6cf4e5ea327e14b66c0ad8e.r2.dev/products/SM-348.webp,$74.14,SM-348,https://www.vertexnetworking.co.uk/product/sm-348-samsung-48x-24x-48x-16x-ide-internal-cd-rw-dvd-rom-combo-drive.html
Vertex Networking,"D74TY - Dell 8x SATA DVD-RW Dual Layer Burner Slot Loading Drive Module for Precision M6400, M6500","D74TY - Dell 8x SATA DVD-RW Dual Layer Burner Slot Loading Drive Module for Precision M6400, M6500 Product Condition: New",https://pub-4ae70fe1d6cf4e5ea327e14b66c0ad8e.r2.dev/products/D74TY.webp,$66.62,D74TY,https://www.vertexnetworking.co.uk/product/d74ty-dell-8x-sata-dvd-rw-dual-layer-burner-slot-loading-drive-module-for-precision-m6400-m6500.html
Vertex Networking,D6021-63067 - HP 24X Speed Low Profile IDE Slimline CD-ROM Optical Drive,D6021-63067 - HP 24X Speed Low Profile IDE Slimline CD-ROM Optical Drive Product Condition: Refurbished Miscellaneous,https://pub-4ae70fe1d6cf4e5ea327e14b66c0ad8e.r2.dev/products/D6021-63067.webp,$66.62,D6021-63067,https://www.vertexnetworking.co.uk/product/d6021-63067-hp-24x-speed-low-profile-ide-slimline-cd-rom-optical-drive.html
Vertex Networking,436952-001 - HP 9.5mm CD-RW/DVD-ROM Optical Drive for ProLiant DL320 G5p Server,436952-001 - HP 9.5mm CD-RW/DVD-ROM Optical Drive for ProLiant DL320 G5p Server Product Condition: Refurbished,https://pub-4ae70fe1d6cf4e5ea327e14b66c0ad8e.r2.dev/products/436952-001.webp,$96.69,436952-001,https://www.vertexnetworking.co.uk/product/436952-001-hp-9-5mm-cd-rw-dvd-rom-optical-drive-for-proliant-dl320-g5p-server.html
Vertex Networking,450432-B21 - HP 9.5mm DVD ROM Optical Drive for ProLiant DL320 G5 Server,450432-B21 - HP 9.5mm DVD ROM Optical Drive for ProLiant DL320 G5 Server Product Condition: Refurbished Miscellaneous,https://pub-4ae70fe1d6cf4e5ea327e14b66c0ad8e.r2.dev/products/450432-B21.webp,$221.50,450432-B21,https://www.vertexnetworking.co.uk/product/450432-b21-hp-9-5mm-dvd-rom-optical-drive-for-proliant-dl320-g5-server.html
Vertex Networking,404188-001 - HP CD-ROM for ProLiant ML150 G2,404188-001 - HP CD-ROM for ProLiant ML150 G2 Product Condition: Refurbished,https://pub-4ae70fe1d6cf4e5ea327e14b66c0ad8e.r2.dev/products/404188-001.webp,$86.17,404188-001,https://www.vertexnetworking.co.uk/product/404188-001-hp-cd-rom-for-proliant-ml150-g2.html
Vertex Networking,43HXK - Dell Super Multi 8X DVD-RW Dual Layer 24X CD-RW Writer 9.5mm SATA Optical Drive,43HXK - Dell Super Multi 8X DVD-RW Dual Layer 24X CD-RW Writer 9.5mm SATA Optical Drive Product Condition: Refurbished,https://pub-4ae70fe1d6cf4e5ea327e14b66c0ad8e.r2.dev/products/43HXK.webp,$81.65,43HXK,https://www.vertexnetworking.co.uk/product/43hxk-dell-super-multi-8x-dvd-rw-dual-layer-24x-cd-rw-writer-9-5mm-sata-optical-drive.html
Vertex Networking,D510T - Dell 16x DVD+/-RW IDE Hh,D510T - Dell 16x DVD+/-RW IDE Hh Product Condition: Refurbished,https://pub-4ae70fe1d6cf4e5ea327e14b66c0ad8e.r2.dev/products/D510T.webp,$129.02,D510T,https://www.vertexnetworking.co.uk/product/d510t-dell-16x-dvd-rw-ide-hh.html
Vertex Networking,402093-001 - HP CD-ROM Drive for ProLiant ML150 G2,402093-001 - HP CD-ROM Drive for ProLiant ML150 G2 Product Condition: Refurbished,https://pub-4ae70fe1d6cf4e5ea327e14b66c0ad8e.r2.dev/products/402093-001.webp,$86.17,402093-001,https://www.vertexnetworking.co.uk/product/402093-001-hp-cd-rom-drive-for-proliant-ml150-g2.html
Vertex Networking,395272-001 - HP 48x / 32x / 48x CD-RW Drive,395272-001 - HP 48x / 32x / 48x CD-RW Drive Product Condition: Refurbished,https://pub-4ae70fe1d6cf4e5ea327e14b66c0ad8e.r2.dev/products/395272-001.webp,$86.17,395272-001,https://www.vertexnetworking.co.uk/product/395272-001-hp-48x-32x-48x-cd-rw-drive.html
Vertex Networking,438952-001 - HP 9.5mm CD-RW/DVD ROM Optical Drive for ProLiant DL320 G5p Server,438952-001 - HP 9.5mm CD-RW/DVD ROM Optical Drive for ProLiant DL320 G5p Server Product Condition: Refurbished,https://pub-4ae70fe1d6cf4e5ea327e14b66c0ad8e.r2.dev/products/438952-001.webp,$119.25,438952-001,https://www.vertexnetworking.co.uk/product/438952-001-hp-9-5mm-cd-rw-dvd-rom-optical-drive-for-proliant-dl320-g5p-server.html
Vertex Networking,D6130-63000 - HP 24X Speed CD-ROM Optical Drive,D6130-63000 - HP 24X Speed CD-ROM Optical Drive Product Condition: Refurbished,https://pub-4ae70fe1d6cf4e5ea327e14b66c0ad8e.r2.dev/products/D6130-63000.webp,$66.62,D6130-63000,https://www.vertexnetworking.co.uk/product/d6130-63000-hp-24x-speed-cd-rom-optical-drive.html
Vertex Networking,438569-630 - HP DVD+RW Optical Drive,438569-630 - HP DVD+RW Optical Drive Product Condition: Refurbished,https://pub-4ae70fe1d6cf4e5ea327e14b66c0ad8e.r2.dev/products/438569-630.webp,$86.17,438569-630,https://www.vertexnetworking.co.uk/product/438569-630-hp-dvd-rw-optical-drive.html
Vertex Networking,446777-001 - HP Half-height SATA DVD-ROM Optical Drive,446777-001 - HP Half-height SATA DVD-ROM Optical Drive Product Condition: Refurbished Miscellaneous,https://pub-4ae70fe1d6cf4e5ea327e14b66c0ad8e.r2.dev/products/446777-001.webp,$74.14,446777-001,https://www.vertexnetworking.co.uk/product/446777-001-hp-half-height-sata-dvd-rom-optical-drive.html
Vertex Networking,C2997A - HP 20x Speed SCSI CD-ROM Drive,C2997A - HP 20x Speed SCSI CD-ROM Drive Product Condition: Refurbished,https://pub-4ae70fe1d6cf4e5ea327e14b66c0ad8e.r2.dev/products/C2997A.webp,$74.14,C2997A,https://www.vertexnetworking.co.uk/product/c2997a-hp-20x-speed-scsi-cd-rom-drive.html
Vertex Networking,438659-630 - HP 8x Slimline Optical DVD+RW Drive,438659-630 - HP 8x Slimline Optical DVD+RW Drive Product Condition: Refurbished,https://pub-4ae70fe1d6cf4e5ea327e14b66c0ad8e.r2.dev/products/438659-630.webp,$66.62,438659-630,https://www.vertexnetworking.co.uk/product/438659-630-hp-8x-slimline-optical-dvd-rw-drive.html
Vertex Networking,436951-001 - HP 24x Speed IDE DVD-ROM for ProLiant DL160 G5 Server,436951-001 - HP 24x Speed IDE DVD-ROM for ProLiant DL160 G5 Server Product Condition: Refurbished Miscellaneous,https://pub-4ae70fe1d6cf4e5ea327e14b66c0ad8e.r2.dev/products/436951-001.webp,$140.30,436951-001,https://www.vertexnetworking.co.uk/product/436951-001-hp-24x-speed-ide-dvd-rom-for-proliant-dl160-g5-server.html
Vertex Networking,266072-001 - HP 48X Speed IDE CD-ROM Optical Drive,266072-001 - HP 48X Speed IDE CD-ROM Optical Drive Product Condition: Refurbished Miscellaneous,https://pub-4ae70fe1d6cf4e5ea327e14b66c0ad8e.r2.dev/products/266072-001.webp,$66.62,266072-001,https://www.vertexnetworking.co.uk/product/266072-001-hp-48x-speed-ide-cd-rom-optical-drive.html
Vertex Networking,449998-B21 - HP Slim 12.7mm DVD-RW for ProLiant 380 G5 Server,449998-B21 - HP Slim 12.7mm DVD-RW for ProLiant 380 G5 Server Product Condition: Refurbished,https://pub-4ae70fe1d6cf4e5ea327e14b66c0ad8e.r2.dev/products/449998-B21.webp,$149.32,449998-B21,https://www.vertexnetworking.co.uk/product/449998-b21-hp-slim-12-7mm-dvd-rw-for-proliant-380-g5-server.html
Vertex Networking,377402-B21 - HP CD-RW/DVD-ROM Optical Drive for ProLiant DL140 G3 Server,377402-B21 - HP CD-RW/DVD-ROM Optical Drive for ProLiant DL140 G3 Server Product Condition: Refurbished,https://pub-4ae70fe1d6cf4e5ea327e14b66c0ad8e.r2.dev/products/377402-B21.webp,$119.25,377402-B21,https://www.vertexnetworking.co.uk/product/377402-b21-hp-cd-rw-dvd-rom-optical-drive-for-proliant-dl140-g3-server.html
Vertex Networking,252633-001 - HP / Compaq LTN-486S 48x Speed IDE CD-ROM,252633-001 - HP / Compaq LTN-486S 48x Speed IDE CD-ROM Product Condition: Refurbished Miscellaneous,https://pub-4ae70fe1d6cf4e5ea327e14b66c0ad8e.r2.dev/products/252633-001.webp,$66.62,252633-001,https://www.vertexnetworking.co.uk/product/252633-001-hp-compaq-ltn-486s-48x-speed-ide-cd-rom.html
Vertex Networking,394423-132 - HP 24X Speed IDE CD-RW/DVD-ROM Optical Drive,394423-132 - HP 24X Speed IDE CD-RW/DVD-ROM Optical Drive Product Condition: Refurbished,https://pub-4ae70fe1d6cf4e5ea327e14b66c0ad8e.r2.dev/products/394423-132.webp,$119.25,394423-132,https://www.vertexnetworking.co.uk/product/394423-132-hp-24x-speed-ide-cd-rw-dvd-rom-optical-drive.html
Vertex Networking,382111-001 - HP CD-ROM Drive for ProLiant ML110,382111-001 - HP CD-ROM Drive for ProLiant ML110 Product Condition: Refurbished,https://pub-4ae70fe1d6cf4e5ea327e14b66c0ad8e.r2.dev/products/382111-001.webp,$66.62,382111-001,https://www.vertexnetworking.co.uk/product/382111-001-hp-cd-rom-drive-for-proliant-ml110.html
Vertex Networking,263205-001 - HP / Compaq 24x / 10x / 40x CD-RW Drive,263205-001 - HP / Compaq 24x / 10x / 40x CD-RW Drive Product Condition: Refurbished Miscellaneous,https://pub-4ae70fe1d6cf4e5ea327e14b66c0ad8e.r2.dev/products/263205-001.webp,$66.62,263205-001,https://www.vertexnetworking.co.uk/product/263205-001-hp-compaq-24x-10x-40x-cd-rw-drive.html
Vertex Networking,263243-001 - HP 24x Speed CD-ROM Drive for ProLiant DL760 G2 Server,263243-001 - HP 24x Speed CD-ROM Drive for ProLiant DL760 G2 Server Product Condition: Refurbished,https://pub-4ae70fe1d6cf4e5ea327e14b66c0ad8e.r2.dev/products/263243-001.webp,$102.71,263243-001,https://www.vertexnetworking.co.uk/product/263243-001-hp-24x-speed-cd-rom-drive-for-proliant-dl760-g2-server.html
Vertex Networking,259493-002 - HP CD-RW IDE Drive,259493-002 - HP CD-RW IDE Drive Product Condition: Refurbished,https://pub-4ae70fe1d6cf4e5ea327e14b66c0ad8e.r2.dev/products/259493-002.webp,$74.14,259493-002,https://www.vertexnetworking.co.uk/product/259493-002-hp-cd-rw-ide-drive.html
Vertex Networking,374303-B21 - HP IDE DVD-ROM Drive Optical Drive for ProLiant DL320 G3 Server,374303-B21 - HP IDE DVD-ROM Drive Optical Drive for ProLiant DL320 G3 Server Product Condition: Refurbished Miscellaneous,https://pub-4ae70fe1d6cf4e5ea327e14b66c0ad8e.r2.dev/products/374303-B21.webp,$74.14,374303-B21,https://www.vertexnetworking.co.uk/product/374303-b21-hp-ide-dvd-rom-drive-optical-drive-for-proliant-dl320-g3-server.html
Vertex Networking,240785-004 - HP / Compaq 16x/10x/40X Speed IDE CD-RW Optical Drive for Presario 5410US Desktop,240785-004 - HP / Compaq 16x/10x/40X Speed IDE CD-RW Optical Drive for Presario 5410US Desktop Product Condition: Refurbished Miscellaneous,https://pub-4ae70fe1d6cf4e5ea327e14b66c0ad8e.r2.dev/products/240785-004.webp,$66.62,240785-004,https://www.vertexnetworking.co.uk/product/240785-004-hp-compaq-16x-10x-40x-speed-ide-cd-rw-optical-drive-for-presario-5410us-desktop.html
Vertex Networking,264007-B21 - HP 24x DVD-ROM Slimline Optical Drive,264007-B21 - HP 24x DVD-ROM Slimline Optical Drive Product Condition: Refurbished Miscellaneous,https://pub-4ae70fe1d6cf4e5ea327e14b66c0ad8e.r2.dev/products/264007-B21.webp,$66.62,264007-B21,https://www.vertexnetworking.co.uk/product/264007-b21-hp-24x-dvd-rom-slimline-optical-drive.html
Vertex Networking,257693-MBO - HP 24x/10x/40X Speed IDE CD-RW Optical Drive,257693-MBO - HP 24x/10x/40X Speed IDE CD-RW Optical Drive Product Condition: Refurbished Miscellaneous,https://pub-4ae70fe1d6cf4e5ea327e14b66c0ad8e.r2.dev/products/257693-MBO.webp,$96.69,257693-MBO,https://www.vertexnetworking.co.uk/product/257693-mbo-hp-24x-10x-40x-speed-ide-cd-rw-optical-drive.html
Vertex Networking,373315-001 - HP 24X/8X Speed Slimline Multibay CD-RW/DVD-ROM Optical Drive,373315-001 - HP 24X/8X Speed Slimline Multibay CD-RW/DVD-ROM Optical Drive Product Condition: Refurbished,https://pub-4ae70fe1d6cf4e5ea327e14b66c0ad8e.r2.dev/products/373315-001.webp,$71.13,373315-001,https://www.vertexnetworking.co.uk/product/373315-001-hp-24x-8x-speed-slimline-multibay-cd-rw-dvd-rom-optical-drive.html
Vertex Networking,447891-B21 - HP 1U 9.5mm 24X Speed DVD-ROM/CD RW Optical Drive for ProLiant DL160 G5 Server,447891-B21 - HP 1U 9.5mm 24X Speed DVD-ROM/CD RW Optical Drive for ProLiant DL160 G5 Server Product Condition: Refurbished,https://pub-4ae70fe1d6cf4e5ea327e14b66c0ad8e.r2.dev/products/447891-B21.webp,$131.28,447891-B21,https://www.vertexnetworking.co.uk/product/447891-b21-hp-1u-9-5mm-24x-speed-dvd-rom-cd-rw-optical-drive-for-proliant-dl160-g5-server.html
Vertex Networking,376461-ED0 - HP DVD+RW Optical Drive,376461-ED0 - HP DVD+RW Optical Drive Product Condition: Refurbished,https://pub-4ae70fe1d6cf4e5ea327e14b66c0ad8e.r2.dev/products/376461-ED0.webp,$144.06,376461-ED0,https://www.vertexnetworking.co.uk/product/376461-ed0-hp-dvd-rw-optical-drive.html
Vertex Networking,376272-001 - HP 16X Speed DVD+R/RW Optical Drive,376272-001 - HP 16X Speed DVD+R/RW Optical Drive Product Condition: Refurbished,https://pub-4ae70fe1d6cf4e5ea327e14b66c0ad8e.r2.dev/products/376272-001.webp,$131.28,376272-001,https://www.vertexnetworking.co.uk/product/376272-001-hp-16x-speed-dvd-r-rw-optical-drive.html
Vertex Networking,270698-205 - HP 16 X Speed CD-ROM Optical Drive,270698-205 - HP 16 X Speed CD-ROM Optical Drive Product Condition: Refurbished,https://pub-4ae70fe1d6cf4e5ea327e14b66c0ad8e.r2.dev/products/270698-205.webp,$66.62,270698-205,https://www.vertexnetworking.co.uk/product/270698-205-hp-16-x-speed-cd-rom-optical-drive.html
Vertex Networking,361622-001 - HP 8x Speed Slimline DVD-ROM for ProLiant DL140 G3 Server,361622-001 - HP 8x Speed Slimline DVD-ROM for ProLiant DL140 G3 Server Product Condition: Refurbished Miscellaneous,https://pub-4ae70fe1d6cf4e5ea327e14b66c0ad8e.r2.dev/products/361622-001.webp,$66.62,361622-001,https://www.vertexnetworking.co.uk/product/361622-001-hp-8x-speed-slimline-dvd-rom-for-proliant-dl140-g3-server.html
Vertex Networking,393538-001 - HP 8X Speed IDE Slimline DVD-ROM Optical Drive for nx6115 Notebook,393538-001 - HP 8X Speed IDE Slimline DVD-ROM Optical Drive for nx6115 Notebook Product Condition: Refurbished,https://pub-4ae70fe1d6cf4e5ea327e14b66c0ad8e.r2.dev/products/393538-001.webp,$119.25,393538-001,https://www.vertexnetworking.co.uk/product/393538-001-hp-8x-speed-ide-slimline-dvd-rom-optical-drive-for-nx6115-notebook.html
Vertex Networking,416175-MD1 - HP 9.5mm 24x/24x/8xCD-Rw/24xDVD-ROM Optical Drive,416175-MD1 - HP 9.5mm 24x/24x/8xCD-Rw/24xDVD-ROM Optical Drive Product Condition: Refurbished,https://pub-4ae70fe1d6cf4e5ea327e14b66c0ad8e.r2.dev/products/416175-MD1.webp,$96.69,416175-MD1,https://www.vertexnetworking.co.uk/product/416175-md1-hp-9-5mm-24x-24x-8xcd-rw-24xdvd-rom-optical-drive.html
Vertex Networking,238439-201 - HP 6X Speed IDE CD-ROM Optical Drive,238439-201 - HP 6X Speed IDE CD-ROM Optical Drive Product Condition: Refurbished,https://pub-4ae70fe1d6cf4e5ea327e14b66c0ad8e.r2.dev/products/238439-201.webp,$74.14,238439-201,https://www.vertexnetworking.co.uk/product/238439-201-hp-6x-speed-ide-cd-rom-optical-drive.html
Vertex Networking,383975-B21 - HP 8x Slimline Optical DVD+RW Drive,383975-B21 - HP 8x Slimline Optical DVD+RW Drive Product Condition: Refurbished Miscellaneous,https://pub-4ae70fe1d6cf4e5ea327e14b66c0ad8e.r2.dev/products/383975-B21.webp,$66.62,383975-B21,https://www.vertexnetworking.co.uk/product/383975-b21-hp-8x-slimline-optical-dvd-rw-drive.html
Vertex Networking,388770-F32 - Compaq 40x CD-ROM Drive ProLiant ML370 G2,388770-F32 - Compaq 40x CD-ROM Drive ProLiant ML370 G2 Product Condition: Refurbished,https://pub-4ae70fe1d6cf4e5ea327e14b66c0ad8e.r2.dev/products/388770-F32.webp,$80.15,388770-F32,https://www.vertexnetworking.co.uk/product/388770-f32-compaq-40x-cd-rom-drive-proliant-ml370-g2.html
Vertex Networking,"Designed to work with the IBM 3996 Optical Library- Utilizes Ultra Density Optical (UDO) disc technology, designed for professional data storage applications- Features 30GB capacity for long-term archival storage- Available in rewritab","- Designed to work with the IBM 3996 Optical Library- Utilizes Ultra Density Optical (UDO) disc technology, designed for professional data storage applications- Features 30GB capacity for long-term archival storage- Available in rewritab Product Condition: New",https://pub-4ae70fe1d6cf4e5ea327e14b66c0ad8e.r2.dev/products/23R2568.webp,$83.91,23R2568,https://www.vertexnetworking.co.uk/product/23r2568-ibm-5-25-inch-30gb-udo-rewritable-optical-disk.html
Vertex Networking,246691-001 - HP 16x/10x/40x Speed IDE CD-RW Optical Drive for Evo D300 Desktop,246691-001 - HP 16x/10x/40x Speed IDE CD-RW Optical Drive for Evo D300 Desktop Product Condition: Refurbished,https://pub-4ae70fe1d6cf4e5ea327e14b66c0ad8e.r2.dev/products/246691-001.webp,$80.15,246691-001,https://www.vertexnetworking.co.uk/product/246691-001-hp-16x-10x-40x-speed-ide-cd-rw-optical-drive-for-evo-d300-desktop.html
Vertex Networking,278025-206 - HP CD-ROM Drive,278025-206 - HP CD-ROM Drive Product Condition: Refurbished,https://pub-4ae70fe1d6cf4e5ea327e14b66c0ad8e.r2.dev/products/278025-206.webp,$74.14,278025-206,https://www.vertexnetworking.co.uk/product/278025-206-hp-cd-rom-drive.html
Vertex Networking,239032-001 - HP 8x Speed DVD Optical Drive for Evo n150 Notebook,239032-001 - HP 8x Speed DVD Optical Drive for Evo n150 Notebook Product Condition: Refurbished,https://pub-4ae70fe1d6cf4e5ea327e14b66c0ad8e.r2.dev/products/239032-001.webp,$83.91,239032-001,https://www.vertexnetworking.co.uk/product/239032-001-hp-8x-speed-dvd-optical-drive-for-evo-n150-notebook.html
Vertex Networking,367920-B21 - HP 48x Speed CD-ROM Drive for ProLiant ML370 G4 Server,367920-B21 - HP 48x Speed CD-ROM Drive for ProLiant ML370 G4 Server Product Condition: Refurbished Miscellaneous,https://pub-4ae70fe1d6cf4e5ea327e14b66c0ad8e.r2.dev/products/367920-B21.webp,$66.62,367920-B21,https://www.vertexnetworking.co.uk/product/367920-b21-hp-48x-speed-cd-rom-drive-for-proliant-ml370-g4-server.html
Vertex Networking,383974-B21 - HP 16X Speed Half Height DVD+RW Optical Drive for ProLiant ML370 G4 Server,383974-B21 - HP 16X Speed Half Height DVD+RW Optical Drive for ProLiant ML370 G4 Server Product Condition: Refurbished,https://pub-4ae70fe1d6cf4e5ea327e14b66c0ad8e.r2.dev/products/383974-B21.webp,$119.25,383974-B21,https://www.vertexnetworking.co.uk/product/383974-b21-hp-16x-speed-half-height-dvd-rw-optical-drive-for-proliant-ml370-g4-server.html
Vertex Networking,AB351-64002 - HP DVD / CD-RW IDE Drive,AB351-64002 - HP DVD / CD-RW IDE Drive Product Condition: Refurbished,https://pub-4ae70fe1d6cf4e5ea327e14b66c0ad8e.r2.dev/products/AB351-64002.webp,$80.15,AB351-64002,https://www.vertexnetworking.co.uk/product/ab351-64002-hp-dvd-cd-rw-ide-drive.html
Vertex Networking,388770-672 - HP / Compaq 40x CD-ROM Optical Drive,388770-672 - HP / Compaq 40x CD-ROM Optical Drive Product Condition: Refurbished Miscellaneous,https://pub-4ae70fe1d6cf4e5ea327e14b66c0ad8e.r2.dev/products/388770-672.webp,$66.62,388770-672,https://www.vertexnetworking.co.uk/product/388770-672-hp-compaq-40x-cd-rom-optical-drive.html
Vertex Networking,361634-001 - HP ATAPI/EIDE CD-RW/DVD-ROM Combo Drive for xw4200 Workstation,361634-001 - HP ATAPI/EIDE CD-RW/DVD-ROM Combo Drive for xw4200 Workstation Product Condition: Refurbished,https://pub-4ae70fe1d6cf4e5ea327e14b66c0ad8e.r2.dev/products/361634-001.webp,$119.25,361634-001,https://www.vertexnetworking.co.uk/product/361634-001-hp-atapi-eide-cd-rw-dvd-rom-combo-drive-for-xw4200-workstation.html
Vertex Networking,273137-003 - Compaq 20x Speed CD-ROM Drive for Armada 7300,273137-003 - Compaq 20x Speed CD-ROM Drive for Armada 7300 Product Condition: Refurbished,https://pub-4ae70fe1d6cf4e5ea327e14b66c0ad8e.r2.dev/products/273137-003.webp,$66.62,273137-003,https://www.vertexnetworking.co.uk/product/273137-003-compaq-20x-speed-cd-rom-drive-for-armada-7300.html
Vertex Networking,271692-930 - HP 16x Speed Slimline CD-RW Optical Drive,271692-930 - HP 16x Speed Slimline CD-RW Optical Drive Product Condition: Refurbished,https://pub-4ae70fe1d6cf4e5ea327e14b66c0ad8e.r2.dev/products/271692-930.webp,$161.35,271692-930,https://www.vertexnetworking.co.uk/product/271692-930-hp-16x-speed-slimline-cd-rw-optical-drive.html
Vertex Networking,251391-M30 - HP N800c 8x Speed DVD-ROM Drive,251391-M30 - HP N800c 8x Speed DVD-ROM Drive Product Condition: Refurbished Miscellaneous,https://pub-4ae70fe1d6cf4e5ea327e14b66c0ad8e.r2.dev/products/251391-M30.webp,$66.62,251391-M30,https://www.vertexnetworking.co.uk/product/251391-m30-hp-n800c-8x-speed-dvd-rom-drive.html
Vertex Networking,271249-001 - HP 40x Speed CD-ROM Drive,271249-001 - HP 40x Speed CD-ROM Drive Product Condition: Refurbished,https://pub-4ae70fe1d6cf4e5ea327e14b66c0ad8e.r2.dev/products/271249-001.webp,$66.62,271249-001,https://www.vertexnetworking.co.uk/product/271249-001-hp-40x-speed-cd-rom-drive.html
Vertex Networking,273137-001 - HP 8x Speed IDE CD-ROM Drive,273137-001 - HP 8x Speed IDE CD-ROM Drive Product Condition: Refurbished Miscellaneous,https://pub-4ae70fe1d6cf4e5ea327e14b66c0ad8e.r2.dev/products/273137-001.webp,$66.62,273137-001,https://www.vertexnetworking.co.uk/product/273137-001-hp-8x-speed-ide-cd-rom-drive.html
Vertex Networking,372703-B21 - HP 24X Speed IDE CD-ROM Optical Drive for ProLiant DL320 G3 Server,372703-B21 - HP 24X Speed IDE CD-ROM Optical Drive for ProLiant DL320 G3 Server Product Condition: Refurbished Miscellaneous,https://pub-4ae70fe1d6cf4e5ea327e14b66c0ad8e.r2.dev/products/372703-B21.webp,$74.14,372703-B21,https://www.vertexnetworking.co.uk/product/372703-b21-hp-24x-speed-ide-cd-rom-optical-drive-for-proliant-dl320-g3-server.html
Vertex Networking,278026-001 - Compaq 24x Speed Internal IDE CD-ROM Drive,278026-001 - Compaq 24x Speed Internal IDE CD-ROM Drive Product Condition: Refurbished,https://pub-4ae70fe1d6cf4e5ea327e14b66c0ad8e.r2.dev/products/278026-001.webp,$74.14,278026-001,https://www.vertexnetworking.co.uk/product/278026-001-compaq-24x-speed-internal-ide-cd-rom-drive.html
Vertex Networking,EDM-8600B - Sony 5.25-inch 8.6GB Rewritable Magneto Optical Disk 14X,EDM-8600B - Sony 5.25-inch 8.6GB Rewritable Magneto Optical Disk 14X Product Condition: Refurbished,https://pub-4ae70fe1d6cf4e5ea327e14b66c0ad8e.r2.dev/products/EDM-8600B.webp,$108.72,EDM-8600B,https://www.vertexnetworking.co.uk/product/edm-8600b-sony-5-25-inch-8-6gb-rewritable-magneto-optical-disk-14x.html
Vertex Networking,A8068A - HP DVD-ROM for B1000 /B2000 Workstation,A8068A - HP DVD-ROM for B1000 /B2000 Workstation Product Condition: Refurbished,https://pub-4ae70fe1d6cf4e5ea327e14b66c0ad8e.r2.dev/products/A8068A.webp,$102.71,A8068A,https://www.vertexnetworking.co.uk/product/a8068a-hp-dvd-rom-for-b1000-b2000-workstation.html
Vertex Networking,384044-001 - HP 16X Speed IDE DVD-R/RW Drive Optical Drive for xw4300 Workstation,384044-001 - HP 16X Speed IDE DVD-R/RW Drive Optical Drive for xw4300 Workstation Product Condition: Refurbished,https://pub-4ae70fe1d6cf4e5ea327e14b66c0ad8e.r2.dev/products/384044-001.webp,$96.69,384044-001,https://www.vertexnetworking.co.uk/product/384044-001-hp-16x-speed-ide-dvd-r-rw-drive-optical-drive-for-xw4300-workstation.html
Vertex Networking,A7231-62011 - HP Slimline DVD-ROM Optical Drive,A7231-62011 - HP Slimline DVD-ROM Optical Drive Product Condition: Refurbished Miscellaneous,https://pub-4ae70fe1d6cf4e5ea327e14b66c0ad8e.r2.dev/products/A7231-62011.webp,$66.62,A7231-62011,https://www.vertexnetworking.co.uk/product/a7231-62011-hp-slimline-dvd-rom-optical-drive.html
Vertex Networking,336431-660 - HP CD-ROM Optical Drive,336431-660 - HP CD-ROM Optical Drive Product Condition: Refurbished,https://pub-4ae70fe1d6cf4e5ea327e14b66c0ad8e.r2.dev/products/336431-660.webp,$74.14,336431-660,https://www.vertexnetworking.co.uk/product/336431-660-hp-cd-rom-optical-drive.html
Vertex Networking,AB351-64001 - HP DVD+RW Pluggable Optical Drive,AB351-64001 - HP DVD+RW Pluggable Optical Drive Product Condition: Refurbished,https://pub-4ae70fe1d6cf4e5ea327e14b66c0ad8e.r2.dev/products/AB351-64001.webp,$80.15,AB351-64001,https://www.vertexnetworking.co.uk/product/ab351-64001-hp-dvd-rw-pluggable-optical-drive.html
Vertex Networking,386704-003 - HP 40x Speed IDE CD-ROM Drive for Presario 5200 Desktop,386704-003 - HP 40x Speed IDE CD-ROM Drive for Presario 5200 Desktop Product Condition: Refurbished,https://pub-4ae70fe1d6cf4e5ea327e14b66c0ad8e.r2.dev/products/386704-003.webp,$66.62,386704-003,https://www.vertexnetworking.co.uk/product/386704-003-hp-40x-speed-ide-cd-rom-drive-for-presario-5200-desktop.html
Vertex Networking,388770-632 - HP / Compaq 40x CD-ROM Drive,388770-632 - HP / Compaq 40x CD-ROM Drive Product Condition: Refurbished,https://pub-4ae70fe1d6cf4e5ea327e14b66c0ad8e.r2.dev/products/388770-632.webp,$66.62,388770-632,https://www.vertexnetworking.co.uk/product/388770-632-hp-compaq-40x-cd-rom-drive.html
Vertex Networking,336431-930 - HP / Compaq 24X Speed DVD-ROM/CD-RW Optical Drive for nc6000 Notebook,336431-930 - HP / Compaq 24X Speed DVD-ROM/CD-RW Optical Drive for nc6000 Notebook Product Condition: Refurbished,https://pub-4ae70fe1d6cf4e5ea327e14b66c0ad8e.r2.dev/products/336431-930.webp,$74.14,336431-930,https://www.vertexnetworking.co.uk/product/336431-930-hp-compaq-24x-speed-dvd-rom-cd-rw-optical-drive-for-nc6000-notebook.html
Vertex Networking,A9879-67001 - HP DVD-ROM for Integrity rx8620 Server,A9879-67001 - HP DVD-ROM for Integrity rx8620 Server Product Condition: Refurbished,https://pub-4ae70fe1d6cf4e5ea327e14b66c0ad8e.r2.dev/products/A9879-67001.webp,$74.14,A9879-67001,https://www.vertexnetworking.co.uk/product/a9879-67001-hp-dvd-rom-for-integrity-rx8620-server.html
Vertex Networking,A9879A - HP DVD-ROM for RP74/84,A9879A - HP DVD-ROM for RP74/84 Product Condition: Refurbished Miscellaneous,https://pub-4ae70fe1d6cf4e5ea327e14b66c0ad8e.r2.dev/products/A9879A.webp,$66.62,A9879A,https://www.vertexnetworking.co.uk/product/a9879a-hp-dvd-rom-for-rp74-84.html
Vertex Networking,AB351-67002 - HP IDE DVD+RW Optical Drive for 9000 rp8440 Server,AB351-67002 - HP IDE DVD+RW Optical Drive for 9000 rp8440 Server Product Condition: Refurbished,https://pub-4ae70fe1d6cf4e5ea327e14b66c0ad8e.r2.dev/products/AB351-67002.webp,$80.15,AB351-67002,https://www.vertexnetworking.co.uk/product/ab351-67002-hp-ide-dvd-rw-optical-drive-for-9000-rp8440-server.html
Vertex Networking,384070-001 - HP 8x Slimline Optical DVD+RW Drive for ProLiant DL380 G5,384070-001 - HP 8x Slimline Optical DVD+RW Drive for ProLiant DL380 G5 Product Condition: Refurbished,https://pub-4ae70fe1d6cf4e5ea327e14b66c0ad8e.r2.dev/products/384070-001.webp,$66.62,384070-001,https://www.vertexnetworking.co.uk/product/384070-001-hp-8x-slimline-optical-dvd-rw-drive-for-proliant-dl380-g5.html
Vertex Networking,384732-MD2 - HP 16X Speed IDE DVD/CD-RW Drive Optical Drive,384732-MD2 - HP 16X Speed IDE DVD/CD-RW Drive Optical Drive Product Condition: Refurbished,https://pub-4ae70fe1d6cf4e5ea327e14b66c0ad8e.r2.dev/products/384732-MD2.webp,$86.17,384732-MD2,https://www.vertexnetworking.co.uk/product/384732-md2-hp-16x-speed-ide-dvd-cd-rw-drive-optical-drive.html
Vertex Networking,A8682A - HP 16/48X Speed DVD-ROM Optical Drive,A8682A - HP 16/48X Speed DVD-ROM Optical Drive Product Condition: Refurbished,https://pub-4ae70fe1d6cf4e5ea327e14b66c0ad8e.r2.dev/products/A8682A.webp,$102.71,A8682A,https://www.vertexnetworking.co.uk/product/a8682a-hp-16-48x-speed-dvd-rom-optical-drive.html
Vertex Networking,383981-001 - HP DVD ROM Optical Drive for ProLiant DL320 G3 Server,383981-001 - HP DVD ROM Optical Drive for ProLiant DL320 G3 Server Product Condition: Refurbished,https://pub-4ae70fe1d6cf4e5ea327e14b66c0ad8e.r2.dev/products/383981-001.webp,$149.32,383981-001,https://www.vertexnetworking.co.uk/product/383981-001-hp-dvd-rom-optical-drive-for-proliant-dl320-g3-server.html
Vertex Networking,A7231-64009 - HP 24x Speed CD-RW /8X DVD-ROM Optical Drive,A7231-64009 - HP 24x Speed CD-RW /8X DVD-ROM Optical Drive Product Condition: Refurbished Miscellaneous,https://pub-4ae70fe1d6cf4e5ea327e14b66c0ad8e.r2.dev/products/A7231-64009.webp,$74.14,A7231-64009,https://www.vertexnetworking.co.uk/product/a7231-64009-hp-24x-speed-cd-rw-8x-dvd-rom-optical-drive.html
Vertex Networking,388036-706 - Compaq 40x Speed IDE 5.25-inch CD-ROM Drive,388036-706 - Compaq 40x Speed IDE 5.25-inch CD-ROM Drive Product Condition: Refurbished,https://pub-4ae70fe1d6cf4e5ea327e14b66c0ad8e.r2.dev/products/388036-706.webp,$74.14,388036-706,https://www.vertexnetworking.co.uk/product/388036-706-compaq-40x-speed-ide-5-25-inch-cd-rom-drive.html
Vertex Networking,A7163B - HP 8x Speed Slimline DVD-ROM Optical Drive,A7163B - HP 8x Speed Slimline DVD-ROM Optical Drive Product Condition: Refurbished,https://pub-4ae70fe1d6cf4e5ea327e14b66c0ad8e.r2.dev/products/A7163B.webp,$74.14,A7163B,https://www.vertexnetworking.co.uk/product/a7163b-hp-8x-speed-slimline-dvd-rom-optical-drive.html
Vertex Networking,A7231-64006 - HP DVD / CD-RW Slimline Optical Drive,A7231-64006 - HP DVD / CD-RW Slimline Optical Drive Product Condition: Refurbished,https://pub-4ae70fe1d6cf4e5ea327e14b66c0ad8e.r2.dev/products/A7231-64006.webp,$96.69,A7231-64006,https://www.vertexnetworking.co.uk/product/a7231-64006-hp-dvd-cd-rw-slimline-optical-drive.html
Vertex Networking,A6986-62001 - HP IDE Slimline CD-RW/DVD ROM Optical Drive,A6986-62001 - HP IDE Slimline CD-RW/DVD ROM Optical Drive Product Condition: Refurbished Miscellaneous,https://pub-4ae70fe1d6cf4e5ea327e14b66c0ad8e.r2.dev/products/A6986-62001.webp,$131.28,A6986-62001,https://www.vertexnetworking.co.uk/product/a6986-62001-hp-ide-slimline-cd-rw-dvd-rom-optical-drive.html
Vertex Networking,A7163A - HP 8x Speed Slimline DVD-ROM Optical Drive,A7163A - HP 8x Speed Slimline DVD-ROM Optical Drive Product Condition: Refurbished Miscellaneous,https://pub-4ae70fe1d6cf4e5ea327e14b66c0ad8e.r2.dev/products/A7163A.webp,$66.62,A7163A,https://www.vertexnetworking.co.uk/product/a7163a-hp-8x-speed-slimline-dvd-rom-optical-drive.html
Vertex Networking,293371-001 - HP CD-ROM /Diskette Drive Assembly for ProLiant DL320 G2 Server,293371-001 - HP CD-ROM /Diskette Drive Assembly for ProLiant DL320 G2 Server Product Condition: Refurbished Miscellaneous,https://pub-4ae70fe1d6cf4e5ea327e14b66c0ad8e.r2.dev/products/293371-001.webp,$66.62,293371-001,https://www.vertexnetworking.co.uk/product/293371-001-hp-cd-rom-diskette-drive-assembly-for-proliant-dl320-g2-server.html
Vertex Networking,AB615-62010 - HP 4x4x16X Speed DVD-RW Optical Drive,AB615-62010 - HP 4x4x16X Speed DVD-RW Optical Drive Product Condition: Refurbished,https://pub-4ae70fe1d6cf4e5ea327e14b66c0ad8e.r2.dev/products/AB615-62010.webp,$151.58,AB615-62010,https://www.vertexnetworking.co.uk/product/ab615-62010-hp-4x4x16x-speed-dvd-rw-optical-drive.html
Vertex Networking,A7231-00012 - HP DVD / CD-RW Slimline Optical Drive,A7231-00012 - HP DVD / CD-RW Slimline Optical Drive Product Condition: Refurbished,https://pub-4ae70fe1d6cf4e5ea327e14b66c0ad8e.r2.dev/products/A7231-00012.webp,$74.14,A7231-00012,https://www.vertexnetworking.co.uk/product/a7231-00012-hp-dvd-cd-rw-slimline-optical-drive.html
Vertex Networking,A1658-60025 - HP 32X Speed SCSI-2 CD-ROM Optical Drive,A1658-60025 - HP 32X Speed SCSI-2 CD-ROM Optical Drive Product Condition: Refurbished,https://pub-4ae70fe1d6cf4e5ea327e14b66c0ad8e.r2.dev/products/A1658-60025.webp,$131.28,A1658-60025,https://www.vertexnetworking.co.uk/product/a1658-60025-hp-32x-speed-scsi-2-cd-rom-optical-drive.html
Vertex Networking,AB615A - HP DVD+RW Optical Drive,AB615A - HP DVD+RW Optical Drive Product Condition: Refurbished,https://pub-4ae70fe1d6cf4e5ea327e14b66c0ad8e.r2.dev/products/AB615A.webp,$151.58,AB615A,https://www.vertexnetworking.co.uk/product/ab615a-hp-dvd-rw-optical-drive.html
Vertex Networking,286037-001 - HP / Compaq 16x Speed IDE CD-ROM Drive for Prosignia 200 / Presario 4000,286037-001 - HP / Compaq 16x Speed IDE CD-ROM Drive for Prosignia 200 / Presario 4000 Product Condition: Refurbished,https://pub-4ae70fe1d6cf4e5ea327e14b66c0ad8e.r2.dev/products/286037-001.webp,$86.17,286037-001,https://www.vertexnetworking.co.uk/product/286037-001-hp-compaq-16x-speed-ide-cd-rom-drive-for-prosignia-200-presario-4000.html
Vertex Networking,A3416A - HP 4x Speed CD-ROM Optical Drive,A3416A - HP 4x Speed CD-ROM Optical Drive Product Condition: Refurbished,https://pub-4ae70fe1d6cf4e5ea327e14b66c0ad8e.r2.dev/products/A3416A.webp,$66.62,A3416A,https://www.vertexnetworking.co.uk/product/a3416a-hp-4x-speed-cd-rom-optical-drive.html
Vertex Networking,288894-001 - HP 48x Speed IDE CD-ROM Drive for ProLiant ML350 G4p Server,288894-001 - HP 48x Speed IDE CD-ROM Drive for ProLiant ML350 G4p Server Product Condition: Refurbished Miscellaneous,https://pub-4ae70fe1d6cf4e5ea327e14b66c0ad8e.r2.dev/products/288894-001.webp,$66.62,288894-001,https://www.vertexnetworking.co.uk/product/288894-001-hp-48x-speed-ide-cd-rom-drive-for-proliant-ml350-g4p-server.html
Vertex Networking,285283-001 - HP 8x DVD-ROM Drive for Evo N800c / Presario 2800,285283-001 - HP 8x DVD-ROM Drive for Evo N800c / Presario 2800 Product Condition: Refurbished Miscellaneous,https://pub-4ae70fe1d6cf4e5ea327e14b66c0ad8e.r2.dev/products/285283-001.webp,$66.62,285283-001,https://www.vertexnetworking.co.uk/product/285283-001-hp-8x-dvd-rom-drive-for-evo-n800c-presario-2800.html
Vertex Networking,A4190-60025 - HP CD-ROM Optical Drive,A4190-60025 - HP CD-ROM Optical Drive Product Condition: Refurbished,https://pub-4ae70fe1d6cf4e5ea327e14b66c0ad8e.r2.dev/products/A4190-60025.webp,$66.62,A4190-60025,https://www.vertexnetworking.co.uk/product/a4190-60025-hp-cd-rom-optical-drive.html
Vertex Networking,290992-M31 - HP 16x Speed IDE DVD-ROM for AlphaServer ES45,290992-M31 - HP 16x Speed IDE DVD-ROM for AlphaServer ES45 Product Condition: Refurbished,https://pub-4ae70fe1d6cf4e5ea327e14b66c0ad8e.r2.dev/products/290992-M31.webp,$74.14,290992-M31,https://www.vertexnetworking.co.uk/product/290992-m31-hp-16x-speed-ide-dvd-rom-for-alphaserver-es45.html
Vertex Networking,A4389-60052 - HP CD-ROM Optical Drive,A4389-60052 - HP CD-ROM Optical Drive Product Condition: Refurbished,https://pub-4ae70fe1d6cf4e5ea327e14b66c0ad8e.r2.dev/products/A4389-60052.webp,$66.62,A4389-60052,https://www.vertexnetworking.co.uk/product/a4389-60052-hp-cd-rom-optical-drive.html
Vertex Networking,EDM-1300B - Sony 1.3GB 1024 Bytes/Sector R/W Magneto Optical Disk,EDM-1300B - Sony 1.3GB 1024 Bytes/Sector R/W Magneto Optical Disk Product Condition: New,https://pub-4ae70fe1d6cf4e5ea327e14b66c0ad8e.r2.dev/products/EDM-1300B.webp,$72.63,EDM-1300B,https://www.vertexnetworking.co.uk/product/edm-1300b-sony-1-3gb-1024-bytes-sector-r-w-magneto-optical-disk.html
Vertex Networking,287182-001 - HP 48x Speed IDE CD-ROM Drive for ProLiant ML310 G1 Server,287182-001 - HP 48x Speed IDE CD-ROM Drive for ProLiant ML310 G1 Server Product Condition: Refurbished Miscellaneous,https://pub-4ae70fe1d6cf4e5ea327e14b66c0ad8e.r2.dev/products/287182-001.webp,$66.62,287182-001,https://www.vertexnetworking.co.uk/product/287182-001-hp-48x-speed-ide-cd-rom-drive-for-proliant-ml310-g1-server.html
Vertex Networking,289591-001 - HP 12/10/2.4/2.4/32/8X DVD + R/RW Optical Drive for Evo D320 Desktop,289591-001 - HP 12/10/2.4/2.4/32/8X DVD + R/RW Optical Drive for Evo D320 Desktop Product Condition: Refurbished,https://pub-4ae70fe1d6cf4e5ea327e14b66c0ad8e.r2.dev/products/289591-001.webp,$134.29,289591-001,https://www.vertexnetworking.co.uk/product/289591-001-hp-12-10-2-4-2-4-32-8x-dvd-r-rw-optical-drive-for-evo-d320-desktop.html
Vertex Networking,A7163-04001 - HP 8X Speed Slimline DVD-ROM Optical Drive for rp4440 Server,A7163-04001 - HP 8X Speed Slimline DVD-ROM Optical Drive for rp4440 Server Product Condition: Refurbished,https://pub-4ae70fe1d6cf4e5ea327e14b66c0ad8e.r2.dev/products/A7163-04001.webp,$66.62,A7163-04001,https://www.vertexnetworking.co.uk/product/a7163-04001-hp-8x-speed-slimline-dvd-rom-optical-drive-for-rp4440-server.html
Vertex Networking,A4325-60001 - HP 4 x SCSI 50-Pin CD-ROM Drive,A4325-60001 - HP 4 x SCSI 50-Pin CD-ROM Drive Product Condition: Refurbished,https://pub-4ae70fe1d6cf4e5ea327e14b66c0ad8e.r2.dev/products/A4325-60001.webp,$66.62,A4325-60001,https://www.vertexnetworking.co.uk/product/a4325-60001-hp-4-x-scsi-50-pin-cd-rom-drive.html
Vertex Networking,A4389-60091 - HP 40X Speed IDE CD-ROM Optical Drive,A4389-60091 - HP 40X Speed IDE CD-ROM Optical Drive Product Condition: Refurbished,https://pub-4ae70fe1d6cf4e5ea327e14b66c0ad8e.r2.dev/products/A4389-60091.webp,$66.62,A4389-60091,https://www.vertexnetworking.co.uk/product/a4389-60091-hp-40x-speed-ide-cd-rom-optical-drive.html
Vertex Networking,D4389-60051 - HP Lite-On 48x Speed IDE 5.25-inch CD-ROM Drive,D4389-60051 - HP Lite-On 48x Speed IDE 5.25-inch CD-ROM Drive Product Condition: Refurbished,https://pub-4ae70fe1d6cf4e5ea327e14b66c0ad8e.r2.dev/products/D4389-60051.webp,$66.62,D4389-60051,https://www.vertexnetworking.co.uk/product/d4389-60051-hp-lite-on-48x-speed-ide-5-25-inch-cd-rom-drive.html
Vertex Networking,D4384-60072 - HP 32X Speed IDE CD-ROM Drive,D4384-60072 - HP 32X Speed IDE CD-ROM Drive Product Condition: Refurbished,https://pub-4ae70fe1d6cf4e5ea327e14b66c0ad8e.r2.dev/products/D4384-60072.webp,$66.62,D4384-60072,https://www.vertexnetworking.co.uk/product/d4384-60072-hp-32x-speed-ide-cd-rom-drive.html
Vertex Networking,D4383-60081 - HP 32x Speed CD-ROM Drive,D4383-60081 - HP 32x Speed CD-ROM Drive Product Condition: Refurbished,https://pub-4ae70fe1d6cf4e5ea327e14b66c0ad8e.r2.dev/products/D4383-60081.webp,$66.62,D4383-60081,https://www.vertexnetworking.co.uk/product/d4383-60081-hp-32x-speed-cd-rom-drive.html
Vertex Networking,D4383-60091 - HP 24X Speed Slimline CD-ROM Optical Drive,D4383-60091 - HP 24X Speed Slimline CD-ROM Optical Drive Product Condition: Refurbished,https://pub-4ae70fe1d6cf4e5ea327e14b66c0ad8e.r2.dev/products/D4383-60091.webp,$66.62,D4383-60091,https://www.vertexnetworking.co.uk/product/d4383-60091-hp-24x-speed-slimline-cd-rom-optical-drive.html
Vertex Networking,232320-001 - HP 48x Speed CD-ROM Drive for Business D320 / D315,232320-001 - HP 48x Speed CD-ROM Drive for Business D320 / D315 Product Condition: Refurbished Miscellaneous,https://pub-4ae70fe1d6cf4e5ea327e14b66c0ad8e.r2.dev/products/232320-001.webp,$66.62,232320-001,https://www.vertexnetworking.co.uk/product/232320-001-hp-48x-speed-cd-rom-drive-for-business-d320-d315.html
Vertex Networking,7J385 - Dell 24X CD-ROM Unit and CD-RW Unit,7J385 - Dell 24X CD-ROM Unit and CD-RW Unit Product Condition: Refurbished,https://pub-4ae70fe1d6cf4e5ea327e14b66c0ad8e.r2.dev/products/7J385.webp,$66.62,7J385,https://www.vertexnetworking.co.uk/product/7j385-dell-24x-cd-rom-unit-and-cd-rw-unit.html
Vertex Networking,F2B56AA - HP USB External DVD/RW Optical Drive,F2B56AA - HP USB External DVD/RW Optical Drive Product Condition: New Miscellaneous,https://pub-4ae70fe1d6cf4e5ea327e14b66c0ad8e.r2.dev/products/F2B56AA.webp,$116.24,F2B56AA,https://www.vertexnetworking.co.uk/product/f2b56aa-hp-usb-external-dvd-rw-optical-drive.html
Vertex Networking,D4384-60003 - HP 48X Speed IDE CD-ROM Optical Drive,D4384-60003 - HP 48X Speed IDE CD-ROM Optical Drive Product Condition: Refurbished,https://pub-4ae70fe1d6cf4e5ea327e14b66c0ad8e.r2.dev/products/D4384-60003.webp,$66.62,D4384-60003,https://www.vertexnetworking.co.uk/product/d4384-60003-hp-48x-speed-ide-cd-rom-optical-drive.html
Vertex Networking,A1658-69002 - HP 4X Speed SCSI-2 CD-ROM Optical Drive,A1658-69002 - HP 4X Speed SCSI-2 CD-ROM Optical Drive Product Condition: Refurbished,https://pub-4ae70fe1d6cf4e5ea327e14b66c0ad8e.r2.dev/products/A1658-69002.webp,$66.62,A1658-69002,https://www.vertexnetworking.co.uk/product/a1658-69002-hp-4x-speed-scsi-2-cd-rom-optical-drive.html
Vertex Networking,D4383A - HP 24X Max Speed IDE CD-ROM,D4383A - HP 24X Max Speed IDE CD-ROM Product Condition: Refurbished,https://pub-4ae70fe1d6cf4e5ea327e14b66c0ad8e.r2.dev/products/D4383A.webp,$66.62,D4383A,https://www.vertexnetworking.co.uk/product/d4383a-hp-24x-max-speed-ide-cd-rom.html
Vertex Networking,7C287 - Dell 8X CD-RW C-Module,7C287 - Dell 8X CD-RW C-Module Product Condition: Refurbished,https://pub-4ae70fe1d6cf4e5ea327e14b66c0ad8e.r2.dev/products/7C287.webp,$149.32,7C287,https://www.vertexnetworking.co.uk/product/7c287-dell-8x-cd-rw-c-module.html
Vertex Networking,D4384-60071 - HP Teac CD-532E 32X Speed IDE CD-ROM,D4384-60071 - HP Teac CD-532E 32X Speed IDE CD-ROM Product Condition: Refurbished,https://pub-4ae70fe1d6cf4e5ea327e14b66c0ad8e.r2.dev/products/D4384-60071.webp,$66.62,D4384-60071,https://www.vertexnetworking.co.uk/product/d4384-60071-hp-teac-cd-532e-32x-speed-ide-cd-rom.html
Vertex Networking,9J331 - Dell 8X/4X/24X IDE Slim CD-RW Drive,9J331 - Dell 8X/4X/24X IDE Slim CD-RW Drive Product Condition: Refurbished,https://pub-4ae70fe1d6cf4e5ea327e14b66c0ad8e.r2.dev/products/9J331.webp,$66.62,9J331,https://www.vertexnetworking.co.uk/product/9j331-dell-8x-4x-24x-ide-slim-cd-rw-drive.html
Vertex Networking,A3416-60001 - HP 4X Speed SCSI CD-ROM Optical Drive,A3416-60001 - HP 4X Speed SCSI CD-ROM Optical Drive Product Condition: New,https://pub-4ae70fe1d6cf4e5ea327e14b66c0ad8e.r2.dev/products/A3416-60001.webp,$181.65,A3416-60001,https://www.vertexnetworking.co.uk/product/a3416-60001-hp-4x-speed-scsi-cd-rom-optical-drive.html
Vertex Networking,D4389-60031 - HP 48x Speed IDE 5.25-inch CD-ROM for B2000 Workstation,D4389-60031 - HP 48x Speed IDE 5.25-inch CD-ROM for B2000 Workstation Product Condition: Refurbished,https://pub-4ae70fe1d6cf4e5ea327e14b66c0ad8e.r2.dev/products/D4389-60031.webp,$74.14,D4389-60031,https://www.vertexnetworking.co.uk/product/d4389-60031-hp-48x-speed-ide-5-25-inch-cd-rom-for-b2000-workstation.html
Vertex Networking,9P439 - Dell 8X CD-RW Drive,9P439 - Dell 8X CD-RW Drive Product Condition: Refurbished,https://pub-4ae70fe1d6cf4e5ea327e14b66c0ad8e.r2.dev/products/9P439.webp,$66.62,9P439,https://www.vertexnetworking.co.uk/product/9p439-dell-8x-cd-rw-drive.html
Vertex Networking,D4384-60002 - HP 32X Speed IDE CD-ROM Drive for NetServer LH 3000 Server,D4384-60002 - HP 32X Speed IDE CD-ROM Drive for NetServer LH 3000 Server Product Condition: Refurbished,https://pub-4ae70fe1d6cf4e5ea327e14b66c0ad8e.r2.dev/products/D4384-60002.webp,$66.62,D4384-60002,https://www.vertexnetworking.co.uk/product/d4384-60002-hp-32x-speed-ide-cd-rom-drive-for-netserver-lh-3000-server.html
Vertex Networking,9J323 - Dell 8X4X24X CD-RW Internal Combo Drive,9J323 - Dell 8X4X24X CD-RW Internal Combo Drive Product Condition: Refurbished,https://pub-4ae70fe1d6cf4e5ea327e14b66c0ad8e.r2.dev/products/9J323.webp,$66.62,9J323,https://www.vertexnetworking.co.uk/product/9j323-dell-8x4x24x-cd-rw-internal-combo-drive.html
Vertex Networking,A1658-60018 - HP 12X Speed Internal CD-ROM Optical Drive,A1658-60018 - HP 12X Speed Internal CD-ROM Optical Drive Product Condition: Refurbished,https://pub-4ae70fe1d6cf4e5ea327e14b66c0ad8e.r2.dev/products/A1658-60018.webp,$74.14,A1658-60018,https://www.vertexnetworking.co.uk/product/a1658-60018-hp-12x-speed-internal-cd-rom-optical-drive.html
Vertex Networking,D4389-60001 - HP CRD-8480B 48x Speed IDE CD-ROM Drive,D4389-60001 - HP CRD-8480B 48x Speed IDE CD-ROM Drive Product Condition: Refurbished Miscellaneous,https://pub-4ae70fe1d6cf4e5ea327e14b66c0ad8e.r2.dev/products/D4389-60001.webp,$119.25,D4389-60001,https://www.vertexnetworking.co.uk/product/d4389-60001-hp-crd-8480b-48x-speed-ide-cd-rom-drive.html
Vertex Networking,D4385-60001 - HP Teac CD-532E 32x Max Speed IDE CD-ROM for BladeSystem C3000 Server,D4385-60001 - HP Teac CD-532E 32x Max Speed IDE CD-ROM for BladeSystem C3000 Server Product Condition: Refurbished Miscellaneous,https://pub-4ae70fe1d6cf4e5ea327e14b66c0ad8e.r2.dev/products/D4385-60001.webp,$66.62,D4385-60001,https://www.vertexnetworking.co.uk/product/d4385-60001-hp-teac-cd-532e-32x-max-speed-ide-cd-rom-for-bladesystem-c3000-server.html
Vertex Networking,D4385-60031 - HP 32X Speed IDE CD-ROM Optical Drive,D4385-60031 - HP 32X Speed IDE CD-ROM Optical Drive Product Condition: Refurbished,https://pub-4ae70fe1d6cf4e5ea327e14b66c0ad8e.r2.dev/products/D4385-60031.webp,$66.62,D4385-60031,https://www.vertexnetworking.co.uk/product/d4385-60031-hp-32x-speed-ide-cd-rom-optical-drive.html
Vertex Networking,ND-3550A - HP DVD/CD-RW Optical Drive,ND-3550A - HP DVD/CD-RW Optical Drive Product Condition: Refurbished,https://pub-4ae70fe1d6cf4e5ea327e14b66c0ad8e.r2.dev/products/ND-3550A.webp,$80.15,ND-3550A,https://www.vertexnetworking.co.uk/product/nd-3550a-hp-dvd-cd-rw-optical-drive.html
Vertex Networking,D4398-60041 - HP SureStore 4x Speed EIDE / ATAPI CD-Writer,D4398-60041 - HP SureStore 4x Speed EIDE / ATAPI CD-Writer Product Condition: New,https://pub-4ae70fe1d6cf4e5ea327e14b66c0ad8e.r2.dev/products/D4398-60041.webp,$149.32,D4398-60041,https://www.vertexnetworking.co.uk/product/d4398-60041-hp-surestore-4x-speed-eide-atapi-cd-writer.html
Vertex Networking,7F442 - Dell 8X CD-RW CD-ROM Unit,7F442 - Dell 8X CD-RW CD-ROM Unit Product Condition: Refurbished,https://pub-4ae70fe1d6cf4e5ea327e14b66c0ad8e.r2.dev/products/7F442.webp,$66.62,7F442,https://www.vertexnetworking.co.uk/product/7f442-dell-8x-cd-rw-cd-rom-unit.html
Vertex Networking,D4389-60081 - HP 48x Max Speed IDE CD-ROM Drive for Vectra VL420 Desktop,D4389-60081 - HP 48x Max Speed IDE CD-ROM Drive for Vectra VL420 Desktop Product Condition: Refurbished,https://pub-4ae70fe1d6cf4e5ea327e14b66c0ad8e.r2.dev/products/D4389-60081.webp,$66.62,D4389-60081,https://www.vertexnetworking.co.uk/product/d4389-60081-hp-48x-max-speed-ide-cd-rom-drive-for-vectra-vl420-desktop.html
Vertex Networking,C16310-004 - HP DVD-ROM Optical Drive,C16310-004 - HP DVD-ROM Optical Drive Product Condition: Refurbished,https://pub-4ae70fe1d6cf4e5ea327e14b66c0ad8e.r2.dev/products/C16310-004.webp,$384.66,C16310-004,https://www.vertexnetworking.co.uk/product/c16310-004-hp-dvd-rom-optical-drive.html
Vertex Networking,D4385-60021 - HP Teac CD-532E 32X Speed IDE CD-ROM Drive,D4385-60021 - HP Teac CD-532E 32X Speed IDE CD-ROM Drive Product Condition: Refurbished Miscellaneous,https://pub-4ae70fe1d6cf4e5ea327e14b66c0ad8e.r2.dev/products/D4385-60021.webp,$66.62,D4385-60021,https://www.vertexnetworking.co.uk/product/d4385-60021-hp-teac-cd-532e-32x-speed-ide-cd-rom-drive.html
Vertex Networking,232315-001 - HP / Compaq 12x / 8x / 32x CD-RW Drive for Evo 8000 / 6000 Deskpro IPAQ,232315-001 - HP / Compaq 12x / 8x / 32x CD-RW Drive for Evo 8000 / 6000 Deskpro IPAQ Product Condition: Refurbished,https://pub-4ae70fe1d6cf4e5ea327e14b66c0ad8e.r2.dev/products/232315-001.webp,$96.69,232315-001,https://www.vertexnetworking.co.uk/product/232315-001-hp-compaq-12x-8x-32x-cd-rw-drive-for-evo-8000-6000-deskpro-ipaq.html
Vertex Networking,228508-001 - HP 24X Speed IDE Slimline CD-ROM Optical Drive for ProLiant DL380 G3 Server,228508-001 - HP 24X Speed IDE Slimline CD-ROM Optical Drive for ProLiant DL380 G3 Server Product Condition: Refurbished Miscellaneous,https://pub-4ae70fe1d6cf4e5ea327e14b66c0ad8e.r2.dev/products/228508-001.webp,$66.62,228508-001,https://www.vertexnetworking.co.uk/product/228508-001-hp-24x-speed-ide-slimline-cd-rom-optical-drive-for-proliant-dl380-g3-server.html
Vertex Networking,D4384-60081 - HP 32x Speed CD-ROM Drive,D4384-60081 - HP 32x Speed CD-ROM Drive Product Condition: Refurbished Miscellaneous,https://pub-4ae70fe1d6cf4e5ea327e14b66c0ad8e.r2.dev/products/D4384-60081.webp,$66.62,D4384-60081,https://www.vertexnetworking.co.uk/product/d4384-60081-hp-32x-speed-cd-rom-drive.html
Vertex Networking,MKT6V - Dell 12X Internal DVD-ROM,MKT6V - Dell 12X Internal DVD-ROM Product Condition: Refurbished,https://pub-4ae70fe1d6cf4e5ea327e14b66c0ad8e.r2.dev/products/MKT6V.webp,$66.62,MKT6V,https://www.vertexnetworking.co.uk/product/mkt6v-dell-12x-internal-dvd-rom.html
Vertex Networking,D4389-60052 - HP 48X Max Speed IDE 5.25 -inch CD-ROM Drive,D4389-60052 - HP 48X Max Speed IDE 5.25 -inch CD-ROM Drive Product Condition: Refurbished,https://pub-4ae70fe1d6cf4e5ea327e14b66c0ad8e.r2.dev/products/D4389-60052.webp,$102.71,D4389-60052,https://www.vertexnetworking.co.uk/product/d4389-60052-hp-48x-max-speed-ide-5-25-inch-cd-rom-drive.html
Vertex Networking,D4388-69018 - HP 16x Speed Max Speed IDE DVD-ROM / 40x Max Speed CD-ROM for tc2110 Server,D4388-69018 - HP 16x Speed Max Speed IDE DVD-ROM / 40x Max Speed CD-ROM for tc2110 Server Product Condition: Refurbished Miscellaneous,https://pub-4ae70fe1d6cf4e5ea327e14b66c0ad8e.r2.dev/products/D4388-69018.webp,$74.14,D4388-69018,https://www.vertexnetworking.co.uk/product/d4388-69018-hp-16x-speed-max-speed-ide-dvd-rom-40x-max-speed-cd-rom-for-tc2110-server.html
Vertex Networking,228746-001 - HP 24x Speed IDE Plug-in-Module CD-ROM Drive for EVO N500,228746-001 - HP 24x Speed IDE Plug-in-Module CD-ROM Drive for EVO N500 Product Condition: Refurbished Miscellaneous,https://pub-4ae70fe1d6cf4e5ea327e14b66c0ad8e.r2.dev/products/228746-001.webp,$86.17,228746-001,https://www.vertexnetworking.co.uk/product/228746-001-hp-24x-speed-ide-plug-in-module-cd-rom-drive-for-evo-n500.html
Vertex Networking,D4384-63003 - HP 48XMax Speed IDE CD-ROM Drive for NetServer E200,D4384-63003 - HP 48XMax Speed IDE CD-ROM Drive for NetServer E200 Product Condition: New,https://pub-4ae70fe1d6cf4e5ea327e14b66c0ad8e.r2.dev/products/D4384-63003.webp,$119.25,D4384-63003,https://www.vertexnetworking.co.uk/product/d4384-63003-hp-48xmax-speed-ide-cd-rom-drive-for-netserver-e200.html
Vertex Networking,Dell - 7YNX2 - 16x DVDÃ‚Â±RW SATA Internal Optical Drive,Dell - 7YNX2 - 16x DVDÃ‚Â±RW SATA Internal Optical Drive Product Condition: Refurbished,https://pub-4ae70fe1d6cf4e5ea327e14b66c0ad8e.r2.dev/products/7YNX2.webp,$66.62,7YNX2,https://www.vertexnetworking.co.uk/product/7ynx2-dell-16x-dvd-rw-drive.html
Vertex Networking,232319-001 - HP 16X Max Speed IDE DVD-ROM for Evo D300 Desktop,232319-001 - HP 16X Max Speed IDE DVD-ROM for Evo D300 Desktop Product Condition: Refurbished,https://pub-4ae70fe1d6cf4e5ea327e14b66c0ad8e.r2.dev/products/232319-001.webp,$76.39,232319-001,https://www.vertexnetworking.co.uk/product/232319-001-hp-16x-max-speed-ide-dvd-rom-for-evo-d300-desktop.html
Vertex Networking,C13074-300 - HP DVD-ROM Optical Drive,C13074-300 - HP DVD-ROM Optical Drive Product Condition: Refurbished,https://pub-4ae70fe1d6cf4e5ea327e14b66c0ad8e.r2.dev/products/C13074-300.webp,$384.66,C13074-300,https://www.vertexnetworking.co.uk/product/c13074-300-hp-dvd-rom-optical-drive.html
Vertex Networking,661-5243 - Apple 8x SATA Slot Optical Super Drive for Mac Mini,661-5243 - Apple 8x SATA Slot Optical Super Drive for Mac Mini Product Condition: Refurbished,https://pub-4ae70fe1d6cf4e5ea327e14b66c0ad8e.r2.dev/products/661-5243.webp,$66.62,661-5243,https://www.vertexnetworking.co.uk/product/661-5243-apple-8x-sata-slot-optical-super-drive-for-mac-mini.html
Vertex Networking,7DTM5 - Dell 8X SFF SATA DVD-RW Drive,7DTM5 - Dell 8X SFF SATA DVD-RW Drive Product Condition: Refurbished,https://pub-4ae70fe1d6cf4e5ea327e14b66c0ad8e.r2.dev/products/7DTM5.webp,$93.68,7DTM5,https://www.vertexnetworking.co.uk/product/7dtm5-dell-8x-sff-sata-dvd-rw-drive.html
Vertex Networking,G7307 - Dell 8X Slimline Internal DVD-RW Drive (Black),G7307 - Dell 8X Slimline Internal DVD-RW Drive (Black) Product Condition: Refurbished,https://pub-4ae70fe1d6cf4e5ea327e14b66c0ad8e.r2.dev/products/G7307.webp,$66.62,G7307,https://www.vertexnetworking.co.uk/product/g7307-dell-8x-slimline-internal-dvd-rw-drive-black-.html
Vertex Networking,FH991 - Dell Assembly CD 48X HH HLDS Black,FH991 - Dell Assembly CD 48X HH HLDS Black Product Condition: Refurbished,https://pub-4ae70fe1d6cf4e5ea327e14b66c0ad8e.r2.dev/products/FH991.webp,$80.15,FH991,https://www.vertexnetworking.co.uk/product/fh991-dell-assembly-cd-48x-hh-hlds-black.html
Vertex Networking,661-4490 - Apple 24x PATA CD-RW / DVD-ROM Combo Drive for MacBook 13,661-4490 - Apple 24x PATA CD-RW / DVD-ROM Combo Drive for MacBook 13 Product Condition: Refurbished,https://pub-4ae70fe1d6cf4e5ea327e14b66c0ad8e.r2.dev/products/661-4490.webp,$66.62,661-4490,https://www.vertexnetworking.co.uk/product/661-4490-apple-24x-pata-cd-rw-dvd-rom-combo-drive-for-macbook-13.html
Vertex Networking,C1113M - HP 9.1GB Internal Optical Drive,C1113M - HP 9.1GB Internal Optical Drive Product Condition: Refurbished Miscellaneous,https://pub-4ae70fe1d6cf4e5ea327e14b66c0ad8e.r2.dev/products/C1113M.webp,$279.40,C1113M,https://www.vertexnetworking.co.uk/product/c1113m-hp-9-1gb-internal-optical-drive.html
Vertex Networking,C0XPY - Dell Super Multi DVD-RW Drive,C0XPY - Dell Super Multi DVD-RW Drive Product Condition: Refurbished,https://pub-4ae70fe1d6cf4e5ea327e14b66c0ad8e.r2.dev/products/C0XPY.webp,$66.62,C0XPY,https://www.vertexnetworking.co.uk/product/c0xpy-dell-super-multi-dvd-rw-drive.html
Vertex Networking,G4057 - Dell CD-RW/DVD 48x32 IDE Hh Hlds Mg,G4057 - Dell CD-RW/DVD 48x32 IDE Hh Hlds Mg Product Condition: Refurbished,https://pub-4ae70fe1d6cf4e5ea327e14b66c0ad8e.r2.dev/products/G4057.webp,$66.62,G4057,https://www.vertexnetworking.co.uk/product/g4057-dell-cd-rw-dvd-48x32-ide-hh-hlds-mg.html
Vertex Networking,C1113-06014 - HP Magneto 9.1GB Rewrite Optical Disk Drive,C1113-06014 - HP Magneto 9.1GB Rewrite Optical Disk Drive Product Condition: Refurbished,https://pub-4ae70fe1d6cf4e5ea327e14b66c0ad8e.r2.dev/products/C1113-06014.webp,$344.81,C1113-06014,https://www.vertexnetworking.co.uk/product/c1113-06014-hp-magneto-9-1gb-rewrite-optical-disk-drive.html
Vertex Networking,661-4091 - Apple 8X Dual Layer PATA DVD-R / CD-RW Super Drive for MacBook / MacBook Pro,661-4091 - Apple 8X Dual Layer PATA DVD-R / CD-RW Super Drive for MacBook / MacBook Pro Product Condition: Refurbished,https://pub-4ae70fe1d6cf4e5ea327e14b66c0ad8e.r2.dev/products/661-4091.webp,$66.62,661-4091,https://www.vertexnetworking.co.uk/product/661-4091-apple-8x-dual-layer-pata-dvd-r-cd-rw-super-drive-for-macbook-macbook-pro.html
Vertex Networking,433618-B21 - HP Slimline DVD/CD-RW Combo Drive for ProLiant DL320 G3 Server,433618-B21 - HP Slimline DVD/CD-RW Combo Drive for ProLiant DL320 G3 Server Product Condition: Refurbished,https://pub-4ae70fe1d6cf4e5ea327e14b66c0ad8e.r2.dev/products/433618-B21.webp,$161.35,433618-B21,https://www.vertexnetworking.co.uk/product/433618-b21-hp-slimline-dvd-cd-rw-combo-drive-for-proliant-dl320-g3-server.html
Vertex Networking,CN269-67010 - HP SATA DVD-RW Drive with Cable,CN269-67010 - HP SATA DVD-RW Drive with Cable Product Condition: New Miscellaneous,https://pub-4ae70fe1d6cf4e5ea327e14b66c0ad8e.r2.dev/products/CN269-67010.webp,$83.91,CN269-67010,https://www.vertexnetworking.co.uk/product/cn269-67010-hp-sata-dvd-rw-drive-with-cable.html
Vertex Networking,661-5523 - Apple 18X 12.7mm DVD-R / CD-RW Super Drive for iMac 21.5/27,661-5523 - Apple 18X 12.7mm DVD-R / CD-RW Super Drive for iMac 21.5/27 Product Condition: Refurbished Miscellaneous,https://pub-4ae70fe1d6cf4e5ea327e14b66c0ad8e.r2.dev/products/661-5523.webp,$66.62,661-5523,https://www.vertexnetworking.co.uk/product/661-5523-apple-18x-12-7mm-dvd-r-cd-rw-super-drive-for-imac-21-5-27.html
Vertex Networking,661-5202 - Apple 9.5mm SATA Super Optical Drive for MacBook Pro 17,661-5202 - Apple 9.5mm SATA Super Optical Drive for MacBook Pro 17 Product Condition: Refurbished Miscellaneous,https://pub-4ae70fe1d6cf4e5ea327e14b66c0ad8e.r2.dev/products/661-5202.webp,$66.62,661-5202,https://www.vertexnetworking.co.uk/product/661-5202-apple-9-5mm-sata-super-optical-drive-for-macbook-pro-17.html
Vertex Networking,CRX217E - Sony 48X/32X/48X IDE Internal CD-RW Drive,CRX217E - Sony 48X/32X/48X IDE Internal CD-RW Drive Product Condition: Refurbished,https://pub-4ae70fe1d6cf4e5ea327e14b66c0ad8e.r2.dev/products/CRX217E.webp,$66.62,CRX217E,https://www.vertexnetworking.co.uk/product/crx217e-sony-48x-32x-48x-ide-internal-cd-rw-drive.html
Vertex Networking,G9051 - Dell 24X CD-RW/DVD Combo Drive,G9051 - Dell 24X CD-RW/DVD Combo Drive Product Condition: Refurbished,https://pub-4ae70fe1d6cf4e5ea327e14b66c0ad8e.r2.dev/products/G9051.webp,$66.62,G9051,https://www.vertexnetworking.co.uk/product/g9051-dell-24x-cd-rw-dvd-combo-drive.html
Vertex Networking,CRX310EE - Sony 48X/32X IDE Internal CD-RW/DVD-ROM Combo Drive,CRX310EE - Sony 48X/32X IDE Internal CD-RW/DVD-ROM Combo Drive Product Condition: Refurbished,https://pub-4ae70fe1d6cf4e5ea327e14b66c0ad8e.r2.dev/products/CRX310EE.webp,$108.72,CRX310EE,https://www.vertexnetworking.co.uk/product/crx310ee-sony-48x-32x-ide-internal-cd-rw-dvd-rom-combo-drive.html
Vertex Networking,661-4702 - Apple 8X Double Layer PATA Super Drive for MacBook,661-4702 - Apple 8X Double Layer PATA Super Drive for MacBook Product Condition: Refurbished Miscellaneous,https://pub-4ae70fe1d6cf4e5ea327e14b66c0ad8e.r2.dev/products/661-4702.webp,$66.62,661-4702,https://www.vertexnetworking.co.uk/product/661-4702-apple-8x-double-layer-pata-super-drive-for-macbook.html
Vertex Networking,661-5959 - Apple 8X SATA Super Optical Drive for MacBook Pro 17,661-5959 - Apple 8X SATA Super Optical Drive for MacBook Pro 17 Product Condition: Refurbished,https://pub-4ae70fe1d6cf4e5ea327e14b66c0ad8e.r2.dev/products/661-5959.webp,$66.62,661-5959,https://www.vertexnetworking.co.uk/product/661-5959-apple-8x-sata-super-optical-drive-for-macbook-pro-17.html
Vertex Networking,661-4604 - Apple 8X DVD Rewriter Optical Drive for MacBook Pro 15,661-4604 - Apple 8X DVD Rewriter Optical Drive for MacBook Pro 15 Product Condition: Refurbished,https://pub-4ae70fe1d6cf4e5ea327e14b66c0ad8e.r2.dev/products/661-4604.webp,$66.62,661-4604,https://www.vertexnetworking.co.uk/product/661-4604-apple-8x-dvd-rewriter-optical-drive-for-macbook-pro-15.html
Vertex Networking,661-4622 - Apple 8X Double-Layer PATA Super Drive for MacBook Pro 17,661-4622 - Apple 8X Double-Layer PATA Super Drive for MacBook Pro 17 Product Condition: Refurbished,https://pub-4ae70fe1d6cf4e5ea327e14b66c0ad8e.r2.dev/products/661-4622.webp,$66.62,661-4622,https://www.vertexnetworking.co.uk/product/661-4622-apple-8x-double-layer-pata-super-drive-for-macbook-pro-17.html
Vertex Networking,419498-001 - HP 16X Speed SATA DVD-/+RW with LightScribe Optical Drive,419498-001 - HP 16X Speed SATA DVD-/+RW with LightScribe Optical Drive Product Condition: Refurbished,https://pub-4ae70fe1d6cf4e5ea327e14b66c0ad8e.r2.dev/products/419498-001.webp,$66.62,419498-001,https://www.vertexnetworking.co.uk/product/419498-001-hp-16x-speed-sata-dvd-rw-with-lightscribe-optical-drive.html
Vertex Networking,506468-001 - HP 8X Speed SATA DVD-RW/CD-RW Optical Drive,506468-001 - HP 8X Speed SATA DVD-RW/CD-RW Optical Drive Product Condition: Refurbished,https://pub-4ae70fe1d6cf4e5ea327e14b66c0ad8e.r2.dev/products/506468-001.webp,$144.06,506468-001,https://www.vertexnetworking.co.uk/product/506468-001-hp-8x-speed-sata-dvd-rw-cd-rw-optical-drive.html
Vertex Networking,504941-001 - HP 6 x Blu-Ray Drive DVD-RW Burner,504941-001 - HP 6 x Blu-Ray Drive DVD-RW Burner Product Condition: Refurbished,https://pub-4ae70fe1d6cf4e5ea327e14b66c0ad8e.r2.dev/products/504941-001.webp,$151.58,504941-001,https://www.vertexnetworking.co.uk/product/504941-001-hp-6-x-blu-ray-drive-dvd-rw-burner.html
Vertex Networking,419497-001 - HP 48x / 32x Speed CD-RW / DVD SATA Combo Optical Drive,419497-001 - HP 48x / 32x Speed CD-RW / DVD SATA Combo Optical Drive Product Condition: Refurbished,https://pub-4ae70fe1d6cf4e5ea327e14b66c0ad8e.r2.dev/products/419497-001.webp,$66.62,419497-001,https://www.vertexnetworking.co.uk/product/419497-001-hp-48x-32x-speed-cd-rw-dvd-sata-combo-optical-drive.html
Vertex Networking,Dell - CR582 - Black Front Bezel SATA DVD-ROM CD-RW Optical Drive,Dell - CR582 - Black Front Bezel SATA DVD-ROM CD-RW Optical Drive Product Condition: Refurbished,https://pub-4ae70fe1d6cf4e5ea327e14b66c0ad8e.r2.dev/products/CR582.webp,$78.65,CR582,https://www.vertexnetworking.co.uk/product/cr582-dell-cd-rw-dvd-drive.html
Vertex Networking,417182-001 - HP 8X Speed SATA DVD-RW Optical Drive,417182-001 - HP 8X Speed SATA DVD-RW Optical Drive Product Condition: Refurbished,https://pub-4ae70fe1d6cf4e5ea327e14b66c0ad8e.r2.dev/products/417182-001.webp,$66.62,417182-001,https://www.vertexnetworking.co.uk/product/417182-001-hp-8x-speed-sata-dvd-rw-optical-drive.html
Vertex Networking,416757-001 - HP 9.5mm 24X Speed CD/DVD-ROM Optical Drive,416757-001 - HP 9.5mm 24X Speed CD/DVD-ROM Optical Drive Product Condition: Refurbished,https://pub-4ae70fe1d6cf4e5ea327e14b66c0ad8e.r2.dev/products/416757-001.webp,$96.69,416757-001,https://www.vertexnetworking.co.uk/product/416757-001-hp-9-5mm-24x-speed-cd-dvd-rom-optical-drive.html
Vertex Networking,280119-830 - HP IDE CD-RW/DVD-ROM Optical Drive,280119-830 - HP IDE CD-RW/DVD-ROM Optical Drive Product Condition: Refurbished,https://pub-4ae70fe1d6cf4e5ea327e14b66c0ad8e.r2.dev/products/280119-830.webp,$66.62,280119-830,https://www.vertexnetworking.co.uk/product/280119-830-hp-ide-cd-rw-dvd-rom-optical-drive.html
Vertex Networking,416175-MDO - HP CD-RW/DVD-ROM Optical Drive for BladeSystem BLc3000,416175-MDO - HP CD-RW/DVD-ROM Optical Drive for BladeSystem BLc3000 Product Condition: Refurbished,https://pub-4ae70fe1d6cf4e5ea327e14b66c0ad8e.r2.dev/products/416175-MDO.webp,$96.69,416175-MDO,https://www.vertexnetworking.co.uk/product/416175-mdo-hp-cd-rw-dvd-rom-optical-drive-for-bladesystem-blc3000.html
Vertex Networking,661-5933 - Apple SATA DVD-R / CD-RW Super Drive for iMac 21.5,661-5933 - Apple SATA DVD-R / CD-RW Super Drive for iMac 21.5 Product Condition: Refurbished,https://pub-4ae70fe1d6cf4e5ea327e14b66c0ad8e.r2.dev/products/661-5933.webp,$66.62,661-5933,https://www.vertexnetworking.co.uk/product/661-5933-apple-sata-dvd-r-cd-rw-super-drive-for-imac-21-5.html
Vertex Networking,419496-001 - HP 16x Speed SATA DVD-ROM,419496-001 - HP 16x Speed SATA DVD-ROM Product Condition: Refurbished Miscellaneous,https://pub-4ae70fe1d6cf4e5ea327e14b66c0ad8e.r2.dev/products/419496-001.webp,$66.62,419496-001,https://www.vertexnetworking.co.uk/product/419496-001-hp-16x-speed-sata-dvd-rom.html
Vertex Networking,5183-7739 - HP 32x Speed SCSI Pluggable CD-ROM Drive,5183-7739 - HP 32x Speed SCSI Pluggable CD-ROM Drive Product Condition: Refurbished Miscellaneous,https://pub-4ae70fe1d6cf4e5ea327e14b66c0ad8e.r2.dev/products/5183-7739.webp,$131.28,5183-7739,https://www.vertexnetworking.co.uk/product/5183-7739-hp-32x-speed-scsi-pluggable-cd-rom-drive.html
Vertex Networking,05K9267 - IBM CD-Reader - Plug-in Module - 24x - IDE,05K9267 - IBM CD-Reader - Plug-in Module - 24x - IDE Product Condition: Refurbished,https://pub-4ae70fe1d6cf4e5ea327e14b66c0ad8e.r2.dev/products/05K9267.webp,$66.62,05K9267,https://www.vertexnetworking.co.uk/product/05k9267-ibm-cd-reader-plug-in-module-24x-ide.html
Vertex Networking,5187-2634 - HP 4X Speed DVD-RW IDE Optical Drive,5187-2634 - HP 4X Speed DVD-RW IDE Optical Drive Product Condition: Refurbished,https://pub-4ae70fe1d6cf4e5ea327e14b66c0ad8e.r2.dev/products/5187-2634.webp,$140.30,5187-2634,https://www.vertexnetworking.co.uk/product/5187-2634-hp-4x-speed-dvd-rw-ide-optical-drive.html
Vertex Networking,5090-5116 - HP DVD / CD-RW Slimline Optical Drive,5090-5116 - HP DVD / CD-RW Slimline Optical Drive Product Condition: Refurbished,https://pub-4ae70fe1d6cf4e5ea327e14b66c0ad8e.r2.dev/products/5090-5116.webp,$74.14,5090-5116,https://www.vertexnetworking.co.uk/product/5090-5116-hp-dvd-cd-rw-slimline-optical-drive.html
Vertex Networking,416176-001 - HP 8x DVD-ROM Optical Drive for ProLiant DL320 G5,416176-001 - HP 8x DVD-ROM Optical Drive for ProLiant DL320 G5 Product Condition: Refurbished,https://pub-4ae70fe1d6cf4e5ea327e14b66c0ad8e.r2.dev/products/416176-001.webp,$221.50,416176-001,https://www.vertexnetworking.co.uk/product/416176-001-hp-8x-dvd-rom-optical-drive-for-proliant-dl320-g5.html
Vertex Networking,432880-B21 - HP 9.5mm 24X Speed Slimline CD-RW/DVD-ROM Optical Drive for ProLiant DL145 G3 Server,432880-B21 - HP 9.5mm 24X Speed Slimline CD-RW/DVD-ROM Optical Drive for ProLiant DL145 G3 Server Product Condition: Refurbished Miscellaneous,https://pub-4ae70fe1d6cf4e5ea327e14b66c0ad8e.r2.dev/products/432880-B21.webp,$131.28,432880-B21,https://www.vertexnetworking.co.uk/product/432880-b21-hp-9-5mm-24x-speed-slimline-cd-rw-dvd-rom-optical-drive-for-proliant-dl145-g3-server.html
Vertex Networking,505835-B21 - HP 8X Speed DVD-RW Optical Drive,505835-B21 - HP 8X Speed DVD-RW Optical Drive Product Condition: Refurbished Miscellaneous,https://pub-4ae70fe1d6cf4e5ea327e14b66c0ad8e.r2.dev/products/505835-B21.webp,$141.80,505835-B21,https://www.vertexnetworking.co.uk/product/505835-b21-hp-8x-speed-dvd-rw-optical-drive.html
Vertex Networking,416575-001 - HP DVD / CD-RW Drive for ProLiant DL145 G3,416575-001 - HP DVD / CD-RW Drive for ProLiant DL145 G3 Product Condition: Refurbished,https://pub-4ae70fe1d6cf4e5ea327e14b66c0ad8e.r2.dev/products/416575-001.webp,$131.28,416575-001,https://www.vertexnetworking.co.uk/product/416575-001-hp-dvd-cd-rw-drive-for-proliant-dl145-g3.html
Vertex Networking,661-5283 - Apple DVD / CD-RW Drive for iMac 27,661-5283 - Apple DVD / CD-RW Drive for iMac 27 Product Condition: Refurbished,https://pub-4ae70fe1d6cf4e5ea327e14b66c0ad8e.r2.dev/products/661-5283.webp,$66.62,661-5283,https://www.vertexnetworking.co.uk/product/661-5283-apple-dvd-cd-rw-drive-for-imac-27.html
Vertex Networking,286303-001 - HP / Compaq 40X10X Speed IDE CD-RW Optical Drive,286303-001 - HP / Compaq 40X10X Speed IDE CD-RW Optical Drive Product Condition: Refurbished,https://pub-4ae70fe1d6cf4e5ea327e14b66c0ad8e.r2.dev/products/286303-001.webp,$91.43,286303-001,https://www.vertexnetworking.co.uk/product/286303-001-hp-compaq-40x10x-speed-ide-cd-rw-optical-drive.html
Vertex Networking,80N64 - Dell Slimline DVD-ROM Drive,80N64 - Dell Slimline DVD-ROM Drive Product Condition: Refurbished,https://pub-4ae70fe1d6cf4e5ea327e14b66c0ad8e.r2.dev/products/80N64.webp,$66.62,80N64,https://www.vertexnetworking.co.uk/product/80n64-dell-slimline-dvd-rom-drive.html
Vertex Networking,A5990-64003 - HP Slimline 24X Speed CD-RW/DVD ROM Optical Driver,A5990-64003 - HP Slimline 24X Speed CD-RW/DVD ROM Optical Driver Product Condition: Refurbished,https://pub-4ae70fe1d6cf4e5ea327e14b66c0ad8e.r2.dev/products/A5990-64003.webp,$161.35,A5990-64003,https://www.vertexnetworking.co.uk/product/a5990-64003-hp-slimline-24x-speed-cd-rw-dvd-rom-optical-driver.html
Vertex Networking,0TDCTC - Dell Internal DVD-RW Slimline Drive,0TDCTC - Dell Internal DVD-RW Slimline Drive Product Condition: Refurbished,https://pub-4ae70fe1d6cf4e5ea327e14b66c0ad8e.r2.dev/products/0TDCTC.webp,$78.65,0TDCTC,https://www.vertexnetworking.co.uk/product/0tdctc-dell-internal-dvd-rw-slimline-drive.html
Vertex Networking,294461-001 - HP 10x / 32x Speed DVD-ROM Drive,294461-001 - HP 10x / 32x Speed DVD-ROM Drive Product Condition: Refurbished,https://pub-4ae70fe1d6cf4e5ea327e14b66c0ad8e.r2.dev/products/294461-001.webp,$74.14,294461-001,https://www.vertexnetworking.co.uk/product/294461-001-hp-10x-32x-speed-dvd-rom-drive.html
Vertex Networking,294766-906 - HP / Compaq CD-RW Optical Drive for ProLiant DL320 Server,294766-906 - HP / Compaq CD-RW Optical Drive for ProLiant DL320 Server Product Condition: Refurbished,https://pub-4ae70fe1d6cf4e5ea327e14b66c0ad8e.r2.dev/products/294766-906.webp,$119.25,294766-906,https://www.vertexnetworking.co.uk/product/294766-906-hp-compaq-cd-rw-optical-drive-for-proliant-dl320-server.html
Vertex Networking,99Y1474 - IBM SATA DVD Burner with Bracket for SurePOS 700,99Y1474 - IBM SATA DVD Burner with Bracket for SurePOS 700 Product Condition: New,https://pub-4ae70fe1d6cf4e5ea327e14b66c0ad8e.r2.dev/products/99Y1474.webp,$93.68,99Y1474,https://www.vertexnetworking.co.uk/product/99y1474-ibm-sata-dvd-burner-with-bracket-for-surepos-700.html
Vertex Networking,96FCD - Dell Inspiron 2000 8X DVD Module,96FCD - Dell Inspiron 2000 8X DVD Module Product Condition: Refurbished,https://pub-4ae70fe1d6cf4e5ea327e14b66c0ad8e.r2.dev/products/96FCD.webp,$91.43,96FCD,https://www.vertexnetworking.co.uk/product/96fcd-dell-inspiron-2000-8x-dvd-module.html
Vertex Networking,294766-935 - HP 24x Slimline CD-RW / DVD-ROM Combo Drive for ProLiant ML570 Server,294766-935 - HP 24x Slimline CD-RW / DVD-ROM Combo Drive for ProLiant ML570 Server Product Condition: Refurbished,https://pub-4ae70fe1d6cf4e5ea327e14b66c0ad8e.r2.dev/products/294766-935.webp,$66.62,294766-935,https://www.vertexnetworking.co.uk/product/294766-935-hp-24x-slimline-cd-rw-dvd-rom-combo-drive-for-proliant-ml570-server.html
Vertex Networking,A5990-64001 - HP Slimline CD-RW/DVD ROM for Integrity rx2620 Server,A5990-64001 - HP Slimline CD-RW/DVD ROM for Integrity rx2620 Server Product Condition: Refurbished Miscellaneous,https://pub-4ae70fe1d6cf4e5ea327e14b66c0ad8e.r2.dev/products/A5990-64001.webp,$74.14,A5990-64001,https://www.vertexnetworking.co.uk/product/a5990-64001-hp-slimline-cd-rw-dvd-rom-for-integrity-rx2620-server.html
Vertex Networking,07FJM - Dell SFF Slim line SATA DVD-RW Drive,07FJM - Dell SFF Slim line SATA DVD-RW Drive Product Condition: Refurbished,https://pub-4ae70fe1d6cf4e5ea327e14b66c0ad8e.r2.dev/products/07FJM.webp,$72.63,07FJM,https://www.vertexnetworking.co.uk/product/07fjm-dell-sff-slim-line-sata-dvd-rw-drive.html
Vertex Networking,0X8579 - Dell 16X DVD-ROM IDE 5.25-inch Optical Drive,0X8579 - Dell 16X DVD-ROM IDE 5.25-inch Optical Drive Product Condition: Refurbished,https://pub-4ae70fe1d6cf4e5ea327e14b66c0ad8e.r2.dev/products/0X8579.webp,$74.14,0X8579,https://www.vertexnetworking.co.uk/product/0x8579-dell-16x-dvd-rom-ide-5-25-inch-optical-drive.html
Vertex Networking,286711-001 - HP / Compaq 40X10X-Max Speed IDE CD-RW Optical Drive for Evo D300 Desktop,286711-001 - HP / Compaq 40X10X-Max Speed IDE CD-RW Optical Drive for Evo D300 Desktop Product Condition: Refurbished,https://pub-4ae70fe1d6cf4e5ea327e14b66c0ad8e.r2.dev/products/286711-001.webp,$113.98,286711-001,https://www.vertexnetworking.co.uk/product/286711-001-hp-compaq-40x10x-max-speed-ide-cd-rw-optical-drive-for-evo-d300-desktop.html
Vertex Networking,Dell - 2P509 - 40X CD-ROM Unit and CD-RW Unit,Dell - 2P509 - 40X CD-ROM Unit and CD-RW Unit Product Condition: Refurbished,https://pub-4ae70fe1d6cf4e5ea327e14b66c0ad8e.r2.dev/products/2P509.webp,$66.62,2P509,https://www.vertexnetworking.co.uk/product/2p509-dell-40x-cd-rom-unit-and-cd-rw-unit.html
Vertex Networking,299173-001 - HP 48X12X48X Speed CD-RW Optical Drive,299173-001 - HP 48X12X48X Speed CD-RW Optical Drive Product Condition: Refurbished,https://pub-4ae70fe1d6cf4e5ea327e14b66c0ad8e.r2.dev/products/299173-001.webp,$131.28,299173-001,https://www.vertexnetworking.co.uk/product/299173-001-hp-48x12x48x-speed-cd-rw-optical-drive.html
Vertex Networking,A5220A - HP 6/32x SCSI-2 Narrow Single-Ended 50-Pin DVD-ROM Optical Drive,A5220A - HP 6/32x SCSI-2 Narrow Single-Ended 50-Pin DVD-ROM Optical Drive Product Condition: Refurbished,https://pub-4ae70fe1d6cf4e5ea327e14b66c0ad8e.r2.dev/products/A5220A.webp,$66.62,A5220A,https://www.vertexnetworking.co.uk/product/a5220a-hp-6-32x-scsi-2-narrow-single-ended-50-pin-dvd-rom-optical-drive.html
Vertex Networking,296036-002 - HP 20x Speed IDE CD-ROM Optical Drive for Armada 7700 / 77XX Series,296036-002 - HP 20x Speed IDE CD-ROM Optical Drive for Armada 7700 / 77XX Series Product Condition: Refurbished,https://pub-4ae70fe1d6cf4e5ea327e14b66c0ad8e.r2.dev/products/296036-002.webp,$96.69,296036-002,https://www.vertexnetworking.co.uk/product/296036-002-hp-20x-speed-ide-cd-rom-optical-drive-for-armada-7700-77xx-series.html
Vertex Networking,A6028-60001 - HP 24X Speed Slimline CD-ROM Optical Drive,A6028-60001 - HP 24X Speed Slimline CD-ROM Optical Drive Product Condition: Refurbished,https://pub-4ae70fe1d6cf4e5ea327e14b66c0ad8e.r2.dev/products/A6028-60001.webp,$131.28,A6028-60001,https://www.vertexnetworking.co.uk/product/a6028-60001-hp-24x-speed-slimline-cd-rom-optical-drive.html
Vertex Networking,A6153-67030 - HP 8 x24 x DVD-ROM Drive Assembly,A6153-67030 - HP 8 x24 x DVD-ROM Drive Assembly Product Condition: Refurbished Miscellaneous,https://pub-4ae70fe1d6cf4e5ea327e14b66c0ad8e.r2.dev/products/A6153-67030.webp,$66.62,A6153-67030,https://www.vertexnetworking.co.uk/product/a6153-67030-hp-8-x24-x-dvd-rom-drive-assembly.html
Vertex Networking,294401-001 - HP 6x CD-RW Optical Drive,294401-001 - HP 6x CD-RW Optical Drive Product Condition: Refurbished,https://pub-4ae70fe1d6cf4e5ea327e14b66c0ad8e.r2.dev/products/294401-001.webp,$131.28,294401-001,https://www.vertexnetworking.co.uk/product/294401-001-hp-6x-cd-rw-optical-drive.html
Vertex Networking,88147J - HP 5.2GB Rewritable Magneto-Optical Disk,88147J - HP 5.2GB Rewritable Magneto-Optical Disk Product Condition: New Miscellaneous,https://pub-4ae70fe1d6cf4e5ea327e14b66c0ad8e.r2.dev/products/88147J.webp,$93.68,88147J,https://www.vertexnetworking.co.uk/product/88147j-hp-5-2gb-rewritable-magneto-optical-disk-2048-byte-sector.html
Vertex Networking,Dell - 5P012 - 40X CD-ROM Unit and CD-RW Unit,Dell - 5P012 - 40X CD-ROM Unit and CD-RW Unit Product Condition: Refurbished,https://pub-4ae70fe1d6cf4e5ea327e14b66c0ad8e.r2.dev/products/5P012.webp,$66.62,5P012,https://www.vertexnetworking.co.uk/product/5p012-dell-40x-cd-rom-unit-and-cd-rw-unit.html
Vertex Networking,303587-001 - HP 24x Speed Slimline IDE Internal CD-ROM Drive,303587-001 - HP 24x Speed Slimline IDE Internal CD-ROM Drive Product Condition: Refurbished Miscellaneous,https://pub-4ae70fe1d6cf4e5ea327e14b66c0ad8e.r2.dev/products/303587-001.webp,$108.72,303587-001,https://www.vertexnetworking.co.uk/product/303587-001-hp-24x-speed-slimline-ide-internal-cd-rom-drive.html
Vertex Networking,96FRM - Dell 8x SATA DVD+/-RW Drive,96FRM - Dell 8x SATA DVD+/-RW Drive Product Condition: Refurbished,https://pub-4ae70fe1d6cf4e5ea327e14b66c0ad8e.r2.dev/products/96FRM.webp,$66.62,96FRM,https://www.vertexnetworking.co.uk/product/96frm-dell-8x-sata-dvd-rw-drive.html
Vertex Networking,92280F - HP 2.6GB Rewritable Magneto Optical Disk,92280F - HP 2.6GB Rewritable Magneto Optical Disk Product Condition: Refurbished Miscellaneous,https://pub-4ae70fe1d6cf4e5ea327e14b66c0ad8e.r2.dev/products/92280F.webp,$66.62,92280F,https://www.vertexnetworking.co.uk/product/92280f-hp-2-6gb-rewritable-magneto-optical-disk.html
Vertex Networking,A5220-67001 - HP 6x/32x Speed SCSI-2 Narrow Single-Ended DVD-ROM Optical Drive,A5220-67001 - HP 6x/32x Speed SCSI-2 Narrow Single-Ended DVD-ROM Optical Drive Product Condition: Refurbished,https://pub-4ae70fe1d6cf4e5ea327e14b66c0ad8e.r2.dev/products/A5220-67001.webp,$74.14,A5220-67001,https://www.vertexnetworking.co.uk/product/a5220-67001-hp-6x-32x-speed-scsi-2-narrow-single-ended-dvd-rom-optical-drive.html
Vertex Networking,8K592 - Dell 16X CD-ROM Unit and CD-RW Unit,8K592 - Dell 16X CD-ROM Unit and CD-RW Unit Product Condition: Refurbished,https://pub-4ae70fe1d6cf4e5ea327e14b66c0ad8e.r2.dev/products/8K592.webp,$66.62,8K592,https://www.vertexnetworking.co.uk/product/8k592-dell-16x-cd-rom-unit-and-cd-rw-unit.html
Vertex Networking,8D254 - Dell Latitude C800 8X CD-RW CD-ROM Unit,8D254 - Dell Latitude C800 8X CD-RW CD-ROM Unit Product Condition: Refurbished,https://pub-4ae70fe1d6cf4e5ea327e14b66c0ad8e.r2.dev/products/8D254.webp,$66.62,8D254,https://www.vertexnetworking.co.uk/product/8d254-dell-latitude-c800-8x-cd-rw-cd-rom-unit.html
Vertex Networking,A5220-67003 - HP 6/32x Speed SCSI-2 Narrow Single-Ended 50-Pin DVD-ROM Optical Drive,A5220-67003 - HP 6/32x Speed SCSI-2 Narrow Single-Ended 50-Pin DVD-ROM Optical Drive Product Condition: Refurbished Miscellaneous,https://pub-4ae70fe1d6cf4e5ea327e14b66c0ad8e.r2.dev/products/A5220-67003.webp,$74.14,A5220-67003,https://www.vertexnetworking.co.uk/product/a5220-67003-hp-6-32x-speed-scsi-2-narrow-single-ended-50-pin-dvd-rom-optical-drive.html
Vertex Networking,92290F - HP 2.6GB 1024bs Write-once Magneto-Optical Disk,92290F - HP 2.6GB 1024bs Write-once Magneto-Optical Disk Product Condition: New Miscellaneous,https://pub-4ae70fe1d6cf4e5ea327e14b66c0ad8e.r2.dev/products/92290F.webp,$66.62,92290F,https://www.vertexnetworking.co.uk/product/92290f-hp-2-6gb-worm-optical-1024-bytes-sector.html
Vertex Networking,5M401 - Dell 8X CDRW/DVD Combo C-Module,5M401 - Dell 8X CDRW/DVD Combo C-Module Product Condition: Refurbished,https://pub-4ae70fe1d6cf4e5ea327e14b66c0ad8e.r2.dev/products/5M401.webp,$66.62,5M401,https://www.vertexnetworking.co.uk/product/5m401-dell-8x-cdrw-dvd-combo-c-module.html
Vertex Networking,199893-202 - HP 8x Speed IDE CD-ROM Drive,199893-202 - HP 8x Speed IDE CD-ROM Drive Product Condition: Refurbished,https://pub-4ae70fe1d6cf4e5ea327e14b66c0ad8e.r2.dev/products/199893-202.webp,$66.62,199893-202,https://www.vertexnetworking.co.uk/product/199893-202-hp-8x-speed-ide-cd-rom-drive.html
Vertex Networking,8N722 - Dell 40X CD-ROM Unit and CD-RW Unit,8N722 - Dell 40X CD-ROM Unit and CD-RW Unit Product Condition: Refurbished,https://pub-4ae70fe1d6cf4e5ea327e14b66c0ad8e.r2.dev/products/8N722.webp,$80.15,8N722,https://www.vertexnetworking.co.uk/product/8n722-dell-40x-cd-rom-unit-and-cd-rw-unit.html
Vertex Networking,30-48019-01 - HP 4 x SCSI CD-ROM Optical Drive,30-48019-01 - HP 4 x SCSI CD-ROM Optical Drive Product Condition: Refurbished,https://pub-4ae70fe1d6cf4e5ea327e14b66c0ad8e.r2.dev/products/30-48019-01.webp,$74.14,30-48019-01,https://www.vertexnetworking.co.uk/product/30-48019-01-hp-4-x-scsi-cd-rom-optical-drive.html
Vertex Networking,996NF - Dell 8X CD-RW Drive for Inspiron 3800/4000/8000,996NF - Dell 8X CD-RW Drive for Inspiron 3800/4000/8000 Product Condition: Refurbished,https://pub-4ae70fe1d6cf4e5ea327e14b66c0ad8e.r2.dev/products/996NF.webp,$149.32,996NF,https://www.vertexnetworking.co.uk/product/996nf-dell-8x-cd-rw-drive-for-inspiron-3800-4000-8000.html
Vertex Networking,A5001A - HP 32x Speed ATAPI Interface CD-ROM Optical Drive,A5001A - HP 32x Speed ATAPI Interface CD-ROM Optical Drive Product Condition: Refurbished,https://pub-4ae70fe1d6cf4e5ea327e14b66c0ad8e.r2.dev/products/A5001A.webp,$66.62,A5001A,https://www.vertexnetworking.co.uk/product/a5001a-hp-32x-speed-atapi-interface-cd-rom-optical-drive.html
Vertex Networking,624192-B21 - HP Half-Height SATA DVD-RW Drive,624192-B21 - HP Half-Height SATA DVD-RW Drive Product Condition: Refurbished,https://pub-4ae70fe1d6cf4e5ea327e14b66c0ad8e.r2.dev/products/624192-B21.webp,$66.62,624192-B21,https://www.vertexnetworking.co.uk/product/624192-b21-hp-half-height-sata-dvd-rw-drive.html
Vertex Networking,92280T - HP 1.3 GB Rewritable Magneto Optical Disk,92280T - HP 1.3 GB Rewritable Magneto Optical Disk Product Condition: Refurbished Miscellaneous,https://pub-4ae70fe1d6cf4e5ea327e14b66c0ad8e.r2.dev/products/92280T.webp,$74.14,92280T,https://www.vertexnetworking.co.uk/product/92280t-hp-1-3-gb-rewritable-magneto-optical-disk.html
Vertex Networking,306259-001 - HP 12x Speed SCSI CD-ROM Optical Drive,306259-001 - HP 12x Speed SCSI CD-ROM Optical Drive Product Condition: Refurbished Miscellaneous,https://pub-4ae70fe1d6cf4e5ea327e14b66c0ad8e.r2.dev/products/306259-001.webp,$86.17,306259-001,https://www.vertexnetworking.co.uk/product/306259-001-hp-12x-speed-scsi-cd-rom-optical-drive.html
Vertex Networking,5K990 - Dell 16X CD-ROM Unit and CD-RW Unit,5K990 - Dell 16X CD-ROM Unit and CD-RW Unit Product Condition: Refurbished,https://pub-4ae70fe1d6cf4e5ea327e14b66c0ad8e.r2.dev/products/5K990.webp,$74.14,5K990,https://www.vertexnetworking.co.uk/product/5k990-dell-16x-cd-rom-unit-and-cd-rw-unit.html
Vertex Networking,624189-B21 - HP SATA Half-Height DVD-ROM JackBlack Optical Drive,624189-B21 - HP SATA Half-Height DVD-ROM JackBlack Optical Drive Product Condition: Refurbished Miscellaneous,https://pub-4ae70fe1d6cf4e5ea327e14b66c0ad8e.r2.dev/products/624189-B21.webp,$66.62,624189-B21,https://www.vertexnetworking.co.uk/product/624189-b21-hp-sata-half-height-dvd-rom-jackblack-optical-drive.html
Vertex Networking,608394-001 - HP 8 x SATA DVD-ROM Drive,608394-001 - HP 8 x SATA DVD-ROM Drive Product Condition: Refurbished Miscellaneous,https://pub-4ae70fe1d6cf4e5ea327e14b66c0ad8e.r2.dev/products/608394-001.webp,$74.14,608394-001,https://www.vertexnetworking.co.uk/product/608394-001-hp-8-x-sata-dvd-rom-drive.html
Vertex Networking,461644-930 - HP SATA DVD 12.7mm Slimline Optical Drive for ProLiant G6 Server,461644-930 - HP SATA DVD 12.7mm Slimline Optical Drive for ProLiant G6 Server Product Condition: Refurbished Miscellaneous,https://pub-4ae70fe1d6cf4e5ea327e14b66c0ad8e.r2.dev/products/461644-930.webp,$66.62,461644-930,https://www.vertexnetworking.co.uk/product/461644-930-hp-sata-dvd-12-7mm-slimline-optical-drive-for-proliant-g6-server.html
Vertex Networking,481043-B21 - HP 8x Speed DVD+/-RW SATA Slim Optical Drive for ProLiant DL120 G5 Server,481043-B21 - HP 8x Speed DVD+/-RW SATA Slim Optical Drive for ProLiant DL120 G5 Server Product Condition: Refurbished Miscellaneous,https://pub-4ae70fe1d6cf4e5ea327e14b66c0ad8e.r2.dev/products/481043-B21.webp,$66.62,481043-B21,https://www.vertexnetworking.co.uk/product/481043-b21-hp-8x-speed-dvd-rw-sata-slim-optical-drive-for-proliant-dl120-g5-server.html
