category,title,description,image,price,part_number,url
Vertex Networking,M0T01A - HP MSA 2040 Energy Star SAS Dual Controller with 24 1.2TB 12g SAS 10k SFF HDD 28.8TB Bundle,M0T01A - HP MSA 2040 Energy Star SAS Dual Controller with 24 1.2TB 12g SAS 10k SFF HDD 28.8TB Bundle Product Condition: Refurbished,https://www.vertexnetworking.co.uk/storage/product_images/677915d346ada_M0T01A.webp,"$21,860.00",M0T01A,https://www.vertexnetworking.co.uk/product/m0t01a-hp-msa-2040-energy-star-sas-dual-controller-with-24-1-2tb-12g-sas-10k-sff-hdd-28-8tb-bundle.html
Vertex Networking,64116B4 - Lenovo S3200 SFF Chassis Dual Fibre Channel and iSCSI Controller Rack Kit,64116B4 - Lenovo S3200 SFF Chassis Dual Fibre Channel and iSCSI Controller Rack Kit Product Condition: Refurbished,https://www.vertexnetworking.co.uk/storage/product_images/677915d2ef64b_Microcontroller-Gen.webp,$470.00,64116B4,https://www.vertexnetworking.co.uk/product/64116b4-lenovo-s3200-sff-chassis-dual-fibre-channel-and-iscsi-controller-rack-kit.html
Vertex Networking,HP - M0T00A - MSA 2040 SFF 24-bays 28.8TB (24 x 1.2TB) HDD SAS 12Gbps SAN Dual Controller 2U Rack-mountable Storage Array,HP - M0T00A - MSA 2040 SFF 24-bays 28.8TB (24 x 1.2TB) HDD SAS 12Gbps SAN Dual Controller 2U Rack-mountable Storage Array Product Condition: Refurbished,https://www.vertexnetworking.co.uk/storage/product_images/677915d37e422_M0T00A.webp,"$12,372.85",M0T00A,https://www.vertexnetworking.co.uk/product/m0t00a-hp-msa-2040-energy-star-san-dual-controller-with-24-1-2tb-12g-sas-10k-sff-hdd-28-8tb-bundle.html
Vertex Networking,AV451A - HP 32GB Cache Backup SSD Memory Module for StorageWorks P9500 Disk Array,AV451A - HP 32GB Cache Backup SSD Memory Module for StorageWorks P9500 Disk Array Product Condition: Refurbished General Information Product Type Solid State Drive Technical Information Storage Capacity 32 GB Drive Type Internal Miscellaneous Assembly Required No Eco Friendly Yes,https://www.vertexnetworking.co.uk/storage/product_images/677915d45d0d7_AV451A.webp,$139.30,AV451A,https://www.vertexnetworking.co.uk/product/av451a-hp-32gb-cache-backup-ssd-memory-module-for-storageworks-p9500-disk-array.html
Vertex Networking,64116B2 - Lenovo Storage S3200 LFF Chassis Dual Fibre Channel and iSCSI Controller,64116B2 - Lenovo Storage S3200 LFF Chassis Dual Fibre Channel and iSCSI Controller Product Condition: Refurbished,https://www.vertexnetworking.co.uk/storage/product_images/677915d514a5a_Network-Storage-Array-Gen.webp,"$2,787.00",64116B2,https://www.vertexnetworking.co.uk/product/64116b2-lenovo-storage-s3200-lff-chassis-dual-fibre-channel-and-iscsi-controller.html
Vertex Networking,Dell - 8TTVC - Compellent Series C40 CT-040 16-Bay iSCSI Rack-Mountable SAN Storage Array,Dell - 8TTVC - Compellent Series C40 CT-040 16-Bay iSCSI Rack-Mountable SAN Storage Array Product Condition: Refurbished,https://www.vertexnetworking.co.uk/storage/product_images/677915d4db158_8TTVC.webp,"$1,353.00",8TTVC,https://www.vertexnetworking.co.uk/product/8ttvc-dell-compellent-series-c40-ct-040-san-storage-system-controller-enclosure.html
Vertex Networking,H1142VCA - Apple VTrak E-Class H1142VCA Hard Drive Array - 16 x HDD Installed - 32 TB Installed HDD Capacity - Serial Attached SCSI SAS Controller,H1142VCA - Apple VTrak E-Class H1142VCA Hard Drive Array - 16 x HDD Installed - 32 TB Installed HDD Capacity - Serial Attached SCSI SAS Controller - Product Condition: Refurbished,https://www.vertexnetworking.co.uk/storage/product_images/677915d1d97bf_Network-Storage-Array-Gen.webp,"$15,297.00",H1142VC/A,https://www.vertexnetworking.co.uk/product/h1142vc-a-apple-vtrak-e-class-h1142vc-a-hard-drive-array-16-x-hdd-installed-32-tb-installed-hdd-capacity-serial-attached-scsi-sas-controller.html
Vertex Networking,HP - AJ746A - StorageWorks MSA2012i 12-Bay Single iSCSI Controller Storage Array,HP - AJ746A - StorageWorks MSA2012i 12-Bay Single iSCSI Controller Storage Array Product Condition: Refurbished,https://www.vertexnetworking.co.uk/storage/product_images/677915d54d788_AJ746A.webp,"$2,000.00",AJ746A,https://www.vertexnetworking.co.uk/product/aj746a-hp-storageworks-2012i-modular-enclosure-network-storage-enclosure-48-x-3-5-inch-1-3h-rack-mountable.html
Vertex Networking,HP - AJ798A - G2 StorageWorks 2-Ports SATA 3Gb/s SAS Fibre Channel 4Gb/s Disk Array Controller,"HP - AJ798A - G2 StorageWorks 2-Ports SATA 3Gb/s SAS Fibre Channel 4Gb/s Disk Array Controller Product Condition: Refurbished General Information Product Type Fibre Channel Controller Technical Information Host Interface Fibre Channel Form Factor Internal Miscellaneous Compliance Standards CE,RoHS,REACH Assembly Required Yes Eco Friendly Yes OS Platform PC",https://www.vertexnetworking.co.uk/storage/product_images/677915d3d1fa3_Raid-Controller-Gen.webp,$442.77,AJ798A,https://www.vertexnetworking.co.uk/product/aj798a-hp-storageworks-modular-smart-array-msa2300fc-g2-fiber-channel-storage-raid-controller.html
Vertex Networking,64114B2 - Lenovo S2200 LFF Chassis Dual Fibre Channel and iSCSI Controller,64114B2 - Lenovo S2200 LFF Chassis Dual Fibre Channel and iSCSI Controller Product Condition: Refurbished General Information Product Type Server Technical Information Ethernet Standard Gigabit Ethernet Redundant Source of Power Yes Input Voltage 100-240 V Quantity of Processor Supported 1 Built-in Processor Core Dual-core (2 Core) Miscellaneous Assembly Required Yes Eco Friendly Yes,https://www.vertexnetworking.co.uk/storage/product_images/677915d3e0ac8_ALL-Servers.webp,"$2,095.00",64114B2,https://www.vertexnetworking.co.uk/product/64114b2-lenovo-s2200-lff-chassis-dual-fibre-channel-and-iscsi-controller.html
Vertex Networking,AD397A - HP Smart Array P400 PCI-Express 8-Channel Serial Attached SCSI / SAS RAID Controller Card with 256MB Battery Backed Write Cache,"AD397A - HP Smart Array P400 PCI-Express 8-Channel Serial Attached SCSI / SAS RAID Controller Card with 256MB Battery Backed Write Cache Product Condition: Refurbished General Information Product Line Smart Array Model P400 Product Type SAS Controller Technical Information Host Interface PCI Express Form Factor Plug-in Card Controller Type SCSI Raid Supported Yes Data Backup Type Battery Backup Cache Memory 256 MB Miscellaneous Compliance Standards WEEE,RoHS,CE Assembly Required Yes Eco Friendly Yes OS Platform PC",https://www.vertexnetworking.co.uk/storage/product_images/677915d4e9d85_Controller-Card-Gen.webp,$110.00,AD397A,https://www.vertexnetworking.co.uk/product/ad397a-hp-smart-array-p400-8channel-low-profile-pci-express-sas-raid-controller.html
Vertex Networking,Q0F74A - HP MSA 2042 12-Bays 800GB 2x400GB SAS 12Gbs Dual-Controller SAN Storage Array,Q0F74A - HP MSA 2042 12-Bays 800GB 2x400GB SAS 12Gbs Dual-Controller SAN Storage Array Product Condition: New,https://www.vertexnetworking.co.uk/storage/product_images/677915d3c266c_Network-Storage-Array-Gen.webp,$236.15,Q0F74A,https://www.vertexnetworking.co.uk/product/q0f74a-hp-storage-array-network-san.html
Vertex Networking,M0T02A - HP MSA 2040 Energy Star SAS Dual Controller with 24 900GB 12g SAS 10k SFF HDD 21.6TB Bundle,M0T02A - HP MSA 2040 Energy Star SAS Dual Controller with 24 900GB 12g SAS 10k SFF HDD 21.6TB Bundle Product Condition: Refurbished,https://www.vertexnetworking.co.uk/storage/product_images/677915d29b0ae_M0T02A.webp,"$18,372.00",M0T02A,https://www.vertexnetworking.co.uk/product/m0t02a-hp-msa-2040-energy-star-sas-dual-controller-with-24-900gb-12g-sas-10k-sff-hdd-21-6tb-bundle.html
Vertex Networking,AW593A - HP StorageWorks P2000 Hard Drive Array Hard Drive Serial Attached SCSI,AW593A - HP StorageWorks P2000 Hard Drive Array Hard Drive Serial Attached SCSI Product Condition: Refurbished,https://www.vertexnetworking.co.uk/storage/product_images/677915d2e11d7_AW593A.webp,$758.56,AW593A,https://www.vertexnetworking.co.uk/product/aw593a-hp-storageworks-p2000-hard-drive-array-hard-drive-serial-attached-scsi.html
Vertex Networking,Q1J31A - HP MSA 2052 SAS 12Gb/s Dual Controller 2U Rack-Mountable SFF Storage Array,Q1J31A - HP MSA 2052 SAS 12Gb/s Dual Controller 2U Rack-Mountable SFF Storage Array Product Condition: Refurbished,https://www.vertexnetworking.co.uk/storage/product_images/677915d3afda5_Q1J31A.webp,"$4,354.80",Q1J31A,https://www.vertexnetworking.co.uk/product/q1j31a-hp-msa-2052-sas-12gb-s-dual-controller-2u-rack-mountable-sff-storage-array.html
Vertex Networking,HP - 629913-003 - LSI SAS9212-4I 4-Ports SAS 6Gb/s RAID Host Bus Controller,HP - 629913-003 - LSI SAS9212-4I 4-Ports SAS 6Gb/s RAID Host Bus Controller Product Condition: Refurbished General Information Model SAS9212-4I Product Type Host Bus Adapter Technical Information Maximum Data Transfer Rate 6 Gb/s Technology Standard SAS Interfaces/Ports Quantity of Fixed Ports/Expansion Slots 4 Miscellaneous Assembly Required Yes Eco Friendly Yes,https://www.vertexnetworking.co.uk/storage/product_images/677915d38e87b_Hot-Bus-Adapter-Gen.webp,$105.00,629913-003,https://www.vertexnetworking.co.uk/product/629913-003-hp-sas-sata-controller.html
Vertex Networking,Dell - PVMD1200 - PowerVault Md1200 12-Slot SAS Solid State Drive Storage Array,Dell - PVMD1200 - PowerVault Md1200 12-Slot SAS Solid State Drive Storage Array Product Condition: Refurbished,https://www.vertexnetworking.co.uk/storage/product_images/677915d49a486_PVMD1200.webp,$467.65,PVMD1200,https://www.vertexnetworking.co.uk/product/pvmd1200-dell-server-accessories.html
Vertex Networking,AV452A - HP 128GB Cache Backup Memory Module,"AV452A - HP 128GB Cache Backup Memory Module Product Condition: Refurbished General Information Product Type Solid State Drive Technical Information Storage Capacity 1.6 TB Drive Type Internal Miscellaneous Compliance Standards RoHS,WEEE,CE Eco Friendly Yes",https://www.vertexnetworking.co.uk/storage/product_images/677915d4226b6_AV452A.webp,$869.22,AV452A,https://www.vertexnetworking.co.uk/product/av452a-hp-128gb-cache-backup-memory-module.html
Vertex Networking,HP - QW991-60104 - 8-Ports SAS 12Gb/s PCI Express X8 Controller Card,"HP - QW991-60104 - 8-Ports SAS 12Gb/s PCI Express X8 Controller Card Product Condition: Refurbished General Information Product Type SATA/SAS Controller Technical Information Host Interface PCI Express x8 Form Factor Internal Controller Type 12Gb/s SAS Miscellaneous Compliance Standards WEEE,RoHS Assembly Required Yes Eco Friendly Yes OS Platform PC",https://www.vertexnetworking.co.uk/storage/product_images/677915d30956d_Microcontroller-Gen.webp,$109.69,QW991-60104,https://www.vertexnetworking.co.uk/product/qw991-60104-hp-sas-sata-controller.html
Vertex Networking,64114B4 - Lenovo S2200 SFF Chassis Dual Fibre Channel and iSCSI Controller,64114B4 - Lenovo S2200 SFF Chassis Dual Fibre Channel and iSCSI Controller Product Condition: Refurbished,https://www.vertexnetworking.co.uk/storage/product_images/677915d50718e_Network-Storage-Array-Gen.webp,"$2,053.00",64114B4,https://www.vertexnetworking.co.uk/product/64114b4-lenovo-s2200-sff-chassis-dual-fibre-channel-and-iscsi-controller.html
Vertex Networking,HPE Q8H71A Nimble Storage HF20H Adaptive Dual Controller 10GBASE-T 2-port Base Array,HPE Q8H71A Nimble Storage HF20H Adaptive Dual Controller 10GBASE-T 2-port Base Array Product Condition: Refurbished,https://www.vertexnetworking.co.uk/storage/product_images/677915d19f892_storagearray.webp,"$5,410.44",Q8H71A,https://www.vertexnetworking.co.uk/product/hpe-q8h71a-nimble-storage-hf20h-adaptive-dual-controller-10gbase-t-2-port-base-array.html
Vertex Networking,WR682 - Dell Dual Port SAS Controller for PowerVault MD3000,"WR682 - Dell Dual Port SAS Controller for PowerVault MD3000 Product Condition: Refurbished General Information Product Type SAS Controller Technical Information Form Factor Plug-in Card Raid Supported Yes Miscellaneous Compliance Standards WEEE,CE,RoHS Assembly Required Yes Eco Friendly Yes OS Platform PC",https://www.vertexnetworking.co.uk/storage/product_images/677915d211227_Microcontrollers-Dual-Port-Gen.webp,$514.89,WR682,https://www.vertexnetworking.co.uk/product/wr682-dell-sas-sata-controller.html
Vertex Networking,6WHM8 Dell PowerEdge FD332 2.5 Inch SAS/SATA Bay Storage Array Node For FX2/FX2S,6WHM8 Dell PowerEdge FD332 2.5 Inch SAS/SATA Bay Storage Array Node For FX2/FX2S Product Condition: Refurbished,https://www.vertexnetworking.co.uk/storage/product_images/677915d178fd3_storagearray.webp,$732.58,6WHM8,https://www.vertexnetworking.co.uk/product/dell-6whm8-poweredge-fd332-2-5-inch-sas-sata-bay-storage-array-node-for-fx2-fx2s.html
Vertex Networking,PS6100XS Dell EqualLogic PS6100XS Configure-to-Order Virtualized iSCSI SAN Storage Array,Product Condition: Refurbished,https://www.vertexnetworking.co.uk/storage/product_images/677915d115cf6_storagearray.webp,$592.52,PS6100XS,https://www.vertexnetworking.co.uk/product/ps6100xs-dell-equallogic-ps6100xs-configure-to-order-virtualized-iscsi-san-storage-array.html
Vertex Networking,PS6500E Dell EqualLogic Ps6500e Configure-to-Order Virtualized iSCSI Storage Area Network System,Product Condition: Refurbished,https://www.vertexnetworking.co.uk/storage/product_images/677915d13f3bc_storagearray.webp,$471.38,PS6500E,https://www.vertexnetworking.co.uk/product/ps6500e-dell-equallogic-ps6500e-configure-to-order-virtualized-iscsi-storage-area-network-system.html
Vertex Networking,06WHM8 Dell PowerEdge FD332 2.5 Inch SAS/SATA Bay Storage Array Node For FX2/FX2S,06WHM8 Dell PowerEdge FD332 2.5 Inch SAS/SATA Bay Storage Array Node For FX2/FX2S Product Condition: Refurbished,https://www.vertexnetworking.co.uk/storage/product_images/677915d150752_storagearray.webp,$592.66,06WHM8,https://www.vertexnetworking.co.uk/product/dell-06whm8-poweredge-fd332-2-5-inch-sas-sata-bay-storage-array-node-for-fx2-fx2s.html
Vertex Networking,NetApp DS224C 2u 24x 2.4 12GBps Expansion Shelf,NetApp DS224C 2u 24x 2.4 12GBps Expansion Shelf Product Condition: Refurbished,https://www.vertexnetworking.co.uk/storage/product_images/677915d0bd4c6_storagearray.webp,"$3,359.23",DS224C,https://www.vertexnetworking.co.uk/product/ds224c-netapp-2u-24x-2-4-12gbps-expansion-shelf.html
Vertex Networking,BV409A - HP Adaptec 5805ZQ SAS SATA PCI Express x8 512MB MaxCache Array Controller,BV409A - HP Adaptec 5805ZQ SAS SATA PCI Express x8 512MB MaxCache Array Controller Product Condition: New General Information Product Type SATA/SAS Controller Technical Information Form Factor Plug-in Card Raid Supported Yes Cache Memory 2 GB Miscellaneous Compliance Standards WEEE Assembly Required Yes Eco Friendly Yes OS Platform PC,https://www.vertexnetworking.co.uk/storage/product_images/677915d25e979_Microcontroller-Gen.webp,$308.59,BV409A,https://www.vertexnetworking.co.uk/product/bv409a-hp-sas-sata-controller.html
Vertex Networking,IBM 2078-12E Storwize V5000 SAN Array 12 x HDD Supported,IBM 2078-12E Storwize V5000 SAN Array 12 x HDD Supported Product Condition: Refurbished,https://www.vertexnetworking.co.uk/storage/product_images/677915d12d158_storagearray.webp,$415.70,2078-12E,https://www.vertexnetworking.co.uk/product/2078-12e-ibm-storwize-v5000-san-array-12-x-hdd-supported.html
Vertex Networking,CX4-120 EMC Clariion CX4 SAN Storage System,Product Condition: Refurbished,https://www.vertexnetworking.co.uk/storage/product_images/677915d18c7a8_storagearray.webp,$471.38,CX4-120,https://www.vertexnetworking.co.uk/product/cx4-120-emc-clariion-cx4-san-storage-system.html
Vertex Networking,HP - AJ795A - G2 StorageWorks 2-Ports SATA 3Gb/s SAS Fibre Channel 4Gb/s Disk Array Controller,HP - AJ795A - G2 StorageWorks 2-Ports SATA 3Gb/s SAS Fibre Channel 4Gb/s Disk Array Controller Product Condition: Refurbished,https://www.vertexnetworking.co.uk/storage/product_images/677915d1bcbab_Network-Storage-Array-Gen.webp,"$1,223.55",AJ795A,https://www.vertexnetworking.co.uk/product/aj795a-hp-storageworks-modular-smart-array-2312fc-g2-dual-raid-controller-12-bay-hard-drive-array.html
Vertex Networking,PS6100 Dell EqualLogic PS6100 Configure-to-Order SAN Storage Array,Product Condition: Refurbished,https://www.vertexnetworking.co.uk/storage/product_images/677915d0e130a_storagearray.webp,$137.27,PS6100,https://www.vertexnetworking.co.uk/product/ps6100-dell-equallogic-ps6100-configure-to-order-san-storage-array.html
Vertex Networking,IBM 207812E Storwize V5000 SAN Array 12 x HDD Supported,IBM 207812E Storwize V5000 SAN Array 12 x HDD Supported Product Condition: Refurbished,https://www.vertexnetworking.co.uk/storage/product_images/677915d0f39bf_storagearray.webp,$415.70,207812E,https://www.vertexnetworking.co.uk/product/207812e-ibm-storwize-v5000-san-array-12-x-hdd-supported.html
Vertex Networking,PS5000XV Dell EqualLogic PS5000XV Configure-to-Order iSCSI SAN Storage Array,Product Condition: Refurbished,https://www.vertexnetworking.co.uk/storage/product_images/677915d0aacba_storagearray.webp,$248.64,PS5000XV,https://www.vertexnetworking.co.uk/product/ps5000xv-dell-equallogic-ps5000xv-configure-to-order-iscsi-san-storage-array.html
Vertex Networking,74Y3342 - IBM SAS SFF-1 Controller for Split Backplane 5618,74Y3342 - IBM SAS SFF-1 Controller for Split Backplane 5618 Product Condition: Refurbished General Information Model 74Y3342 Product Type SAS Controller Technical Information Form Factor Plug-in Card Raid Supported Yes Miscellaneous Compliance Standards WEEE Assembly Required Yes Eco Friendly Yes OS Platform PC,https://www.vertexnetworking.co.uk/storage/product_images/677915d1e876b_Microcontroller-Gen.webp,$102.29,74Y3342,https://www.vertexnetworking.co.uk/product/74y3342-ibm-sas-sata-controller.html
Vertex Networking,H4947LLA - Apple H4947LLA SAN Hard Drive Array - 24 x HDD Installed - 48 TB Installed HDD Capacity - Serial Attached SCSI SAS Controller - RAID Supp,H4947LLA - Apple H4947LLA SAN Hard Drive Array - 24 x HDD Installed - 48 TB Installed HDD Capacity - Serial Attached SCSI SAS Controller - RAID Supp Product Condition: Refurbished,https://www.vertexnetworking.co.uk/storage/product_images/677915d20520e_Network-Storage-Array-Gen.webp,"$26,334.00",H4947LL/A,https://www.vertexnetworking.co.uk/product/h4947ll-a-apple-h4947ll-a-san-hard-drive-array-24-x-hdd-installed-48-tb-installed-hdd-capacity-serial-attached-scsi-sas-controller-raid-supp.html
Vertex Networking,IBM - 88Y4479 - ServerRAID M5120 SAS 6Gb/s RAID Array Controller Card,IBM - 88Y4479 - ServerRAID M5120 SAS 6Gb/s RAID Array Controller Card Product Condition: Refurbished General Information Product Line ServeRAID Model M5120 Product Type SAS Controller Technical Information Form Factor Plug-in Card Controller Type 6Gb/s SAS Raid Supported Yes Miscellaneous Compliance Standards WEEE Assembly Required Yes Eco Friendly Yes OS Platform PC,https://www.vertexnetworking.co.uk/storage/product_images/677915d1c8ec5_Controller-Card-Gen.webp,$133.79,88Y4479,https://www.vertexnetworking.co.uk/product/88y4479-ibm-sas-sata-controller.html
Vertex Networking,IBM Brocade 20-Port 4 Gigabit SAN Switch Module for BladeCenter,IBM Brocade 20-Port 4 Gigabit SAN Switch Module for BladeCenter Product Condition: Refurbished,https://www.vertexnetworking.co.uk/storage/product_images/677915d167829_storagearray.webp,$89.74,80-1000574-05,https://www.vertexnetworking.co.uk/product/80-1000574-05-ibm-brocade-20-port-4-gigabit-san-switch-module-for-bladecenter.html
Vertex Networking,XTA3310T01A1R876 - Sun StorEdge 3310 Hard Drive Array - 12 x HDD Installed - 876 GB Installed HDD Capacity - Serial Attached SCSI SAS Controller - RAID Suppo,XTA3310T01A1R876 - Sun StorEdge 3310 Hard Drive Array - 12 x HDD Installed - 876 GB Installed HDD Capacity - Serial Attached SCSI SAS Controller - RAID Suppo Product Condition: Refurbished,https://www.vertexnetworking.co.uk/storage/product_images/677915d1ade66_Network-Storage-Array-Gen.webp,Get a Quote for price,XTA3310T01A1R876,https://www.vertexnetworking.co.uk/product/xta3310t01a1r876-sun-storedge-3310-hard-drive-array-12-x-hdd-installed-876-gb-installed-hdd-capacity-serial-attached-scsi-sas-controller-raid-suppo.html
Vertex Networking,HPE - M0S99A - MSA 2040 SFF 24-Bay 21.6TB (24 x 900GB) HDD SAS 12Gb/s SAN Dual Controller 2U Rack-mountable Storage Array,HPE - M0S99A - MSA 2040 SFF 24-Bay 21.6TB (24 x 900GB) HDD SAS 12Gb/s SAN Dual Controller 2U Rack-mountable Storage Array Product Condition: Refurbished,https://www.vertexnetworking.co.uk/storage/product_images/677915d250115_M0S99A.webp,"$16,790.00",M0S99A,https://www.vertexnetworking.co.uk/product/m0s99a-hp-msa-2040-energy-star-san-dual-controller-with-24-900gb-12g-sas-10k-sff-hdd-21-6tb-bundle.html
Vertex Networking,HPE R0Q82B Modular 2062 10GbE iSCSI SFF Storage Hard drive array,HPE R0Q82B Modular 2062 10GbE iSCSI SFF Storage Hard drive array Product Condition: New,https://www.vertexnetworking.co.uk/storage/product_images/677915cfa07e0_storagearray.webp,"$7,382.62",R0Q82B,https://www.vertexnetworking.co.uk/product/hpe-r0q82b-modular-2062-10gbe-iscsi-sff-storage-hard-drive-array.html
Vertex Networking,Dell n EqualLogic 16 Bay Virtualized iSCSI SAN Storage Array with 10GbE Dual-Port Controller,Dell n EqualLogic 16 Bay Virtualized iSCSI SAN Storage Array with 10GbE Dual-Port Controller Product Condition: Refurbished,https://www.vertexnetworking.co.uk/storage/product_images/677915cfedb60_storagearray.webp,$990.37,PS6010XV,https://www.vertexnetworking.co.uk/product/dell-ps6010xv-equallogic-16-bay-virtualized-iscsi-san-storage-array-with-10gbe-dual-port-controller.html
Vertex Networking,Dell 2GB Fibre Channel 15 Bay Storage Array,Dell 2GB Fibre Channel 15 Bay Storage Array Product Condition: Refurbished,https://www.vertexnetworking.co.uk/storage/product_images/677915cfd5071_storagearray.webp,$297.91,0W4572,https://www.vertexnetworking.co.uk/product/dell-0w4572-2gb-fibre-channel-15-bay-storage-array.html
Vertex Networking,CX4-240 EMC SAN Storage System,Product Condition: Refurbished,https://www.vertexnetworking.co.uk/storage/product_images/677915d0592eb_storagearray.webp,$581.46,CX4-240,https://www.vertexnetworking.co.uk/product/cx4-240-emc-san-storage-system.html
Vertex Networking,HPE Q8H41A Nimble Storage 2-Port 10Gbase-T Controller Storage Array,"Product Condition: Refurbished General Information Product Type Fibre Channel Controller Technical Information Form Factor Internal Miscellaneous Compliance Standards CE,RoHS,WEEE Assembly Required Yes Eco Friendly Yes OS Platform PC",https://www.vertexnetworking.co.uk/storage/product_images/677915ce61a1e_sas-and-sata-controllers-gen_hj11wx8ppeyvix8i.webp,"$8,720.97",Q8H41A,https://www.vertexnetworking.co.uk/product/q8h41a-1495652.html
Vertex Networking,Dell 16 Bay Storage Array for EqualLogic Ps6000,Dell 16 Bay Storage Array for EqualLogic Ps6000 Product Condition: Refurbished,https://www.vertexnetworking.co.uk/storage/product_images/677915cfb143c_storagearray.webp,$157.24,E01J,https://www.vertexnetworking.co.uk/product/dell-e01j-16-bay-storage-array-for-equallogic-ps6000.html
Vertex Networking,2108-G07 IBM 2108 Model G07 SAN Data Gateway,Product Condition: Refurbished,https://www.vertexnetworking.co.uk/storage/product_images/677915d09887d_storagearray.webp,$112.50,2108-G07,https://www.vertexnetworking.co.uk/product/2108-g07-ibm-2108-model-g07-san-data-gateway.html
Vertex Networking,HPE 10GBase-T iSCSI LFF 2U SAN Storage System for MSA 2060,HPE 10GBase-T iSCSI LFF 2U SAN Storage System for MSA 2060 Product Condition: Refurbished,https://www.vertexnetworking.co.uk/storage/product_images/677915d045c37_storagearray.webp,"$11,225.92",R7J72A,https://www.vertexnetworking.co.uk/product/hpe-r7j72a-10gbase-t-iscsi-lff-2u-san-storage-system-for-msa-2060.html
Vertex Networking,HPE 16Gb Fibre Channel LFF SAN Storage System for MSA 2060,HPE 16Gb Fibre Channel LFF SAN Storage System for MSA 2060 Product Condition: Refurbished,https://www.vertexnetworking.co.uk/storage/product_images/677915d02fd39_storagearray.webp,"$10,218.87",R0Q73A,https://www.vertexnetworking.co.uk/product/hpe-r0q73a-16gb-fibre-channel-lff-san-storage-system-for-msa-2060.html
Vertex Networking,Dell EqualLogic 16 Bay Virtualized iSCSI SAN Storage Array with 10GbE Dual-Port Controller,Dell EqualLogic 16 Bay Virtualized iSCSI SAN Storage Array with 10GbE Dual-Port Controller Product Condition: Refurbished,https://www.vertexnetworking.co.uk/storage/product_images/677915d00b461_storagearray.webp,$990.37,PS6010E,https://www.vertexnetworking.co.uk/product/dell-ps6010e-equallogic-16-bay-virtualized-iscsi-san-storage-array-with-10gbe-dual-port-controller.html
Vertex Networking,AW594A - HP StorageWorks P2000 G3 Hard Drive Array Serial Attached SCSI SAS Controller RAID Supported 24 x Total Bays 2U Rack-mountable,AW594A - HP StorageWorks P2000 G3 Hard Drive Array Serial Attached SCSI SAS Controller RAID Supported 24 x Total Bays 2U Rack-mountable Product Condition: Refurbished,https://www.vertexnetworking.co.uk/storage/product_images/677915cf735a6_AW594A.webp,"$6,448.04",AW594A,https://www.vertexnetworking.co.uk/product/aw594a-hp-storageworks-p2000-g3-hard-drive-array-serial-attached-scsi-sas-controller-raid-supported-24-x-total-bays-2u-rack-mountable.html
Vertex Networking,Dell EqualLogic 16 Bay Virtualized iSCSI SAN Storage Array with 8 x 100GB SSD Dual Controller,Dell EqualLogic 16 Bay Virtualized iSCSI SAN Storage Array with 8 x 100GB SSD Dual Controller Product Condition: Refurbished,https://www.vertexnetworking.co.uk/storage/product_images/677915d01d203_storagearray.webp,$990.37,PS6010X,https://www.vertexnetworking.co.uk/product/dell-ps6010x-equallogic-16-bay-virtualized-iscsi-san-storage-array-with-8-x-100gb-ssd-dual-controller.html
Vertex Networking,1746A2E - IBM EXP3512 DAS Hard Drive Array - 12 x Total Bays - 2U Rack-mountable,1746A2E - IBM EXP3512 DAS Hard Drive Array - 12 x Total Bays - 2U Rack-mountable Product Condition: Refurbished,https://www.vertexnetworking.co.uk/storage/product_images/677915ce1765e_1746A2E.webp,$345.03,1746A2E,https://www.vertexnetworking.co.uk/product/1746a2e-ibm-exp3512-das-hard-drive-array-12-x-total-bays-2u-rack-mountable.html
Vertex Networking,AW525A - HP StorageWorks D2700 Hard Drive Array 25 x HDD 7.50 TB Installed HDD Capacity RAID Supported 25 x Total Bays 2U Rack-mountable,AW525A - HP StorageWorks D2700 Hard Drive Array 25 x HDD 7.50 TB Installed HDD Capacity RAID Supported 25 x Total Bays 2U Rack-mountable Product Condition: Refurbished,https://www.vertexnetworking.co.uk/storage/product_images/677915ce9c626_AW525A.webp,$718.71,AW525A,https://www.vertexnetworking.co.uk/product/aw525a-hp-storageworks-d2700-hard-drive-array-25-x-hdd-installed-7-50-tb-installed-hdd-capacity-raid-supported-25-x-total-bays-2u-rack-mountable.html
Vertex Networking,IBM 2498-24E-16-7203 249824E wit 16 active ports and Extended Fabric,IBM 2498-24E-16-7203 249824E wit 16 active ports and Extended Fabric Product Condition: Refurbished,https://www.vertexnetworking.co.uk/storage/product_images/677915d0cdec3_storagearray.webp,$859.88,2498-24E-16-7203,https://www.vertexnetworking.co.uk/product/2498-24e-16-7203-ibm-249824e-wit-16-active-ports-and-extended-fabric.html
Vertex Networking,Dell EqualLogic 16 Bay Virtualized iSCSI SAN Storage Array with 8 x 100GB SSD Dual Controller,Dell EqualLogic 16 Bay Virtualized iSCSI SAN Storage Array with 8 x 100GB SSD Dual Controller Product Condition: Refurbished,https://www.vertexnetworking.co.uk/storage/product_images/677915cfc2ba6_storagearray.webp,$990.37,PS6010XVS,https://www.vertexnetworking.co.uk/product/dell-ps6010xvs-equallogic-16-bay-virtualized-iscsi-san-storage-array-with-8-x-100gb-ssd-dual-controller.html
Vertex Networking,Dell Type F 12G SCV3020 2x SFP Storage Array Controller,Dell Type F 12G SCV3020 2x SFP Storage Array Controller Product Condition: Refurbished,https://www.vertexnetworking.co.uk/storage/product_images/677915cf8d8ed_storagearray.webp,"$3,000.80",NHDV9-30SFF,https://www.vertexnetworking.co.uk/product/dell-nhdv9-30sff-type-f-12g-scv3020-2x-sfp-storage-array-controller.html
Vertex Networking,HPE Hybrid Flash SAN Bdl/TVlite,HPE Hybrid Flash SAN Bdl/TVlite Product Condition: Refurbished,https://www.vertexnetworking.co.uk/storage/product_images/677915d06bd53_storagearray.webp,"$12,341.68",Q2R47A,https://www.vertexnetworking.co.uk/product/hpe-q2r47a-hybrid-flash-san-bdl-tvlite.html
Vertex Networking,PS5000E Dell EqualLogic PS5000E Configure-to-Order iSCSI SAN Storage Array,Product Condition: Refurbished,https://www.vertexnetworking.co.uk/storage/product_images/677915d084ac1_storagearray.webp,$331.13,PS5000E,https://www.vertexnetworking.co.uk/product/ps5000e-dell-equallogic-ps5000e-configure-to-order-iscsi-san-storage-array.html
Vertex Networking,Lenovo ThinkServer Storage Array 6Gbps IO Module,Lenovo ThinkServer Storage Array 6Gbps IO Module Product Condition: Refurbished,https://www.vertexnetworking.co.uk/storage/product_images/677915cf34cbf_storagearray.webp,$127.72,4XF0F28765-06,https://www.vertexnetworking.co.uk/product/4xf0f28765-06-lenovo-thinkserver-storage-array-6gbps-io-module.html
Vertex Networking,AW594B - HP Modular Smart Array P2000 G3 SAS Dual Controller SFF Array System Hard Drive Array 24-Bay 0 Hard Drive (aw,AW594B - HP Modular Smart Array P2000 G3 SAS Dual Controller SFF Array System Hard Drive Array 24-Bay 0 Hard Drive (aw Product Condition: New,https://www.vertexnetworking.co.uk/storage/product_images/677915c98229e_AW594B.webp,$448.04,AW594B,https://www.vertexnetworking.co.uk/product/aw594b-hp-modular-smart-array-p2000-g3-sas-dual-controller-sff-array-system-hard-drive-array-24-bay-0-hard-drive-aw.html
Vertex Networking,HP - Q2R23A - Modular Smart Array 1050 4-Port 1GbE iSCSI Dual Controller SFF Storage,HP - Q2R23A - Modular Smart Array 1050 4-Port 1GbE iSCSI Dual Controller SFF Storage Product Condition: New,https://www.vertexnetworking.co.uk/storage/product_images/677915cd2c063_Q2R23A.webp,"$2,433.00",Q2R23A,https://www.vertexnetworking.co.uk/product/q2r23a-hp-network-storage-device.html
Vertex Networking,HP 397079-B21 StorageWorks Modular Array 1000 SAN Starter Kit Switch,HP 397079-B21 StorageWorks Modular Array 1000 SAN Starter Kit Switch Product Condition: Refurbished General Information Product Line StorageWorks Product Type Fibre Channel Switch Interface/Ports Quantity of Fixed Ports/Expansion Slots 8 Quantity of Network Ports 8 Fixed Ports/Expansion Slot Details 8 x Gigabit Ethernet Expansion Slot Media & Performance Ethernet Standard Gigabit Ethernet Media Standard Optical Fiber Technology Standard 10/100/1000Base-TX Physical Characteristics Form Factor Rack-mountable Miscellaneous Eco Friendly Yes Source of Power Power Supply,https://www.vertexnetworking.co.uk/storage/product_images/677915cac967e_397079-B21.webp,"$2,072.10",397079-B21,https://www.vertexnetworking.co.uk/product/hp-397079-b21-storageworks-modular-array-1000-san-starter-kit-switch-397079-b21.html
Vertex Networking,HPE Q1J01B Modular Smart Array 2050 SAN Dual Controller SFF Storage,HPE Q1J01B Modular Smart Array 2050 SAN Dual Controller SFF Storage Product Condition: Refurbished,https://www.vertexnetworking.co.uk/storage/product_images/677915ca794aa_Q1J01B.webp,"$3,793.90",Q1J01B,https://www.vertexnetworking.co.uk/product/hpe-q1j01b-modular-smart-array-2050-san-dual-controller-sff-storage-q1j01b.html
Vertex Networking,HPE Q1J15A D3710 2U Rack-mountable Drive Enclosure,HPE Q1J15A D3710 2U Rack-mountable Drive Enclosure Product Condition: Refurbished,https://www.vertexnetworking.co.uk/storage/product_images/677915cbc0d35_Q1J15A.webp,"$3,109.69",Q1J15A,https://www.vertexnetworking.co.uk/product/hpe-q1j15a-d3710-2u-rack-mountable-drive-enclosure-q1j15a.html
Vertex Networking,HP - 877972-001 - Smart Array P204i-b SR 4-Ports SAS 12Gb/s SATA 6Gb/s PCI Express 3.0 x8 1GB Cache Modular Controller,HP - 877972-001 - Smart Array P204i-b SR 4-Ports SAS 12Gb/s SATA 6Gb/s PCI Express 3.0 x8 1GB Cache Modular Controller Product Condition: Refurbished,https://www.vertexnetworking.co.uk/storage/product_images/677915cf20d4e_877972-001.webp,$129.24,877972-001,https://www.vertexnetworking.co.uk/product/877972-001-hp-smart-array-p204i-b-sr-4-ports-pci-express-3-0-x8-12g-sas-modular-controller-4-internal-lanes-1gb-fbwc-battery-not-included.html
Vertex Networking,C8R15A - HP Modular Smart Array 2040 San Dual Controller SFF Storage Hard Drive Array 24-Bay,C8R15A - HP Modular Smart Array 2040 San Dual Controller SFF Storage Hard Drive Array 24-Bay Product Condition: Refurbished,https://www.vertexnetworking.co.uk/storage/product_images/677915c9d453e_C8R15A.webp,"$1,545.78",C8R15A,https://www.vertexnetworking.co.uk/product/c8r15a-hp-modular-smart-array-2040-san-dual-controller-sff-storage-hard-drive-array-24-bay.html
Vertex Networking,Q1J06A - HP MSA 2050 LFF Disk Enclosure,Q1J06A - HP MSA 2050 LFF Disk Enclosure Product Condition: Refurbished General Information Product Type Server Technical Information Drive Interface 12Gb/s SAS Quantity of Processor Supported 1 Quantity of Processor Installed 1 Miscellaneous Assembly Required Yes Eco Friendly Yes,https://www.vertexnetworking.co.uk/storage/product_images/677915cb12d98_Q1J06A.webp,"$1,993.90",Q1J06A,https://www.vertexnetworking.co.uk/product/q1j06a-hp-network-storage-device.html
Vertex Networking,HP - 804370-001 - Smart Array P204i-b SR 4-Ports SAS 12Gb/s SATA 6Gb/s PCI Express 3.0 x8 1GB Cache Modular Controller,HP - 804370-001 - Smart Array P204i-b SR 4-Ports SAS 12Gb/s SATA 6Gb/s PCI Express 3.0 x8 1GB Cache Modular Controller Product Condition: Refurbished General Information Product Line Smart Array Model P204i-b Product Type SATA/SAS Controller Technical Information Host Interface PCI Express 3.0 x8 Controller Type 12Gb/s SAS Raid Levels 10 Data Backup Type Flash Backed Cache Cache Memory 1GB Product Compatibility HPE ProLiant BL Series BL460c G10,https://www.vertexnetworking.co.uk/storage/product_images/677915ccd3409_804370-001.webp,$129.24,804370-001,https://www.vertexnetworking.co.uk/product/804370-001-hp-smart-array-p204i-b-sr-4-ports-pci-express-3-0-x8-12g-sas-modular-controller-4-internal-lanes-1gb-fbwc-battery-not-included.html
Vertex Networking,HPE - Q1J01A - MSA2050 24 x BAYs SFF Dual Controller 2U Rack-Mountable SAN Storage System,HPE - Q1J01A - MSA2050 24 x BAYs SFF Dual Controller 2U Rack-Mountable SAN Storage System Product Condition: Refurbished,https://www.vertexnetworking.co.uk/storage/product_images/677915ca2e4cc_Q1J01A.webp,"$2,920.22",Q1J01A,https://www.vertexnetworking.co.uk/product/q1j01a-hp-storage-array-network-san.html
Vertex Networking,HPE - QK770A - D2700 1TB 6G SAS SFF MDL 10TB Bundle,HPE - QK770A - D2700 1TB 6G SAS SFF MDL 10TB Bundle Product Condition: Refurbished,https://www.vertexnetworking.co.uk/storage/product_images/677915cb8e7df_QK770A.webp,"$2,839.02",QK770A,https://www.vertexnetworking.co.uk/product/qk770a-hp-d2700-w-10-1tb-6g-sas-7-2k-sff-dual-port-mdl-hdd-10tb-bundle.html
Vertex Networking,HPE R0Q84B Modular Smart Array 2062 12Gb SAS SFF Storage - Hard drive array,HPE R0Q84B Modular Smart Array 2062 12Gb SAS SFF Storage - Hard drive array Product Condition: New,https://www.vertexnetworking.co.uk/storage/product_images/677915ca40c1e_storagearray.webp,"$8,138.26",R0Q84B,https://www.vertexnetworking.co.uk/product/hpe-r0q84b-modular-smart-array-2062-12gb-sas-sff-storage-hard-drive-array.html
Vertex Networking,N9X16A - HP StoreVirtual 3200 LFF 12-Bays SAS 4-Port 1GbE SCSI 2U Rack-Mountable Storage Array,N9X16A - HP StoreVirtual 3200 LFF 12-Bays SAS 4-Port 1GbE SCSI 2U Rack-Mountable Storage Array Product Condition: Refurbished,https://www.vertexnetworking.co.uk/storage/product_images/677915cb539ae_N9X16A.webp,"$1,480.37",N9X16A,https://www.vertexnetworking.co.uk/product/n9x16a-hp-storage-array-network-san.html
Vertex Networking,Q2R25A - HP Modular Smart Array 1050 4-Port 10GbE iSCSI Dual Controller SFF Storage,Q2R25A - HP Modular Smart Array 1050 4-Port 10GbE iSCSI Dual Controller SFF Storage Product Condition: Refurbished,https://www.vertexnetworking.co.uk/storage/product_images/677915cda8dd6_Q2R25A.webp,"$2,297.66",Q2R25A,https://www.vertexnetworking.co.uk/product/q2r25a-hp-network-storage-device.html
Vertex Networking,HPE Q8H39A Nimble Storage Adaptive Flash HF40 Base Array,HPE Q8H39A Nimble Storage Adaptive Flash HF40 Base Array Product Condition: Refurbished,https://www.vertexnetworking.co.uk/storage/product_images/677915cc2e32a_storagearray.webp,"$6,808.94",Q8H39A,https://www.vertexnetworking.co.uk/product/hpe-q8h39a-nimble-storage-adaptive-flash-hf40-base-array.html
Vertex Networking,Q1J29A - HP Modular Smart Array 2050 SAS 2U Rack-Mountable Dual Controller SFF Storage,Q1J29A - HP Modular Smart Array 2050 SAS 2U Rack-Mountable Dual Controller SFF Storage Product Condition: Refurbished,https://www.vertexnetworking.co.uk/storage/product_images/677915cc1c855_Q1J29A.webp,"$2,703.68",Q1J29A,https://www.vertexnetworking.co.uk/product/q1j29a-hp-network-storage-device.html
Vertex Networking,AP839B - HP StorageWorks Modular Smart Array P2000 2.5-inch Drive Bay Chassis Storage Enclosure 24-Bay,AP839B - HP StorageWorks Modular Smart Array P2000 2.5-inch Drive Bay Chassis Storage Enclosure 24-Bay Product Condition: New,https://www.vertexnetworking.co.uk/storage/product_images/677915cdcbfed_AP839B.webp,$402.92,AP839B,https://www.vertexnetworking.co.uk/product/ap839b-hp-storageworks-modular-smart-array-p2000-2-5-inch-drive-bay-chassis-storage-enclosure-24-bay.html
Vertex Networking,HPE - Q1J07A - MSA 2050 24 x Expansion Bays 2U Rack-mountable Disk Enclosure,HPE - Q1J07A - MSA 2050 24 x Expansion Bays 2U Rack-mountable Disk Enclosure Product Condition: Refurbished Miscellaneous,https://www.vertexnetworking.co.uk/storage/product_images/677915cc64e26_Q1J07A.webp,"$2,703.68",Q1J07A,https://www.vertexnetworking.co.uk/product/q1j07a-hp-network-storage-device.html
Vertex Networking,823856-B21 - HP 8-Port SAS 12Gbs PCI-Express 3.0 x8 Smart Array Storage Controller,"823856-B21 - HP 8-Port SAS 12Gbs PCI-Express 3.0 x8 Smart Array Storage Controller Product Condition: New General Information Product Line Smart Array Product Series Smart Array Model P408I-A Product Type SAS Controller Technical Information Host Interface PCI Express 3.0 x8 Form Factor Plug-in Module Controller Type 12Gb/s SAS Raid Supported Yes Raid Levels 60 Data Backup Type Flash Backed Cache Cache Memory 2GB SAS Connector Details 2 Miscellaneous Compliance Standards WEEE,RoHS Assembly Required Yes Eco Friendly Yes OS Platform Linux Product Compatibility HPE Synergy 660 G10",https://www.vertexnetworking.co.uk/storage/product_images/677915cd6a462_823856-B21.webp,$329.99,823856-B21,https://www.vertexnetworking.co.uk/product/823856-b21-hp-sas-sata-controller.html
Vertex Networking,HP - 804381-B21 - Smart Array P408e-m 8-Ports SAS 12Gb/s SATA 6Gb/s PCI-Express 3.0 x8 2GB Cache Mezzanine Controller Card,"HP - 804381-B21 - Smart Array P408e-m 8-Ports SAS 12Gb/s SATA 6Gb/s PCI-Express 3.0 x8 2GB Cache Mezzanine Controller Card Product Condition: Refurbished General Information Product Line Smart Array Product Series Smart Array Model P408e-m Product Type SATA/SAS Controller Technical Information Host Interface PCI Express 3.0 x8 Form Factor Mezzanine Controller Type 12Gb/s SAS Raid Supported Yes Raid Levels 1 Data Backup Type Flash Backed Cache Cache Memory 2GB Miscellaneous Compliance Standards WEEE,RoHS Assembly Required Yes Eco Friendly Yes OS Platform PC Product Compatibility HPE ProLiant BL Series BL460c G10",https://www.vertexnetworking.co.uk/storage/product_images/677915cea800f_Controller-Card-Gen.webp,$194.65,804381-B21,https://www.vertexnetworking.co.uk/product/804381-b21-hp-smart-array-p408e-m-sr-gen10-12gb-s-sas-mezzanine-controller.html
Vertex Networking,HPE - AP845A - StorageWorks P2000 Fibre Channel Dual Controller Lff Modular Smart Array System Hard Drive Array,HPE - AP845A - StorageWorks P2000 Fibre Channel Dual Controller Lff Modular Smart Array System Hard Drive Array Product Condition: Refurbished,https://www.vertexnetworking.co.uk/storage/product_images/677915c8311d6_AP845A.webp,"$1,598.41",AP845A,https://www.vertexnetworking.co.uk/product/ap845a-hp-storageworks-p2000-g3-msa-fc-dual-controller-lff-modular-smart-array-system.html
Vertex Networking,AJ752A - HP StorageWorks Modular Smart Array 2012sa Single Controller SASSATA 12-Bay 3.5-inch Hard Drive Array 2U Rack-Mountable,AJ752A - HP StorageWorks Modular Smart Array 2012sa Single Controller SASSATA 12-Bay 3.5-inch Hard Drive Array 2U Rack-Mountable Product Condition: Refurbished,https://www.vertexnetworking.co.uk/storage/product_images/677915c6a3f53_AJ752A.webp,"$1,711.20",AJ752A,https://www.vertexnetworking.co.uk/product/aj752a-hp-storageworks-modular-smart-array-2012sa-single-controller-sas-sata-12-bay-3-5-inch-hard-drive-array-2u.html
Vertex Networking,201723-B21 - HP 14 Bays Rack Mount Fibre Channel Hard Drive Array Enclosure 4u StorageWorks Modular San Array 1000,201723-B21 - HP 14 Bays Rack Mount Fibre Channel Hard Drive Array Enclosure 4u StorageWorks Modular San Array 1000 Product Condition: Refurbished,https://www.vertexnetworking.co.uk/storage/product_images/677915c8a72ca_Network-Storage-Array-Gen.webp,$718.71,201723-B21,https://www.vertexnetworking.co.uk/product/201723-b21-hp-14-bays-rack-mount-fibre-channel-hard-drive-array-enclosure-4u-storageworks-modular-san-array-1000.html
Vertex Networking,AW524A - HP StorageWorks D2700 Hard Drive Array 25 x HDD Installed 3.60 TB Installed HDD Capacity RAID Supported 25 x Total Bays 2U Rack-mountable,AW524A - HP StorageWorks D2700 Hard Drive Array 25 x HDD Installed 3.60 TB Installed HDD Capacity RAID Supported 25 x Total Bays 2U Rack-mountable Product Condition: Refurbished,https://www.vertexnetworking.co.uk/storage/product_images/677915c6563f3_AW524A.webp,$442.77,AW524A,https://www.vertexnetworking.co.uk/product/aw524a-hp-storageworks-d2700-hard-drive-array-25-x-hdd-installed-3-60-tb-installed-hdd-capacity-raid-supported-25-x-total-bays-2u-rack-mountable.html
Vertex Networking,Q1J29B - HP MSA 1050 SAS 12Gb/s Dual Controller 2U Rack-Mountable SFF Storage Array,Q1J29B - HP MSA 1050 SAS 12Gb/s Dual Controller 2U Rack-Mountable SFF Storage Array Product Condition: Refurbished,https://www.vertexnetworking.co.uk/storage/product_images/677915c7e92b8_storagearray.webp,"$3,251.05",Q1J29B,https://www.vertexnetworking.co.uk/product/q1j29b-hp-msa-1050-sas-12gb-s-dual-controller-2u-rack-mountable-sff-storage-array.html
Vertex Networking,HPE R0Q78A MSA2060 SAS 12Gb/s SFF 2U Rack-mountable Storage Array,Product Condition: New,https://www.vertexnetworking.co.uk/storage/product_images/677915c6e727d_storagearray.webp,"$6,087.14",R0Q78A,https://www.vertexnetworking.co.uk/product/hpe-r0q78a-12gb-4-ports-sas-sff-2u-das-storage-system-for-msa-2060.html
Vertex Networking,AJ805A - HP StorageWorks Modular Smart Array 2312sa G2 Dual RAID Controller 12-Bay Hard Drive Array,AJ805A - HP StorageWorks Modular Smart Array 2312sa G2 Dual RAID Controller 12-Bay Hard Drive Array Product Condition: Refurbished,https://www.vertexnetworking.co.uk/storage/product_images/677915c734f45_AJ805A.webp,$623.23,AJ805A,https://www.vertexnetworking.co.uk/product/aj805a-hp-storageworks-modular-smart-array-2312sa-g2-dual-raid-controller-12-bay-hard-drive-array.html
Vertex Networking,C8R14A - HP Modular Smart Array 2040 San Dual Controller LFF Storage Hard Drive Array 12-Bay,C8R14A - HP Modular Smart Array 2040 San Dual Controller LFF Storage Hard Drive Array 12-Bay Product Condition: Refurbished,https://www.vertexnetworking.co.uk/storage/product_images/677915c6b2763_Network-Storage-Array-Gen.webp,$477.88,C8R14A,https://www.vertexnetworking.co.uk/product/c8r14a-hp-modular-smart-array-2040-san-dual-controller-lff-storage-hard-drive-array-12-bay.html
Vertex Networking,HPE R0Q85A Modular Smart Array 1060 16Gb Fibre Channel SFF Storage Hard drive array,HPE R0Q85A Modular Smart Array 1060 16Gb Fibre Channel SFF Storage Hard drive array Product Condition: New,https://www.vertexnetworking.co.uk/storage/product_images/677915c846d03_storagearray.webp,"$2,301.00",R0Q85A,https://www.vertexnetworking.co.uk/product/hpe-r0q85a-modular-smart-array-1060-16gb-fibre-channel-sff-storage-hard-drive-array.html
Vertex Networking,64113B4 - Lenovo Storage S3200 SFF Chassis SAS Dual Controller,64113B4 - Lenovo Storage S3200 SFF Chassis SAS Dual Controller Product Condition: Refurbished,https://www.vertexnetworking.co.uk/storage/product_images/677915c60e844_Microcontroller-Gen.webp,"$2,879.00",64113B4,https://www.vertexnetworking.co.uk/product/64113b4-lenovo-storage-s3200-sff-chassis-sas-dual-controller.html
Vertex Networking,HPE - AW567A - StorageWorks P2000 Fibre Channel + ISCSI Dual Combo Controller LFF Modular Smart Array,HPE - AW567A - StorageWorks P2000 Fibre Channel + ISCSI Dual Combo Controller LFF Modular Smart Array Product Condition: Refurbished,https://www.vertexnetworking.co.uk/storage/product_images/677915c898c40_AW567A.webp,"$5,636.01",AW567A,https://www.vertexnetworking.co.uk/product/aw567a-hp-storageworks-p2000-g3-msa-fc-iscsi-dual-combo-controller-lff-array.html
Vertex Networking,AJ955A - HP StorageWorks 2324fc G2 Hard Drive Array Fibre Channel Controller RAID Supported 24 x Total Bays Fast Ethernet Network RJ-45 Fibre,AJ955A - HP StorageWorks 2324fc G2 Hard Drive Array Fibre Channel Controller RAID Supported 24 x Total Bays Fast Ethernet Network RJ-45 Fibre Product Condition: Refurbished,https://www.vertexnetworking.co.uk/storage/product_images/677915c7d65ab_AJ955A.webp,"$7,169.84",AJ955A,https://www.vertexnetworking.co.uk/product/aj955a-hp-storageworks-2324fc-g2-hard-drive-array-fibre-channel-controller-raid-supported-24-x-total-bays-fast-ethernet-network-rj-45-fibre-channel-2u-rack-mountable.html
Vertex Networking,AJ807A - HP StorageWorks MSA2324sa Dual Controller Modular Smart Array,AJ807A - HP StorageWorks MSA2324sa Dual Controller Modular Smart Array Product Condition: Refurbished,https://www.vertexnetworking.co.uk/storage/product_images/677915c78708d_AJ807A.webp,"$1,756.31",AJ807A,https://www.vertexnetworking.co.uk/product/aj807a-hp-storageworks-2324sa-hard-drive-array-serial-attached-scsi-sas-controller-raid-supported-24-x-total-bays-network-rj-45-2u-rack-mountable.html
Vertex Networking,HPE R4T20A J2000 Dual IOM 2x100GbE NVMe-oF SFF TAA-compliant JBOF Storage,HPE R4T20A J2000 Dual IOM 2x100GbE NVMe-oF SFF TAA-compliant JBOF Storage Product Condition: New,https://www.vertexnetworking.co.uk/storage/product_images/677915c7992e8_storagearray.webp,"$1,548.04",R4T20A,https://www.vertexnetworking.co.uk/product/hpe-r4t20a-j2000-dual-iom-2x100gbe-nvme-of-sff-taa-compliant-jbof-storage.html
Vertex Networking,90Y9277 - IBM Flex System Storage Expansion Node Hard Drive Array,90Y9277 - IBM Flex System Storage Expansion Node Hard Drive Array Product Condition: Refurbished,https://www.vertexnetworking.co.uk/storage/product_images/677915c6647b0_Network-Storage-Array-Gen.webp,$313.00,90Y9277,https://www.vertexnetworking.co.uk/product/90y9277-ibm-flex-system-storage-expansion-node-hard-drive-array.html
Vertex Networking,AJ802A - HP StorageWorks MSA2324i Serial Network SAS iSCSI Hard Drive Array,AJ802A - HP StorageWorks MSA2324i Serial Network SAS iSCSI Hard Drive Array Product Condition: Refurbished,https://www.vertexnetworking.co.uk/storage/product_images/677915c6d44b0_AJ802A.webp,"$1,350.29",AJ802A,https://www.vertexnetworking.co.uk/product/aj802a-hp-storageworks-msa2324i-hard-drive-array-serial-network-network-sas-iscsi.html
Vertex Networking,AW593B - HP Modular Smart Array P2000 G3 SAS Dual Controller LFF Array System Hard Drive Array 12-Bay 0 HDD Installed,AW593B - HP Modular Smart Array P2000 G3 SAS Dual Controller LFF Array System Hard Drive Array 12-Bay 0 HDD Installed Product Condition: Refurbished,https://www.vertexnetworking.co.uk/storage/product_images/677915c8ebd2f_AW593B.webp,"$1,805.93",AW593B,https://www.vertexnetworking.co.uk/product/aw593b-hp-modular-smart-array-p2000-g3-sas-dual-controller-lff-array-system-hard-drive-array-12-bay-0-hdd-installed.html
Vertex Networking,HPE Q1J00B Modular Smart Array 2050 SAN Dual Controller LFF Storage,HPE Q1J00B Modular Smart Array 2050 SAN Dual Controller LFF Storage Product Condition: Refurbished,https://www.vertexnetworking.co.uk/storage/product_images/677915c749f02_storagearray.webp,"$4,048.04",Q1J00B,https://www.vertexnetworking.co.uk/product/hpe-q1j00b-modular-smart-array-2050-san-dual-controller-lff-storage-q1j00b.html
Vertex Networking,AW596A - HP StorageWorks P2000 G3 SAN Hard Drive Array RAID Supported 12 x Total Bays Gigabit Ethernet Network RJ-45 iSCSI 2U,AW596A - HP StorageWorks P2000 G3 SAN Hard Drive Array RAID Supported 12 x Total Bays Gigabit Ethernet Network RJ-45 iSCSI 2U Product Condition: Refurbished,https://www.vertexnetworking.co.uk/storage/product_images/677915c56fbf3_AW596A.webp,"$6,177.36",AW596A,https://www.vertexnetworking.co.uk/product/aw596a-hp-storageworks-p2000-g3-san-hard-drive-array-raid-supported-12-x-total-bays-gigabit-ethernet-network-rj-45-iscsi-2u.html
Vertex Networking,HPE R4T21A Enterprise J2000 Dual IOM 6x100GbE NVMe-oF SFF JBOF Storage - Hard Drive Array,HPE R4T21A Enterprise J2000 Dual IOM 6x100GbE NVMe-oF SFF JBOF Storage - Hard Drive Array Product Condition: Refurbished,https://www.vertexnetworking.co.uk/storage/product_images/677915c85b8fa_storagearray.webp,$848.79,R4T21A,https://www.vertexnetworking.co.uk/product/hpe-r4t21a-enterprise-j2000-dual-iom-6x100gbe-nvme-of-sff-jbof-storage-hard-drive-array.html
Vertex Networking,Dell 048CF4 Slim-line DVD-RW Odd F Laptop,Dell 048CF4 Slim-line DVD-RW Odd F Laptop Product Condition: Refurbished,https://www.vertexnetworking.co.uk/storage/product_images/677915c500748_Optical-Drives-Gen.webp,$110.23,048CF4,https://www.vertexnetworking.co.uk/product/048cf4-dell-slim-line-dvd-rw-odd-f-laptops.html
Vertex Networking,Synology DS620SLIM 6-Bay Hot-Swap SATA 2.5-In SSD Storage Enclouser,Product Condition: New,https://www.vertexnetworking.co.uk/storage/product_images/677915c408ea8_storagearray.webp,$472.85,DS620SLIM,https://www.vertexnetworking.co.uk/product/ds620slim-synology-diskstation-ds620slim-6-bay-nas.html
Vertex Networking,176253-CB1 - HP / Compaq 16X Speed DVD ROM Optical Drive,176253-CB1 - HP / Compaq 16X Speed DVD ROM Optical Drive Product Condition: Refurbished,https://www.vertexnetworking.co.uk/storage/product_images/677915c330db3_Optical-Drives-Gen.webp,$102.71,176253-CB1,https://www.vertexnetworking.co.uk/product/176253-cb1-hp-compaq-16x-speed-dvd-rom-optical-drive.html
Vertex Networking,Dell - 08TTVC - Compellent Series C40 CT-040 16-Bay iSCSI Rack-Mountable SAN Storage Array,Dell - 08TTVC - Compellent Series C40 CT-040 16-Bay iSCSI Rack-Mountable SAN Storage Array Product Condition: Refurbished,https://www.vertexnetworking.co.uk/storage/product_images/677915c522017_All-Enclosures-Gen.webp,"$1,033.00",08TTVC,https://www.vertexnetworking.co.uk/product/08ttvc-dell-compellent-series-c40-ct-040-san-storage-system-controller-enclosures.html
Vertex Networking,D4383-60041 - HP 24x Speed IDE CD-ROM Drive,D4383-60041 - HP 24x Speed IDE CD-ROM Drive Product Condition: Refurbished Miscellaneous,https://www.vertexnetworking.co.uk/storage/product_images/677915c41832c_Optical-Drives-Gen.webp,$66.62,D4383-60041,https://www.vertexnetworking.co.uk/product/d4383-60041-hp-24x-speed-ide-cd-rom-drive.html
Vertex Networking,Q8F63A - HP Nimble Storage AF1000 Spare Controller,Q8F63A - HP Nimble Storage AF1000 Spare Controller Product Condition: Refurbished,https://www.vertexnetworking.co.uk/storage/product_images/677915c4ccfb3_Microcontroller-Gen.webp,"$13,583.00",Q8F63A,https://www.vertexnetworking.co.uk/product/q8f63a-hp-nimble-storage-af1000-spare-controller.html
Vertex Networking,B7E26A - HP StoreVirtual 4530 San Array 12 X 600GB HDD Installed 7.20 TB Installed HDD Capacity,B7E26A - HP StoreVirtual 4530 San Array 12 X 600GB HDD Installed 7.20 TB Installed HDD Capacity Product Condition: Refurbished,https://www.vertexnetworking.co.uk/storage/product_images/677915c5a353d_B7E26A.webp,"$2,252.55",B7E26A,https://www.vertexnetworking.co.uk/product/b7e26a-hp-storevirtual-4530-san-array-12-x-600gb-hdd-installed-7-20-tb-installed-hdd-capacity.html
Vertex Networking,Q8F69A - HP Nimble Storage CS220 Spare Controller,Q8F69A - HP Nimble Storage CS220 Spare Controller Product Condition: Refurbished,https://www.vertexnetworking.co.uk/storage/product_images/677915c57e5b0_Microcontroller-Gen.webp,"$13,583.00",Q8F69A,https://www.vertexnetworking.co.uk/product/q8f69a-hp-nimble-storage-cs220-spare-controller.html
Vertex Networking,D4383-60001 - HP 24x Speed IDE CD-ROM Drive,D4383-60001 - HP 24x Speed IDE CD-ROM Drive Product Condition: Refurbished,https://www.vertexnetworking.co.uk/storage/product_images/677915c4be5cd_Optical-Drives-Gen.webp,$66.62,D4383-60001,https://www.vertexnetworking.co.uk/product/d4383-60001-hp-24x-speed-ide-cd-rom-drive.html
Vertex Networking,Q8F65A - HP Nimble Storage CS1000 Spare Controller,Q8F65A - HP Nimble Storage CS1000 Spare Controller Product Condition: Refurbished,https://www.vertexnetworking.co.uk/storage/product_images/677915c50f10c_Microcontroller-Gen.webp,"$12,680.00",Q8F65A,https://www.vertexnetworking.co.uk/product/q8f65a-hp-nimble-storage-cs1000-spare-controller.html
Vertex Networking,Synology DX517 5-Bay Hot-Swap SATA 2.5-Inch SSD Storage Enclouser,Product Condition: New,https://www.vertexnetworking.co.uk/storage/product_images/677915c3dc53d_storagearray.webp,$487.89,DX517,https://www.vertexnetworking.co.uk/product/dx517-synology-dx517-5-bay-expansion-enclosure.html
Vertex Networking,Q8F64A - HP Nimble Storage CS1000H Spare Controller,Q8F64A - HP Nimble Storage CS1000H Spare Controller Product Condition: Refurbished,https://www.vertexnetworking.co.uk/storage/product_images/677915c4e18b2_Microcontroller-Gen.webp,"$11,848.00",Q8F64A,https://www.vertexnetworking.co.uk/product/q8f64a-hp-nimble-storage-cs1000h-spare-controller.html
Vertex Networking,Q8F70A - HP Nimble Storage CS235 Spare Controller,Q8F70A - HP Nimble Storage CS235 Spare Controller Product Condition: Refurbished,https://www.vertexnetworking.co.uk/storage/product_images/677915c5b4e09_Microcontroller-Gen.webp,"$11,848.00",Q8F70A,https://www.vertexnetworking.co.uk/product/q8f70a-hp-nimble-storage-cs235-spare-controller.html
Vertex Networking,AW526A - HP StorageWorks D2700 Hard Drive Array 25 x HDD 12.50 TB Installed HDD Capacity RAID Supported 25 x Total Bays 2U Rack-mountable,AW526A - HP StorageWorks D2700 Hard Drive Array 25 x HDD 12.50 TB Installed HDD Capacity RAID Supported 25 x Total Bays 2U Rack-mountable Product Condition: Refurbished,https://www.vertexnetworking.co.uk/storage/product_images/677915c5f4114_AW526A.webp,"$5,004.43",AW526A,https://www.vertexnetworking.co.uk/product/aw526a-hp-storageworks-d2700-hard-drive-array-25-x-hdd-installed-12-50-tb-installed-hdd-capacity-raid-supported-25-x-total-bays-2u-rack-mountable.html
Vertex Networking,Q8F68A - HP Nimble Storage CS220 Spare Controller,Q8F68A - HP Nimble Storage CS220 Spare Controller Product Condition: Refurbished,https://www.vertexnetworking.co.uk/storage/product_images/677915c535548_Microcontroller-Gen.webp,"$11,394.00",Q8F68A,https://www.vertexnetworking.co.uk/product/q8f68a-hp-nimble-storage-cs220-spare-controller.html
Vertex Networking,D4383-60021 - HP 24x Speed IDE CD-ROM Drive,D4383-60021 - HP 24x Speed IDE CD-ROM Drive Product Condition: Refurbished,https://www.vertexnetworking.co.uk/storage/product_images/677915c37a1c9_Optical-Drives-Gen.webp,$66.62,D4383-60021,https://www.vertexnetworking.co.uk/product/d4383-60021-hp-24x-speed-ide-cd-rom-drive.html
Vertex Networking,QNAP TR-002 - Hard Drive Array,QNAP TR-002 - Hard Drive Array Product Condition: New,https://www.vertexnetworking.co.uk/storage/product_images/677915c465f6f_TR-002-US.webp,$205.93,TR-002-US,https://www.vertexnetworking.co.uk/product/qnap-tr-002-hard-drive-array.html
Vertex Networking,BB877A - HP StoreOnce 2700 8TB 7200RPM SCSI Hot-Swappable 3.5-inch Rack-Mountable NAS Server,BB877A - HP StoreOnce 2700 8TB 7200RPM SCSI Hot-Swappable 3.5-inch Rack-Mountable NAS Server Product Condition: Refurbished,https://www.vertexnetworking.co.uk/storage/product_images/677915c4b0034_bb877a-o_fdsilim4du0zgbkm.webp,"$3,798.35",BB877A,https://www.vertexnetworking.co.uk/product/bb877a-hp-storeonce-2700-8tb-7200rpm-scsi-hot-swappable-3-5-inch-rack-mountable-nas-server.html
Vertex Networking,D4382-60001 - HP 16x Speed IDE 5.25-inch CD-ROM Drive,D4382-60001 - HP 16x Speed IDE 5.25-inch CD-ROM Drive Product Condition: Refurbished,https://www.vertexnetworking.co.uk/storage/product_images/677915c474327_Optical-Drives-Gen.webp,$66.62,D4382-60001,https://www.vertexnetworking.co.uk/product/d4382-60001-hp-16x-speed-ide-5-25-inch-cd-rom-drive.html
Vertex Networking,D4383-60031 - HP 24x Speed IDE CD-ROM Drive,D4383-60031 - HP 24x Speed IDE CD-ROM Drive Product Condition: Refurbished,https://www.vertexnetworking.co.uk/storage/product_images/677915c3ea75a_Optical-Drives-Gen.webp,$66.62,D4383-60031,https://www.vertexnetworking.co.uk/product/d4383-60031-hp-24x-speed-ide-cd-rom-drive.html
Vertex Networking,Q1592-60003 - HP DVD+RW Pluggable Optical Drive,Q1592-60003 - HP DVD+RW Pluggable Optical Drive Product Condition: Refurbished,https://www.vertexnetworking.co.uk/storage/product_images/677915c320ec5_Optical-Drives-Gen.webp,$91.43,Q1592-60003,https://www.vertexnetworking.co.uk/product/q1592-60003-hp-dvd-rw-pluggable-optical-drive.html
Vertex Networking,P4388-60006 - HP 16x Speed IDE DVD-ROM,P4388-60006 - HP 16x Speed IDE DVD-ROM Product Condition: Refurbished,https://www.vertexnetworking.co.uk/storage/product_images/677915c2ac75f_Optical-Drives-Gen.webp,$131.28,P4388-60006,https://www.vertexnetworking.co.uk/product/p4388-60006-hp-16x-speed-ide-dvd-rom.html
Vertex Networking,173834-001 - HP ProLiant DL360 CD-ROM Module,173834-001 - HP ProLiant DL360 CD-ROM Module Product Condition: Refurbished Miscellaneous,https://www.vertexnetworking.co.uk/storage/product_images/677915c2824e7_Optical-Drives-Gen.webp,$66.62,173834-001,https://www.vertexnetworking.co.uk/product/173834-001-hp-proliant-dl360-cd-rom-module.html
Vertex Networking,176135-E30 - HP 48x Speed CD-ROM IDE Internal Optical Drive,176135-E30 - HP 48x Speed CD-ROM IDE Internal Optical Drive Product Condition: Refurbished Miscellaneous,https://www.vertexnetworking.co.uk/storage/product_images/677915c2d4f0c_Optical-Drives-Gen.webp,$66.62,176135-E30,https://www.vertexnetworking.co.uk/product/176135-e30-hp-48x-speed-cd-rom-ide-internal-optical-drive.html
Vertex Networking,344541-001 - HP 48X Speed ATAPI/IDE CD-ROM Optical Drive for xw9300 Workstation,344541-001 - HP 48X Speed ATAPI/IDE CD-ROM Optical Drive for xw9300 Workstation Product Condition: Refurbished,https://www.vertexnetworking.co.uk/storage/product_images/677915c2732d9_Optical-Drives-Gen.webp,$66.62,344541-001,https://www.vertexnetworking.co.uk/product/344541-001-hp-48x-speed-atapi-ide-cd-rom-optical-drive-for-xw9300-workstation.html
Vertex Networking,173549-001 - HP / Compaq CD-RW Drive for Deskpro,173549-001 - HP / Compaq CD-RW Drive for Deskpro Product Condition: Refurbished Miscellaneous,https://www.vertexnetworking.co.uk/storage/product_images/677915c2418a6_Optical-Drives-Gen.webp,$74.14,173549-001,https://www.vertexnetworking.co.uk/product/173549-001-hp-compaq-cd-rw-drive-for-deskpro.html
Vertex Networking,Q1592-67201 - HP DVD+RW Pluggable Optical Drive,Q1592-67201 - HP DVD+RW Pluggable Optical Drive Product Condition: Refurbished Miscellaneous,https://www.vertexnetworking.co.uk/storage/product_images/677915c33f895_Optical-Drives-Gen.webp,$91.43,Q1592-67201,https://www.vertexnetworking.co.uk/product/q1592-67201-hp-dvd-rw-pluggable-optical-drive.html
Vertex Networking,Dell - CC773 - 24X CD-RW DVD SFF Combo Drive,Dell - CC773 - 24X CD-RW DVD SFF Combo Drive Product Condition: Refurbished,https://www.vertexnetworking.co.uk/storage/product_images/677915c29080f_Optical-Drives-Gen.webp,$86.17,CC773,https://www.vertexnetworking.co.uk/product/cc773-dell-24x-cd-rw-dvd-combo-drive.html
Vertex Networking,AG716A - HP StorageWorks 70 Modular Smart Array,AG716A - HP StorageWorks 70 Modular Smart Array Product Condition: Refurbished,https://www.vertexnetworking.co.uk/storage/product_images/677915c350180_Miscellaneous-Gen.webp,"$11,155.00",AG716A,https://www.vertexnetworking.co.uk/product/hp-storageworks-hard-drive-array-8-x-hdd-installed-576-gb-installed-hdd-capacity-serial-attached-scsi-sas-controller-25-x-total-ba.html
Vertex Networking,Q2030A - HP UDO Disk 30GB Write Once New,Q2030A - HP UDO Disk 30GB Write Once New Product Condition: New Miscellaneous,https://www.vertexnetworking.co.uk/storage/product_images/677915c35ead3_Optical-Drives-Gen.webp,$91.43,Q2030A,https://www.vertexnetworking.co.uk/product/q2030a-hp-udo-disk-30gb-write-once-new.html
Vertex Networking,Dell - MD3460 PowerVault 60 x 2.53.5 Bp 2 x Dual Controllers 2 x Power Supply Storage Array System,"Dell - MD3460 PowerVault 60 x 2.53.5 Bp 2 x Dual Controllers 2 x Power Supply Storage Array System Product Condition: Refurbished General Information Product Type Hard Drive Technical Information RPM 7200 Drive Type Internal Drive Width 2.5"" Interfaces/Ports Drive Interface SAS Interface Standard 6Gb/s SAS Miscellaneous Compliance Standards WEEE,RoHS Assembly Required Yes Eco Friendly Yes",https://www.vertexnetworking.co.uk/storage/product_images/677915c36c96f_2.5-inch-hard-drive-gen_bxukpeopozv6ihy4.webp,"$3,199.92",MD3460,https://www.vertexnetworking.co.uk/product/md3460-dell-powervault-60-x-2-53-5-bp-2-x-dual-controllers-2-x-power-supply-storage-array-system.html
Vertex Networking,173747-001 - HP 8 / 4 / 32x Internal CD-RW Drive,173747-001 - HP 8 / 4 / 32x Internal CD-RW Drive Product Condition: Refurbished,https://www.vertexnetworking.co.uk/storage/product_images/677915c263a66_Optical-Drives-Gen.webp,$149.32,173747-001,https://www.vertexnetworking.co.uk/product/173747-001-hp-8-4-32x-internal-cd-rw-drive.html
Vertex Networking,P9513 - Dell 16X DVD-RW Drive,P9513 - Dell 16X DVD-RW Drive Product Condition: Refurbished,https://www.vertexnetworking.co.uk/storage/product_images/677915c2e4758_Optical-Drives-Gen.webp,$113.98,P9513,https://www.vertexnetworking.co.uk/product/p9513-dell-16x-dvd-rw-drive.html
Vertex Networking,344548-001 - HP 48x/32x/48X Speed IDE CD-RW Optical Drive,344548-001 - HP 48x/32x/48X Speed IDE CD-RW Optical Drive Product Condition: Refurbished,https://www.vertexnetworking.co.uk/storage/product_images/677915c2509bd_Optical-Drives-Gen.webp,$66.62,344548-001,https://www.vertexnetworking.co.uk/product/344548-001-hp-48x-32x-48x-speed-ide-cd-rw-optical-drive.html
Vertex Networking,176135-MD1 - HP 48x Speed CD-ROM Optical Drive,176135-MD1 - HP 48x Speed CD-ROM Optical Drive Product Condition: Refurbished Miscellaneous,https://www.vertexnetworking.co.uk/storage/product_images/677915c30ff82_Optical-Drives-Gen.webp,$66.62,176135-MD1,https://www.vertexnetworking.co.uk/product/176135-md1-hp-48x-speed-cd-rom-optical-drive.html
Vertex Networking,343791-B21 - HP 24x/8X Speed EIDE/ATAPI CD-RW/DVD-ROM Optical Drive,343791-B21 - HP 24x/8X Speed EIDE/ATAPI CD-RW/DVD-ROM Optical Drive Product Condition: Refurbished,https://www.vertexnetworking.co.uk/storage/product_images/677915c1eee4c_Optical-Drives-Gen.webp,$86.17,343791-B21,https://www.vertexnetworking.co.uk/product/343791-b21-hp-24x-8x-speed-eide-atapi-cd-rw-dvd-rom-optical-drive.html
Vertex Networking,168003-9D5 - HP IDE CD/ DVD-ROM Drive for ProLiant DL360 G4 Server,168003-9D5 - HP IDE CD/ DVD-ROM Drive for ProLiant DL360 G4 Server Product Condition: Refurbished Miscellaneous,https://www.vertexnetworking.co.uk/storage/product_images/677915c1e0fc8_Optical-Drives-Gen.webp,$66.62,168003-9D5,https://www.vertexnetworking.co.uk/product/168003-9d5-hp-ide-cd-dvd-rom-drive-for-proliant-dl360-g4-server.html
Vertex Networking,P664Y - Dell Super Multi DVD Writer,P664Y - Dell Super Multi DVD Writer Product Condition: Refurbished,https://www.vertexnetworking.co.uk/storage/product_images/677915c2c78dd_Optical-Drives-Gen.webp,$66.62,P664Y,https://www.vertexnetworking.co.uk/product/p664y-dell-super-multi-dvd-writer.html
Vertex Networking,173949-001 - Compaq Slimline DVD-ROM drive,173949-001 - Compaq Slimline DVD-ROM drive Product Condition: Refurbished Miscellaneous,https://www.vertexnetworking.co.uk/storage/product_images/677915c29f444_Optical-Drives-Gen.webp,$66.62,173949-001,https://www.vertexnetworking.co.uk/product/173949-001-compaq-slimline-dvd-rom-drive.html
Vertex Networking,176135-630 - HP 48x Speed CD-ROM Optical Drive for Workstation Evo W8000 / 6000,176135-630 - HP 48x Speed CD-ROM Optical Drive for Workstation Evo W8000 / 6000 Product Condition: Refurbished Miscellaneous,https://www.vertexnetworking.co.uk/storage/product_images/677915c2ba2f6_Optical-Drives-Gen.webp,$66.62,176135-630,https://www.vertexnetworking.co.uk/product/176135-630-hp-48x-speed-cd-rom-optical-drive-for-workstation-evo-w8000-6000.html
Vertex Networking,179137-706 - Compaq 32x Internal IDE CD-ROM Drive,179137-706 - Compaq 32x Internal IDE CD-ROM Drive Product Condition: Refurbished,https://www.vertexnetworking.co.uk/storage/product_images/677915c0027bd_Optical-Drives-Gen.webp,$66.62,179137-706,https://www.vertexnetworking.co.uk/product/179137-706-compaq-32x-internal-ide-cd-rom-drive.html
Vertex Networking,339811-001 - HP 8x 50-Pin Slimline DVD-ROM Optical Drive for ProLiant DL740 / DL760 G2,339811-001 - HP 8x 50-Pin Slimline DVD-ROM Optical Drive for ProLiant DL740 / DL760 G2 Product Condition: Refurbished,https://www.vertexnetworking.co.uk/storage/product_images/677915c1b57e4_Optical-Drives-Gen.webp,$149.32,339811-001,https://www.vertexnetworking.co.uk/product/339811-001-hp-8x-50-pin-slimline-dvd-rom-optical-drive-for-proliant-dl740-dl760-g2.html
Vertex Networking,0MKT6V - Dell DVD-ROM SATA Optical Drive,0MKT6V - Dell DVD-ROM SATA Optical Drive Product Condition: Refurbished,https://www.vertexnetworking.co.uk/storage/product_images/677915c17cb29_Optical-Drives-Gen.webp,$66.62,0MKT6V,https://www.vertexnetworking.co.uk/product/dell-dvd-rom-sata-optical-drive.html
Vertex Networking,080N64 - Dell 8x DVD-ROM SlimLine 12.7mm SATA Optical Drive for PowerEdge R420 / R920,080N64 - Dell 8x DVD-ROM SlimLine 12.7mm SATA Optical Drive for PowerEdge R420 / R920 Product Condition: Refurbished,https://www.vertexnetworking.co.uk/storage/product_images/677915c02ed64_Optical-Drives-Gen.webp,$66.62,080N64,https://www.vertexnetworking.co.uk/product/080n64-dell-8x-dvd-rom-slimline-12-7mm-sata-optical-drive-for-poweredge-r420-r920.html
Vertex Networking,168003-930 - HP 8X SlimLine Multibay IDE DVD-ROM Optical Drive for nc4000 Notebook,168003-930 - HP 8X SlimLine Multibay IDE DVD-ROM Optical Drive for nc4000 Notebook Product Condition: Refurbished,https://www.vertexnetworking.co.uk/storage/product_images/677915c18ad7e_Optical-Drives-Gen.webp,$74.14,168003-930,https://www.vertexnetworking.co.uk/product/168003-930-hp-8x-slimline-multibay-ide-dvd-rom-optical-drive-for-nc4000-notebook.html
Vertex Networking,N6GN3 - Dell 8x Speed SATA Slimline DVD-RW Optical Drive for PowerEdge R610,N6GN3 - Dell 8x Speed SATA Slimline DVD-RW Optical Drive for PowerEdge R610 Product Condition: Refurbished,https://www.vertexnetworking.co.uk/storage/product_images/677915c16082e_Optical-Drives-Gen.webp,$71.13,N6GN3,https://www.vertexnetworking.co.uk/product/n6gn3-dell-8x-speed-sata-slimline-dvd-rw-optical-drive-for-poweredge-r610.html
Vertex Networking,CRX330E - Sony 48X/32X/48X/16X IDE Internal CD-RW/DVD-ROM Combo Drive,CRX330E - Sony 48X/32X/48X/16X IDE Internal CD-RW/DVD-ROM Combo Drive Product Condition: Refurbished,https://www.vertexnetworking.co.uk/storage/product_images/677915c01f9ca_Optical-Drives-Gen.webp,$149.32,CRX330E,https://www.vertexnetworking.co.uk/product/crx330e-sony-48x-32x-48x-16x-ide-internal-cd-rw-dvd-rom-combo-drive.html
Vertex Networking,172717-001 - HP / Compaq 4x Internal IDE CD-ROM Drive,172717-001 - HP / Compaq 4x Internal IDE CD-ROM Drive Product Condition: Refurbished,https://www.vertexnetworking.co.uk/storage/product_images/677915c22490f_Optical-Drives-Gen.webp,$66.62,172717-001,https://www.vertexnetworking.co.uk/product/172717-001-hp-compaq-4x-internal-ide-cd-rom-drive.html
Vertex Networking,RMO-S561 - Sony 9.1GB EXTERNAL MAGNETO Optical SCSI Drive,RMO-S561 - Sony 9.1GB EXTERNAL MAGNETO Optical SCSI Drive Product Condition: Refurbished,https://www.vertexnetworking.co.uk/storage/product_images/677915c144a08_Optical-Drives-Gen.webp,$344.81,RMO-S561,https://www.vertexnetworking.co.uk/product/rmo-s561-sony-9-1gb-external-magneto-optical-scsi-drive.html
Vertex Networking,170718-001 - HP IDE DVD-ROM Drive for Presario 4000 / 4600 Series,170718-001 - HP IDE DVD-ROM Drive for Presario 4000 / 4600 Series Product Condition: Refurbished Miscellaneous,https://www.vertexnetworking.co.uk/storage/product_images/677915c2083ff_Optical-Drives-Gen.webp,$96.69,170718-001,https://www.vertexnetworking.co.uk/product/170718-001-hp-ide-dvd-rom-drive-for-presario-4000-4600-series.html
Vertex Networking,Dell - R1141 - 48X 32 CD-ROM RW CD Burner,Dell - R1141 - 48X 32 CD-ROM RW CD Burner Product Condition: Refurbished,https://www.vertexnetworking.co.uk/storage/product_images/677915bfad0ea_Optical-Drives-Gen.webp,$111.73,R1141,https://www.vertexnetworking.co.uk/product/r1141-dell-48x32-cd-rom-rw-cd-burner.html
Vertex Networking,166896-001 - HP / Compaq 24x IDE CD-ROM Drive for Deskpro 2000 / 4000,166896-001 - HP / Compaq 24x IDE CD-ROM Drive for Deskpro 2000 / 4000 Product Condition: Refurbished,https://www.vertexnetworking.co.uk/storage/product_images/677915c16eac5_Optical-Drives-Gen.webp,$66.62,166896-001,https://www.vertexnetworking.co.uk/product/166896-001-hp-compaq-24x-ide-cd-rom-drive-for-deskpro-2000-4000.html
Vertex Networking,33P3231 - IBM CD-Reader - Internal - 24x - IDE,33P3231 - IBM CD-Reader - Internal - 24x - IDE Product Condition: Refurbished,https://www.vertexnetworking.co.uk/storage/product_images/677915c1d3980_Optical-Drives-Gen.webp,$66.62,33P3231,https://www.vertexnetworking.co.uk/product/33p3231-ibm-cd-reader-internal-24x-ide.html
Vertex Networking,345567-001 - HP DVD/CD-RW/Diskette Drive Assembly for ProLiant DL320 G2 Server,345567-001 - HP DVD/CD-RW/Diskette Drive Assembly for ProLiant DL320 G2 Server Product Condition: Refurbished,https://www.vertexnetworking.co.uk/storage/product_images/677915c216912_Optical-Drives-Gen.webp,$200.45,345567-001,https://www.vertexnetworking.co.uk/product/345567-001-hp-dvd-cd-rw-diskette-drive-assembly-for-proliant-dl320-g2-server.html
Vertex Networking,168003-9D2 - HP 8X Speed DVD-ROM Optical Drive for ProLiant DL140 G2 Server,168003-9D2 - HP 8X Speed DVD-ROM Optical Drive for ProLiant DL140 G2 Server Product Condition: Refurbished,https://www.vertexnetworking.co.uk/storage/product_images/677915c1c3a28_Optical-Drives-Gen.webp,$141.80,168003-9D2,https://www.vertexnetworking.co.uk/product/168003-9d2-hp-8x-speed-dvd-rom-optical-drive-for-proliant-dl140-g2-server.html
Vertex Networking,R7379 - Dell DVD+ RW Drive for Latitude D Series,R7379 - Dell DVD+ RW Drive for Latitude D Series Product Condition: Refurbished,https://www.vertexnetworking.co.uk/storage/product_images/677915c010cab_Optical-Drives-Gen.webp,$66.62,R7379,https://www.vertexnetworking.co.uk/product/r7379-dell-dvd-rw-drive-for-latitude-d-series.html
Vertex Networking,168003-9D1 - HP 8x Multi Bay IDE DVD-ROM Slimline Optical Drive,168003-9D1 - HP 8x Multi Bay IDE DVD-ROM Slimline Optical Drive Product Condition: Refurbished Miscellaneous,https://www.vertexnetworking.co.uk/storage/product_images/677915c1a7ac1_Optical-Drives-Gen.webp,$66.62,168003-9D1,https://www.vertexnetworking.co.uk/product/168003-9d1-hp-8x-multi-bay-ide-dvd-rom-slimline-optical-drive.html
Vertex Networking,344547-MDO - HP 32X/ 48X Speed IDE CD-RW Optical Drive,344547-MDO - HP 32X/ 48X Speed IDE CD-RW Optical Drive Product Condition: Refurbished,https://www.vertexnetworking.co.uk/storage/product_images/677915c233025_Optical-Drives-Gen.webp,$66.62,344547-MDO,https://www.vertexnetworking.co.uk/product/344547-mdo-hp-32x-48x-speed-ide-cd-rw-optical-drive.html
Vertex Networking,338732-B21 - HP 24x Slimline CD-ROM Drive,338732-B21 - HP 24x Slimline CD-ROM Drive Product Condition: Refurbished,https://www.vertexnetworking.co.uk/storage/product_images/677915c198d7b_Optical-Drives-Gen.webp,$66.62,338732-B21,https://www.vertexnetworking.co.uk/product/338732-b21-hp-24x-slimline-cd-rom-drive.html
Vertex Networking,166869-001 - HP 24X Max Speed IDE CD-ROM Drive for AlphaStation XP1000,166869-001 - HP 24X Max Speed IDE CD-ROM Drive for AlphaStation XP1000 Product Condition: Refurbished,https://www.vertexnetworking.co.uk/storage/product_images/677915c152a2c_Optical-Drives-Gen.webp,$66.62,166869-001,https://www.vertexnetworking.co.uk/product/166869-001-hp-24x-max-speed-ide-cd-rom-drive-for-alphastation-xp1000.html
Vertex Networking,0TT2M - Dell 8x SATA DVD-RW Dual Layer Drive for Inspiron N7110 17,0TT2M - Dell 8x SATA DVD-RW Dual Layer Drive for Inspiron N7110 17 Product Condition: Refurbished,https://www.vertexnetworking.co.uk/storage/product_images/677915bf280f0_Optical-Drives-Gen.webp,$66.62,0TT2M,https://www.vertexnetworking.co.uk/product/0tt2m-dell-8x-sata-dvd-rw-dual-layer-drive-for-inspiron-n7110-17.html
Vertex Networking,Dell - H2YKY - 8x CD DVD-RW Slimline Optical Drive,Dell - H2YKY - 8x CD DVD-RW Slimline Optical Drive Product Condition: Refurbished,https://www.vertexnetworking.co.uk/storage/product_images/677915bf36304_Optical-Drives-Gen.webp,$74.14,H2YKY,https://www.vertexnetworking.co.uk/product/h2yky-dell-optical-slim-dvd-rw-drive.html
Vertex Networking,0U827 - Dell 24X CD-ROM Unit and CD-RW Unit,0U827 - Dell 24X CD-ROM Unit and CD-RW Unit Product Condition: Refurbished,https://www.vertexnetworking.co.uk/storage/product_images/677915bf451e0_Optical-Drives-Gen.webp,$74.14,0U827,https://www.vertexnetworking.co.uk/product/0u827-dell-24x-cd-rom-unit-and-cd-rw-unit.html
Vertex Networking,R496H - Dell Optical Drive DVD-RW Latitude E5400,R496H - Dell Optical Drive DVD-RW Latitude E5400 Product Condition: Refurbished,https://www.vertexnetworking.co.uk/storage/product_images/677915bfe7f8f_Optical-Drives-Gen.webp,$86.17,R496H,https://www.vertexnetworking.co.uk/product/r496h-dell-optical-drive-dvd-rw-latitude-e5400.html
Vertex Networking,M6932 - Dell CD-RW/DVD Combo Drive for Inspiron 700m,M6932 - Dell CD-RW/DVD Combo Drive for Inspiron 700m Product Condition: Refurbished,https://www.vertexnetworking.co.uk/storage/product_images/677915bf8b325_Optical-Drives-Gen.webp,$66.62,M6932,https://www.vertexnetworking.co.uk/product/m6932-dell-cd-rw-dvd-combo-drive-for-inspiron-700m.html
Vertex Networking,0T730 - Dell 24X CD-ROM Unit and CD-RW Unit,0T730 - Dell 24X CD-ROM Unit and CD-RW Unit Product Condition: Refurbished,https://www.vertexnetworking.co.uk/storage/product_images/677915bf0586c_Optical-Drives-Gen.webp,$131.28,0T730,https://www.vertexnetworking.co.uk/product/0t730-dell-24x-cd-rom-unit-and-cd-rw-unit.html
Vertex Networking,Dell 04V7F1 Slim 8X DVD-RW Optical Drive,Product Condition: Refurbished,https://www.vertexnetworking.co.uk/storage/product_images/677915be1484c_dvddrives.webp,$66.62,04V7F1,https://www.vertexnetworking.co.uk/product/dell-04v7f1-slim-8x-dvd-rw-optical-drive.html
Vertex Networking,0RGN3 - Dell DVD+R/RW Slim SATA Drive (Black),0RGN3 - Dell DVD+R/RW Slim SATA Drive (Black) Product Condition: New,https://www.vertexnetworking.co.uk/storage/product_images/677915bedc2c3_Optical-Drives-Gen.webp,$116.24,0RGN3,https://www.vertexnetworking.co.uk/product/0rgn3-dell-dvd-r-rw-slim-sata-drive-black.html
Vertex Networking,176432-679 - HP 40x Speed CD-ROM Optical Drive,176432-679 - HP 40x Speed CD-ROM Optical Drive Product Condition: Refurbished,https://www.vertexnetworking.co.uk/storage/product_images/677915bfbb6d7_Optical-Drives-Gen.webp,$80.15,176432-679,https://www.vertexnetworking.co.uk/product/176432-679-hp-40x-speed-cd-rom-optical-drive.html
Vertex Networking,100044-001 - HP 24XMax Speed IDE Slimline CD-ROM Optical Drive for nc6000 Notebook,100044-001 - HP 24XMax Speed IDE Slimline CD-ROM Optical Drive for nc6000 Notebook Product Condition: Refurbished Miscellaneous,https://www.vertexnetworking.co.uk/storage/product_images/677915bf60fbd_Optical-Drives-Gen.webp,$66.62,100044-001,https://www.vertexnetworking.co.uk/product/100044-001-hp-24xmax-speed-ide-slimline-cd-rom-optical-drive-for-nc6000-notebook.html
Vertex Networking,120893-001 - HP / Compaq 4x / 4x / 24x CD-RW Drive,120893-001 - HP / Compaq 4x / 4x / 24x CD-RW Drive Product Condition: Refurbished,https://www.vertexnetworking.co.uk/storage/product_images/677915bf9ed04_Optical-Drives-Gen.webp,$76.39,120893-001,https://www.vertexnetworking.co.uk/product/120893-001-hp-compaq-4x-4x-24x-cd-rw-drive.html
Vertex Networking,127434-208 - HP 32X Speed IDE CD-ROM for ProLiant 1600 Server,127434-208 - HP 32X Speed IDE CD-ROM for ProLiant 1600 Server Product Condition: Refurbished Miscellaneous,https://www.vertexnetworking.co.uk/storage/product_images/677915becdf25_Optical-Drives-Gen.webp,$66.62,127434-208,https://www.vertexnetworking.co.uk/product/127434-208-hp-32x-speed-ide-cd-rom-for-proliant-1600-server.html
Vertex Networking,0G150 - Dell 8X CD-RW Drive for Latitude C Series and Inspiron Series,0G150 - Dell 8X CD-RW Drive for Latitude C Series and Inspiron Series Product Condition: Refurbished,https://www.vertexnetworking.co.uk/storage/product_images/677915bebf418_Optical-Drives-Gen.webp,$66.62,0G150,https://www.vertexnetworking.co.uk/product/0g150-dell-8x-cd-rw-drive-for-latitude-c-series-and-inspiron-series.html
Vertex Networking,120417-001 - HP IDE DVD-ROM Drive for Deskpro Workstation AP250,120417-001 - HP IDE DVD-ROM Drive for Deskpro Workstation AP250 Product Condition: Refurbished,https://www.vertexnetworking.co.uk/storage/product_images/677915bf7b38a_Optical-Drives-Gen.webp,$108.72,120417-001,https://www.vertexnetworking.co.uk/product/120417-001-hp-ide-dvd-rom-drive-for-deskpro-workstation-ap250.html
Vertex Networking,H2606 - Dell 8X SATA Slimline CD-RW/DVD Combo Drive (Black),H2606 - Dell 8X SATA Slimline CD-RW/DVD Combo Drive (Black) Product Condition: Refurbished,https://www.vertexnetworking.co.uk/storage/product_images/677915bf14685_Optical-Drives-Gen.webp,$74.14,H2606,https://www.vertexnetworking.co.uk/product/h2606-dell-8x-sata-slimline-cd-rw-dvd-combo-drive-black.html
Vertex Networking,H426H - Dell Assembly DVD+/-rwbare Toshiba,H426H - Dell Assembly DVD+/-rwbare Toshiba Product Condition: Refurbished,https://www.vertexnetworking.co.uk/storage/product_images/677915bf5348a_Optical-Drives-Gen.webp,$101.20,H426H,https://www.vertexnetworking.co.uk/product/h426h-dell-assembly-dvd-rwbare-toshiba.html
Vertex Networking,Dell - R451X - 8x DVD/RW SATA Dual Layer Internal Optical Drive for Latitude E6420/ E6520,Dell - R451X - 8x DVD/RW SATA Dual Layer Internal Optical Drive for Latitude E6420/ E6520 Product Condition: Refurbished,https://www.vertexnetworking.co.uk/storage/product_images/677915bfca43d_Optical-Drives-Gen.webp,$66.62,R451X,https://www.vertexnetworking.co.uk/product/r451x-dell-8x-dvd-rw-sata-dual-layer-internal-optical-drive-for-latitude-e6420-e6520.html
Vertex Networking,Dell - H8074 - OptiPlex GX270 Slimline 1.44MB Floppy Drive,Dell - H8074 - OptiPlex GX270 Slimline 1.44MB Floppy Drive Product Condition: Refurbished,https://www.vertexnetworking.co.uk/storage/product_images/677915bf6cab6_All-Floppy-Disk-Gen.webp,$66.62,H8074,https://www.vertexnetworking.co.uk/product/h8074-dell-slimline-1-44mb-floppy-drive.html
Vertex Networking,179137-201 - HP 32x Speed CD-ROM Drive,179137-201 - HP 32x Speed CD-ROM Drive Product Condition: Refurbished Miscellaneous,https://www.vertexnetworking.co.uk/storage/product_images/677915bfd9acb_Optical-Drives-Gen.webp,$66.62,179137-201,https://www.vertexnetworking.co.uk/product/179137-201-hp-32x-speed-cd-rom-drive.html
Vertex Networking,127434-705 - HP 32X Speed IDE CD-ROM for ProLiant ML330 /ML350 Server,127434-705 - HP 32X Speed IDE CD-ROM for ProLiant ML330 /ML350 Server Product Condition: Refurbished,https://www.vertexnetworking.co.uk/storage/product_images/677915beeae2e_Optical-Drives-Gen.webp,$74.14,127434-705,https://www.vertexnetworking.co.uk/product/127434-705-hp-32x-speed-ide-cd-rom-for-proliant-ml330-ml350-server.html
Vertex Networking,Dell 07RDMR Slimline 8x SATA DVD-ROM Internal Drive,Product Condition: Refurbished,https://www.vertexnetworking.co.uk/storage/product_images/677915bd86b73_cddvdburners.webp,$90.00,07RDMR,https://www.vertexnetworking.co.uk/product/dell-07rdmr-slimline-8x-sata-dvd-rom-internal-drive.html
Vertex Networking,Dell YNX23 16x SATA CD/DVD+/-RW Half Height Optical Drive,Product Condition: Refurbished,https://www.vertexnetworking.co.uk/storage/product_images/677915bd14044_dvddrives.webp,$66.62,YNX23,https://www.vertexnetworking.co.uk/product/dell-ynx23-sata-16x-dvd-rw-disk-drive.html
Vertex Networking,27NC0 - Dell Slimline SATA DVD-Rewritable Optical Drive,27NC0 - Dell Slimline SATA DVD-Rewritable Optical Drive Product Condition: Refurbished,https://www.vertexnetworking.co.uk/storage/product_images/677915bd600d9_dvddrives.webp,$38.00,27NC0,https://www.vertexnetworking.co.uk/product/27nc0-dell-slimline-sata-dvd-rewritable-optical-drive.html
Vertex Networking,KVXM6 - Dell 8X SATA Internal DVD-ROM Drive for PowerEdge R710 Server,KVXM6 - Dell 8X SATA Internal DVD-ROM Drive for PowerEdge R710 Server,https://www.vertexnetworking.co.uk/storage/product_images/677915bdf150a_KVXM6.webp,$90.00,KVXM6,https://www.vertexnetworking.co.uk/product/kvxm6-dell-8x-sata-internal-dvd-rom-drive-for-poweredge-r710-server.html
Vertex Networking,Dell - 0TWXR6 Slimline DVD ROM,Dell - 0TWXR6 Slimline DVD ROM Product Condition: Refurbished,https://www.vertexnetworking.co.uk/storage/product_images/677915bc58538_dvddrives.webp,$66.62,0TWXR6,https://www.vertexnetworking.co.uk/product/0twxr6-dell-slimline-dvd-rom.html
Vertex Networking,42R5292 - IBM 4.7GB IDE Slimline DVD-ROM Drive,42R5292 - IBM 4.7GB IDE Slimline DVD-ROM Drive Product Condition: Refurbished,https://www.vertexnetworking.co.uk/storage/product_images/677915bccaa96_dvddrives.webp,$55.00,42R5292,https://www.vertexnetworking.co.uk/product/42r5292-ibm-4-7gb-ide-slimline-dvd-rom-drive-954793.html
Vertex Networking,Dell 027NC0 12.7mm DVD/CD RW Drive for PowerEdge R610,Product Condition: Refurbished,https://www.vertexnetworking.co.uk/storage/product_images/677915bdac182_dvddrives.webp,$65.00,027NC0,https://www.vertexnetworking.co.uk/product/dell-027nc0-12-7mm-dvd-cd-rw-drive-for-poweredge-r610.html
Vertex Networking,Dell TTYK0 8X DVD+/-RW SATA Dual Layer Burner Drive,Product Condition: Refurbished,https://www.vertexnetworking.co.uk/storage/product_images/677915bc6bc0c_dvddrives.webp,$88.00,TTYK0,https://www.vertexnetworking.co.uk/product/dell-ttyk0-8x-dvd-rw-sata-dual-layer-burner-drive-for-inspiron-15r-5537-5521.html
Vertex Networking,Dell 0HCHD9 SATA Slimline DVD Rewritable Optical Drive for PowerEdge Servers,Dell 0HCHD9 SATA Slimline DVD Rewritable Optical Drive for PowerEdge Servers Product Condition: Refurbished,https://www.vertexnetworking.co.uk/storage/product_images/677915bd99267_dvddrives.webp,$66.62,0HCHD9,https://www.vertexnetworking.co.uk/product/dell-0hchd9-dvd-rw-slimline-optical-rom-drive.html
Vertex Networking,CTYDR - Dell 8X External USB DVD-RW Drive,CTYDR - Dell 8X External USB DVD-RW Drive Product Condition: Refurbished Miscellaneous,https://www.vertexnetworking.co.uk/storage/product_images/677915bea3054_CTYDR-O.webp,$96.00,CTYDR,https://www.vertexnetworking.co.uk/product/ctydr-dell-8x-external-usb-dvd-rw-drive.html
Vertex Networking,HT141 - Dell Xps DVD-RW Slot Load,HT141 - Dell Xps DVD-RW Slot Load,https://www.vertexnetworking.co.uk/storage/product_images/677915be4ee7c_HT141-O.webp,$122.00,HT141,https://www.vertexnetworking.co.uk/product/ht141-dell-xps-dvd-rw-slot-load.html
Vertex Networking,Dell 0JGP9R SATA DVD Rewritable 5.25-Inch Optical Drive for PowerEdge T320,Dell 0JGP9R SATA DVD Rewritable 5.25-Inch Optical Drive for PowerEdge T320 Product Condition: Refurbished,https://www.vertexnetworking.co.uk/storage/product_images/677915bd727ad_dvddrives.webp,$81.65,0JGP9R,https://www.vertexnetworking.co.uk/product/dell-0jgp9r-sata-dvd-rw-disk-drive-for-poweredge-t320.html
Vertex Networking,120955-001 - HP 4 / 4 / 24x CD-RW Optical Drive,120955-001 - HP 4 / 4 / 24x CD-RW Optical Drive Product Condition: Refurbished,https://www.vertexnetworking.co.uk/storage/product_images/677915be6012a_Optical-Drives-Gen.webp,$149.32,120955-001,https://www.vertexnetworking.co.uk/product/120955-001-hp-4-4-24x-cd-rw-optical-drive.html
Vertex Networking,Dell T7N2C 8x SATA CD/DVD+/-RW Optical Drive,Product Condition: Refurbished,https://www.vertexnetworking.co.uk/storage/product_images/677915bd38496_dvddrives.webp,$72.63,T7N2C,https://www.vertexnetworking.co.uk/product/dell-t7n2c-8x-dvd-rw-sata-optical-drive-latitude-e6320-e6420-e6420-atg.html
Vertex Networking,127434-205 - HP / Compaq CDR-8435 32x Speed IDE CD-ROM Drive,127434-205 - HP / Compaq CDR-8435 32x Speed IDE CD-ROM Drive Product Condition: Refurbished,https://www.vertexnetworking.co.uk/storage/product_images/677915beb1040_Optical-Drives-Gen.webp,$66.62,127434-205,https://www.vertexnetworking.co.uk/product/127434-205-hp-compaq-cdr-8435-32x-speed-ide-cd-rom-drive.html
Vertex Networking,Dell 09JTVT DVD/RW Slimline SATA Optical Disk Drive,Product Condition: Refurbished,https://www.vertexnetworking.co.uk/storage/product_images/677915bd26359_dvddrives.webp,$66.62,09JTVT,https://www.vertexnetworking.co.uk/product/dell-09jtvt-dvd-rw-slimline-sata-optical-disk-drive-for-poweredge-r710.html
Vertex Networking,481431-001 - HP SATA DVD-RW Optical Disk Drive,481431-001 - HP SATA DVD-RW Optical Disk Drive Product Condition: Refurbished,https://www.vertexnetworking.co.uk/storage/product_images/677915bcb717e_cddrives.webp,$80.15,481431-001,https://www.vertexnetworking.co.uk/product/481431-001-hp-sata-dvd-r-w-optical-disk-drive.html
Vertex Networking,Dell 096R30 SATA Slimline DVD Rewritable Optical Drive for PowerEdge Server,Dell 096R30 SATA Slimline DVD Rewritable Optical Drive for PowerEdge Server Product Condition: Refurbished,https://www.vertexnetworking.co.uk/storage/product_images/677915bd4a81b_dvddrives.webp,$66.62,096R30,https://www.vertexnetworking.co.uk/product/dell-096r30-dvd-rw-sata-optical-drive-for-poweredge-r720-servers.html
Vertex Networking,Dell 0YNX23 16x SATA CD-RW/DVD-RW Optical Drive,Product Condition: Refurbished,https://www.vertexnetworking.co.uk/storage/product_images/677915bcddff1_dvddrives.webp,$66.62,0YNX23,https://www.vertexnetworking.co.uk/product/dell-0ynx23-sata-16x-dvd-rw-disk-drive.html
Vertex Networking,42R5293 - IBM 4.7GB IDE Slimline DVD-ROM Drive,42R5293 - IBM 4.7GB IDE Slimline DVD-ROM Drive Product Condition: Refurbished,https://www.vertexnetworking.co.uk/storage/product_images/677915bcf0e0f_dvddrives.webp,$55.00,42R5293,https://www.vertexnetworking.co.uk/product/42r5293-ibm-4-7gb-ide-slimline-dvd-rom-drive.html
Vertex Networking,33P3288 - IBM 48x CD-RW Optical Drive,33P3288 - IBM 48x CD-RW Optical Drive Product Condition: Refurbished,https://www.vertexnetworking.co.uk/storage/product_images/677915bbc1f66_cddrives.webp,$45.00,33P3288,https://www.vertexnetworking.co.uk/product/33p3288-ibm-48x-cd-rw-optical-drive.html
Vertex Networking,0H311J - Dell DVD-RW Drive Black for Studio 540,0H311J - Dell DVD-RW Drive Black for Studio 540 Product Condition: Refurbished,https://www.vertexnetworking.co.uk/storage/product_images/677915bad953f_cddvdburners.webp,$75.00,0H311J,https://www.vertexnetworking.co.uk/product/0h311j-dell-dvd-rw-drive-black-for-studio-540.html
Vertex Networking,Dell VFG2N 8x DVD+/-RW Slimline SATA SuperMulti,Product Condition: Refurbished,https://www.vertexnetworking.co.uk/storage/product_images/677915ba22eab_dvddrives.webp,$85.00,VFG2N,https://www.vertexnetworking.co.uk/product/dell-vfg2n-8x-dvd-rw-slimline-sata-supermulti-internal-dvd-writer-drive-for-optiplex-755-sff.html
Vertex Networking,481428-001 - HP SATA 12.7mm Slim DVD-ROM Optical Drive for ProLiant DL360 DL380 Server,481428-001 - HP SATA 12.7mm Slim DVD-ROM Optical Drive for ProLiant DL360 DL380 Server Product Condition: Refurbished Miscellaneous,https://www.vertexnetworking.co.uk/storage/product_images/677915bac7aac_481428-001.webp,$66.62,481428-001,https://www.vertexnetworking.co.uk/product/481428-001-hp-sata-12-7mm-slim-dvd-rom-optical-drive-for-proliant-dl360-dl380-server.html
Vertex Networking,Dell RPG4Y 8x DVD+/-RW SATA SlimLine SuperMulti,Product Condition: Refurbished,https://www.vertexnetworking.co.uk/storage/product_images/677915ba83101_dvddrives.webp,$85.00,RPG4Y,https://www.vertexnetworking.co.uk/product/dell-rpg4y-8x-dvd-rw-sata-slimline-supermulti-internal-dvd-writer-drive-for-optiplex-9010.html
Vertex Networking,337273-011 - HP Slimline IDE CD-RW / DVD-ROM Combo Drive for ProLiant Server,337273-011 - HP Slimline IDE CD-RW / DVD-ROM Combo Drive for ProLiant Server,https://www.vertexnetworking.co.uk/storage/product_images/677915ba6dc32_337273-011-S.webp,Get a Quote for price,337273-011,https://www.vertexnetworking.co.uk/product/337273-011-hp-slimline-ide-cd-rw-dvd-rom-combo-drive-for-proliant-server.html
Vertex Networking,384069-001 - HP 16x DVD-RW Optical Drive,384069-001 - HP 16x DVD-RW Optical Drive Product Condition: Refurbished,https://www.vertexnetworking.co.uk/storage/product_images/677915bc16591_cddvdburners.webp,$50.00,384069-001,https://www.vertexnetworking.co.uk/product/384069-001-hp-16x-dvd-rw-optical-drive.html
Vertex Networking,JHN48 - Dell 8X SATA Slimline DVD-ROM Drive for PowerEdge R620,JHN48 - Dell 8X SATA Slimline DVD-ROM Drive for PowerEdge R620 Product Condition: Refurbished,https://www.vertexnetworking.co.uk/storage/product_images/677915bbd4258_dvddrives.webp,$48.00,JHN48,https://www.vertexnetworking.co.uk/product/jhn48-dell-8x-sata-slimline-dvd-rom-drive-for-poweredge-r620.html
Vertex Networking,Dell 03J08C 16x SATA DVD+/-RW Optical Drive for PowerEdge T710/T610/T410/T310,Dell 03J08C 16x SATA DVD+/-RW Optical Drive for PowerEdge T710/T610/T410/T310 Product Condition: Refurbished,https://www.vertexnetworking.co.uk/storage/product_images/677915bc7dcd3_dvddrives.webp,$90.00,03J08C,https://www.vertexnetworking.co.uk/product/dell-03j08c-dvd-rw-dvd-rom-optical-drive-for-poweredge-t710.html
Vertex Networking,7214-1U2 - IBM Rack Mount Media Enclosure,7214-1U2 - IBM Rack Mount Media Enclosure Product Condition: Refurbished,https://www.vertexnetworking.co.uk/storage/product_images/677915bc90e45_dvddrives.webp,$848.00,7214-1U2,https://www.vertexnetworking.co.uk/product/7214-1u2-ibm-rack-mount-media-enclosure.html
Vertex Networking,Dell 7RDMR 12X DVD-ROM SATA Slimline Optical Disk Drive,Product Condition: Refurbished,https://www.vertexnetworking.co.uk/storage/product_images/677915bb37665_dvddrives.webp,$90.00,7RDMR,https://www.vertexnetworking.co.uk/product/dell-7rdmr-12x-dvd-rom-sata-slimline-optical-disk-drive-for-poweredge-r710.html
Vertex Networking,5K4C3 - Dell SATA Slimline DVD-ROM Drive,5K4C3 - Dell SATA Slimline DVD-ROM Drive Product Condition: Refurbished,https://www.vertexnetworking.co.uk/storage/product_images/677915b97b76c_Optical-Drives-Gen.webp,$66.62,5K4C3,https://www.vertexnetworking.co.uk/product/5k4c3-dell-sata-slimline-dvd-rom-drive.html
Vertex Networking,331903-B21 - HP 24x Slimline CD-RW / DVD-ROM Combo Drive,331903-B21 - HP 24x Slimline CD-RW / DVD-ROM Combo Drive Product Condition: Refurbished Miscellaneous,https://www.vertexnetworking.co.uk/storage/product_images/677915bb233ef_331903-B21-O.webp,$51.58,331903-B21,https://www.vertexnetworking.co.uk/product/331903-b21-hp-24x-slimline-cd-rw-dvd-rom-combo-drive.html
Vertex Networking,Dell 8RW6T 8x DVD+RW SATA Internal SlimLine Silver,Product Condition: Refurbished,https://www.vertexnetworking.co.uk/storage/product_images/677915bc04a57_dvddrives.webp,$90.00,8RW6T,https://www.vertexnetworking.co.uk/product/dell-8rw6t-8x-dvd-rw-sata-internal-slimline-silver-drive-for-latitude-e4300-e4310.html
Vertex Networking,Dell 0F00DD SN-208 SATA DVD-RW Optical Drive,Product Condition: Refurbished,https://www.vertexnetworking.co.uk/storage/product_images/677915bc34dc4_dvddrives.webp,$66.62,0F00DD,https://www.vertexnetworking.co.uk/product/dell-0f00dd-sn-208-sata-dvd-rw-optical-drive.html
Vertex Networking,Dell NJ3W3 Optical CD DVD Disk Drive,Product Condition: Refurbished,https://www.vertexnetworking.co.uk/storage/product_images/677915bc45aab_cddvdburners.webp,$91.43,NJ3W3,https://www.vertexnetworking.co.uk/product/dell-nj3w3-8x-dvd-rw-sata-slimline-drive-for-7020-sff.html
Vertex Networking,Dell 0JW884 8x Slim DVD+/-RW Optical Drive for Latitude D Series,Dell 0JW884 8x Slim DVD+/-RW Optical Drive for Latitude D Series Product Condition: Refurbished,https://www.vertexnetworking.co.uk/storage/product_images/677915bca3bc5_dvddrives.webp,$74.14,0JW884,https://www.vertexnetworking.co.uk/product/dell-0jw884-cd-rw-dvd-rw-combo-drive-for-latitude-d-series.html
Vertex Networking,Lenovo - 00FL353 Ultraslim Enhanced SATA Multiburner 9.5MM,Lenovo - 00FL353 Ultraslim Enhanced SATA Multiburner 9.5MM Product Condition: Refurbished,https://www.vertexnetworking.co.uk/storage/product_images/677915bb48546_cddvdburners.webp,$68.00,00FL353,https://www.vertexnetworking.co.uk/product/00fl353-lenovo-ultraslim-enhanced-sata-multiburner-9-5mm.html
Vertex Networking,IBM - 81Y3657 DVD+RRW Dual Layer UltraSlim SATA Optical Drive,IBM - 81Y3657 DVD+RRW Dual Layer UltraSlim SATA Optical Drive Product Condition: Refurbished,https://www.vertexnetworking.co.uk/storage/product_images/677915bb5a728_dvddrives.webp,$38.00,81Y3657,https://www.vertexnetworking.co.uk/product/81y3657-ibm-dvd-rrw-dual-layer-ultraslim-sata-optical-drive.html
Vertex Networking,03N5908 - IBM 4.7GB Slimline DVD-ROM Drive,03N5908 - IBM 4.7GB Slimline DVD-ROM Drive Product Condition: Refurbished,https://www.vertexnetworking.co.uk/storage/product_images/677915bbe61df_dvddrives.webp,$55.00,03N5908,https://www.vertexnetworking.co.uk/product/03n5908-ibm-4-7gb-slimline-dvd-rom-drive.html
Vertex Networking,Dell - MU184 - CD-RW DVD-ROM Disk Drive for PowerEdge R300,Dell - MU184 - CD-RW DVD-ROM Disk Drive for PowerEdge R300 Product Condition: Refurbished,https://www.vertexnetworking.co.uk/storage/product_images/677915b844085_Optical-Drives-Gen.webp,$66.62,MU184,https://www.vertexnetworking.co.uk/product/mu184-dell-cd-r-with-dvd-sata-drive.html
Vertex Networking,652294-001 - HP 12.7mm Slim SATA DVD-ROM,652294-001 - HP 12.7mm Slim SATA DVD-ROM Product Condition: New Miscellaneous,https://www.vertexnetworking.co.uk/storage/product_images/677915b8a62db_Optical-Drives-Gen.webp,$102.71,652294-001,https://www.vertexnetworking.co.uk/product/652294-001-hp-12-7mm-slim-sata-dvd-rom.html
Vertex Networking,Teac DV-28S-VE0 Slim DVD-ROM Optical Drive,Product Condition: Refurbished,https://www.vertexnetworking.co.uk/storage/product_images/677915b8e9574_dvddrives.webp,$105.00,DV-28S-VE0,https://www.vertexnetworking.co.uk/product/dell-dv-28s-ve0-8x-24x-dvd-rw-sata-slimline-dvd-writer-drive.html
Vertex Networking,Dell - P5266 - 48X IDE CD-RW 5.25-Inch Optical Drive,Dell - P5266 - 48X IDE CD-RW 5.25-Inch Optical Drive Product Condition: Refurbished,https://www.vertexnetworking.co.uk/storage/product_images/677915b851c87_Optical-Drives-Gen.webp,$72.63,P5266,https://www.vertexnetworking.co.uk/product/p5266-dell-cd-rw-48x-ide-hh-01.html
Vertex Networking,Dell - N5913 - 24X CDRW/DVD Combo Drive for Dell Latitude,Dell - N5913 - 24X CDRW/DVD Combo Drive for Dell Latitude Product Condition: Refurbished,https://www.vertexnetworking.co.uk/storage/product_images/677915b7ba6f8_Optical-Drives-Gen.webp,$66.62,N5913,https://www.vertexnetworking.co.uk/product/n5913-dell-assembly-cdrw-dvd-24x-bpk.html
Vertex Networking,Dell - RC221 - 24X 4G CD-RW/DVD IDE ROM Drive,Dell - RC221 - 24X 4G CD-RW/DVD IDE ROM Drive Product Condition: Refurbished,https://www.vertexnetworking.co.uk/storage/product_images/677915b85f662_Optical-Drives-Gen.webp,$66.62,RC221,https://www.vertexnetworking.co.uk/product/rc221-dell-cd-rw-dvd-4g-24x-ide-drive.html
Vertex Networking,Dell UD458 24X Slimline CD-ROM Drive For PowerEdge 860 / 2950,Product Condition: Refurbished,https://www.vertexnetworking.co.uk/storage/product_images/677915b9de246_cddrives.webp,$66.62,UD458,https://www.vertexnetworking.co.uk/product/dell-ud458-24x-slimline-cd-rom-drive-for-poweredge-860-2950.html
Vertex Networking,C7975A - HP LTO-5 Ultrium 1.5TB3TB RW Tape Data Cartridge Storage Media,C7975A - HP LTO-5 Ultrium 1.5TB3TB RW Tape Data Cartridge Storage Media Product Condition: Refurbished General Information Product Type Tape Drive Technical Information Tape Drive Type LTO-5 Compressed Storage Capacity 3 TB Native Storage Capacity 1.5 TB Physical Characteristics Form Factor Internal Miscellaneous Compliance Standards RoHS Eco Friendly Yes,https://www.vertexnetworking.co.uk/storage/product_images/677915b9376ec_C7975A.webp,$66.62,C7975A,https://www.vertexnetworking.co.uk/product/c7975a-hp-1-5tb-3tb-lto-5-ultrium-rw-tape-data-cartridge.html
Vertex Networking,481047-B21 - HP 9.5mm SATA DVD-RW Optical Drive,481047-B21 - HP 9.5mm SATA DVD-RW Optical Drive Product Condition: Refurbished Miscellaneous,https://www.vertexnetworking.co.uk/storage/product_images/677915b89878c_Optical-Drives-Gen.webp,$96.69,481047-B21,https://www.vertexnetworking.co.uk/product/481047-b21-hp-9-5mm-sata-dvd-rw-optical-drive.html
Vertex Networking,Dell 8P5NY SATA Slimline CD-RW/DVD+/-RW Optical Drive Black,Product Condition: Refurbished,https://www.vertexnetworking.co.uk/storage/product_images/677915b8c7943_dvddrives.webp,$102.71,8P5NY,https://www.vertexnetworking.co.uk/product/dell-8p5ny-dvd-rw-sata-internal-optical-drive-for-optiplex-9020-desktop-system.html
Vertex Networking,652297-001 - HP 9.5mm SATA Optical DVD-RW Drive,652297-001 - HP 9.5mm SATA Optical DVD-RW Drive Product Condition: Refurbished Miscellaneous,https://www.vertexnetworking.co.uk/storage/product_images/677915b95957c_Optical-Drives-Gen.webp,$66.62,652297-001,https://www.vertexnetworking.co.uk/product/652297-001-hp-9-5mm-sata-optical-dvd-rw-drive.html
Vertex Networking,Dell TTGJ9 DVD-ROM Slimline Optical Drive Optiplex 380/ 990,Product Condition: New,https://www.vertexnetworking.co.uk/storage/product_images/677915b96cba6_dvddrives.webp,$66.62,TTGJ9,https://www.vertexnetworking.co.uk/product/dell-ttgj9-dvd-rom-slimline-optical-drive-optiplex-380-990.html
Vertex Networking,Dell - C8KH4 Assy OptiPlex 780 DVD+/-RW 8 SATA HLDS,Dell - C8KH4 Assy OptiPlex 780 DVD+/-RW 8 SATA HLDS Product Condition: Refurbished,https://www.vertexnetworking.co.uk/storage/product_images/677915b9f0cdb_dvddrives.webp,$75.00,C8KH4,https://www.vertexnetworking.co.uk/product/dell-c8kh4-assy-optiplex-780-dvd-rw-8-sata-hlds.html
Vertex Networking,F887C - Dell Assembly DVD+/-RW 8 SATA Plds Mc (RoHS),F887C - Dell Assembly DVD+/-RW 8 SATA Plds Mc (RoHS) Product Condition: Refurbished,https://www.vertexnetworking.co.uk/storage/product_images/677915b8d5d72_Optical-Drives-Gen.webp,$66.62,F887C,https://www.vertexnetworking.co.uk/product/f887c-dell-assembly-dvd-rw-8-sata-plds-mc-rohs.html
Vertex Networking,M7704 - Dell 8X DVD+/-RW,M7704 - Dell 8X DVD+/-RW Product Condition: Refurbished,https://www.vertexnetworking.co.uk/storage/product_images/677915b87bb90_Optical-Drives-Gen.webp,$61.35,M7704,https://www.vertexnetworking.co.uk/product/m7704-dell-8x-dvd-rw.html
Vertex Networking,Dell MRGTT DVD-RW Slimline SATA Optical Drive,Product Condition: Refurbished,https://www.vertexnetworking.co.uk/storage/product_images/677915ba10f81_dvddrives.webp,$74.14,MRGTT,https://www.vertexnetworking.co.uk/product/dell-mrgtt-dvd-rw-slimline-sata-optical-drive-for-precision-workstation-t3600.html
Vertex Networking,92X1G - Dell SATA Slim DVD-ROM Optical Drive for PowerEdge R620,92X1G - Dell SATA Slim DVD-ROM Optical Drive for PowerEdge R620 Product Condition: Refurbished,https://www.vertexnetworking.co.uk/storage/product_images/677915b7ad075_Optical-Drives-Gen.webp,$66.62,92X1G,https://www.vertexnetworking.co.uk/product/92x1g-dell-sata-slim-dvd-rom-optical-drive-for-poweredge-r620.html
Vertex Networking,Dell G4GTD 12X SATA Slimline DVD-ROM Optical Drive,Product Condition: Refurbished,https://www.vertexnetworking.co.uk/storage/product_images/677915b949d1e_dvddrives.webp,$85.00,G4GTD,https://www.vertexnetworking.co.uk/product/dell-g4gtd-12x-sata-slimline-dvd-rom-optical-drive.html
Vertex Networking,268795-001 - HP DVD-ROM for ProLiant DL580 G2 Server,268795-001 - HP DVD-ROM for ProLiant DL580 G2 Server Product Condition: Refurbished Miscellaneous,https://www.vertexnetworking.co.uk/storage/product_images/677915b8893ca_Optical-Drives-Gen.webp,$131.28,268795-001,https://www.vertexnetworking.co.uk/product/268795-001-hp-dvd-rom-for-proliant-dl580-g2-server.html
Vertex Networking,Dell - P6729 - 24X DVD/CD-RW Combo Drive for Inspiron 1200 Series,Dell - P6729 - 24X DVD/CD-RW Combo Drive for Inspiron 1200 Series Product Condition: Refurbished,https://www.vertexnetworking.co.uk/storage/product_images/677915b86da71_Optical-Drives-Gen.webp,$108.72,P6729,https://www.vertexnetworking.co.uk/product/p6729-dell-24x-cdrw-dvd-combo.html
Vertex Networking,SM-332 - Samsung 40X/10X/32X/12X IDE Internal Half Height CD-RW/DVD-ROM Combo Drive,SM-332 - Samsung 40X/10X/32X/12X IDE Internal Half Height CD-RW/DVD-ROM Combo Drive Product Condition: Refurbished Miscellaneous,https://www.vertexnetworking.co.uk/storage/product_images/677915b67acf6_Optical-Drives-Gen.webp,$149.32,SM-332,https://www.vertexnetworking.co.uk/product/sm-332-samsung-40x-10x-32x-12x-ide-internal-half-height-cd-rw-dvd-rom-combo-drive.html
Vertex Networking,176CE - Dell 8X DVD Drive,176CE - Dell 8X DVD Drive Product Condition: Refurbished,https://www.vertexnetworking.co.uk/storage/product_images/677915b7844c9_Optical-Drives-Gen.webp,$73.54,176CE,https://www.vertexnetworking.co.uk/product/176ce-dell-8x-dvd-drive.html
Vertex Networking,HP 652235-B21 12.7mm Slim DVD(+/-)RW JackBlack Optical Drive Black SATA,HP 652235-B21 12.7mm Slim DVD(+/-)RW JackBlack Optical Drive Black SATA Product Condition: Refurbished,https://www.vertexnetworking.co.uk/storage/product_images/677915b730f4b_652235-B21.webp,$81.65,652235-B21,https://www.vertexnetworking.co.uk/product/hp-652235-b21-127mm-slim-dvd-rw-jackblack-optical-drive-black-sata-652235-b21.html
Vertex Networking,Dell - 5R212 - OptiPlex GX260 1.44MB Floppy Disk Drive,Dell - 5R212 - OptiPlex GX260 1.44MB Floppy Disk Drive Product Condition: Refurbished,https://www.vertexnetworking.co.uk/storage/product_images/677915b7679ee_All-Floppy-Disk-Gen.webp,$131.28,5R212,https://www.vertexnetworking.co.uk/product/5r212-dell-1-44mb-floppy-disk-drive-for-optiplex-gx260.html
Vertex Networking,Dell - ND504 - 16X DVD-RW IDE (Black Bezel) Firmware D108,Dell - ND504 - 16X DVD-RW IDE (Black Bezel) Firmware D108 Product Condition: Refurbished,https://www.vertexnetworking.co.uk/storage/product_images/677915b8364f4_Optical-Drives-Gen.webp,$74.14,ND504,https://www.vertexnetworking.co.uk/product/nd504-dell-16x-dvd-rw-gwa-4164b-h-h-desktop.html
Vertex Networking,J3276-69002 - HP CD-ROM Server Module,J3276-69002 - HP CD-ROM Server Module Product Condition: Refurbished,https://www.vertexnetworking.co.uk/storage/product_images/677915b608afa_Optical-Drives-Gen.webp,$211.73,J3276-69002,https://www.vertexnetworking.co.uk/product/j3276-69002-hp-cd-rom-server-module.html
Vertex Networking,0950-3984 - HP 6x Speed SCSI DVD-ROM Optical Drive,0950-3984 - HP 6x Speed SCSI DVD-ROM Optical Drive Product Condition: Refurbished Miscellaneous,https://www.vertexnetworking.co.uk/storage/product_images/677915b6511e7_Optical-Drives-Gen.webp,$86.17,0950-3984,https://www.vertexnetworking.co.uk/product/0950-3984-hp-6x-speed-scsi-dvd-rom-optical-drive.html
Vertex Networking,SM-352 - Samsung 52X/24X/52X/16X IDE Internal CD-RW/DVD-ROM Combo Drive,SM-352 - Samsung 52X/24X/52X/16X IDE Internal CD-RW/DVD-ROM Combo Drive Product Condition: Refurbished Miscellaneous,https://www.vertexnetworking.co.uk/storage/product_images/677915b696f4e_Optical-Drives-Gen.webp,$66.62,SM-352,https://www.vertexnetworking.co.uk/product/sm-352-samsung-52x-24x-52x-16x-ide-internal-cd-rw-dvd-rom-combo-drive.html
Vertex Networking,48CF4 - Dell Slim-line DVD-RW Odd F Laptop,48CF4 - Dell Slim-line DVD-RW Odd F Laptop Product Condition: Refurbished,https://www.vertexnetworking.co.uk/storage/product_images/677915b6891f8_Optical-Drives-Gen.webp,$110.23,48CF4,https://www.vertexnetworking.co.uk/product/48cf4-dell-slim-line-dvd-rw-odd-f-laptop.html
Vertex Networking,Dell - 2YD8R - 16x DVD+/-RW 5.25-Inch Internal DVD-Writer Drive,Dell - 2YD8R - 16x DVD+/-RW 5.25-Inch Internal DVD-Writer Drive Product Condition: Refurbished,https://www.vertexnetworking.co.uk/storage/product_images/677915b74d4e5_Optical-Drives-Gen.webp,$81.65,2YD8R,https://www.vertexnetworking.co.uk/product/2yd8r-dell-sata-black-dvd-rw-drive.html
Vertex Networking,SMO-F551/S - Sony SMO F551/S Magneto Optical Drive - Magneto Optical Drive - 5.2GB Native - 1 x 50-pin IDC Fast SCSI SCSI - 5.25 1/2H Internal,SMO-F551/S - Sony SMO F551/S Magneto Optical Drive - Magneto Optical Drive - 5.2GB Native - 1 x 50-pin IDC Fast SCSI SCSI - 5.25 1/2H Internal Product Condition: Refurbished,https://www.vertexnetworking.co.uk/storage/product_images/677915b75ba34_Optical-Drives-Gen.webp,$229.02,SMO-F551/S,https://www.vertexnetworking.co.uk/product/smo-f551-s-sony-smo-f551-s-magneto-optical-drive-magneto-optical-drive-5-2gb-native-1-x-50-pin-idc-fast-scsi-scsi-5-25-1-2h-internal.html
Vertex Networking,0950-4488 - HP Ultra SCSI DVD/CD ROM Optical Drive,0950-4488 - HP Ultra SCSI DVD/CD ROM Optical Drive Product Condition: Refurbished,https://www.vertexnetworking.co.uk/storage/product_images/677915b66cdfc_Optical-Drives-Gen.webp,$66.62,0950-4488,https://www.vertexnetworking.co.uk/product/0950-4488-hp-ultra-scsi-dvd-cd-rom-optical-drive.html
Vertex Networking,0N6GN3 - Dell Slimline SATA Optical DVD-RW Drive,0N6GN3 - Dell Slimline SATA Optical DVD-RW Drive Product Condition: Refurbished,https://www.vertexnetworking.co.uk/storage/product_images/677915b5f0075_Optical-Drives-Gen.webp,$71.13,0N6GN3,https://www.vertexnetworking.co.uk/product/0n6gn3-dell-slimline-sata-optical-dvd-rw-drive.html
Vertex Networking,K2664 - Dell 24X CD-R W/ DVD Combo Drive,K2664 - Dell 24X CD-R W/ DVD Combo Drive Product Condition: Refurbished,https://www.vertexnetworking.co.uk/storage/product_images/677915b827795_K2664-o.webp,$66.62,K2664,https://www.vertexnetworking.co.uk/product/k2664-dell-24x-cd-r-w-dvd-combo-drive.html
Vertex Networking,N1192 - Dell 48X32X IDE 5.25-inch Internal CD-RW Drive (Black),N1192 - Dell 48X32X IDE 5.25-inch Internal CD-RW Drive (Black) Product Condition: Refurbished,https://www.vertexnetworking.co.uk/storage/product_images/677915b79fd2c_Optical-Drives-Gen.webp,$66.62,N1192,https://www.vertexnetworking.co.uk/product/n1192-dell-48x32x-ide-5-25-inch-internal-cd-rw-drive-black.html
Vertex Networking,SMO-E502 - Sony 650MB Internal Magneto Optical Drive FHT,SMO-E502 - Sony 650MB Internal Magneto Optical Drive FHT Product Condition: Refurbished,https://www.vertexnetworking.co.uk/storage/product_images/677915b73ebea_Optical-Drives-Gen.webp,$239.55,SMO-E502,https://www.vertexnetworking.co.uk/product/smo-e502-sony-650mb-internal-magneto-optical-drive-fht.html
Vertex Networking,3W833 - Dell CD-RW and DVD Drive,3W833 - Dell CD-RW and DVD Drive Product Condition: Refurbished,https://www.vertexnetworking.co.uk/storage/product_images/677915b7752bb_Optical-Drives-Gen.webp,$108.72,3W833,https://www.vertexnetworking.co.uk/product/3w833-dell-cd-rw-and-dvd-drive.html
Vertex Networking,400807-001 - HP 40x IDE CD-ROM Drive,400807-001 - HP 40x IDE CD-ROM Drive Product Condition: Refurbished Miscellaneous,https://www.vertexnetworking.co.uk/storage/product_images/677915b7921fc_Optical-Drives-Gen.webp,$66.62,400807-001,https://www.vertexnetworking.co.uk/product/400807-001-hp-40x-ide-cd-rom-drive.html
Vertex Networking,Dell - RP016 - 24X HLDS Slimline CD-ROM for PowerEdge,Dell - RP016 - 24X HLDS Slimline CD-ROM for PowerEdge Product Condition: Refurbished,https://www.vertexnetworking.co.uk/storage/product_images/677915b642577_Optical-Drives-Gen.webp,$66.62,RP016,https://www.vertexnetworking.co.uk/product/rp016-dell-hlds-slim-cd-rom-gcr-8240n.html
Vertex Networking,SD-C2502 - Toshiba 12.7MM 8X/24X IDE Internal Slim Line DVD-ROM Drive for Laptops,SD-C2502 - Toshiba 12.7MM 8X/24X IDE Internal Slim Line DVD-ROM Drive for Laptops Product Condition: Refurbished,https://www.vertexnetworking.co.uk/storage/product_images/677915b65ec4d_Optical-Drives-Gen.webp,$71.13,SD-C2502,https://www.vertexnetworking.co.uk/product/sd-c2502-toshiba-12-7mm-8x-24x-ide-internal-slim-line-dvd-rom-drive-for-laptops.html
Vertex Networking,UJ862A - HP SATA Super Multi Dual Layer DVD+RW Optical Drive for ProLiant DL160 G6,UJ862A - HP SATA Super Multi Dual Layer DVD+RW Optical Drive for ProLiant DL160 G6 Product Condition: Refurbished,https://www.vertexnetworking.co.uk/storage/product_images/677915b52c0ac_Optical-Drives-Gen.webp,$74.14,UJ862A,https://www.vertexnetworking.co.uk/product/uj862a-hp-sata-super-multi-dual-layer-dvd-rw-optical-drive-for-proliant-dl160-g6.html
Vertex Networking,D9900-60055 - HP 24X Max Speed Slim CD-ROM Optical Drive,D9900-60055 - HP 24X Max Speed Slim CD-ROM Optical Drive Product Condition: Refurbished,https://www.vertexnetworking.co.uk/storage/product_images/677915b58fc06_Optical-Drives-Gen.webp,$66.62,D9900-60055,https://www.vertexnetworking.co.uk/product/d9900-60055-hp-24x-max-speed-slim-cd-rom-optical-drive.html
Vertex Networking,D9900-60068 - HP 24X Speed IDE Internal Slimline CD-ROM Optical Drive,D9900-60068 - HP 24X Speed IDE Internal Slimline CD-ROM Optical Drive Product Condition: New,https://www.vertexnetworking.co.uk/storage/product_images/677915b5aad84_Optical-Drives-Gen.webp,$149.32,D9900-60068,https://www.vertexnetworking.co.uk/product/d9900-60068-hp-24x-speed-ide-internal-slimline-cd-rom-optical-drive.html
Vertex Networking,0950-3398 - HP 6/32X Speed SCSI Narrow 50-Pin DVD Drive for 9000 Server,0950-3398 - HP 6/32X Speed SCSI Narrow 50-Pin DVD Drive for 9000 Server Product Condition: Refurbished Miscellaneous,https://www.vertexnetworking.co.uk/storage/product_images/677915b635200_Optical-Drives-Gen.webp,$74.14,0950-3398,https://www.vertexnetworking.co.uk/product/0950-3398-hp-6-32x-speed-scsi-narrow-50-pin-dvd-drive-for-9000-server.html
Vertex Networking,KN132 - Dell 8x DVD+/-RW Drive,KN132 - Dell 8x DVD+/-RW Drive Product Condition: Refurbished,https://www.vertexnetworking.co.uk/storage/product_images/677915b4d59ab_Optical-Drives-Gen.webp,$78.65,KN132,https://www.vertexnetworking.co.uk/product/kn132-dell-8x-dvd-rw-drive.html
Vertex Networking,481429-001 - HP 8x Speed Slim SATA DVD-RW Optical Drive,481429-001 - HP 8x Speed Slim SATA DVD-RW Optical Drive Product Condition: Refurbished,https://www.vertexnetworking.co.uk/storage/product_images/677915b5657a6_Optical-Drives-Gen.webp,$81.65,481429-001,https://www.vertexnetworking.co.uk/product/481429-001-hp-8x-speed-slim-sata-dvd-rw-optical-drive.html
Vertex Networking,652296-001 - HP 9.5mm SATA Optical Drive DVD-ROM for ProLiant DL160 G8,652296-001 - HP 9.5mm SATA Optical Drive DVD-ROM for ProLiant DL160 G8 Product Condition: Refurbished Miscellaneous,https://www.vertexnetworking.co.uk/storage/product_images/677915b548e74_Optical-Drives-Gen.webp,$87.67,652296-001,https://www.vertexnetworking.co.uk/product/652296-001-hp-9-5mm-sata-optical-drive-dvd-rom-for-proliant-dl160-g8.html
Vertex Networking,J989M - Dell DVD+/-RW 8x SATA Sff,J989M - Dell DVD+/-RW 8x SATA Sff Product Condition: Refurbished,https://www.vertexnetworking.co.uk/storage/product_images/677915b5e2efb_Optical-Drives-Gen.webp,$86.17,J989M,https://www.vertexnetworking.co.uk/product/j989m-dell-dvd-rw-8x-sata-sff.html
Vertex Networking,Dell - J3WMH - 16X CD+RW / DVD+RW SATA Optical Drive,Dell - J3WMH - 16X CD+RW / DVD+RW SATA Optical Drive Product Condition: Refurbished,https://www.vertexnetworking.co.uk/storage/product_images/677915b626b3e_Optical-Drives-Gen.webp,$86.17,J3WMH,https://www.vertexnetworking.co.uk/product/j3wmh-dell-16x-sata-dvd-rw-drive.html
Vertex Networking,446780-001 - HP 16x SATA DVD+RW 5.25-inch Internal Optical Drive for ProLiant Server,446780-001 - HP 16x SATA DVD+RW 5.25-inch Internal Optical Drive for ProLiant Server Product Condition: Refurbished,https://www.vertexnetworking.co.uk/storage/product_images/677915b4c7ad6_Optical-Drives-Gen.webp,$66.62,446780-001,https://www.vertexnetworking.co.uk/product/446780-001-hp-16x-sata-dvd-rw-5-25-inch-internal-optical-drive-for-proliant-server.html
Vertex Networking,TDCTC - Dell DVD-RW Slimline Optical Drive for R910 Server,TDCTC - Dell DVD-RW Slimline Optical Drive for R910 Server Product Condition: Refurbished,https://www.vertexnetworking.co.uk/storage/product_images/677915b557a8e_Optical-Drives-Gen.webp,$78.65,TDCTC,https://www.vertexnetworking.co.uk/product/tdctc-dell-dvd-rw-slimline-optical-drive-for-r910-server.html
Vertex Networking,532066-B21 - HP 12.7mm Slimline SATA Optical DVD Drive for ProLiant DL360 G6,532066-B21 - HP 12.7mm Slimline SATA Optical DVD Drive for ProLiant DL360 G6 Product Condition: Refurbished Miscellaneous,https://www.vertexnetworking.co.uk/storage/product_images/677915b581f6d_Optical-Drives-Gen.webp,$81.65,532066-B21,https://www.vertexnetworking.co.uk/product/532066-b21-hp-12-7mm-slimline-sata-optical-dvd-drive-for-proliant-dl360-g6.html
Vertex Networking,Samsung - SN-324 24X10X24X CD-RW/8X DVD-ROM Internal Slimline Combo Drive,Samsung - SN-324 24X10X24X CD-RW/8X DVD-ROM Internal Slimline Combo Drive Product Condition: Refurbished Miscellaneous,https://www.vertexnetworking.co.uk/storage/product_images/677915b51cc37_Optical-Drives-Gen.webp,$74.14,SN-324,https://www.vertexnetworking.co.uk/product/sn-324-samsung-24x-cd-8x-dvd-ide-internal-co.html
Vertex Networking,0950-3034 - HP 6x/32x Speed DVD-ROM Narrow Single-Ended SCSI-2 50-Pin Optical Drive,0950-3034 - HP 6x/32x Speed DVD-ROM Narrow Single-Ended SCSI-2 50-Pin Optical Drive Product Condition: Refurbished,https://www.vertexnetworking.co.uk/storage/product_images/677915b616e53_Optical-Drives-Gen.webp,$102.71,0950-3034,https://www.vertexnetworking.co.uk/product/0950-3034-hp-6x-32x-speed-dvd-rom-narrow-single-ended-scsi-2-50-pin-optical-drive.html
Vertex Networking,DW804 - Dell DVD+/-rw16xhhbare,DW804 - Dell DVD+/-rw16xhhbare Product Condition: Refurbished,https://www.vertexnetworking.co.uk/storage/product_images/677915b5c53ea_Optical-Drives-Gen.webp,$91.43,DW804,https://www.vertexnetworking.co.uk/product/dw804-dell-dvd-rw16xhhbare.html
Vertex Networking,SW-248 - Samsung 48X/24X/48X IDE Internal CD-RW Drive,SW-248 - Samsung 48X/24X/48X IDE Internal CD-RW Drive Product Condition: Refurbished Miscellaneous,https://www.vertexnetworking.co.uk/storage/product_images/677915b53b097_Optical-Drives-Gen.webp,$66.62,SW-248,https://www.vertexnetworking.co.uk/product/sw-248-samsung-48x-24x-48x-ide-internal-cd-rw-drive.html
Vertex Networking,C1114M - HP StorageWorks 9100mx 9.1GB Optical SCSI External Drive,C1114M - HP StorageWorks 9100mx 9.1GB Optical SCSI External Drive Product Condition: Refurbished Miscellaneous,https://www.vertexnetworking.co.uk/storage/product_images/677915b59d449_Optical-Drives-Gen.webp,$301.95,C1114M,https://www.vertexnetworking.co.uk/product/c1114m-hp-storageworks-9100mx-9-1gb-optical-scsi-external-drive.html
Vertex Networking,X8579 - Dell 16X DVD-ROM IDE 5.25-inch Optical Drive,X8579 - Dell 16X DVD-ROM IDE 5.25-inch Optical Drive Product Condition: Refurbished,https://www.vertexnetworking.co.uk/storage/product_images/677915b5744aa_Optical-Drives-Gen.webp,$74.14,X8579,https://www.vertexnetworking.co.uk/product/x8579-dell-16x-dvd-rom-ide-5-25-inch-optical-drive.html
Vertex Networking,Dell - 0H58R - 8x DVD-RW Slimline SATA Drive for OptiPlex 990 USFF,Dell - 0H58R - 8x DVD-RW Slimline SATA Drive for OptiPlex 990 USFF Product Condition: Refurbished,https://www.vertexnetworking.co.uk/storage/product_images/677915b5b7fab_Optical-Drives-Gen.webp,$81.65,0H58R,https://www.vertexnetworking.co.uk/product/0h58r-dell-8x-dvd-rw-slim-line-drive-for-optiplex-990-usff.html
Vertex Networking,FY13D - Dell 16x SATA DVD-RW Drive,FY13D - Dell 16x SATA DVD-RW Drive Product Condition: Refurbished,https://www.vertexnetworking.co.uk/storage/product_images/677915b5d422b_Optical-Drives-Gen.webp,$81.65,FY13D,https://www.vertexnetworking.co.uk/product/fy13d-dell-16x-sata-dvd-rw-drive.html
Vertex Networking,447326-B21 - HP 16x / 40x DVD / CD SATA DVD-ROM Drive,447326-B21 - HP 16x / 40x DVD / CD SATA DVD-ROM Drive Product Condition: Refurbished Miscellaneous,https://www.vertexnetworking.co.uk/storage/product_images/677915b3e6168_Optical-Drives-Gen.webp,$66.62,447326-B21,https://www.vertexnetworking.co.uk/product/447326-b21-hp-16x-40x-dvd-cd-sata-dvd-rom-drive.html
Vertex Networking,437546-001 - HP 24X Speed IDE Slimline CD-ROM Optical Drive,437546-001 - HP 24X Speed IDE Slimline CD-ROM Optical Drive Product Condition: Refurbished,https://www.vertexnetworking.co.uk/storage/product_images/677915b45475a_Optical-Drives-Gen.webp,$66.62,437546-001,https://www.vertexnetworking.co.uk/product/437546-001-hp-24x-speed-ide-slimline-cd-rom-optical-drive.html
Vertex Networking,D7140-63015 - HP 32X Speed IDE CD-ROM Drive for NetServer E60,D7140-63015 - HP 32X Speed IDE CD-ROM Drive for NetServer E60 Product Condition: Refurbished Miscellaneous,https://www.vertexnetworking.co.uk/storage/product_images/677915b47f552_Optical-Drives-Gen.webp,$66.62,D7140-63015,https://www.vertexnetworking.co.uk/product/d7140-63015-hp-32x-speed-ide-cd-rom-drive-for-netserver-e60.html
Vertex Networking,SM-348 - Samsung 48X/24X/48X/16X IDE Internal CD-RW/DVD-ROM Combo Drive,SM-348 - Samsung 48X/24X/48X/16X IDE Internal CD-RW/DVD-ROM Combo Drive Product Condition: Refurbished Miscellaneous,https://www.vertexnetworking.co.uk/storage/product_images/677915b500cd2_Optical-Drives-Gen.webp,$74.14,SM-348,https://www.vertexnetworking.co.uk/product/sm-348-samsung-48x-24x-48x-16x-ide-internal-cd-rw-dvd-rom-combo-drive.html
Vertex Networking,"D74TY - Dell 8x SATA DVD-RW Dual Layer Burner Slot Loading Drive Module for Precision M6400, M6500","D74TY - Dell 8x SATA DVD-RW Dual Layer Burner Slot Loading Drive Module for Precision M6400, M6500 Product Condition: New",https://www.vertexnetworking.co.uk/storage/product_images/677915b49b2d4_Optical-Drives-Gen.webp,$66.62,D74TY,https://www.vertexnetworking.co.uk/product/d74ty-dell-8x-sata-dvd-rw-dual-layer-burner-slot-loading-drive-module-for-precision-m6400-m6500.html
Vertex Networking,D6021-63067 - HP 24X Speed Low Profile IDE Slimline CD-ROM Optical Drive,D6021-63067 - HP 24X Speed Low Profile IDE Slimline CD-ROM Optical Drive Product Condition: Refurbished Miscellaneous,https://www.vertexnetworking.co.uk/storage/product_images/677915b445e2b_Optical-Drives-Gen.webp,$66.62,D6021-63067,https://www.vertexnetworking.co.uk/product/d6021-63067-hp-24x-speed-low-profile-ide-slimline-cd-rom-optical-drive.html
Vertex Networking,436952-001 - HP 9.5mm CD-RW/DVD-ROM Optical Drive for ProLiant DL320 G5p Server,436952-001 - HP 9.5mm CD-RW/DVD-ROM Optical Drive for ProLiant DL320 G5p Server Product Condition: Refurbished,https://www.vertexnetworking.co.uk/storage/product_images/677915b437b5c_Optical-Drives-Gen.webp,$96.69,436952-001,https://www.vertexnetworking.co.uk/product/436952-001-hp-9-5mm-cd-rw-dvd-rom-optical-drive-for-proliant-dl320-g5p-server.html
Vertex Networking,450432-B21 - HP 9.5mm DVD ROM Optical Drive for ProLiant DL320 G5 Server,450432-B21 - HP 9.5mm DVD ROM Optical Drive for ProLiant DL320 G5 Server Product Condition: Refurbished Miscellaneous,https://www.vertexnetworking.co.uk/storage/product_images/677915b40d2bc_Optical-Drives-Gen.webp,$221.50,450432-B21,https://www.vertexnetworking.co.uk/product/450432-b21-hp-9-5mm-dvd-rom-optical-drive-for-proliant-dl320-g5-server.html
Vertex Networking,404188-001 - HP CD-ROM for ProLiant ML150 G2,404188-001 - HP CD-ROM for ProLiant ML150 G2 Product Condition: Refurbished,https://www.vertexnetworking.co.uk/storage/product_images/677915b50f086_Optical-Drives-Gen.webp,$86.17,404188-001,https://www.vertexnetworking.co.uk/product/404188-001-hp-cd-rom-for-proliant-ml150-g2.html
Vertex Networking,43HXK - Dell Super Multi 8X DVD-RW Dual Layer 24X CD-RW Writer 9.5mm SATA Optical Drive,43HXK - Dell Super Multi 8X DVD-RW Dual Layer 24X CD-RW Writer 9.5mm SATA Optical Drive Product Condition: Refurbished,https://www.vertexnetworking.co.uk/storage/product_images/677915b3d8824_Optical-Drives-Gen.webp,$81.65,43HXK,https://www.vertexnetworking.co.uk/product/43hxk-dell-super-multi-8x-dvd-rw-dual-layer-24x-cd-rw-writer-9-5mm-sata-optical-drive.html
Vertex Networking,D510T - Dell 16x DVD+/-RW IDE Hh,D510T - Dell 16x DVD+/-RW IDE Hh Product Condition: Refurbished,https://www.vertexnetworking.co.uk/storage/product_images/677915b4b9cf4_Optical-Drives-Gen.webp,$129.02,D510T,https://www.vertexnetworking.co.uk/product/d510t-dell-16x-dvd-rw-ide-hh.html
Vertex Networking,402093-001 - HP CD-ROM Drive for ProLiant ML150 G2,402093-001 - HP CD-ROM Drive for ProLiant ML150 G2 Product Condition: Refurbished,https://www.vertexnetworking.co.uk/storage/product_images/677915b4e3dd5_Optical-Drives-Gen.webp,$86.17,402093-001,https://www.vertexnetworking.co.uk/product/402093-001-hp-cd-rom-drive-for-proliant-ml150-g2.html
Vertex Networking,395272-001 - HP 48x / 32x / 48x CD-RW Drive,395272-001 - HP 48x / 32x / 48x CD-RW Drive Product Condition: Refurbished,https://www.vertexnetworking.co.uk/storage/product_images/677915b39f58c_Optical-Drives-Gen.webp,$86.17,395272-001,https://www.vertexnetworking.co.uk/product/395272-001-hp-48x-32x-48x-cd-rw-drive.html
Vertex Networking,438952-001 - HP 9.5mm CD-RW/DVD ROM Optical Drive for ProLiant DL320 G5p Server,438952-001 - HP 9.5mm CD-RW/DVD ROM Optical Drive for ProLiant DL320 G5p Server Product Condition: Refurbished,https://www.vertexnetworking.co.uk/storage/product_images/677915b3f3f4b_Optical-Drives-Gen.webp,$119.25,438952-001,https://www.vertexnetworking.co.uk/product/438952-001-hp-9-5mm-cd-rw-dvd-rom-optical-drive-for-proliant-dl320-g5p-server.html
Vertex Networking,D6130-63000 - HP 24X Speed CD-ROM Optical Drive,D6130-63000 - HP 24X Speed CD-ROM Optical Drive Product Condition: Refurbished,https://www.vertexnetworking.co.uk/storage/product_images/677915b4627fd_Optical-Drives-Gen.webp,$66.62,D6130-63000,https://www.vertexnetworking.co.uk/product/d6130-63000-hp-24x-speed-cd-rom-optical-drive.html
Vertex Networking,438569-630 - HP DVD+RW Optical Drive,438569-630 - HP DVD+RW Optical Drive Product Condition: Refurbished,https://www.vertexnetworking.co.uk/storage/product_images/677915b4714de_Optical-Drives-Gen.webp,$86.17,438569-630,https://www.vertexnetworking.co.uk/product/438569-630-hp-dvd-rw-optical-drive.html
Vertex Networking,446777-001 - HP Half-height SATA DVD-ROM Optical Drive,446777-001 - HP Half-height SATA DVD-ROM Optical Drive Product Condition: Refurbished Miscellaneous,https://www.vertexnetworking.co.uk/storage/product_images/677915b4aac52_Optical-Drives-Gen.webp,$74.14,446777-001,https://www.vertexnetworking.co.uk/product/446777-001-hp-half-height-sata-dvd-rom-optical-drive.html
Vertex Networking,C2997A - HP 20x Speed SCSI CD-ROM Drive,C2997A - HP 20x Speed SCSI CD-ROM Drive Product Condition: Refurbished,https://www.vertexnetworking.co.uk/storage/product_images/677915b429c13_Optical-Drives-Gen.webp,$74.14,C2997A,https://www.vertexnetworking.co.uk/product/c2997a-hp-20x-speed-scsi-cd-rom-drive.html
Vertex Networking,438659-630 - HP 8x Slimline Optical DVD+RW Drive,438659-630 - HP 8x Slimline Optical DVD+RW Drive Product Condition: Refurbished,https://www.vertexnetworking.co.uk/storage/product_images/677915b48d57f_Optical-Drives-Gen.webp,$66.62,438659-630,https://www.vertexnetworking.co.uk/product/438659-630-hp-8x-slimline-optical-dvd-rw-drive.html
Vertex Networking,436951-001 - HP 24x Speed IDE DVD-ROM for ProLiant DL160 G5 Server,436951-001 - HP 24x Speed IDE DVD-ROM for ProLiant DL160 G5 Server Product Condition: Refurbished Miscellaneous,https://www.vertexnetworking.co.uk/storage/product_images/677915b41bd7f_Optical-Drives-Gen.webp,$140.30,436951-001,https://www.vertexnetworking.co.uk/product/436951-001-hp-24x-speed-ide-dvd-rom-for-proliant-dl160-g5-server.html
Vertex Networking,266072-001 - HP 48X Speed IDE CD-ROM Optical Drive,266072-001 - HP 48X Speed IDE CD-ROM Optical Drive Product Condition: Refurbished Miscellaneous,https://www.vertexnetworking.co.uk/storage/product_images/677915b3725e2_Optical-Drives-Gen.webp,$66.62,266072-001,https://www.vertexnetworking.co.uk/product/266072-001-hp-48x-speed-ide-cd-rom-optical-drive.html
Vertex Networking,449998-B21 - HP Slim 12.7mm DVD-RW for ProLiant 380 G5 Server,449998-B21 - HP Slim 12.7mm DVD-RW for ProLiant 380 G5 Server Product Condition: Refurbished,https://www.vertexnetworking.co.uk/storage/product_images/677915b3c9d4a_Optical-Drives-Gen.webp,$149.32,449998-B21,https://www.vertexnetworking.co.uk/product/449998-b21-hp-slim-12-7mm-dvd-rw-for-proliant-380-g5-server.html
Vertex Networking,377402-B21 - HP CD-RW/DVD-ROM Optical Drive for ProLiant DL140 G3 Server,377402-B21 - HP CD-RW/DVD-ROM Optical Drive for ProLiant DL140 G3 Server Product Condition: Refurbished,https://www.vertexnetworking.co.uk/storage/product_images/677915b33f817_Optical-Drives-Gen.webp,$119.25,377402-B21,https://www.vertexnetworking.co.uk/product/377402-b21-hp-cd-rw-dvd-rom-optical-drive-for-proliant-dl140-g3-server.html
Vertex Networking,252633-001 - HP / Compaq LTN-486S 48x Speed IDE CD-ROM,252633-001 - HP / Compaq LTN-486S 48x Speed IDE CD-ROM Product Condition: Refurbished Miscellaneous,https://www.vertexnetworking.co.uk/storage/product_images/677915b2c275d_Optical-Drives-Gen.webp,$66.62,252633-001,https://www.vertexnetworking.co.uk/product/252633-001-hp-compaq-ltn-486s-48x-speed-ide-cd-rom.html
Vertex Networking,394423-132 - HP 24X Speed IDE CD-RW/DVD-ROM Optical Drive,394423-132 - HP 24X Speed IDE CD-RW/DVD-ROM Optical Drive Product Condition: Refurbished,https://www.vertexnetworking.co.uk/storage/product_images/677915b3827e5_Optical-Drives-Gen.webp,$119.25,394423-132,https://www.vertexnetworking.co.uk/product/394423-132-hp-24x-speed-ide-cd-rw-dvd-rom-optical-drive.html
Vertex Networking,382111-001 - HP CD-ROM Drive for ProLiant ML110,382111-001 - HP CD-ROM Drive for ProLiant ML110 Product Condition: Refurbished,https://www.vertexnetworking.co.uk/storage/product_images/677915b31373f_Optical-Drives-Gen.webp,$66.62,382111-001,https://www.vertexnetworking.co.uk/product/382111-001-hp-cd-rom-drive-for-proliant-ml110.html
Vertex Networking,263205-001 - HP / Compaq 24x / 10x / 40x CD-RW Drive,263205-001 - HP / Compaq 24x / 10x / 40x CD-RW Drive Product Condition: Refurbished Miscellaneous,https://www.vertexnetworking.co.uk/storage/product_images/677915b3218b8_Optical-Drives-Gen.webp,$66.62,263205-001,https://www.vertexnetworking.co.uk/product/263205-001-hp-compaq-24x-10x-40x-cd-rw-drive.html
Vertex Networking,263243-001 - HP 24x Speed CD-ROM Drive for ProLiant DL760 G2 Server,263243-001 - HP 24x Speed CD-ROM Drive for ProLiant DL760 G2 Server Product Condition: Refurbished,https://www.vertexnetworking.co.uk/storage/product_images/677915b3319f4_Optical-Drives-Gen.webp,$102.71,263243-001,https://www.vertexnetworking.co.uk/product/263243-001-hp-24x-speed-cd-rom-drive-for-proliant-dl760-g2-server.html
Vertex Networking,259493-002 - HP CD-RW IDE Drive,259493-002 - HP CD-RW IDE Drive Product Condition: Refurbished,https://www.vertexnetworking.co.uk/storage/product_images/677915b305bef_Optical-Drives-Gen.webp,$74.14,259493-002,https://www.vertexnetworking.co.uk/product/259493-002-hp-cd-rw-ide-drive.html
Vertex Networking,374303-B21 - HP IDE DVD-ROM Drive Optical Drive for ProLiant DL320 G3 Server,374303-B21 - HP IDE DVD-ROM Drive Optical Drive for ProLiant DL320 G3 Server Product Condition: Refurbished Miscellaneous,https://www.vertexnetworking.co.uk/storage/product_images/677915b2ec26c_Optical-Drives-Gen.webp,$74.14,374303-B21,https://www.vertexnetworking.co.uk/product/374303-b21-hp-ide-dvd-rom-drive-optical-drive-for-proliant-dl320-g3-server.html
Vertex Networking,240785-004 - HP / Compaq 16x/10x/40X Speed IDE CD-RW Optical Drive for Presario 5410US Desktop,240785-004 - HP / Compaq 16x/10x/40X Speed IDE CD-RW Optical Drive for Presario 5410US Desktop Product Condition: Refurbished Miscellaneous,https://www.vertexnetworking.co.uk/storage/product_images/677915b270696_Optical-Drives-Gen.webp,$66.62,240785-004,https://www.vertexnetworking.co.uk/product/240785-004-hp-compaq-16x-10x-40x-speed-ide-cd-rw-optical-drive-for-presario-5410us-desktop.html
Vertex Networking,264007-B21 - HP 24x DVD-ROM Slimline Optical Drive,264007-B21 - HP 24x DVD-ROM Slimline Optical Drive Product Condition: Refurbished Miscellaneous,https://www.vertexnetworking.co.uk/storage/product_images/677915b353010_Optical-Drives-Gen.webp,$66.62,264007-B21,https://www.vertexnetworking.co.uk/product/264007-b21-hp-24x-dvd-rom-slimline-optical-drive.html
Vertex Networking,257693-MBO - HP 24x/10x/40X Speed IDE CD-RW Optical Drive,257693-MBO - HP 24x/10x/40X Speed IDE CD-RW Optical Drive Product Condition: Refurbished Miscellaneous,https://www.vertexnetworking.co.uk/storage/product_images/677915b2de506_Optical-Drives-Gen.webp,$96.69,257693-MBO,https://www.vertexnetworking.co.uk/product/257693-mbo-hp-24x-10x-40x-speed-ide-cd-rw-optical-drive.html
Vertex Networking,373315-001 - HP 24X/8X Speed Slimline Multibay CD-RW/DVD-ROM Optical Drive,373315-001 - HP 24X/8X Speed Slimline Multibay CD-RW/DVD-ROM Optical Drive Product Condition: Refurbished,https://www.vertexnetworking.co.uk/storage/product_images/677915b2cff24_Optical-Drives-Gen.webp,$71.13,373315-001,https://www.vertexnetworking.co.uk/product/373315-001-hp-24x-8x-speed-slimline-multibay-cd-rw-dvd-rom-optical-drive.html
Vertex Networking,447891-B21 - HP 1U 9.5mm 24X Speed DVD-ROM/CD RW Optical Drive for ProLiant DL160 G5 Server,447891-B21 - HP 1U 9.5mm 24X Speed DVD-ROM/CD RW Optical Drive for ProLiant DL160 G5 Server Product Condition: Refurbished,https://www.vertexnetworking.co.uk/storage/product_images/677915b3ae551_Optical-Drives-Gen.webp,$131.28,447891-B21,https://www.vertexnetworking.co.uk/product/447891-b21-hp-1u-9-5mm-24x-speed-dvd-rom-cd-rw-optical-drive-for-proliant-dl160-g5-server.html
Vertex Networking,376461-ED0 - HP DVD+RW Optical Drive,376461-ED0 - HP DVD+RW Optical Drive Product Condition: Refurbished,https://www.vertexnetworking.co.uk/storage/product_images/677915b361fa6_Optical-Drives-Gen.webp,$144.06,376461-ED0,https://www.vertexnetworking.co.uk/product/376461-ed0-hp-dvd-rw-optical-drive.html
Vertex Networking,376272-001 - HP 16X Speed DVD+R/RW Optical Drive,376272-001 - HP 16X Speed DVD+R/RW Optical Drive Product Condition: Refurbished,https://www.vertexnetworking.co.uk/storage/product_images/677915b2b502f_Optical-Drives-Gen.webp,$131.28,376272-001,https://www.vertexnetworking.co.uk/product/376272-001-hp-16x-speed-dvd-r-rw-optical-drive.html
Vertex Networking,270698-205 - HP 16 X Speed CD-ROM Optical Drive,270698-205 - HP 16 X Speed CD-ROM Optical Drive Product Condition: Refurbished,https://www.vertexnetworking.co.uk/storage/product_images/677915b3917e8_Optical-Drives-Gen.webp,$66.62,270698-205,https://www.vertexnetworking.co.uk/product/270698-205-hp-16-x-speed-cd-rom-optical-drive.html
Vertex Networking,361622-001 - HP 8x Speed Slimline DVD-ROM for ProLiant DL140 G3 Server,361622-001 - HP 8x Speed Slimline DVD-ROM for ProLiant DL140 G3 Server Product Condition: Refurbished Miscellaneous,https://www.vertexnetworking.co.uk/storage/product_images/677915b27df70_Optical-Drives-Gen.webp,$66.62,361622-001,https://www.vertexnetworking.co.uk/product/361622-001-hp-8x-speed-slimline-dvd-rom-for-proliant-dl140-g3-server.html
Vertex Networking,393538-001 - HP 8X Speed IDE Slimline DVD-ROM Optical Drive for nx6115 Notebook,393538-001 - HP 8X Speed IDE Slimline DVD-ROM Optical Drive for nx6115 Notebook Product Condition: Refurbished,https://www.vertexnetworking.co.uk/storage/product_images/677915b3bc6e0_Optical-Drives-Gen.webp,$119.25,393538-001,https://www.vertexnetworking.co.uk/product/393538-001-hp-8x-speed-ide-slimline-dvd-rom-optical-drive-for-nx6115-notebook.html
Vertex Networking,416175-MD1 - HP 9.5mm 24x/24x/8xCD-Rw/24xDVD-ROM Optical Drive,416175-MD1 - HP 9.5mm 24x/24x/8xCD-Rw/24xDVD-ROM Optical Drive Product Condition: Refurbished,https://www.vertexnetworking.co.uk/storage/product_images/677915b1f326d_Optical-Drives-Gen.webp,$96.69,416175-MD1,https://www.vertexnetworking.co.uk/product/416175-md1-hp-9-5mm-24x-24x-8xcd-rw-24xdvd-rom-optical-drive.html
Vertex Networking,238439-201 - HP 6X Speed IDE CD-ROM Optical Drive,238439-201 - HP 6X Speed IDE CD-ROM Optical Drive Product Condition: Refurbished,https://www.vertexnetworking.co.uk/storage/product_images/677915b21b5ac_Optical-Drives-Gen.webp,$74.14,238439-201,https://www.vertexnetworking.co.uk/product/238439-201-hp-6x-speed-ide-cd-rom-optical-drive.html
Vertex Networking,383975-B21 - HP 8x Slimline Optical DVD+RW Drive,383975-B21 - HP 8x Slimline Optical DVD+RW Drive Product Condition: Refurbished Miscellaneous,https://www.vertexnetworking.co.uk/storage/product_images/677915b1b9a2b_Optical-Drives-Gen.webp,$66.62,383975-B21,https://www.vertexnetworking.co.uk/product/383975-b21-hp-8x-slimline-optical-dvd-rw-drive.html
Vertex Networking,388770-F32 - Compaq 40x CD-ROM Drive ProLiant ML370 G2,388770-F32 - Compaq 40x CD-ROM Drive ProLiant ML370 G2 Product Condition: Refurbished,https://www.vertexnetworking.co.uk/storage/product_images/677915b13ce4f_Optical-Drives-Gen.webp,$80.15,388770-F32,https://www.vertexnetworking.co.uk/product/388770-f32-compaq-40x-cd-rom-drive-proliant-ml370-g2.html
Vertex Networking,"Designed to work with the IBM 3996 Optical Library- Utilizes Ultra Density Optical (UDO) disc technology, designed for professional data storage applications- Features 30GB capacity for long-term archival storage- Available in rewritab","- Designed to work with the IBM 3996 Optical Library- Utilizes Ultra Density Optical (UDO) disc technology, designed for professional data storage applications- Features 30GB capacity for long-term archival storage- Available in rewritab Product Condition: New",https://www.vertexnetworking.co.uk/storage/product_images/677915b254823_Optical-Drives-Gen.webp,$83.91,23R2568,https://www.vertexnetworking.co.uk/product/23r2568-ibm-5-25-inch-30gb-udo-rewritable-optical-disk.html
Vertex Networking,246691-001 - HP 16x/10x/40x Speed IDE CD-RW Optical Drive for Evo D300 Desktop,246691-001 - HP 16x/10x/40x Speed IDE CD-RW Optical Drive for Evo D300 Desktop Product Condition: Refurbished,https://www.vertexnetworking.co.uk/storage/product_images/677915b28b49f_Optical-Drives-Gen.webp,$80.15,246691-001,https://www.vertexnetworking.co.uk/product/246691-001-hp-16x-10x-40x-speed-ide-cd-rw-optical-drive-for-evo-d300-desktop.html
Vertex Networking,278025-206 - HP CD-ROM Drive,278025-206 - HP CD-ROM Drive Product Condition: Refurbished,https://www.vertexnetworking.co.uk/storage/product_images/677915b20d0e4_Optical-Drives-Gen.webp,$74.14,278025-206,https://www.vertexnetworking.co.uk/product/278025-206-hp-cd-rom-drive.html
Vertex Networking,239032-001 - HP 8x Speed DVD Optical Drive for Evo n150 Notebook,239032-001 - HP 8x Speed DVD Optical Drive for Evo n150 Notebook Product Condition: Refurbished,https://www.vertexnetworking.co.uk/storage/product_images/677915b236ff2_Optical-Drives-Gen.webp,$83.91,239032-001,https://www.vertexnetworking.co.uk/product/239032-001-hp-8x-speed-dvd-optical-drive-for-evo-n150-notebook.html
Vertex Networking,367920-B21 - HP 48x Speed CD-ROM Drive for ProLiant ML370 G4 Server,367920-B21 - HP 48x Speed CD-ROM Drive for ProLiant ML370 G4 Server Product Condition: Refurbished Miscellaneous,https://www.vertexnetworking.co.uk/storage/product_images/677915b244a4c_Optical-Drives-Gen.webp,$66.62,367920-B21,https://www.vertexnetworking.co.uk/product/367920-b21-hp-48x-speed-cd-rom-drive-for-proliant-ml370-g4-server.html
Vertex Networking,383974-B21 - HP 16X Speed Half Height DVD+RW Optical Drive for ProLiant ML370 G4 Server,383974-B21 - HP 16X Speed Half Height DVD+RW Optical Drive for ProLiant ML370 G4 Server Product Condition: Refurbished,https://www.vertexnetworking.co.uk/storage/product_images/677915b19c162_Optical-Drives-Gen.webp,$119.25,383974-B21,https://www.vertexnetworking.co.uk/product/383974-b21-hp-16x-speed-half-height-dvd-rw-optical-drive-for-proliant-ml370-g4-server.html
Vertex Networking,AB351-64002 - HP DVD / CD-RW IDE Drive,AB351-64002 - HP DVD / CD-RW IDE Drive Product Condition: Refurbished,https://www.vertexnetworking.co.uk/storage/product_images/677915b153339_Optical-Drives-Gen.webp,$80.15,AB351-64002,https://www.vertexnetworking.co.uk/product/ab351-64002-hp-dvd-cd-rw-ide-drive.html
Vertex Networking,388770-672 - HP / Compaq 40x CD-ROM Optical Drive,388770-672 - HP / Compaq 40x CD-ROM Optical Drive Product Condition: Refurbished Miscellaneous,https://www.vertexnetworking.co.uk/storage/product_images/677915b1d7302_Optical-Drives-Gen.webp,$66.62,388770-672,https://www.vertexnetworking.co.uk/product/388770-672-hp-compaq-40x-cd-rom-optical-drive.html
Vertex Networking,361634-001 - HP ATAPI/EIDE CD-RW/DVD-ROM Combo Drive for xw4200 Workstation,361634-001 - HP ATAPI/EIDE CD-RW/DVD-ROM Combo Drive for xw4200 Workstation Product Condition: Refurbished,https://www.vertexnetworking.co.uk/storage/product_images/677915b299291_Optical-Drives-Gen.webp,$119.25,361634-001,https://www.vertexnetworking.co.uk/product/361634-001-hp-atapi-eide-cd-rw-dvd-rom-combo-drive-for-xw4200-workstation.html
Vertex Networking,273137-003 - Compaq 20x Speed CD-ROM Drive for Armada 7300,273137-003 - Compaq 20x Speed CD-ROM Drive for Armada 7300 Product Condition: Refurbished,https://www.vertexnetworking.co.uk/storage/product_images/677915b1e5712_Optical-Drives-Gen.webp,$66.62,273137-003,https://www.vertexnetworking.co.uk/product/273137-003-compaq-20x-speed-cd-rom-drive-for-armada-7300.html
Vertex Networking,271692-930 - HP 16x Speed Slimline CD-RW Optical Drive,271692-930 - HP 16x Speed Slimline CD-RW Optical Drive Product Condition: Refurbished,https://www.vertexnetworking.co.uk/storage/product_images/677915b1abe33_Optical-Drives-Gen.webp,$161.35,271692-930,https://www.vertexnetworking.co.uk/product/271692-930-hp-16x-speed-slimline-cd-rw-optical-drive.html
Vertex Networking,251391-M30 - HP N800c 8x Speed DVD-ROM Drive,251391-M30 - HP N800c 8x Speed DVD-ROM Drive Product Condition: Refurbished Miscellaneous,https://www.vertexnetworking.co.uk/storage/product_images/677915b2a7463_Optical-Drives-Gen.webp,$66.62,251391-M30,https://www.vertexnetworking.co.uk/product/251391-m30-hp-n800c-8x-speed-dvd-rom-drive.html
Vertex Networking,271249-001 - HP 40x Speed CD-ROM Drive,271249-001 - HP 40x Speed CD-ROM Drive Product Condition: Refurbished,https://www.vertexnetworking.co.uk/storage/product_images/677915b18e066_Optical-Drives-Gen.webp,$66.62,271249-001,https://www.vertexnetworking.co.uk/product/271249-001-hp-40x-speed-cd-rom-drive.html
Vertex Networking,273137-001 - HP 8x Speed IDE CD-ROM Drive,273137-001 - HP 8x Speed IDE CD-ROM Drive Product Condition: Refurbished Miscellaneous,https://www.vertexnetworking.co.uk/storage/product_images/677915b1c7be8_Optical-Drives-Gen.webp,$66.62,273137-001,https://www.vertexnetworking.co.uk/product/273137-001-hp-8x-speed-ide-cd-rom-drive.html
Vertex Networking,372703-B21 - HP 24X Speed IDE CD-ROM Optical Drive for ProLiant DL320 G3 Server,372703-B21 - HP 24X Speed IDE CD-ROM Optical Drive for ProLiant DL320 G3 Server Product Condition: Refurbished Miscellaneous,https://www.vertexnetworking.co.uk/storage/product_images/677915b2626e2_Optical-Drives-Gen.webp,$74.14,372703-B21,https://www.vertexnetworking.co.uk/product/372703-b21-hp-24x-speed-ide-cd-rom-optical-drive-for-proliant-dl320-g3-server.html
Vertex Networking,278026-001 - Compaq 24x Speed Internal IDE CD-ROM Drive,278026-001 - Compaq 24x Speed Internal IDE CD-ROM Drive Product Condition: Refurbished,https://www.vertexnetworking.co.uk/storage/product_images/677915b229ae7_Optical-Drives-Gen.webp,$74.14,278026-001,https://www.vertexnetworking.co.uk/product/278026-001-compaq-24x-speed-internal-ide-cd-rom-drive.html
Vertex Networking,EDM-8600B - Sony 5.25-inch 8.6GB Rewritable Magneto Optical Disk 14X,EDM-8600B - Sony 5.25-inch 8.6GB Rewritable Magneto Optical Disk 14X Product Condition: Refurbished,https://www.vertexnetworking.co.uk/storage/product_images/677915afc370b_Optical-Drives-Gen.webp,$108.72,EDM-8600B,https://www.vertexnetworking.co.uk/product/edm-8600b-sony-5-25-inch-8-6gb-rewritable-magneto-optical-disk-14x.html
Vertex Networking,A8068A - HP DVD-ROM for B1000 /B2000 Workstation,A8068A - HP DVD-ROM for B1000 /B2000 Workstation Product Condition: Refurbished,https://www.vertexnetworking.co.uk/storage/product_images/677915b0a9383_Optical-Drives-Gen.webp,$102.71,A8068A,https://www.vertexnetworking.co.uk/product/a8068a-hp-dvd-rom-for-b1000-b2000-workstation.html
Vertex Networking,384044-001 - HP 16X Speed IDE DVD-R/RW Drive Optical Drive for xw4300 Workstation,384044-001 - HP 16X Speed IDE DVD-R/RW Drive Optical Drive for xw4300 Workstation Product Condition: Refurbished,https://www.vertexnetworking.co.uk/storage/product_images/677915b1014ca_Optical-Drives-Gen.webp,$96.69,384044-001,https://www.vertexnetworking.co.uk/product/384044-001-hp-16x-speed-ide-dvd-r-rw-drive-optical-drive-for-xw4300-workstation.html
Vertex Networking,A7231-62011 - HP Slimline DVD-ROM Optical Drive,A7231-62011 - HP Slimline DVD-ROM Optical Drive Product Condition: Refurbished Miscellaneous,https://www.vertexnetworking.co.uk/storage/product_images/677915b01d881_Optical-Drives-Gen.webp,$66.62,A7231-62011,https://www.vertexnetworking.co.uk/product/a7231-62011-hp-slimline-dvd-rom-optical-drive.html
Vertex Networking,336431-660 - HP CD-ROM Optical Drive,336431-660 - HP CD-ROM Optical Drive Product Condition: Refurbished,https://www.vertexnetworking.co.uk/storage/product_images/677915b02b31b_Optical-Drives-Gen.webp,$74.14,336431-660,https://www.vertexnetworking.co.uk/product/336431-660-hp-cd-rom-optical-drive.html
Vertex Networking,AB351-64001 - HP DVD+RW Pluggable Optical Drive,AB351-64001 - HP DVD+RW Pluggable Optical Drive Product Condition: Refurbished,https://www.vertexnetworking.co.uk/storage/product_images/677915b12f10b_Optical-Drives-Gen.webp,$80.15,AB351-64001,https://www.vertexnetworking.co.uk/product/ab351-64001-hp-dvd-rw-pluggable-optical-drive.html
Vertex Networking,386704-003 - HP 40x Speed IDE CD-ROM Drive for Presario 5200 Desktop,386704-003 - HP 40x Speed IDE CD-ROM Drive for Presario 5200 Desktop Product Condition: Refurbished,https://www.vertexnetworking.co.uk/storage/product_images/677915b0be1fc_Optical-Drives-Gen.webp,$66.62,386704-003,https://www.vertexnetworking.co.uk/product/386704-003-hp-40x-speed-ide-cd-rom-drive-for-presario-5200-desktop.html
Vertex Networking,388770-632 - HP / Compaq 40x CD-ROM Drive,388770-632 - HP / Compaq 40x CD-ROM Drive Product Condition: Refurbished,https://www.vertexnetworking.co.uk/storage/product_images/677915b1800b7_Optical-Drives-Gen.webp,$66.62,388770-632,https://www.vertexnetworking.co.uk/product/388770-632-hp-compaq-40x-cd-rom-drive.html
Vertex Networking,336431-930 - HP / Compaq 24X Speed DVD-ROM/CD-RW Optical Drive for nc6000 Notebook,336431-930 - HP / Compaq 24X Speed DVD-ROM/CD-RW Optical Drive for nc6000 Notebook Product Condition: Refurbished,https://www.vertexnetworking.co.uk/storage/product_images/677915b04976b_Optical-Drives-Gen.webp,$74.14,336431-930,https://www.vertexnetworking.co.uk/product/336431-930-hp-compaq-24x-speed-dvd-rom-cd-rw-optical-drive-for-nc6000-notebook.html
Vertex Networking,A9879-67001 - HP DVD-ROM for Integrity rx8620 Server,A9879-67001 - HP DVD-ROM for Integrity rx8620 Server Product Condition: Refurbished,https://www.vertexnetworking.co.uk/storage/product_images/677915b0e7819_Optical-Drives-Gen.webp,$74.14,A9879-67001,https://www.vertexnetworking.co.uk/product/a9879-67001-hp-dvd-rom-for-integrity-rx8620-server.html
Vertex Networking,A9879A - HP DVD-ROM for RP74/84,A9879A - HP DVD-ROM for RP74/84 Product Condition: Refurbished Miscellaneous,https://www.vertexnetworking.co.uk/storage/product_images/677915b10f1d3_Optical-Drives-Gen.webp,$66.62,A9879A,https://www.vertexnetworking.co.uk/product/a9879a-hp-dvd-rom-for-rp74-84.html
Vertex Networking,AB351-67002 - HP IDE DVD+RW Optical Drive for 9000 rp8440 Server,AB351-67002 - HP IDE DVD+RW Optical Drive for 9000 rp8440 Server Product Condition: Refurbished,https://www.vertexnetworking.co.uk/storage/product_images/677915b16f372_Optical-Drives-Gen.webp,$80.15,AB351-67002,https://www.vertexnetworking.co.uk/product/ab351-67002-hp-ide-dvd-rw-optical-drive-for-9000-rp8440-server.html
Vertex Networking,384070-001 - HP 8x Slimline Optical DVD+RW Drive for ProLiant DL380 G5,384070-001 - HP 8x Slimline Optical DVD+RW Drive for ProLiant DL380 G5 Product Condition: Refurbished,https://www.vertexnetworking.co.uk/storage/product_images/677915b12179a_Optical-Drives-Gen.webp,$66.62,384070-001,https://www.vertexnetworking.co.uk/product/384070-001-hp-8x-slimline-optical-dvd-rw-drive-for-proliant-dl380-g5.html
Vertex Networking,384732-MD2 - HP 16X Speed IDE DVD/CD-RW Drive Optical Drive,384732-MD2 - HP 16X Speed IDE DVD/CD-RW Drive Optical Drive Product Condition: Refurbished,https://www.vertexnetworking.co.uk/storage/product_images/677915b0658ed_Optical-Drives-Gen.webp,$86.17,384732-MD2,https://www.vertexnetworking.co.uk/product/384732-md2-hp-16x-speed-ide-dvd-cd-rw-drive-optical-drive.html
Vertex Networking,A8682A - HP 16/48X Speed DVD-ROM Optical Drive,A8682A - HP 16/48X Speed DVD-ROM Optical Drive Product Condition: Refurbished,https://www.vertexnetworking.co.uk/storage/product_images/677915b0cbce2_Optical-Drives-Gen.webp,$102.71,A8682A,https://www.vertexnetworking.co.uk/product/a8682a-hp-16-48x-speed-dvd-rom-optical-drive.html
Vertex Networking,383981-001 - HP DVD ROM Optical Drive for ProLiant DL320 G3 Server,383981-001 - HP DVD ROM Optical Drive for ProLiant DL320 G3 Server Product Condition: Refurbished,https://www.vertexnetworking.co.uk/storage/product_images/677915b0d96d6_Optical-Drives-Gen.webp,$149.32,383981-001,https://www.vertexnetworking.co.uk/product/383981-001-hp-dvd-rom-optical-drive-for-proliant-dl320-g3-server.html
Vertex Networking,A7231-64009 - HP 24x Speed CD-RW /8X DVD-ROM Optical Drive,A7231-64009 - HP 24x Speed CD-RW /8X DVD-ROM Optical Drive Product Condition: Refurbished Miscellaneous,https://www.vertexnetworking.co.uk/storage/product_images/677915b05725d_Optical-Drives-Gen.webp,$74.14,A7231-64009,https://www.vertexnetworking.co.uk/product/a7231-64009-hp-24x-speed-cd-rw-8x-dvd-rom-optical-drive.html
Vertex Networking,388036-706 - Compaq 40x Speed IDE 5.25-inch CD-ROM Drive,388036-706 - Compaq 40x Speed IDE 5.25-inch CD-ROM Drive Product Condition: Refurbished,https://www.vertexnetworking.co.uk/storage/product_images/677915b161174_Optical-Drives-Gen.webp,$74.14,388036-706,https://www.vertexnetworking.co.uk/product/388036-706-compaq-40x-speed-ide-5-25-inch-cd-rom-drive.html
Vertex Networking,A7163B - HP 8x Speed Slimline DVD-ROM Optical Drive,A7163B - HP 8x Speed Slimline DVD-ROM Optical Drive Product Condition: Refurbished,https://www.vertexnetworking.co.uk/storage/product_images/677915afd5eb8_Optical-Drives-Gen.webp,$74.14,A7163B,https://www.vertexnetworking.co.uk/product/a7163b-hp-8x-speed-slimline-dvd-rom-optical-drive.html
Vertex Networking,A7231-64006 - HP DVD / CD-RW Slimline Optical Drive,A7231-64006 - HP DVD / CD-RW Slimline Optical Drive Product Condition: Refurbished,https://www.vertexnetworking.co.uk/storage/product_images/677915b03c1e8_Optical-Drives-Gen.webp,$96.69,A7231-64006,https://www.vertexnetworking.co.uk/product/a7231-64006-hp-dvd-cd-rw-slimline-optical-drive.html
Vertex Networking,A6986-62001 - HP IDE Slimline CD-RW/DVD ROM Optical Drive,A6986-62001 - HP IDE Slimline CD-RW/DVD ROM Optical Drive Product Condition: Refurbished Miscellaneous,https://www.vertexnetworking.co.uk/storage/product_images/677915af7d559_Optical-Drives-Gen.webp,$131.28,A6986-62001,https://www.vertexnetworking.co.uk/product/a6986-62001-hp-ide-slimline-cd-rw-dvd-rom-optical-drive.html
Vertex Networking,A7163A - HP 8x Speed Slimline DVD-ROM Optical Drive,A7163A - HP 8x Speed Slimline DVD-ROM Optical Drive Product Condition: Refurbished Miscellaneous,https://www.vertexnetworking.co.uk/storage/product_images/677915afb51a9_Optical-Drives-Gen.webp,$66.62,A7163A,https://www.vertexnetworking.co.uk/product/a7163a-hp-8x-speed-slimline-dvd-rom-optical-drive.html
Vertex Networking,293371-001 - HP CD-ROM /Diskette Drive Assembly for ProLiant DL320 G2 Server,293371-001 - HP CD-ROM /Diskette Drive Assembly for ProLiant DL320 G2 Server Product Condition: Refurbished Miscellaneous,https://www.vertexnetworking.co.uk/storage/product_images/677915af38f01_Optical-Drives-Gen.webp,$66.62,293371-001,https://www.vertexnetworking.co.uk/product/293371-001-hp-cd-rom-diskette-drive-assembly-for-proliant-dl320-g2-server.html
Vertex Networking,AB615-62010 - HP 4x4x16X Speed DVD-RW Optical Drive,AB615-62010 - HP 4x4x16X Speed DVD-RW Optical Drive Product Condition: Refurbished,https://www.vertexnetworking.co.uk/storage/product_images/677915afe88c4_Optical-Drives-Gen.webp,$151.58,AB615-62010,https://www.vertexnetworking.co.uk/product/ab615-62010-hp-4x4x16x-speed-dvd-rw-optical-drive.html
Vertex Networking,A7231-00012 - HP DVD / CD-RW Slimline Optical Drive,A7231-00012 - HP DVD / CD-RW Slimline Optical Drive Product Condition: Refurbished,https://www.vertexnetworking.co.uk/storage/product_images/677915b001d20_Optical-Drives-Gen.webp,$74.14,A7231-00012,https://www.vertexnetworking.co.uk/product/a7231-00012-hp-dvd-cd-rw-slimline-optical-drive.html
Vertex Networking,A1658-60025 - HP 32X Speed SCSI-2 CD-ROM Optical Drive,A1658-60025 - HP 32X Speed SCSI-2 CD-ROM Optical Drive Product Condition: Refurbished,https://www.vertexnetworking.co.uk/storage/product_images/677915ae95e2c_Optical-Drives-Gen.webp,$131.28,A1658-60025,https://www.vertexnetworking.co.uk/product/a1658-60025-hp-32x-speed-scsi-2-cd-rom-optical-drive.html
Vertex Networking,AB615A - HP DVD+RW Optical Drive,AB615A - HP DVD+RW Optical Drive Product Condition: Refurbished,https://www.vertexnetworking.co.uk/storage/product_images/677915b010766_Optical-Drives-Gen.webp,$151.58,AB615A,https://www.vertexnetworking.co.uk/product/ab615a-hp-dvd-rw-optical-drive.html
Vertex Networking,286037-001 - HP / Compaq 16x Speed IDE CD-ROM Drive for Prosignia 200 / Presario 4000,286037-001 - HP / Compaq 16x Speed IDE CD-ROM Drive for Prosignia 200 / Presario 4000 Product Condition: Refurbished,https://www.vertexnetworking.co.uk/storage/product_images/677915af55011_Optical-Drives-Gen.webp,$86.17,286037-001,https://www.vertexnetworking.co.uk/product/286037-001-hp-compaq-16x-speed-ide-cd-rom-drive-for-prosignia-200-presario-4000.html
Vertex Networking,A3416A - HP 4x Speed CD-ROM Optical Drive,A3416A - HP 4x Speed CD-ROM Optical Drive Product Condition: Refurbished,https://www.vertexnetworking.co.uk/storage/product_images/677915aee68b9_Optical-Drives-Gen.webp,$66.62,A3416A,https://www.vertexnetworking.co.uk/product/a3416a-hp-4x-speed-cd-rom-optical-drive.html
Vertex Networking,288894-001 - HP 48x Speed IDE CD-ROM Drive for ProLiant ML350 G4p Server,288894-001 - HP 48x Speed IDE CD-ROM Drive for ProLiant ML350 G4p Server Product Condition: Refurbished Miscellaneous,https://www.vertexnetworking.co.uk/storage/product_images/677915af6fd53_Optical-Drives-Gen.webp,$66.62,288894-001,https://www.vertexnetworking.co.uk/product/288894-001-hp-48x-speed-ide-cd-rom-drive-for-proliant-ml350-g4p-server.html
Vertex Networking,285283-001 - HP 8x DVD-ROM Drive for Evo N800c / Presario 2800,285283-001 - HP 8x DVD-ROM Drive for Evo N800c / Presario 2800 Product Condition: Refurbished Miscellaneous,https://www.vertexnetworking.co.uk/storage/product_images/677915af1d582_Optical-Drives-Gen.webp,$66.62,285283-001,https://www.vertexnetworking.co.uk/product/285283-001-hp-8x-dvd-rom-drive-for-evo-n800c-presario-2800.html
Vertex Networking,A4190-60025 - HP CD-ROM Optical Drive,A4190-60025 - HP CD-ROM Optical Drive Product Condition: Refurbished,https://www.vertexnetworking.co.uk/storage/product_images/677915af0f6d7_Optical-Drives-Gen.webp,$66.62,A4190-60025,https://www.vertexnetworking.co.uk/product/a4190-60025-hp-cd-rom-optical-drive.html
Vertex Networking,290992-M31 - HP 16x Speed IDE DVD-ROM for AlphaServer ES45,290992-M31 - HP 16x Speed IDE DVD-ROM for AlphaServer ES45 Product Condition: Refurbished,https://www.vertexnetworking.co.uk/storage/product_images/677915af014f5_Optical-Drives-Gen.webp,$74.14,290992-M31,https://www.vertexnetworking.co.uk/product/290992-m31-hp-16x-speed-ide-dvd-rom-for-alphaserver-es45.html
Vertex Networking,A4389-60052 - HP CD-ROM Optical Drive,A4389-60052 - HP CD-ROM Optical Drive Product Condition: Refurbished,https://www.vertexnetworking.co.uk/storage/product_images/677915af47195_Optical-Drives-Gen.webp,$66.62,A4389-60052,https://www.vertexnetworking.co.uk/product/a4389-60052-hp-cd-rom-optical-drive.html
Vertex Networking,EDM-1300B - Sony 1.3GB 1024 Bytes/Sector R/W Magneto Optical Disk,EDM-1300B - Sony 1.3GB 1024 Bytes/Sector R/W Magneto Optical Disk Product Condition: New,https://www.vertexnetworking.co.uk/storage/product_images/677915afa79a0_Optical-Drives-Gen.webp,$72.63,EDM-1300B,https://www.vertexnetworking.co.uk/product/edm-1300b-sony-1-3gb-1024-bytes-sector-r-w-magneto-optical-disk.html
Vertex Networking,287182-001 - HP 48x Speed IDE CD-ROM Drive for ProLiant ML310 G1 Server,287182-001 - HP 48x Speed IDE CD-ROM Drive for ProLiant ML310 G1 Server Product Condition: Refurbished Miscellaneous,https://www.vertexnetworking.co.uk/storage/product_images/677915aed8cab_Optical-Drives-Gen.webp,$66.62,287182-001,https://www.vertexnetworking.co.uk/product/287182-001-hp-48x-speed-ide-cd-rom-drive-for-proliant-ml310-g1-server.html
Vertex Networking,289591-001 - HP 12/10/2.4/2.4/32/8X DVD + R/RW Optical Drive for Evo D320 Desktop,289591-001 - HP 12/10/2.4/2.4/32/8X DVD + R/RW Optical Drive for Evo D320 Desktop Product Condition: Refurbished,https://www.vertexnetworking.co.uk/storage/product_images/677915af8a892_Optical-Drives-Gen.webp,$134.29,289591-001,https://www.vertexnetworking.co.uk/product/289591-001-hp-12-10-2-4-2-4-32-8x-dvd-r-rw-optical-drive-for-evo-d320-desktop.html
Vertex Networking,A7163-04001 - HP 8X Speed Slimline DVD-ROM Optical Drive for rp4440 Server,A7163-04001 - HP 8X Speed Slimline DVD-ROM Optical Drive for rp4440 Server Product Condition: Refurbished,https://www.vertexnetworking.co.uk/storage/product_images/677915af982f3_Optical-Drives-Gen.webp,$66.62,A7163-04001,https://www.vertexnetworking.co.uk/product/a7163-04001-hp-8x-speed-slimline-dvd-rom-optical-drive-for-rp4440-server.html
Vertex Networking,A4325-60001 - HP 4 x SCSI 50-Pin CD-ROM Drive,A4325-60001 - HP 4 x SCSI 50-Pin CD-ROM Drive Product Condition: Refurbished,https://www.vertexnetworking.co.uk/storage/product_images/677915af2af4b_Optical-Drives-Gen.webp,$66.62,A4325-60001,https://www.vertexnetworking.co.uk/product/a4325-60001-hp-4-x-scsi-50-pin-cd-rom-drive.html
Vertex Networking,A4389-60091 - HP 40X Speed IDE CD-ROM Optical Drive,A4389-60091 - HP 40X Speed IDE CD-ROM Optical Drive Product Condition: Refurbished,https://www.vertexnetworking.co.uk/storage/product_images/677915af6261b_Optical-Drives-Gen.webp,$66.62,A4389-60091,https://www.vertexnetworking.co.uk/product/a4389-60091-hp-40x-speed-ide-cd-rom-optical-drive.html
Vertex Networking,D4389-60051 - HP Lite-On 48x Speed IDE 5.25-inch CD-ROM Drive,D4389-60051 - HP Lite-On 48x Speed IDE 5.25-inch CD-ROM Drive Product Condition: Refurbished,https://www.vertexnetworking.co.uk/storage/product_images/677915ae09a42_Optical-Drives-Gen.webp,$66.62,D4389-60051,https://www.vertexnetworking.co.uk/product/d4389-60051-hp-lite-on-48x-speed-ide-5-25-inch-cd-rom-drive.html
Vertex Networking,D4384-60072 - HP 32X Speed IDE CD-ROM Drive,D4384-60072 - HP 32X Speed IDE CD-ROM Drive Product Condition: Refurbished,https://www.vertexnetworking.co.uk/storage/product_images/677915ae6b240_Optical-Drives-Gen.webp,$66.62,D4384-60072,https://www.vertexnetworking.co.uk/product/d4384-60072-hp-32x-speed-ide-cd-rom-drive.html
Vertex Networking,D4383-60081 - HP 32x Speed CD-ROM Drive,D4383-60081 - HP 32x Speed CD-ROM Drive Product Condition: Refurbished,https://www.vertexnetworking.co.uk/storage/product_images/677915ae884fa_Optical-Drives-Gen.webp,$66.62,D4383-60081,https://www.vertexnetworking.co.uk/product/d4383-60081-hp-32x-speed-cd-rom-drive.html
Vertex Networking,D4383-60091 - HP 24X Speed Slimline CD-ROM Optical Drive,D4383-60091 - HP 24X Speed Slimline CD-ROM Optical Drive Product Condition: Refurbished,https://www.vertexnetworking.co.uk/storage/product_images/677915aea31dd_Optical-Drives-Gen.webp,$66.62,D4383-60091,https://www.vertexnetworking.co.uk/product/d4383-60091-hp-24x-speed-slimline-cd-rom-optical-drive.html
Vertex Networking,232320-001 - HP 48x Speed CD-ROM Drive for Business D320 / D315,232320-001 - HP 48x Speed CD-ROM Drive for Business D320 / D315 Product Condition: Refurbished Miscellaneous,https://www.vertexnetworking.co.uk/storage/product_images/677915ad65858_Optical-Drives-Gen.webp,$66.62,232320-001,https://www.vertexnetworking.co.uk/product/232320-001-hp-48x-speed-cd-rom-drive-for-business-d320-d315.html
Vertex Networking,7J385 - Dell 24X CD-ROM Unit and CD-RW Unit,7J385 - Dell 24X CD-ROM Unit and CD-RW Unit Product Condition: Refurbished,https://www.vertexnetworking.co.uk/storage/product_images/677915add3b1b_Optical-Drives-Gen.webp,$66.62,7J385,https://www.vertexnetworking.co.uk/product/7j385-dell-24x-cd-rom-unit-and-cd-rw-unit.html
Vertex Networking,F2B56AA - HP USB External DVD/RW Optical Drive,F2B56AA - HP USB External DVD/RW Optical Drive Product Condition: New Miscellaneous,https://www.vertexnetworking.co.uk/storage/product_images/677915adef984_Optical-Drives-Gen.webp,$116.24,F2B56AA,https://www.vertexnetworking.co.uk/product/f2b56aa-hp-usb-external-dvd-rw-optical-drive.html
Vertex Networking,D4384-60003 - HP 48X Speed IDE CD-ROM Optical Drive,D4384-60003 - HP 48X Speed IDE CD-ROM Optical Drive Product Condition: Refurbished,https://www.vertexnetworking.co.uk/storage/product_images/677915ae34fd6_Optical-Drives-Gen.webp,$66.62,D4384-60003,https://www.vertexnetworking.co.uk/product/d4384-60003-hp-48x-speed-ide-cd-rom-optical-drive.html
Vertex Networking,A1658-69002 - HP 4X Speed SCSI-2 CD-ROM Optical Drive,A1658-69002 - HP 4X Speed SCSI-2 CD-ROM Optical Drive Product Condition: Refurbished,https://www.vertexnetworking.co.uk/storage/product_images/677915aeb06d6_Optical-Drives-Gen.webp,$66.62,A1658-69002,https://www.vertexnetworking.co.uk/product/a1658-69002-hp-4x-speed-scsi-2-cd-rom-optical-drive.html
Vertex Networking,D4383A - HP 24X Max Speed IDE CD-ROM,D4383A - HP 24X Max Speed IDE CD-ROM Product Condition: Refurbished,https://www.vertexnetworking.co.uk/storage/product_images/677915aebe0ad_Optical-Drives-Gen.webp,$66.62,D4383A,https://www.vertexnetworking.co.uk/product/d4383a-hp-24x-max-speed-ide-cd-rom.html
Vertex Networking,7C287 - Dell 8X CD-RW C-Module,7C287 - Dell 8X CD-RW C-Module Product Condition: Refurbished,https://www.vertexnetworking.co.uk/storage/product_images/677915adb6d46_Optical-Drives-Gen.webp,$149.32,7C287,https://www.vertexnetworking.co.uk/product/7c287-dell-8x-cd-rw-c-module.html
Vertex Networking,D4384-60071 - HP Teac CD-532E 32X Speed IDE CD-ROM,D4384-60071 - HP Teac CD-532E 32X Speed IDE CD-ROM Product Condition: Refurbished,https://www.vertexnetworking.co.uk/storage/product_images/677915ae50903_Optical-Drives-Gen.webp,$66.62,D4384-60071,https://www.vertexnetworking.co.uk/product/d4384-60071-hp-teac-cd-532e-32x-speed-ide-cd-rom.html
Vertex Networking,9J331 - Dell 8X/4X/24X IDE Slim CD-RW Drive,9J331 - Dell 8X/4X/24X IDE Slim CD-RW Drive Product Condition: Refurbished,https://www.vertexnetworking.co.uk/storage/product_images/677915ae431b0_Optical-Drives-Gen.webp,$66.62,9J331,https://www.vertexnetworking.co.uk/product/9j331-dell-8x-4x-24x-ide-slim-cd-rw-drive.html
Vertex Networking,A3416-60001 - HP 4X Speed SCSI CD-ROM Optical Drive,A3416-60001 - HP 4X Speed SCSI CD-ROM Optical Drive Product Condition: New,https://www.vertexnetworking.co.uk/storage/product_images/677915aecb66c_Optical-Drives-Gen.webp,$181.65,A3416-60001,https://www.vertexnetworking.co.uk/product/a3416-60001-hp-4x-speed-scsi-cd-rom-optical-drive.html
Vertex Networking,D4389-60031 - HP 48x Speed IDE 5.25-inch CD-ROM for B2000 Workstation,D4389-60031 - HP 48x Speed IDE 5.25-inch CD-ROM for B2000 Workstation Product Condition: Refurbished,https://www.vertexnetworking.co.uk/storage/product_images/677915ade1a25_Optical-Drives-Gen.webp,$74.14,D4389-60031,https://www.vertexnetworking.co.uk/product/d4389-60031-hp-48x-speed-ide-5-25-inch-cd-rom-for-b2000-workstation.html
Vertex Networking,9P439 - Dell 8X CD-RW Drive,9P439 - Dell 8X CD-RW Drive Product Condition: Refurbished,https://www.vertexnetworking.co.uk/storage/product_images/677915ae5e097_Optical-Drives-Gen.webp,$66.62,9P439,https://www.vertexnetworking.co.uk/product/9p439-dell-8x-cd-rw-drive.html
Vertex Networking,D4384-60002 - HP 32X Speed IDE CD-ROM Drive for NetServer LH 3000 Server,D4384-60002 - HP 32X Speed IDE CD-ROM Drive for NetServer LH 3000 Server Product Condition: Refurbished,https://www.vertexnetworking.co.uk/storage/product_images/677915ae18132_Optical-Drives-Gen.webp,$66.62,D4384-60002,https://www.vertexnetworking.co.uk/product/d4384-60002-hp-32x-speed-ide-cd-rom-drive-for-netserver-lh-3000-server.html
Vertex Networking,9J323 - Dell 8X4X24X CD-RW Internal Combo Drive,9J323 - Dell 8X4X24X CD-RW Internal Combo Drive Product Condition: Refurbished,https://www.vertexnetworking.co.uk/storage/product_images/677915ae2609f_Optical-Drives-Gen.webp,$66.62,9J323,https://www.vertexnetworking.co.uk/product/9j323-dell-8x4x24x-cd-rw-internal-combo-drive.html
Vertex Networking,A1658-60018 - HP 12X Speed Internal CD-ROM Optical Drive,A1658-60018 - HP 12X Speed Internal CD-ROM Optical Drive Product Condition: Refurbished,https://www.vertexnetworking.co.uk/storage/product_images/677915ae78c66_Optical-Drives-Gen.webp,$74.14,A1658-60018,https://www.vertexnetworking.co.uk/product/a1658-60018-hp-12x-speed-internal-cd-rom-optical-drive.html
Vertex Networking,D4389-60001 - HP CRD-8480B 48x Speed IDE CD-ROM Drive,D4389-60001 - HP CRD-8480B 48x Speed IDE CD-ROM Drive Product Condition: Refurbished Miscellaneous,https://www.vertexnetworking.co.uk/storage/product_images/677915adc5b1f_Optical-Drives-Gen.webp,$119.25,D4389-60001,https://www.vertexnetworking.co.uk/product/d4389-60001-hp-crd-8480b-48x-speed-ide-cd-rom-drive.html
Vertex Networking,D4385-60001 - HP Teac CD-532E 32x Max Speed IDE CD-ROM for BladeSystem C3000 Server,D4385-60001 - HP Teac CD-532E 32x Max Speed IDE CD-ROM for BladeSystem C3000 Server Product Condition: Refurbished Miscellaneous,https://www.vertexnetworking.co.uk/storage/product_images/677915ad3ae2d_Optical-Drives-Gen.webp,$66.62,D4385-60001,https://www.vertexnetworking.co.uk/product/d4385-60001-hp-teac-cd-532e-32x-max-speed-ide-cd-rom-for-bladesystem-c3000-server.html
Vertex Networking,D4385-60031 - HP 32X Speed IDE CD-ROM Optical Drive,D4385-60031 - HP 32X Speed IDE CD-ROM Optical Drive Product Condition: Refurbished,https://www.vertexnetworking.co.uk/storage/product_images/677915ad7385f_Optical-Drives-Gen.webp,$66.62,D4385-60031,https://www.vertexnetworking.co.uk/product/d4385-60031-hp-32x-speed-ide-cd-rom-optical-drive.html
Vertex Networking,ND-3550A - HP DVD/CD-RW Optical Drive,ND-3550A - HP DVD/CD-RW Optical Drive Product Condition: Refurbished,https://www.vertexnetworking.co.uk/storage/product_images/677915ac7c730_Optical-Drives-Gen.webp,$80.15,ND-3550A,https://www.vertexnetworking.co.uk/product/nd-3550a-hp-dvd-cd-rw-optical-drive.html
Vertex Networking,D4398-60041 - HP SureStore 4x Speed EIDE / ATAPI CD-Writer,D4398-60041 - HP SureStore 4x Speed EIDE / ATAPI CD-Writer Product Condition: New,https://www.vertexnetworking.co.uk/storage/product_images/677915acd6b33_Optical-Drives-Gen.webp,$149.32,D4398-60041,https://www.vertexnetworking.co.uk/product/d4398-60041-hp-surestore-4x-speed-eide-atapi-cd-writer.html
Vertex Networking,7F442 - Dell 8X CD-RW CD-ROM Unit,7F442 - Dell 8X CD-RW CD-ROM Unit Product Condition: Refurbished,https://www.vertexnetworking.co.uk/storage/product_images/677915ac52bb3_Optical-Drives-Gen.webp,$66.62,7F442,https://www.vertexnetworking.co.uk/product/7f442-dell-8x-cd-rw-cd-rom-unit.html
Vertex Networking,D4389-60081 - HP 48x Max Speed IDE CD-ROM Drive for Vectra VL420 Desktop,D4389-60081 - HP 48x Max Speed IDE CD-ROM Drive for Vectra VL420 Desktop Product Condition: Refurbished,https://www.vertexnetworking.co.uk/storage/product_images/677915ac8bd7e_Optical-Drives-Gen.webp,$66.62,D4389-60081,https://www.vertexnetworking.co.uk/product/d4389-60081-hp-48x-max-speed-ide-cd-rom-drive-for-vectra-vl420-desktop.html
Vertex Networking,C16310-004 - HP DVD-ROM Optical Drive,C16310-004 - HP DVD-ROM Optical Drive Product Condition: Refurbished,https://www.vertexnetworking.co.uk/storage/product_images/677915ac60a23_Optical-Drives-Gen.webp,$384.66,C16310-004,https://www.vertexnetworking.co.uk/product/c16310-004-hp-dvd-rom-optical-drive.html
Vertex Networking,D4385-60021 - HP Teac CD-532E 32X Speed IDE CD-ROM Drive,D4385-60021 - HP Teac CD-532E 32X Speed IDE CD-ROM Drive Product Condition: Refurbished Miscellaneous,https://www.vertexnetworking.co.uk/storage/product_images/677915ad583f9_Optical-Drives-Gen.webp,$66.62,D4385-60021,https://www.vertexnetworking.co.uk/product/d4385-60021-hp-teac-cd-532e-32x-speed-ide-cd-rom-drive.html
Vertex Networking,232315-001 - HP / Compaq 12x / 8x / 32x CD-RW Drive for Evo 8000 / 6000 Deskpro IPAQ,232315-001 - HP / Compaq 12x / 8x / 32x CD-RW Drive for Evo 8000 / 6000 Deskpro IPAQ Product Condition: Refurbished,https://www.vertexnetworking.co.uk/storage/product_images/677915ad2d5cd_Optical-Drives-Gen.webp,$96.69,232315-001,https://www.vertexnetworking.co.uk/product/232315-001-hp-compaq-12x-8x-32x-cd-rw-drive-for-evo-8000-6000-deskpro-ipaq.html
Vertex Networking,228508-001 - HP 24X Speed IDE Slimline CD-ROM Optical Drive for ProLiant DL380 G3 Server,228508-001 - HP 24X Speed IDE Slimline CD-ROM Optical Drive for ProLiant DL380 G3 Server Product Condition: Refurbished Miscellaneous,https://www.vertexnetworking.co.uk/storage/product_images/677915ace672e_Optical-Drives-Gen.webp,$66.62,228508-001,https://www.vertexnetworking.co.uk/product/228508-001-hp-24x-speed-ide-slimline-cd-rom-optical-drive-for-proliant-dl380-g3-server.html
Vertex Networking,D4384-60081 - HP 32x Speed CD-ROM Drive,D4384-60081 - HP 32x Speed CD-ROM Drive Product Condition: Refurbished Miscellaneous,https://www.vertexnetworking.co.uk/storage/product_images/677915ad00895_Optical-Drives-Gen.webp,$66.62,D4384-60081,https://www.vertexnetworking.co.uk/product/d4384-60081-hp-32x-speed-cd-rom-drive.html
Vertex Networking,MKT6V - Dell 12X Internal DVD-ROM,MKT6V - Dell 12X Internal DVD-ROM Product Condition: Refurbished,https://www.vertexnetworking.co.uk/storage/product_images/677915acc7bc6_MKT6V-o.webp,$66.62,MKT6V,https://www.vertexnetworking.co.uk/product/mkt6v-dell-12x-internal-dvd-rom.html
Vertex Networking,D4389-60052 - HP 48X Max Speed IDE 5.25 -inch CD-ROM Drive,D4389-60052 - HP 48X Max Speed IDE 5.25 -inch CD-ROM Drive Product Condition: Refurbished,https://www.vertexnetworking.co.uk/storage/product_images/677915ac6e68f_Optical-Drives-Gen.webp,$102.71,D4389-60052,https://www.vertexnetworking.co.uk/product/d4389-60052-hp-48x-max-speed-ide-5-25-inch-cd-rom-drive.html
Vertex Networking,D4388-69018 - HP 16x Speed Max Speed IDE DVD-ROM / 40x Max Speed CD-ROM for tc2110 Server,D4388-69018 - HP 16x Speed Max Speed IDE DVD-ROM / 40x Max Speed CD-ROM for tc2110 Server Product Condition: Refurbished Miscellaneous,https://www.vertexnetworking.co.uk/storage/product_images/677915ada8997_Optical-Drives-Gen.webp,$74.14,D4388-69018,https://www.vertexnetworking.co.uk/product/d4388-69018-hp-16x-speed-max-speed-ide-dvd-rom-40x-max-speed-cd-rom-for-tc2110-server.html
Vertex Networking,228746-001 - HP 24x Speed IDE Plug-in-Module CD-ROM Drive for EVO N500,228746-001 - HP 24x Speed IDE Plug-in-Module CD-ROM Drive for EVO N500 Product Condition: Refurbished Miscellaneous,https://www.vertexnetworking.co.uk/storage/product_images/677915ad0e6e4_Optical-Drives-Gen.webp,$86.17,228746-001,https://www.vertexnetworking.co.uk/product/228746-001-hp-24x-speed-ide-plug-in-module-cd-rom-drive-for-evo-n500.html
Vertex Networking,D4384-63003 - HP 48XMax Speed IDE CD-ROM Drive for NetServer E200,D4384-63003 - HP 48XMax Speed IDE CD-ROM Drive for NetServer E200 Product Condition: New,https://www.vertexnetworking.co.uk/storage/product_images/677915ad1ecfc_Optical-Drives-Gen.webp,$119.25,D4384-63003,https://www.vertexnetworking.co.uk/product/d4384-63003-hp-48xmax-speed-ide-cd-rom-drive-for-netserver-e200.html
Vertex Networking,Dell - 7YNX2 - 16x DVDÃ‚Â±RW SATA Internal Optical Drive,Dell - 7YNX2 - 16x DVDÃ‚Â±RW SATA Internal Optical Drive Product Condition: Refurbished,https://www.vertexnetworking.co.uk/storage/product_images/677915ad81d52_Optical-Drives-Gen.webp,$66.62,7YNX2,https://www.vertexnetworking.co.uk/product/7ynx2-dell-16x-dvd-rw-drive.html
Vertex Networking,232319-001 - HP 16X Max Speed IDE DVD-ROM for Evo D300 Desktop,232319-001 - HP 16X Max Speed IDE DVD-ROM for Evo D300 Desktop Product Condition: Refurbished,https://www.vertexnetworking.co.uk/storage/product_images/677915ad4a9c1_Optical-Drives-Gen.webp,$76.39,232319-001,https://www.vertexnetworking.co.uk/product/232319-001-hp-16x-max-speed-ide-dvd-rom-for-evo-d300-desktop.html
Vertex Networking,C13074-300 - HP DVD-ROM Optical Drive,C13074-300 - HP DVD-ROM Optical Drive Product Condition: Refurbished,https://www.vertexnetworking.co.uk/storage/product_images/677915ac43aff_Optical-Drives-Gen.webp,$384.66,C13074-300,https://www.vertexnetworking.co.uk/product/c13074-300-hp-dvd-rom-optical-drive.html
Vertex Networking,661-5243 - Apple 8x SATA Slot Optical Super Drive for Mac Mini,661-5243 - Apple 8x SATA Slot Optical Super Drive for Mac Mini Product Condition: Refurbished,https://www.vertexnetworking.co.uk/storage/product_images/677915abf04af_Optical-Drives-Gen.webp,$66.62,661-5243,https://www.vertexnetworking.co.uk/product/661-5243-apple-8x-sata-slot-optical-super-drive-for-mac-mini.html
Vertex Networking,7DTM5 - Dell 8X SFF SATA DVD-RW Drive,7DTM5 - Dell 8X SFF SATA DVD-RW Drive Product Condition: Refurbished,https://www.vertexnetworking.co.uk/storage/product_images/677915ac3608e_Optical-Drives-Gen.webp,$93.68,7DTM5,https://www.vertexnetworking.co.uk/product/7dtm5-dell-8x-sff-sata-dvd-rw-drive.html
Vertex Networking,G7307 - Dell 8X Slimline Internal DVD-RW Drive (Black),G7307 - Dell 8X Slimline Internal DVD-RW Drive (Black) Product Condition: Refurbished,https://www.vertexnetworking.co.uk/storage/product_images/677915aba7486_Optical-Drives-Gen.webp,$66.62,G7307,https://www.vertexnetworking.co.uk/product/g7307-dell-8x-slimline-internal-dvd-rw-drive-black-.html
Vertex Networking,FH991 - Dell Assembly CD 48X HH HLDS Black,FH991 - Dell Assembly CD 48X HH HLDS Black Product Condition: Refurbished,https://www.vertexnetworking.co.uk/storage/product_images/677915ab6ac59_Optical-Drives-Gen.webp,$80.15,FH991,https://www.vertexnetworking.co.uk/product/fh991-dell-assembly-cd-48x-hh-hlds-black.html
Vertex Networking,661-4490 - Apple 24x PATA CD-RW / DVD-ROM Combo Drive for MacBook 13,661-4490 - Apple 24x PATA CD-RW / DVD-ROM Combo Drive for MacBook 13 Product Condition: Refurbished,https://www.vertexnetworking.co.uk/storage/product_images/677915ab98a90_Optical-Drives-Gen.webp,$66.62,661-4490,https://www.vertexnetworking.co.uk/product/661-4490-apple-24x-pata-cd-rw-dvd-rom-combo-drive-for-macbook-13.html
Vertex Networking,C1113M - HP 9.1GB Internal Optical Drive,C1113M - HP 9.1GB Internal Optical Drive Product Condition: Refurbished Miscellaneous,https://www.vertexnetworking.co.uk/storage/product_images/677915ac26f07_Optical-Drives-Gen.webp,$279.40,C1113M,https://www.vertexnetworking.co.uk/product/c1113m-hp-9-1gb-internal-optical-drive.html
Vertex Networking,C0XPY - Dell Super Multi DVD-RW Drive,C0XPY - Dell Super Multi DVD-RW Drive Product Condition: Refurbished,https://www.vertexnetworking.co.uk/storage/product_images/677915abe245c_Optical-Drives-Gen.webp,$66.62,C0XPY,https://www.vertexnetworking.co.uk/product/c0xpy-dell-super-multi-dvd-rw-drive.html
Vertex Networking,G4057 - Dell CD-RW/DVD 48x32 IDE Hh Hlds Mg,G4057 - Dell CD-RW/DVD 48x32 IDE Hh Hlds Mg Product Condition: Refurbished,https://www.vertexnetworking.co.uk/storage/product_images/677915ab86693_Optical-Drives-Gen.webp,$66.62,G4057,https://www.vertexnetworking.co.uk/product/g4057-dell-cd-rw-dvd-48x32-ide-hh-hlds-mg.html
Vertex Networking,C1113-06014 - HP Magneto 9.1GB Rewrite Optical Disk Drive,C1113-06014 - HP Magneto 9.1GB Rewrite Optical Disk Drive Product Condition: Refurbished,https://www.vertexnetworking.co.uk/storage/product_images/677915ac0a3f9_Optical-Drives-Gen.webp,$344.81,C1113-06014,https://www.vertexnetworking.co.uk/product/c1113-06014-hp-magneto-9-1gb-rewrite-optical-disk-drive.html
Vertex Networking,661-4091 - Apple 8X Dual Layer PATA DVD-R / CD-RW Super Drive for MacBook / MacBook Pro,661-4091 - Apple 8X Dual Layer PATA DVD-R / CD-RW Super Drive for MacBook / MacBook Pro Product Condition: Refurbished,https://www.vertexnetworking.co.uk/storage/product_images/677915ab78b97_Optical-Drives-Gen.webp,$66.62,661-4091,https://www.vertexnetworking.co.uk/product/661-4091-apple-8x-dual-layer-pata-dvd-r-cd-rw-super-drive-for-macbook-macbook-pro.html
Vertex Networking,433618-B21 - HP Slimline DVD/CD-RW Combo Drive for ProLiant DL320 G3 Server,433618-B21 - HP Slimline DVD/CD-RW Combo Drive for ProLiant DL320 G3 Server Product Condition: Refurbished,https://www.vertexnetworking.co.uk/storage/product_images/677915aa8db52_Optical-Drives-Gen.webp,$161.35,433618-B21,https://www.vertexnetworking.co.uk/product/433618-b21-hp-slimline-dvd-cd-rw-combo-drive-for-proliant-dl320-g3-server.html
Vertex Networking,CN269-67010 - HP SATA DVD-RW Drive with Cable,CN269-67010 - HP SATA DVD-RW Drive with Cable Product Condition: New Miscellaneous,https://www.vertexnetworking.co.uk/storage/product_images/677915ab1b7a0_Optical-Drives-Gen.webp,$83.91,CN269-67010,https://www.vertexnetworking.co.uk/product/cn269-67010-hp-sata-dvd-rw-drive-with-cable.html
Vertex Networking,661-5523 - Apple 18X 12.7mm DVD-R / CD-RW Super Drive for iMac 21.5/27,661-5523 - Apple 18X 12.7mm DVD-R / CD-RW Super Drive for iMac 21.5/27 Product Condition: Refurbished Miscellaneous,https://www.vertexnetworking.co.uk/storage/product_images/677915ac18100_Optical-Drives-Gen.webp,$66.62,661-5523,https://www.vertexnetworking.co.uk/product/661-5523-apple-18x-12-7mm-dvd-r-cd-rw-super-drive-for-imac-21-5-27.html
Vertex Networking,661-5202 - Apple 9.5mm SATA Super Optical Drive for MacBook Pro 17,661-5202 - Apple 9.5mm SATA Super Optical Drive for MacBook Pro 17 Product Condition: Refurbished Miscellaneous,https://www.vertexnetworking.co.uk/storage/product_images/677915abd2b6d_Optical-Drives-Gen.webp,$66.62,661-5202,https://www.vertexnetworking.co.uk/product/661-5202-apple-9-5mm-sata-super-optical-drive-for-macbook-pro-17.html
Vertex Networking,CRX217E - Sony 48X/32X/48X IDE Internal CD-RW Drive,CRX217E - Sony 48X/32X/48X IDE Internal CD-RW Drive Product Condition: Refurbished,https://www.vertexnetworking.co.uk/storage/product_images/677915aad66aa_Optical-Drives-Gen.webp,$66.62,CRX217E,https://www.vertexnetworking.co.uk/product/crx217e-sony-48x-32x-48x-ide-internal-cd-rw-drive.html
Vertex Networking,G9051 - Dell 24X CD-RW/DVD Combo Drive,G9051 - Dell 24X CD-RW/DVD Combo Drive Product Condition: Refurbished,https://www.vertexnetworking.co.uk/storage/product_images/677915abc4a22_Optical-Drives-Gen.webp,$66.62,G9051,https://www.vertexnetworking.co.uk/product/g9051-dell-24x-cd-rw-dvd-combo-drive.html
Vertex Networking,CRX310EE - Sony 48X/32X IDE Internal CD-RW/DVD-ROM Combo Drive,CRX310EE - Sony 48X/32X IDE Internal CD-RW/DVD-ROM Combo Drive Product Condition: Refurbished,https://www.vertexnetworking.co.uk/storage/product_images/677915aaf2f0d_Optical-Drives-Gen.webp,$108.72,CRX310EE,https://www.vertexnetworking.co.uk/product/crx310ee-sony-48x-32x-ide-internal-cd-rw-dvd-rom-combo-drive.html
Vertex Networking,661-4702 - Apple 8X Double Layer PATA Super Drive for MacBook,661-4702 - Apple 8X Double Layer PATA Super Drive for MacBook Product Condition: Refurbished Miscellaneous,https://www.vertexnetworking.co.uk/storage/product_images/677915ab5d150_Optical-Drives-Gen.webp,$66.62,661-4702,https://www.vertexnetworking.co.uk/product/661-4702-apple-8x-double-layer-pata-super-drive-for-macbook.html
Vertex Networking,661-5959 - Apple 8X SATA Super Optical Drive for MacBook Pro 17,661-5959 - Apple 8X SATA Super Optical Drive for MacBook Pro 17 Product Condition: Refurbished,https://www.vertexnetworking.co.uk/storage/product_images/677915aae4b82_Optical-Drives-Gen.webp,$66.62,661-5959,https://www.vertexnetworking.co.uk/product/661-5959-apple-8x-sata-super-optical-drive-for-macbook-pro-17.html
Vertex Networking,661-4604 - Apple 8X DVD Rewriter Optical Drive for MacBook Pro 15,661-4604 - Apple 8X DVD Rewriter Optical Drive for MacBook Pro 15 Product Condition: Refurbished,https://www.vertexnetworking.co.uk/storage/product_images/677915abb5da1_Optical-Drives-Gen.webp,$66.62,661-4604,https://www.vertexnetworking.co.uk/product/661-4604-apple-8x-dvd-rewriter-optical-drive-for-macbook-pro-15.html
Vertex Networking,661-4622 - Apple 8X Double-Layer PATA Super Drive for MacBook Pro 17,661-4622 - Apple 8X Double-Layer PATA Super Drive for MacBook Pro 17 Product Condition: Refurbished,https://www.vertexnetworking.co.uk/storage/product_images/677915ab0d67b_Optical-Drives-Gen.webp,$66.62,661-4622,https://www.vertexnetworking.co.uk/product/661-4622-apple-8x-double-layer-pata-super-drive-for-macbook-pro-17.html
Vertex Networking,419498-001 - HP 16X Speed SATA DVD-/+RW with LightScribe Optical Drive,419498-001 - HP 16X Speed SATA DVD-/+RW with LightScribe Optical Drive Product Condition: Refurbished,https://www.vertexnetworking.co.uk/storage/product_images/677915aa51ad9_Optical-Drives-Gen.webp,$66.62,419498-001,https://www.vertexnetworking.co.uk/product/419498-001-hp-16x-speed-sata-dvd-rw-with-lightscribe-optical-drive.html
Vertex Networking,506468-001 - HP 8X Speed SATA DVD-RW/CD-RW Optical Drive,506468-001 - HP 8X Speed SATA DVD-RW/CD-RW Optical Drive Product Condition: Refurbished,https://www.vertexnetworking.co.uk/storage/product_images/677915aa05e43_Optical-Drives-Gen.webp,$144.06,506468-001,https://www.vertexnetworking.co.uk/product/506468-001-hp-8x-speed-sata-dvd-rw-cd-rw-optical-drive.html
Vertex Networking,504941-001 - HP 6 x Blu-Ray Drive DVD-RW Burner,504941-001 - HP 6 x Blu-Ray Drive DVD-RW Burner Product Condition: Refurbished,https://www.vertexnetworking.co.uk/storage/product_images/677915aa7fa49_Optical-Drives-Gen.webp,$151.58,504941-001,https://www.vertexnetworking.co.uk/product/504941-001-hp-6-x-blu-ray-drive-dvd-rw-burner.html
Vertex Networking,419497-001 - HP 48x / 32x Speed CD-RW / DVD SATA Combo Optical Drive,419497-001 - HP 48x / 32x Speed CD-RW / DVD SATA Combo Optical Drive Product Condition: Refurbished,https://www.vertexnetworking.co.uk/storage/product_images/677915aa332f4_Optical-Drives-Gen.webp,$66.62,419497-001,https://www.vertexnetworking.co.uk/product/419497-001-hp-48x-32x-speed-cd-rw-dvd-sata-combo-optical-drive.html
Vertex Networking,Dell - CR582 - Black Front Bezel SATA DVD-ROM CD-RW Optical Drive,Dell - CR582 - Black Front Bezel SATA DVD-ROM CD-RW Optical Drive Product Condition: Refurbished,https://www.vertexnetworking.co.uk/storage/product_images/677915aab812a_Optical-Drives-Gen.webp,$78.65,CR582,https://www.vertexnetworking.co.uk/product/cr582-dell-cd-rw-dvd-drive.html
Vertex Networking,417182-001 - HP 8X Speed SATA DVD-RW Optical Drive,417182-001 - HP 8X Speed SATA DVD-RW Optical Drive Product Condition: Refurbished,https://www.vertexnetworking.co.uk/storage/product_images/677915a9e8df6_Optical-Drives-Gen.webp,$66.62,417182-001,https://www.vertexnetworking.co.uk/product/417182-001-hp-8x-speed-sata-dvd-rw-optical-drive.html
Vertex Networking,416757-001 - HP 9.5mm 24X Speed CD/DVD-ROM Optical Drive,416757-001 - HP 9.5mm 24X Speed CD/DVD-ROM Optical Drive Product Condition: Refurbished,https://www.vertexnetworking.co.uk/storage/product_images/677915a9dbd2e_Optical-Drives-Gen.webp,$96.69,416757-001,https://www.vertexnetworking.co.uk/product/416757-001-hp-9-5mm-24x-speed-cd-dvd-rom-optical-drive.html
Vertex Networking,280119-830 - HP IDE CD-RW/DVD-ROM Optical Drive,280119-830 - HP IDE CD-RW/DVD-ROM Optical Drive Product Condition: Refurbished,https://www.vertexnetworking.co.uk/storage/product_images/677915a9a69f7_Optical-Drives-Gen.webp,$66.62,280119-830,https://www.vertexnetworking.co.uk/product/280119-830-hp-ide-cd-rw-dvd-rom-optical-drive.html
Vertex Networking,416175-MDO - HP CD-RW/DVD-ROM Optical Drive for BladeSystem BLc3000,416175-MDO - HP CD-RW/DVD-ROM Optical Drive for BladeSystem BLc3000 Product Condition: Refurbished,https://www.vertexnetworking.co.uk/storage/product_images/677915a9b411f_Optical-Drives-Gen.webp,$96.69,416175-MDO,https://www.vertexnetworking.co.uk/product/416175-mdo-hp-cd-rw-dvd-rom-optical-drive-for-bladesystem-blc3000.html
Vertex Networking,661-5933 - Apple SATA DVD-R / CD-RW Super Drive for iMac 21.5,661-5933 - Apple SATA DVD-R / CD-RW Super Drive for iMac 21.5 Product Condition: Refurbished,https://www.vertexnetworking.co.uk/storage/product_images/677915aac5790_Optical-Drives-Gen.webp,$66.62,661-5933,https://www.vertexnetworking.co.uk/product/661-5933-apple-sata-dvd-r-cd-rw-super-drive-for-imac-21-5.html
Vertex Networking,419496-001 - HP 16x Speed SATA DVD-ROM,419496-001 - HP 16x Speed SATA DVD-ROM Product Condition: Refurbished Miscellaneous,https://www.vertexnetworking.co.uk/storage/product_images/677915aa1808b_Optical-Drives-Gen.webp,$66.62,419496-001,https://www.vertexnetworking.co.uk/product/419496-001-hp-16x-speed-sata-dvd-rom.html
Vertex Networking,5183-7739 - HP 32x Speed SCSI Pluggable CD-ROM Drive,5183-7739 - HP 32x Speed SCSI Pluggable CD-ROM Drive Product Condition: Refurbished Miscellaneous,https://www.vertexnetworking.co.uk/storage/product_images/677915aa41591_Optical-Drives-Gen.webp,$131.28,5183-7739,https://www.vertexnetworking.co.uk/product/5183-7739-hp-32x-speed-scsi-pluggable-cd-rom-drive.html
Vertex Networking,05K9267 - IBM CD-Reader - Plug-in Module - 24x - IDE,05K9267 - IBM CD-Reader - Plug-in Module - 24x - IDE Product Condition: Refurbished,https://www.vertexnetworking.co.uk/storage/product_images/677915a9992ad_Optical-Drives-Gen.webp,$66.62,05K9267,https://www.vertexnetworking.co.uk/product/05k9267-ibm-cd-reader-plug-in-module-24x-ide.html
Vertex Networking,5187-2634 - HP 4X Speed DVD-RW IDE Optical Drive,5187-2634 - HP 4X Speed DVD-RW IDE Optical Drive Product Condition: Refurbished,https://www.vertexnetworking.co.uk/storage/product_images/677915aa5ec89_Optical-Drives-Gen.webp,$140.30,5187-2634,https://www.vertexnetworking.co.uk/product/5187-2634-hp-4x-speed-dvd-rw-ide-optical-drive.html
Vertex Networking,5090-5116 - HP DVD / CD-RW Slimline Optical Drive,5090-5116 - HP DVD / CD-RW Slimline Optical Drive Product Condition: Refurbished,https://www.vertexnetworking.co.uk/storage/product_images/677915aa25c4d_Optical-Drives-Gen.webp,$74.14,5090-5116,https://www.vertexnetworking.co.uk/product/5090-5116-hp-dvd-cd-rw-slimline-optical-drive.html
Vertex Networking,416176-001 - HP 8x DVD-ROM Optical Drive for ProLiant DL320 G5,416176-001 - HP 8x DVD-ROM Optical Drive for ProLiant DL320 G5 Product Condition: Refurbished,https://www.vertexnetworking.co.uk/storage/product_images/677915a9c1538_Optical-Drives-Gen.webp,$221.50,416176-001,https://www.vertexnetworking.co.uk/product/416176-001-hp-8x-dvd-rom-optical-drive-for-proliant-dl320-g5.html
Vertex Networking,432880-B21 - HP 9.5mm 24X Speed Slimline CD-RW/DVD-ROM Optical Drive for ProLiant DL145 G3 Server,432880-B21 - HP 9.5mm 24X Speed Slimline CD-RW/DVD-ROM Optical Drive for ProLiant DL145 G3 Server Product Condition: Refurbished Miscellaneous,https://www.vertexnetworking.co.uk/storage/product_images/677915aa7070c_Optical-Drives-Gen.webp,$131.28,432880-B21,https://www.vertexnetworking.co.uk/product/432880-b21-hp-9-5mm-24x-speed-slimline-cd-rw-dvd-rom-optical-drive-for-proliant-dl145-g3-server.html
Vertex Networking,505835-B21 - HP 8X Speed DVD-RW Optical Drive,505835-B21 - HP 8X Speed DVD-RW Optical Drive Product Condition: Refurbished Miscellaneous,https://www.vertexnetworking.co.uk/storage/product_images/677915aa9c81f_Optical-Drives-Gen.webp,$141.80,505835-B21,https://www.vertexnetworking.co.uk/product/505835-b21-hp-8x-speed-dvd-rw-optical-drive.html
Vertex Networking,416575-001 - HP DVD / CD-RW Drive for ProLiant DL145 G3,416575-001 - HP DVD / CD-RW Drive for ProLiant DL145 G3 Product Condition: Refurbished,https://www.vertexnetworking.co.uk/storage/product_images/677915a9ce53e_Optical-Drives-Gen.webp,$131.28,416575-001,https://www.vertexnetworking.co.uk/product/416575-001-hp-dvd-cd-rw-drive-for-proliant-dl145-g3.html
Vertex Networking,661-5283 - Apple DVD / CD-RW Drive for iMac 27,661-5283 - Apple DVD / CD-RW Drive for iMac 27 Product Condition: Refurbished,https://www.vertexnetworking.co.uk/storage/product_images/677915aaaa630_Optical-Drives-Gen.webp,$66.62,661-5283,https://www.vertexnetworking.co.uk/product/661-5283-apple-dvd-cd-rw-drive-for-imac-27.html
Vertex Networking,286303-001 - HP / Compaq 40X10X Speed IDE CD-RW Optical Drive,286303-001 - HP / Compaq 40X10X Speed IDE CD-RW Optical Drive Product Condition: Refurbished,https://www.vertexnetworking.co.uk/storage/product_images/677915a860737_Optical-Drives-Gen.webp,$91.43,286303-001,https://www.vertexnetworking.co.uk/product/286303-001-hp-compaq-40x10x-speed-ide-cd-rw-optical-drive.html
Vertex Networking,80N64 - Dell Slimline DVD-ROM Drive,80N64 - Dell Slimline DVD-ROM Drive Product Condition: Refurbished,https://www.vertexnetworking.co.uk/storage/product_images/677915a922f1d_Optical-Drives-Gen.webp,$66.62,80N64,https://www.vertexnetworking.co.uk/product/80n64-dell-slimline-dvd-rom-drive.html
Vertex Networking,A5990-64003 - HP Slimline 24X Speed CD-RW/DVD ROM Optical Driver,A5990-64003 - HP Slimline 24X Speed CD-RW/DVD ROM Optical Driver Product Condition: Refurbished,https://www.vertexnetworking.co.uk/storage/product_images/677915a89029f_Optical-Drives-Gen.webp,$161.35,A5990-64003,https://www.vertexnetworking.co.uk/product/a5990-64003-hp-slimline-24x-speed-cd-rw-dvd-rom-optical-driver.html
Vertex Networking,0TDCTC - Dell Internal DVD-RW Slimline Drive,0TDCTC - Dell Internal DVD-RW Slimline Drive Product Condition: Refurbished,https://www.vertexnetworking.co.uk/storage/product_images/677915a962410_Optical-Drives-Gen.webp,$78.65,0TDCTC,https://www.vertexnetworking.co.uk/product/0tdctc-dell-internal-dvd-rw-slimline-drive.html
Vertex Networking,294461-001 - HP 10x / 32x Speed DVD-ROM Drive,294461-001 - HP 10x / 32x Speed DVD-ROM Drive Product Condition: Refurbished,https://www.vertexnetworking.co.uk/storage/product_images/677915a8b9534_Optical-Drives-Gen.webp,$74.14,294461-001,https://www.vertexnetworking.co.uk/product/294461-001-hp-10x-32x-speed-dvd-rom-drive.html
Vertex Networking,294766-906 - HP / Compaq CD-RW Optical Drive for ProLiant DL320 Server,294766-906 - HP / Compaq CD-RW Optical Drive for ProLiant DL320 Server Product Condition: Refurbished,https://www.vertexnetworking.co.uk/storage/product_images/677915a915566_Optical-Drives-Gen.webp,$119.25,294766-906,https://www.vertexnetworking.co.uk/product/294766-906-hp-compaq-cd-rw-optical-drive-for-proliant-dl320-server.html
Vertex Networking,99Y1474 - IBM SATA DVD Burner with Bracket for SurePOS 700,99Y1474 - IBM SATA DVD Burner with Bracket for SurePOS 700 Product Condition: New,https://www.vertexnetworking.co.uk/storage/product_images/677915a83ecc8_Optical-Drives-Gen.webp,$93.68,99Y1474,https://www.vertexnetworking.co.uk/product/99y1474-ibm-sata-dvd-burner-with-bracket-for-surepos-700.html
Vertex Networking,96FCD - Dell Inspiron 2000 8X DVD Module,96FCD - Dell Inspiron 2000 8X DVD Module Product Condition: Refurbished,https://www.vertexnetworking.co.uk/storage/product_images/677915a7d638d_Optical-Drives-Gen.webp,$91.43,96FCD,https://www.vertexnetworking.co.uk/product/96fcd-dell-inspiron-2000-8x-dvd-module.html
Vertex Networking,294766-935 - HP 24x Slimline CD-RW / DVD-ROM Combo Drive for ProLiant ML570 Server,294766-935 - HP 24x Slimline CD-RW / DVD-ROM Combo Drive for ProLiant ML570 Server Product Condition: Refurbished,https://www.vertexnetworking.co.uk/storage/product_images/677915a930f4d_Optical-Drives-Gen.webp,$66.62,294766-935,https://www.vertexnetworking.co.uk/product/294766-935-hp-24x-slimline-cd-rw-dvd-rom-combo-drive-for-proliant-ml570-server.html
Vertex Networking,A5990-64001 - HP Slimline CD-RW/DVD ROM for Integrity rx2620 Server,A5990-64001 - HP Slimline CD-RW/DVD ROM for Integrity rx2620 Server Product Condition: Refurbished Miscellaneous,https://www.vertexnetworking.co.uk/storage/product_images/677915a86f014_Optical-Drives-Gen.webp,$74.14,A5990-64001,https://www.vertexnetworking.co.uk/product/a5990-64001-hp-slimline-cd-rw-dvd-rom-for-integrity-rx2620-server.html
Vertex Networking,07FJM - Dell SFF Slim line SATA DVD-RW Drive,07FJM - Dell SFF Slim line SATA DVD-RW Drive Product Condition: Refurbished,https://www.vertexnetworking.co.uk/storage/product_images/677915a97d5a1_Optical-Drives-Gen.webp,$72.63,07FJM,https://www.vertexnetworking.co.uk/product/07fjm-dell-sff-slim-line-sata-dvd-rw-drive.html
Vertex Networking,0X8579 - Dell 16X DVD-ROM IDE 5.25-inch Optical Drive,0X8579 - Dell 16X DVD-ROM IDE 5.25-inch Optical Drive Product Condition: Refurbished,https://www.vertexnetworking.co.uk/storage/product_images/677915a940e09_Optical-Drives-Gen.webp,$74.14,0X8579,https://www.vertexnetworking.co.uk/product/0x8579-dell-16x-dvd-rom-ide-5-25-inch-optical-drive.html
Vertex Networking,286711-001 - HP / Compaq 40X10X-Max Speed IDE CD-RW Optical Drive for Evo D300 Desktop,286711-001 - HP / Compaq 40X10X-Max Speed IDE CD-RW Optical Drive for Evo D300 Desktop Product Condition: Refurbished,https://www.vertexnetworking.co.uk/storage/product_images/677915a880853_Optical-Drives-Gen.webp,$113.98,286711-001,https://www.vertexnetworking.co.uk/product/286711-001-hp-compaq-40x10x-max-speed-ide-cd-rw-optical-drive-for-evo-d300-desktop.html
Vertex Networking,Dell - 2P509 - 40X CD-ROM Unit and CD-RW Unit,Dell - 2P509 - 40X CD-ROM Unit and CD-RW Unit Product Condition: Refurbished,https://www.vertexnetworking.co.uk/storage/product_images/677915a98b42c_Optical-Drives-Gen.webp,$66.62,2P509,https://www.vertexnetworking.co.uk/product/2p509-dell-40x-cd-rom-unit-and-cd-rw-unit.html
Vertex Networking,299173-001 - HP 48X12X48X Speed CD-RW Optical Drive,299173-001 - HP 48X12X48X Speed CD-RW Optical Drive Product Condition: Refurbished,https://www.vertexnetworking.co.uk/storage/product_images/677915a96fd4d_Optical-Drives-Gen.webp,$131.28,299173-001,https://www.vertexnetworking.co.uk/product/299173-001-hp-48x12x48x-speed-cd-rw-optical-drive.html
Vertex Networking,A5220A - HP 6/32x SCSI-2 Narrow Single-Ended 50-Pin DVD-ROM Optical Drive,A5220A - HP 6/32x SCSI-2 Narrow Single-Ended 50-Pin DVD-ROM Optical Drive Product Condition: Refurbished,https://www.vertexnetworking.co.uk/storage/product_images/677915a852582_Optical-Drives-Gen.webp,$66.62,A5220A,https://www.vertexnetworking.co.uk/product/a5220a-hp-6-32x-scsi-2-narrow-single-ended-50-pin-dvd-rom-optical-drive.html
Vertex Networking,296036-002 - HP 20x Speed IDE CD-ROM Optical Drive for Armada 7700 / 77XX Series,296036-002 - HP 20x Speed IDE CD-ROM Optical Drive for Armada 7700 / 77XX Series Product Condition: Refurbished,https://www.vertexnetworking.co.uk/storage/product_images/677915a951d34_Optical-Drives-Gen.webp,$96.69,296036-002,https://www.vertexnetworking.co.uk/product/296036-002-hp-20x-speed-ide-cd-rom-optical-drive-for-armada-7700-77xx-series.html
Vertex Networking,A6028-60001 - HP 24X Speed Slimline CD-ROM Optical Drive,A6028-60001 - HP 24X Speed Slimline CD-ROM Optical Drive Product Condition: Refurbished,https://www.vertexnetworking.co.uk/storage/product_images/677915a8c6c23_Optical-Drives-Gen.webp,$131.28,A6028-60001,https://www.vertexnetworking.co.uk/product/a6028-60001-hp-24x-speed-slimline-cd-rom-optical-drive.html
Vertex Networking,A6153-67030 - HP 8 x24 x DVD-ROM Drive Assembly,A6153-67030 - HP 8 x24 x DVD-ROM Drive Assembly Product Condition: Refurbished Miscellaneous,https://www.vertexnetworking.co.uk/storage/product_images/677915a8ab8bf_Optical-Drives-Gen.webp,$66.62,A6153-67030,https://www.vertexnetworking.co.uk/product/a6153-67030-hp-8-x24-x-dvd-rom-drive-assembly.html
Vertex Networking,294401-001 - HP 6x CD-RW Optical Drive,294401-001 - HP 6x CD-RW Optical Drive Product Condition: Refurbished,https://www.vertexnetworking.co.uk/storage/product_images/677915a89df37_Optical-Drives-Gen.webp,$131.28,294401-001,https://www.vertexnetworking.co.uk/product/294401-001-hp-6x-cd-rw-optical-drive.html
Vertex Networking,88147J - HP 5.2GB Rewritable Magneto-Optical Disk,88147J - HP 5.2GB Rewritable Magneto-Optical Disk Product Condition: New Miscellaneous,https://www.vertexnetworking.co.uk/storage/product_images/677915a70a095_Optical-Drives-Gen.webp,$93.68,88147J,https://www.vertexnetworking.co.uk/product/88147j-hp-5-2gb-rewritable-magneto-optical-disk-2048-byte-sector.html
Vertex Networking,Dell - 5P012 - 40X CD-ROM Unit and CD-RW Unit,Dell - 5P012 - 40X CD-ROM Unit and CD-RW Unit Product Condition: Refurbished,https://www.vertexnetworking.co.uk/storage/product_images/677915a74fc13_Optical-Drives-Gen.webp,$66.62,5P012,https://www.vertexnetworking.co.uk/product/5p012-dell-40x-cd-rom-unit-and-cd-rw-unit.html
Vertex Networking,303587-001 - HP 24x Speed Slimline IDE Internal CD-ROM Drive,303587-001 - HP 24x Speed Slimline IDE Internal CD-ROM Drive Product Condition: Refurbished Miscellaneous,https://www.vertexnetworking.co.uk/storage/product_images/677915a78a87a_Optical-Drives-Gen.webp,$108.72,303587-001,https://www.vertexnetworking.co.uk/product/303587-001-hp-24x-speed-slimline-ide-internal-cd-rom-drive.html
Vertex Networking,96FRM - Dell 8x SATA DVD+/-RW Drive,96FRM - Dell 8x SATA DVD+/-RW Drive Product Condition: Refurbished,https://www.vertexnetworking.co.uk/storage/product_images/677915a8053b6_Optical-Drives-Gen.webp,$66.62,96FRM,https://www.vertexnetworking.co.uk/product/96frm-dell-8x-sata-dvd-rw-drive.html
Vertex Networking,92280F - HP 2.6GB Rewritable Magneto Optical Disk,92280F - HP 2.6GB Rewritable Magneto Optical Disk Product Condition: Refurbished Miscellaneous,https://www.vertexnetworking.co.uk/storage/product_images/677915a77caa9_Optical-Drives-Gen.webp,$66.62,92280F,https://www.vertexnetworking.co.uk/product/92280f-hp-2-6gb-rewritable-magneto-optical-disk.html
Vertex Networking,A5220-67001 - HP 6x/32x Speed SCSI-2 Narrow Single-Ended DVD-ROM Optical Drive,A5220-67001 - HP 6x/32x Speed SCSI-2 Narrow Single-Ended DVD-ROM Optical Drive Product Condition: Refurbished,https://www.vertexnetworking.co.uk/storage/product_images/677915a81338f_Optical-Drives-Gen.webp,$74.14,A5220-67001,https://www.vertexnetworking.co.uk/product/a5220-67001-hp-6x-32x-speed-scsi-2-narrow-single-ended-dvd-rom-optical-drive.html
Vertex Networking,8K592 - Dell 16X CD-ROM Unit and CD-RW Unit,8K592 - Dell 16X CD-ROM Unit and CD-RW Unit Product Condition: Refurbished,https://www.vertexnetworking.co.uk/storage/product_images/677915a741849_Optical-Drives-Gen.webp,$66.62,8K592,https://www.vertexnetworking.co.uk/product/8k592-dell-16x-cd-rom-unit-and-cd-rw-unit.html
Vertex Networking,8D254 - Dell Latitude C800 8X CD-RW CD-ROM Unit,8D254 - Dell Latitude C800 8X CD-RW CD-ROM Unit Product Condition: Refurbished,https://www.vertexnetworking.co.uk/storage/product_images/677915a724b32_Optical-Drives-Gen.webp,$66.62,8D254,https://www.vertexnetworking.co.uk/product/8d254-dell-latitude-c800-8x-cd-rw-cd-rom-unit.html
Vertex Networking,A5220-67003 - HP 6/32x Speed SCSI-2 Narrow Single-Ended 50-Pin DVD-ROM Optical Drive,A5220-67003 - HP 6/32x Speed SCSI-2 Narrow Single-Ended 50-Pin DVD-ROM Optical Drive Product Condition: Refurbished Miscellaneous,https://www.vertexnetworking.co.uk/storage/product_images/677915a8302b0_Optical-Drives-Gen.webp,$74.14,A5220-67003,https://www.vertexnetworking.co.uk/product/a5220-67003-hp-6-32x-speed-scsi-2-narrow-single-ended-50-pin-dvd-rom-optical-drive.html
Vertex Networking,92290F - HP 2.6GB 1024bs Write-once Magneto-Optical Disk,92290F - HP 2.6GB 1024bs Write-once Magneto-Optical Disk Product Condition: New Miscellaneous,https://www.vertexnetworking.co.uk/storage/product_images/677915a7b74d9_Optical-Drives-Gen.webp,$66.62,92290F,https://www.vertexnetworking.co.uk/product/92290f-hp-2-6gb-worm-optical-1024-bytes-sector.html
Vertex Networking,5M401 - Dell 8X CDRW/DVD Combo C-Module,5M401 - Dell 8X CDRW/DVD Combo C-Module Product Condition: Refurbished,https://www.vertexnetworking.co.uk/storage/product_images/677915a732b0d_Optical-Drives-Gen.webp,$66.62,5M401,https://www.vertexnetworking.co.uk/product/5m401-dell-8x-cdrw-dvd-combo-c-module.html
Vertex Networking,199893-202 - HP 8x Speed IDE CD-ROM Drive,199893-202 - HP 8x Speed IDE CD-ROM Drive Product Condition: Refurbished,https://www.vertexnetworking.co.uk/storage/product_images/677915a76e725_Optical-Drives-Gen.webp,$66.62,199893-202,https://www.vertexnetworking.co.uk/product/199893-202-hp-8x-speed-ide-cd-rom-drive.html
Vertex Networking,8N722 - Dell 40X CD-ROM Unit and CD-RW Unit,8N722 - Dell 40X CD-ROM Unit and CD-RW Unit Product Condition: Refurbished,https://www.vertexnetworking.co.uk/storage/product_images/677915a75d569_Optical-Drives-Gen.webp,$80.15,8N722,https://www.vertexnetworking.co.uk/product/8n722-dell-40x-cd-rom-unit-and-cd-rw-unit.html
Vertex Networking,30-48019-01 - HP 4 x SCSI CD-ROM Optical Drive,30-48019-01 - HP 4 x SCSI CD-ROM Optical Drive Product Condition: Refurbished,https://www.vertexnetworking.co.uk/storage/product_images/677915a7a7f43_Optical-Drives-Gen.webp,$74.14,30-48019-01,https://www.vertexnetworking.co.uk/product/30-48019-01-hp-4-x-scsi-cd-rom-optical-drive.html
Vertex Networking,996NF - Dell 8X CD-RW Drive for Inspiron 3800/4000/8000,996NF - Dell 8X CD-RW Drive for Inspiron 3800/4000/8000 Product Condition: Refurbished,https://www.vertexnetworking.co.uk/storage/product_images/677915a8213d8_Optical-Drives-Gen.webp,$149.32,996NF,https://www.vertexnetworking.co.uk/product/996nf-dell-8x-cd-rw-drive-for-inspiron-3800-4000-8000.html
Vertex Networking,A5001A - HP 32x Speed ATAPI Interface CD-ROM Optical Drive,A5001A - HP 32x Speed ATAPI Interface CD-ROM Optical Drive Product Condition: Refurbished,https://www.vertexnetworking.co.uk/storage/product_images/677915a7e4916_Optical-Drives-Gen.webp,$66.62,A5001A,https://www.vertexnetworking.co.uk/product/a5001a-hp-32x-speed-atapi-interface-cd-rom-optical-drive.html
Vertex Networking,624192-B21 - HP Half-Height SATA DVD-RW Drive,624192-B21 - HP Half-Height SATA DVD-RW Drive Product Condition: Refurbished,https://www.vertexnetworking.co.uk/storage/product_images/677915a6b7d53_Optical-Drives-Gen.webp,$66.62,624192-B21,https://www.vertexnetworking.co.uk/product/624192-b21-hp-half-height-sata-dvd-rw-drive.html
Vertex Networking,92280T - HP 1.3 GB Rewritable Magneto Optical Disk,92280T - HP 1.3 GB Rewritable Magneto Optical Disk Product Condition: Refurbished Miscellaneous,https://www.vertexnetworking.co.uk/storage/product_images/677915a7993e8_Optical-Drives-Gen.webp,$74.14,92280T,https://www.vertexnetworking.co.uk/product/92280t-hp-1-3-gb-rewritable-magneto-optical-disk.html
Vertex Networking,306259-001 - HP 12x Speed SCSI CD-ROM Optical Drive,306259-001 - HP 12x Speed SCSI CD-ROM Optical Drive Product Condition: Refurbished Miscellaneous,https://www.vertexnetworking.co.uk/storage/product_images/677915a7c5898_Optical-Drives-Gen.webp,$86.17,306259-001,https://www.vertexnetworking.co.uk/product/306259-001-hp-12x-speed-scsi-cd-rom-optical-drive.html
Vertex Networking,5K990 - Dell 16X CD-ROM Unit and CD-RW Unit,5K990 - Dell 16X CD-ROM Unit and CD-RW Unit Product Condition: Refurbished,https://www.vertexnetworking.co.uk/storage/product_images/677915a7173cc_Optical-Drives-Gen.webp,$74.14,5K990,https://www.vertexnetworking.co.uk/product/5k990-dell-16x-cd-rom-unit-and-cd-rw-unit.html
Vertex Networking,624189-B21 - HP SATA Half-Height DVD-ROM JackBlack Optical Drive,624189-B21 - HP SATA Half-Height DVD-ROM JackBlack Optical Drive Product Condition: Refurbished Miscellaneous,https://www.vertexnetworking.co.uk/storage/product_images/677915a69a402_Optical-Drives-Gen.webp,$66.62,624189-B21,https://www.vertexnetworking.co.uk/product/624189-b21-hp-sata-half-height-dvd-rom-jackblack-optical-drive.html
Vertex Networking,608394-001 - HP 8 x SATA DVD-ROM Drive,608394-001 - HP 8 x SATA DVD-ROM Drive Product Condition: Refurbished Miscellaneous,https://www.vertexnetworking.co.uk/storage/product_images/677915a6634f9_Optical-Drives-Gen.webp,$74.14,608394-001,https://www.vertexnetworking.co.uk/product/608394-001-hp-8-x-sata-dvd-rom-drive.html
Vertex Networking,461644-930 - HP SATA DVD 12.7mm Slimline Optical Drive for ProLiant G6 Server,461644-930 - HP SATA DVD 12.7mm Slimline Optical Drive for ProLiant G6 Server Product Condition: Refurbished Miscellaneous,https://www.vertexnetworking.co.uk/storage/product_images/677915a5a52d0_Optical-Drives-Gen.webp,$66.62,461644-930,https://www.vertexnetworking.co.uk/product/461644-930-hp-sata-dvd-12-7mm-slimline-optical-drive-for-proliant-g6-server.html
Vertex Networking,481043-B21 - HP 8x Speed DVD+/-RW SATA Slim Optical Drive for ProLiant DL120 G5 Server,481043-B21 - HP 8x Speed DVD+/-RW SATA Slim Optical Drive for ProLiant DL120 G5 Server Product Condition: Refurbished Miscellaneous,https://www.vertexnetworking.co.uk/storage/product_images/677915a637b55_Optical-Drives-Gen.webp,$66.62,481043-B21,https://www.vertexnetworking.co.uk/product/481043-b21-hp-8x-speed-dvd-rw-sata-slim-optical-drive-for-proliant-dl120-g5-server.html
Vertex Networking,624194-001 - HP SATA DVD-RW 5.25-inch Drive for ProLiant ML350P Server,624194-001 - HP SATA DVD-RW 5.25-inch Drive for ProLiant ML350P Server Product Condition: Refurbished Miscellaneous,https://www.vertexnetworking.co.uk/storage/product_images/677915a6d4e54_Optical-Drives-Gen.webp,$74.14,624194-001,https://www.vertexnetworking.co.uk/product/624194-001-hp-sata-dvd-rw-5-25-inch-drive-for-proliant-ml350p-server.html
Vertex Networking,481044-B21 - HP 12.7mm SATA DVD-RW Optical Drive for ProLiant DL385 G7 Server,481044-B21 - HP 12.7mm SATA DVD-RW Optical Drive for ProLiant DL385 G7 Server Product Condition: Refurbished,https://www.vertexnetworking.co.uk/storage/product_images/677915a6558de_Optical-Drives-Gen.webp,$108.72,481044-B21,https://www.vertexnetworking.co.uk/product/481044-b21-hp-12-7mm-sata-dvd-rw-optical-drive-for-proliant-dl385-g7-server.html
Vertex Networking,462485-001 - HP 9.5mm IDE CD-RW/DVD ROM Optical Drive for ProLiant DL160 G5p Server,462485-001 - HP 9.5mm IDE CD-RW/DVD ROM Optical Drive for ProLiant DL160 G5p Server Product Condition: Refurbished,https://www.vertexnetworking.co.uk/storage/product_images/677915a60c143_Optical-Drives-Gen.webp,$66.62,462485-001,https://www.vertexnetworking.co.uk/product/462485-001-hp-9-5mm-ide-cd-rw-dvd-rom-optical-drive-for-proliant-dl160-g5p-server.html
Vertex Networking,481041-B21 - HP SATA Slim 12.7mm DVD-ROM Optical Drive,481041-B21 - HP SATA Slim 12.7mm DVD-ROM Optical Drive Product Condition: Refurbished Miscellaneous,https://www.vertexnetworking.co.uk/storage/product_images/677915a628866_Optical-Drives-Gen.webp,$66.62,481041-B21,https://www.vertexnetworking.co.uk/product/481041-b21-hp-sata-slim-12-7mm-dvd-rom-optical-drive.html
Vertex Networking,198652-001 - HP 16X Speed DVD-ROM Optical Drive,198652-001 - HP 16X Speed DVD-ROM Optical Drive Product Condition: Refurbished,https://www.vertexnetworking.co.uk/storage/product_images/677915a6a9cb6_Optical-Drives-Gen.webp,$89.17,198652-001,https://www.vertexnetworking.co.uk/product/198652-001-hp-16x-speed-dvd-rom-optical-drive.html
Vertex Networking,1977761-42 - HP DVD R/RW Slimline Optical Drive,1977761-42 - HP DVD R/RW Slimline Optical Drive Product Condition: Refurbished,https://www.vertexnetworking.co.uk/storage/product_images/677915a68ca79_Optical-Drives-Gen.webp,$86.17,1977761-42,https://www.vertexnetworking.co.uk/product/1977761-42-hp-dvd-r-rw-slimline-optical-drive.html
Vertex Networking,615646-001 - HP 16 x SATA Internal Optical DVD/RW Rom Drive,615646-001 - HP 16 x SATA Internal Optical DVD/RW Rom Drive Product Condition: Refurbished,https://www.vertexnetworking.co.uk/storage/product_images/677915a67ea69_Optical-Drives-Gen.webp,$66.62,615646-001,https://www.vertexnetworking.co.uk/product/615646-001-hp-16-x-sata-internal-optical-dvd-rw-rom-drive.html
Vertex Networking,1KH35 - Dell Inspiron 5040 SATA DVD-RW Drive,1KH35 - Dell Inspiron 5040 SATA DVD-RW Drive Product Condition: Refurbished,https://www.vertexnetworking.co.uk/storage/product_images/677915a6475a3_Optical-Drives-Gen.webp,$66.62,1KH35,https://www.vertexnetworking.co.uk/product/1kh35-dell-inspiron-5040-sata-dvd-rw-drive.html
Vertex Networking,196748-001 - Compaq 10X Speed IDE DVD-ROM for Presario 5BW110 Desktop,196748-001 - Compaq 10X Speed IDE DVD-ROM for Presario 5BW110 Desktop Product Condition: Refurbished Miscellaneous,https://www.vertexnetworking.co.uk/storage/product_images/677915a6711ef_Optical-Drives-Gen.webp,$96.69,196748-001,https://www.vertexnetworking.co.uk/product/196748-001-compaq-10x-speed-ide-dvd-rom-for-presario-5bw110-desktop.html
Vertex Networking,88143J - HP 4.8GB 1024bps Rewritable Optical Disk,88143J - HP 4.8GB 1024bps Rewritable Optical Disk Product Condition: Refurbished,https://www.vertexnetworking.co.uk/storage/product_images/677915a6e3094_Optical-Drives-Gen.webp,$95.19,88143J,https://www.vertexnetworking.co.uk/product/88143j-hp-4-8gb-1024bps-rewritable-optical-disk.html
Vertex Networking,191164-002 - HP 12X Speed IDE DVD-ROM Optical Drive for Presario 4300US Desktop,191164-002 - HP 12X Speed IDE DVD-ROM Optical Drive for Presario 4300US Desktop Product Condition: Refurbished,https://www.vertexnetworking.co.uk/storage/product_images/677915a6c745e_Optical-Drives-Gen.webp,$80.15,191164-002,https://www.vertexnetworking.co.uk/product/191164-002-hp-12x-speed-ide-dvd-rom-optical-drive-for-presario-4300us-desktop.html
Vertex Networking,C4392-60001 - HP 4x/2x/24x Speed CD-RW Optical Drive,C4392-60001 - HP 4x/2x/24x Speed CD-RW Optical Drive Product Condition: Refurbished,https://www.vertexnetworking.co.uk/storage/product_images/677915a5f22ba_Optical-Drives-Gen.webp,$74.14,C4392-60001,https://www.vertexnetworking.co.uk/product/c4392-60001-hp-4x-2x-24x-speed-cd-rw-optical-drive.html
Vertex Networking,C4462-56000 - HP 8x/4x/32x Speed IDE/ATAPI CD-RW Optical Drive,C4462-56000 - HP 8x/4x/32x Speed IDE/ATAPI CD-RW Optical Drive Product Condition: Refurbished,https://www.vertexnetworking.co.uk/storage/product_images/677915a596f98_Optical-Drives-Gen.webp,$149.32,C4462-56000,https://www.vertexnetworking.co.uk/product/c4462-56000-hp-8x-4x-32x-speed-ide-atapi-cd-rw-optical-drive.html
Vertex Networking,C4412A - HP External CD-Writer,C4412A - HP External CD-Writer Product Condition: Refurbished,https://www.vertexnetworking.co.uk/storage/product_images/677915a619e59_Optical-Drives-Gen.webp,$96.69,C4412A,https://www.vertexnetworking.co.uk/product/c4412a-hp-external-cd-writer.html
Vertex Networking,624592-001 - HP 5.25-inch Half-Height SATA Optical DVD-RW Drive,624592-001 - HP 5.25-inch Half-Height SATA Optical DVD-RW Drive Product Condition: Refurbished,https://www.vertexnetworking.co.uk/storage/product_images/677915a6f08f0_Optical-Drives-Gen.webp,$66.62,624592-001,https://www.vertexnetworking.co.uk/product/624592-001-hp-5-25-inch-half-height-sata-optical-dvd-rw-drive.html
Vertex Networking,462484-001 - HP 9.5mm DVD-ROM Drive for ProLiant DL160 G5 Server,462484-001 - HP 9.5mm DVD-ROM Drive for ProLiant DL160 G5 Server Product Condition: Refurbished Miscellaneous,https://www.vertexnetworking.co.uk/storage/product_images/677915a5dd40a_Optical-Drives-Gen.webp,$66.62,462484-001,https://www.vertexnetworking.co.uk/product/462484-001-hp-9-5mm-dvd-rom-drive-for-proliant-dl160-g5-server.html
Vertex Networking,C4465-56000 - HP 4x/2x/20x Speed ATA/IDE CD-RW Optical Drive,C4465-56000 - HP 4x/2x/20x Speed ATA/IDE CD-RW Optical Drive Product Condition: Refurbished,https://www.vertexnetworking.co.uk/storage/product_images/677915a53a870_Optical-Drives-Gen.webp,$66.62,C4465-56000,https://www.vertexnetworking.co.uk/product/c4465-56000-hp-4x-2x-20x-speed-ata-ide-cd-rw-optical-drive.html
Vertex Networking,C4415-56000 - HP 4X4X24X Speed ATAPI CD-RW Optical Drive,C4415-56000 - HP 4X4X24X Speed ATAPI CD-RW Optical Drive Product Condition: Refurbished Miscellaneous,https://www.vertexnetworking.co.uk/storage/product_images/677915a57a0f7_Optical-Drives-Gen.webp,$149.32,C4415-56000,https://www.vertexnetworking.co.uk/product/c4415-56000-hp-4x4x24x-speed-atapi-cd-rw-optical-drive.html
Vertex Networking,399399-001 - HP 24x Speed CD-ROM Slimline EIDE/ATAPI Internal Optical Drive,399399-001 - HP 24x Speed CD-ROM Slimline EIDE/ATAPI Internal Optical Drive Product Condition: Refurbished Miscellaneous,https://www.vertexnetworking.co.uk/storage/product_images/677915a4ce611_Optical-Drives-Gen.webp,$66.62,399399-001,https://www.vertexnetworking.co.uk/product/399399-001-hp-24x-speed-cd-rom-slimline-eide-atapi-internal-optical-drive.html
Vertex Networking,Dell - 45UXR - 8x/4x/32x Speed CD-RW Optical Drive,Dell - 45UXR - 8x/4x/32x Speed CD-RW Optical Drive Product Condition: Refurbished,https://www.vertexnetworking.co.uk/storage/product_images/677915a566d85_Optical-Drives-Gen.webp,$104.21,45UXR,https://www.vertexnetworking.co.uk/product/45uxr-dell-8x-cd-rw-and-cd-rom-unit.html
Vertex Networking,C4492-60001 - HP 10x/4x/32x Speed IDE CD-RW Optical Drive,C4492-60001 - HP 10x/4x/32x Speed IDE CD-RW Optical Drive Product Condition: Refurbished,https://www.vertexnetworking.co.uk/storage/product_images/677915a5592f9_Optical-Drives-Gen.webp,$74.14,C4492-60001,https://www.vertexnetworking.co.uk/product/c4492-60001-hp-10x-4x-32x-speed-ide-cd-rw-optical-drive.html
Vertex Networking,399401-001 - HP 24x CD-ROM Slimline Optical Drive,399401-001 - HP 24x CD-ROM Slimline Optical Drive Product Condition: Refurbished Miscellaneous,https://www.vertexnetworking.co.uk/storage/product_images/677915a4e9b63_Optical-Drives-Gen.webp,$66.62,399401-001,https://www.vertexnetworking.co.uk/product/399401-001-hp-24x-cd-rom-slimline-optical-drive.html
Vertex Networking,HX602 - Samsung 24x Slimline IDE Internal CD-ROM Drive (Black),HX602 - Samsung 24x Slimline IDE Internal CD-ROM Drive (Black) Product Condition: Refurbished Miscellaneous,https://www.vertexnetworking.co.uk/storage/product_images/677915a464382_Optical-Drives-Gen.webp,$83.91,HX602,https://www.vertexnetworking.co.uk/product/hx602-samsung-24x-slimline-ide-internal-cd-rom-drive-black-.html
Vertex Networking,405761-001 - HP 16x Speed IDE DVD-ROM for DC7600 Desktop,405761-001 - HP 16x Speed IDE DVD-ROM for DC7600 Desktop Product Condition: Refurbished Miscellaneous,https://www.vertexnetworking.co.uk/storage/product_images/677915a49c087_Optical-Drives-Gen.webp,$86.17,405761-001,https://www.vertexnetworking.co.uk/product/405761-001-hp-16x-speed-ide-dvd-rom-for-dc7600-desktop.html
Vertex Networking,395910-001 - HP 24x IDE DVD-ROM Slimline Optical Drive for ProLiant Server,395910-001 - HP 24x IDE DVD-ROM Slimline Optical Drive for ProLiant Server Product Condition: Refurbished Miscellaneous,https://www.vertexnetworking.co.uk/storage/product_images/677915a4dbeb7_Optical-Drives-Gen.webp,$66.62,395910-001,https://www.vertexnetworking.co.uk/product/395910-001-hp-24x-ide-dvd-rom-slimline-optical-drive-for-proliant-server.html
Vertex Networking,461644-H30 - HP SATA DVD Slimline with No Cable,461644-H30 - HP SATA DVD Slimline with No Cable Product Condition: Refurbished Miscellaneous,https://www.vertexnetworking.co.uk/storage/product_images/677915a5c11a9_Optical-Drives-Gen.webp,$96.69,461644-H30,https://www.vertexnetworking.co.uk/product/461644-h30-hp-sata-dvd-slimline-with-no-cable.html
Vertex Networking,45N7592 - Lenovo DVD-RW Super Multi-burner,45N7592 - Lenovo DVD-RW Super Multi-burner Product Condition: Refurbished Miscellaneous,https://www.vertexnetworking.co.uk/storage/product_images/677915a52d72a_Optical-Drives-Gen.webp,$66.62,45N7592,https://www.vertexnetworking.co.uk/product/45n7592-lenovo-dvd-rw-super-multi-burner.html
Vertex Networking,455390-931 - HP 9.5mm CD-RW/DVD ROM Optical Drive,455390-931 - HP 9.5mm CD-RW/DVD ROM Optical Drive Product Condition: Refurbished,https://www.vertexnetworking.co.uk/storage/product_images/677915a51177a_Optical-Drives-Gen.webp,$170.38,455390-931,https://www.vertexnetworking.co.uk/product/455390-931-hp-9-5mm-cd-rw-dvd-rom-optical-drive.html
Vertex Networking,462DU - Dell 4x CD-RW Module,462DU - Dell 4x CD-RW Module Product Condition: Refurbished,https://www.vertexnetworking.co.uk/storage/product_images/677915a54bb44_Optical-Drives-Gen.webp,$66.62,462DU,https://www.vertexnetworking.co.uk/product/462du-dell-4x-cd-rw-module.html
Vertex Networking,397931-001 - HP 48x Speed CD-ROM SlimLine Optical Drive,397931-001 - HP 48x Speed CD-ROM SlimLine Optical Drive Product Condition: Refurbished Miscellaneous,https://www.vertexnetworking.co.uk/storage/product_images/677915a456c12_Optical-Drives-Gen.webp,$66.62,397931-001,https://www.vertexnetworking.co.uk/product/397931-001-hp-48x-speed-cd-rom-slimline-optical-drive.html
Vertex Networking,408636-001 - HP 16x Speed DVD-ROM,408636-001 - HP 16x Speed DVD-ROM Product Condition: Refurbished Miscellaneous,https://www.vertexnetworking.co.uk/storage/product_images/677915a4c0cd5_Optical-Drives-Gen.webp,$119.25,408636-001,https://www.vertexnetworking.co.uk/product/408636-001-hp-16x-speed-dvd-rom.html
Vertex Networking,C7499B - HP 40x / 10x Speed CD / DVD-ROM SCSI Drive Array for Tape Array 5300,C7499B - HP 40x / 10x Speed CD / DVD-ROM SCSI Drive Array for Tape Array 5300 Product Condition: Refurbished Miscellaneous,https://www.vertexnetworking.co.uk/storage/product_images/677915a51fb5f_Optical-Drives-Gen.webp,$96.69,C7499B,https://www.vertexnetworking.co.uk/product/c7499b-hp-40x-10x-speed-cd-dvd-rom-scsi-drive-array-for-tape-array-5300.html
Vertex Networking,C4392-56000 - HP 4X/4X/24X Speed IDE CD-RW Optical Drive,C4392-56000 - HP 4X/4X/24X Speed IDE CD-RW Optical Drive Product Condition: Refurbished,https://www.vertexnetworking.co.uk/storage/product_images/677915a5cf558_Optical-Drives-Gen.webp,$74.14,C4392-56000,https://www.vertexnetworking.co.uk/product/c4392-56000-hp-4x-4x-24x-speed-ide-cd-rw-optical-drive.html
Vertex Networking,C4315-63001 - HP Smart SCSI DVD-ROM Optical Drive,C4315-63001 - HP Smart SCSI DVD-ROM Optical Drive Product Condition: Refurbished,https://www.vertexnetworking.co.uk/storage/product_images/677915a5b30a0_Optical-Drives-Gen.webp,$113.98,C4315-63001,https://www.vertexnetworking.co.uk/product/c4315-63001-hp-smart-scsi-dvd-rom-optical-drive.html
Vertex Networking,461644-630 - HP SATA DVD 12.7mm Slimline Optical Drive,461644-630 - HP SATA DVD 12.7mm Slimline Optical Drive Product Condition: Refurbished Miscellaneous,https://www.vertexnetworking.co.uk/storage/product_images/677915a58853a_Optical-Drives-Gen.webp,$66.62,461644-630,https://www.vertexnetworking.co.uk/product/461644-630-hp-sata-dvd-12-7mm-slimline-optical-drive.html
Vertex Networking,399312-001 - HP 16x Speed IDE DVD-ROM for ProLiant ML310 G4 Server,399312-001 - HP 16x Speed IDE DVD-ROM for ProLiant ML310 G4 Server Product Condition: Refurbished Miscellaneous,https://www.vertexnetworking.co.uk/storage/product_images/677915a4ac58e_Optical-Drives-Gen.webp,$66.62,399312-001,https://www.vertexnetworking.co.uk/product/399312-001-hp-16x-speed-ide-dvd-rom-for-proliant-ml310-g4-server.html
Vertex Networking,405760-001 - HP 16x Speed DVD+/-RW Optical Drive,405760-001 - HP 16x Speed DVD+/-RW Optical Drive Product Condition: Refurbished,https://www.vertexnetworking.co.uk/storage/product_images/677915a4804ed_Optical-Drives-Gen.webp,$96.69,405760-001,https://www.vertexnetworking.co.uk/product/405760-001-hp-16x-speed-dvd-rw-optical-drive.html
Vertex Networking,356603-001 - HP 16X Speed DVD-RW Optical Drive,356603-001 - HP 16X Speed DVD-RW Optical Drive Product Condition: Refurbished,https://www.vertexnetworking.co.uk/storage/product_images/677915a385791_Optical-Drives-Gen.webp,$102.71,356603-001,https://www.vertexnetworking.co.uk/product/356603-001-hp-16x-speed-dvd-rw-optical-drive.html
Vertex Networking,HH273 - Dell 8X DVD-RW Drive Includes Sled and SATA Interposer,HH273 - Dell 8X DVD-RW Drive Includes Sled and SATA Interposer Product Condition: Refurbished,https://www.vertexnetworking.co.uk/storage/product_images/677915a429eb5_Optical-Drives-Gen.webp,$102.71,HH273,https://www.vertexnetworking.co.uk/product/hh273-dell-8x-dvd-rw-drive-includes-sled-and-sata-interposer.html
Vertex Networking,349046-B21 - HP 24X Speed IDE Slim CD-ROM Optical Drive for ProLiant DL140 Server,349046-B21 - HP 24X Speed IDE Slim CD-ROM Optical Drive for ProLiant DL140 Server Product Condition: Refurbished Miscellaneous,https://www.vertexnetworking.co.uk/storage/product_images/677915a40023d_Optical-Drives-Gen.webp,$66.62,349046-B21,https://www.vertexnetworking.co.uk/product/349046-b21-hp-24x-speed-ide-slim-cd-rom-optical-drive-for-proliant-dl140-server.html
Vertex Networking,398760-001 - HP DVD / CD-RW IDE Drive,398760-001 - HP DVD / CD-RW IDE Drive Product Condition: Refurbished,https://www.vertexnetworking.co.uk/storage/product_images/677915a4721c9_Optical-Drives-Gen.webp,$136.54,398760-001,https://www.vertexnetworking.co.uk/product/398760-001-hp-dvd-cd-rw-ide-drive.html
Vertex Networking,191162-001 - HP 4x/4x/32x Speed CD-RW Optical Drive,191162-001 - HP 4x/4x/32x Speed CD-RW Optical Drive Product Condition: Refurbished Miscellaneous,https://www.vertexnetworking.co.uk/storage/product_images/677915a3b980a_Optical-Drives-Gen.webp,$96.69,191162-001,https://www.vertexnetworking.co.uk/product/191162-001-hp-4x-4x-32x-speed-cd-rw-optical-drive.html
Vertex Networking,399241-001 - HP CD-ROM Drive for ProLiant DL320 G3 / 4,399241-001 - HP CD-ROM Drive for ProLiant DL320 G3 / 4 Product Condition: Refurbished Miscellaneous,https://www.vertexnetworking.co.uk/storage/product_images/677915a48e70e_Optical-Drives-Gen.webp,$66.62,399241-001,https://www.vertexnetworking.co.uk/product/399241-001-hp-cd-rom-drive-for-proliant-dl320-g3-4.html
Vertex Networking,397130-001 - HP 48x Speed CD-ROM Optical Drive,397130-001 - HP 48x Speed CD-ROM Optical Drive Product Condition: Refurbished Miscellaneous,https://www.vertexnetworking.co.uk/storage/product_images/677915a3e3f59_Optical-Drives-Gen.webp,$66.62,397130-001,https://www.vertexnetworking.co.uk/product/397130-001-hp-48x-speed-cd-rom-optical-drive.html
Vertex Networking,397930-001 - HP 8x Speed DVD-ROM for ProLiant DL120 G5 Server,397930-001 - HP 8x Speed DVD-ROM for ProLiant DL120 G5 Server Product Condition: Refurbished Miscellaneous,https://www.vertexnetworking.co.uk/storage/product_images/677915a43a9e6_Optical-Drives-Gen.webp,$66.62,397930-001,https://www.vertexnetworking.co.uk/product/397930-001-hp-8x-speed-dvd-rom-for-proliant-dl120-g5-server.html
Vertex Networking,397928-001 - HP Slimline DVD-ROM Drive,397928-001 - HP Slimline DVD-ROM Drive Product Condition: Refurbished Miscellaneous,https://www.vertexnetworking.co.uk/storage/product_images/677915a40e477_Optical-Drives-Gen.webp,$66.62,397928-001,https://www.vertexnetworking.co.uk/product/397928-001-hp-slimline-dvd-rom-drive.html
Vertex Networking,349056-B21 - HP CD-ROM Drive for ProLiant DL140,349056-B21 - HP CD-ROM Drive for ProLiant DL140 Product Condition: Refurbished,https://www.vertexnetworking.co.uk/storage/product_images/677915a41bf92_Optical-Drives-Gen.webp,$141.80,349056-B21,https://www.vertexnetworking.co.uk/product/349056-b21-hp-cd-rom-drive-for-proliant-dl140.html
Vertex Networking,326773-001 - HP 48x Speed IDE CD-ROM Drive,326773-001 - HP 48x Speed IDE CD-ROM Drive Product Condition: Refurbished Miscellaneous,https://www.vertexnetworking.co.uk/storage/product_images/677915a3aac7b_Optical-Drives-Gen.webp,$66.62,326773-001,https://www.vertexnetworking.co.uk/product/326773-001-hp-48x-speed-ide-cd-rom-drive.html
Vertex Networking,HX872 - Dell 16x SATA DVD/CD-RW Internal Drive,HX872 - Dell 16x SATA DVD/CD-RW Internal Drive Product Condition: Refurbished,https://www.vertexnetworking.co.uk/storage/product_images/677915a4488b7_Optical-Drives-Gen.webp,$86.17,HX872,https://www.vertexnetworking.co.uk/product/hx872-dell-16x-sata-dvd-cd-rw-internal-drive.html
Vertex Networking,346788-001 - HP 48x/32x/48x Speed IDE CD-RW Optical Drive,346788-001 - HP 48x/32x/48x Speed IDE CD-RW Optical Drive Product Condition: Refurbished,https://www.vertexnetworking.co.uk/storage/product_images/677915a3d5dcd_Optical-Drives-Gen.webp,$66.62,346788-001,https://www.vertexnetworking.co.uk/product/346788-001-hp-48x-32x-48x-speed-ide-cd-rw-optical-drive.html
Vertex Networking,189706-001 - HP 40x Speed CD-ROM Optical Drive,189706-001 - HP 40x Speed CD-ROM Optical Drive Product Condition: Refurbished,https://www.vertexnetworking.co.uk/storage/product_images/677915a3769c9_Optical-Drives-Gen.webp,$66.62,189706-001,https://www.vertexnetworking.co.uk/product/189706-001-hp-40x-speed-cd-rom-optical-drive.html
Vertex Networking,359526-005 - HP 48x / 32x /16x Speed CD-RW / DVD IDE Optical Drive,359526-005 - HP 48x / 32x /16x Speed CD-RW / DVD IDE Optical Drive Product Condition: Refurbished,https://www.vertexnetworking.co.uk/storage/product_images/677915a36641b_Optical-Drives-Gen.webp,$66.62,359526-005,https://www.vertexnetworking.co.uk/product/359526-005-hp-48x-32x-16x-speed-cd-rw-dvd-ide-optical-drive.html
Vertex Networking,187263-001 - HP 48x Speed CD-ROM Optical Drive,187263-001 - HP 48x Speed CD-ROM Optical Drive Product Condition: Refurbished Miscellaneous,https://www.vertexnetworking.co.uk/storage/product_images/677915a35638a_Optical-Drives-Gen.webp,$66.62,187263-001,https://www.vertexnetworking.co.uk/product/187263-001-hp-48x-speed-cd-rom-optical-drive.html
Vertex Networking,191160-001 - Compaq 40x Speed CD-ROM Drive for Presario 7000 / 7400,191160-001 - Compaq 40x Speed CD-ROM Drive for Presario 7000 / 7400 Product Condition: Refurbished,https://www.vertexnetworking.co.uk/storage/product_images/677915a39c225_Optical-Drives-Gen.webp,$71.13,191160-001,https://www.vertexnetworking.co.uk/product/191160-001-compaq-40x-speed-cd-rom-drive-for-presario-7000-7400.html
Vertex Networking,359493-005 - HP 48x / 32x / 16x Speed CD-RW / DVD IDE Combo Optical Drive,359493-005 - HP 48x / 32x / 16x Speed CD-RW / DVD IDE Combo Optical Drive Product Condition: Refurbished Miscellaneous,https://www.vertexnetworking.co.uk/storage/product_images/677915a34658f_Optical-Drives-Gen.webp,$86.17,359493-005,https://www.vertexnetworking.co.uk/product/359493-005-hp-48x-32x-16x-speed-cd-rw-dvd-ide-combo-optical-drive.html
Vertex Networking,326773-005 - HP 48 x Speed IDE 5.25-inch CD-ROM Optical Drive for DC7100 Desktop,326773-005 - HP 48 x Speed IDE 5.25-inch CD-ROM Optical Drive for DC7100 Desktop Product Condition: Refurbished Miscellaneous,https://www.vertexnetworking.co.uk/storage/product_images/677915a3c7ab2_Optical-Drives-Gen.webp,$66.62,326773-005,https://www.vertexnetworking.co.uk/product/326773-005-hp-48-x-speed-ide-5-25-inch-cd-rom-optical-drive-for-dc7100-desktop.html
Vertex Networking,336095-001 - HP 48X Speed IDE CD-ROM Drive for d330 Desktop,336095-001 - HP 48X Speed IDE CD-ROM Drive for d330 Desktop Product Condition: Refurbished,https://www.vertexnetworking.co.uk/storage/product_images/677915a22a8f5_Optical-Drives-Gen.webp,$66.62,336095-001,https://www.vertexnetworking.co.uk/product/336095-001-hp-48x-speed-ide-cd-rom-drive-for-d330-desktop.html
Vertex Networking,352606-MDO - HP CD-RW / DVD Drive,352606-MDO - HP CD-RW / DVD Drive Product Condition: Refurbished,https://www.vertexnetworking.co.uk/storage/product_images/677915a27e7b1_Optical-Drives-Gen.webp,$119.25,352606-MDO,https://www.vertexnetworking.co.uk/product/352606-mdo-hp-cd-rw-dvd-drive.html
Vertex Networking,184781-001 - HP 4x Speed CD-ROM Drive,184781-001 - HP 4x Speed CD-ROM Drive Product Condition: Refurbished,https://www.vertexnetworking.co.uk/storage/product_images/677915a2ad473_Optical-Drives-Gen.webp,$66.62,184781-001,https://www.vertexnetworking.co.uk/product/184781-001-hp-4x-speed-cd-rom-drive.html
Vertex Networking,354592-001 - Compaq IDE CD-RW Optical Drive,354592-001 - Compaq IDE CD-RW Optical Drive Product Condition: Refurbished,https://www.vertexnetworking.co.uk/storage/product_images/677915a2bd2dd_Optical-Drives-Gen.webp,$119.25,354592-001,https://www.vertexnetworking.co.uk/product/354592-001-compaq-ide-cd-rw-optical-drive.html
Vertex Networking,336084-9D6 - HP 8x Slimline Optical DVD+RW Drive,336084-9D6 - HP 8x Slimline Optical DVD+RW Drive Product Condition: Refurbished Miscellaneous,https://www.vertexnetworking.co.uk/storage/product_images/677915a208c94_Optical-Drives-Gen.webp,$66.62,336084-9D6,https://www.vertexnetworking.co.uk/product/336084-9d6-hp-8x-slimline-optical-dvd-rw-drive.html
Vertex Networking,353041-001 - HP IDE CD-RW Drive,353041-001 - HP IDE CD-RW Drive Product Condition: Refurbished,https://www.vertexnetworking.co.uk/storage/product_images/677915a29cbcd_Optical-Drives-Gen.webp,$119.25,353041-001,https://www.vertexnetworking.co.uk/product/353041-001-hp-ide-cd-rw-drive.html
Vertex Networking,356963-B21 - HP 24x 68-Pin Slimline CD-ROM Optical Drive for ProLiant DL360 G4,356963-B21 - HP 24x 68-Pin Slimline CD-ROM Optical Drive for ProLiant DL360 G4 Product Condition: Refurbished Miscellaneous,https://www.vertexnetworking.co.uk/storage/product_images/677915a308d5e_Optical-Drives-Gen.webp,$66.62,356963-B21,https://www.vertexnetworking.co.uk/product/356963-b21-hp-24x-68-pin-slimline-cd-rom-optical-drive-for-proliant-dl360-g4.html
Vertex Networking,325921-001 - HP 48/24/48X CD-RW Drive for XW4000 Workstation,325921-001 - HP 48/24/48X CD-RW Drive for XW4000 Workstation Product Condition: Refurbished,https://www.vertexnetworking.co.uk/storage/product_images/677915a23b3de_Optical-Drives-Gen.webp,$66.62,325921-001,https://www.vertexnetworking.co.uk/product/325921-001-hp-48-24-48x-cd-rw-drive-for-xw4000-workstation.html
Vertex Networking,350420-BD0 - HP Dual Layer IDE Optical DVD-RW Drive,350420-BD0 - HP Dual Layer IDE Optical DVD-RW Drive Product Condition: Refurbished,https://www.vertexnetworking.co.uk/storage/product_images/677915a25d4d7_Optical-Drives-Gen.webp,$74.14,350420-BD0,https://www.vertexnetworking.co.uk/product/350420-bd0-hp-dual-layer-ide-optical-dvd-rw-drive.html
Vertex Networking,360725-001 - HP 24X Speed CD-ROM Optical Drive for ProLiant DL140 Server,360725-001 - HP 24X Speed CD-ROM Optical Drive for ProLiant DL140 Server Product Condition: Refurbished Miscellaneous,https://www.vertexnetworking.co.uk/storage/product_images/677915a2dc0c7_Optical-Drives-Gen.webp,$66.62,360725-001,https://www.vertexnetworking.co.uk/product/360725-001-hp-24x-speed-cd-rom-optical-drive-for-proliant-dl140-server.html
Vertex Networking,185916-201 - HP 8x Speed IDE CD-ROM Drive for DeskPro 2000/4000/6000,185916-201 - HP 8x Speed IDE CD-ROM Drive for DeskPro 2000/4000/6000 Product Condition: Refurbished,https://www.vertexnetworking.co.uk/storage/product_images/677915a318277_Optical-Drives-Gen.webp,$66.62,185916-201,https://www.vertexnetworking.co.uk/product/185916-201-hp-8x-speed-ide-cd-rom-drive-for-deskpro-2000-4000-6000.html
Vertex Networking,179963-001 - HP 40x Speed CD-ROM IDE Optical Drive,179963-001 - HP 40x Speed CD-ROM IDE Optical Drive Product Condition: Refurbished Miscellaneous,https://www.vertexnetworking.co.uk/storage/product_images/677915a24d083_Optical-Drives-Gen.webp,$66.62,179963-001,https://www.vertexnetworking.co.uk/product/179963-001-hp-40x-speed-cd-rom-ide-optical-drive.html
Vertex Networking,180593-001 - HP IDE 40X Speed CD/ 16X Speed DVD-ROM Optical Drive,180593-001 - HP IDE 40X Speed CD/ 16X Speed DVD-ROM Optical Drive Product Condition: Refurbished,https://www.vertexnetworking.co.uk/storage/product_images/677915a26c9e3_Optical-Drives-Gen.webp,$102.71,180593-001,https://www.vertexnetworking.co.uk/product/180593-001-hp-ide-40x-speed-cd-16x-speed-dvd-rom-optical-drive.html
Vertex Networking,187245-001 - HP 48x Speed IDE 40-Pin ATAPI CD-ROM Optical Drive,187245-001 - HP 48x Speed IDE 40-Pin ATAPI CD-ROM Optical Drive Product Condition: Refurbished Miscellaneous,https://www.vertexnetworking.co.uk/storage/product_images/677915a3377a9_Optical-Drives-Gen.webp,$66.62,187245-001,https://www.vertexnetworking.co.uk/product/187245-001-hp-48x-speed-ide-40-pin-atapi-cd-rom-optical-drive.html
Vertex Networking,185916-001 - HP 8X IDE CD-ROM,185916-001 - HP 8X IDE CD-ROM Product Condition: Refurbished,https://www.vertexnetworking.co.uk/storage/product_images/677915a2ee52a_Optical-Drives-Gen.webp,$66.62,185916-001,https://www.vertexnetworking.co.uk/product/185916-001-hp-8x-ide-cd-rom.html
Vertex Networking,182763-001 - Compaq 12x / 4x / 32x IDE CD-RW Drive,182763-001 - Compaq 12x / 4x / 32x IDE CD-RW Drive Product Condition: Refurbished,https://www.vertexnetworking.co.uk/storage/product_images/677915a28dfbf_Optical-Drives-Gen.webp,$66.62,182763-001,https://www.vertexnetworking.co.uk/product/182763-001-compaq-12x-4x-32x-ide-cd-rw-drive.html
Vertex Networking,222837-003 - HP 24X Speed Slimline CD-ROM Optical Drive,222837-003 - HP 24X Speed Slimline CD-ROM Optical Drive Product Condition: Refurbished Miscellaneous,https://www.vertexnetworking.co.uk/storage/product_images/677915a1af6c7_Optical-Drives-Gen.webp,$66.62,222837-003,https://www.vertexnetworking.co.uk/product/222837-003-hp-24x-speed-slimline-cd-rom-optical-drive.html
Vertex Networking,184783-001 - HP 4x Speed SCSI Internal CD-ROM Drive,184783-001 - HP 4x Speed SCSI Internal CD-ROM Drive Product Condition: Refurbished,https://www.vertexnetworking.co.uk/storage/product_images/677915a2cc7e5_Optical-Drives-Gen.webp,$66.62,184783-001,https://www.vertexnetworking.co.uk/product/184783-001-hp-4x-speed-scsi-internal-cd-rom-drive.html
Vertex Networking,325308-001 - HP 48X/24X/48X CD-RW Drive,325308-001 - HP 48X/24X/48X CD-RW Drive Product Condition: Refurbished,https://www.vertexnetworking.co.uk/storage/product_images/677915a21912b_Optical-Drives-Gen.webp,$74.14,325308-001,https://www.vertexnetworking.co.uk/product/325308-001-hp-48x-24x-48x-cd-rw-drive.html
Vertex Networking,359493-001 - HP 48x / 32x / 48x / 16x IDE CD-RW / DVD-ROM 5.25-inch Internal Combo Drive,359493-001 - HP 48x / 32x / 48x / 16x IDE CD-RW / DVD-ROM 5.25-inch Internal Combo Drive Product Condition: Refurbished Miscellaneous,https://www.vertexnetworking.co.uk/storage/product_images/677915a32760b_Optical-Drives-Gen.webp,$66.62,359493-001,https://www.vertexnetworking.co.uk/product/359493-001-hp-48x-32x-48x-16x-ide-cd-rw-dvd-rom-5-25-inch-internal-combo-drive.html
Vertex Networking,278791-001 - Compaq 16x Speed CD-ROM Drive,278791-001 - Compaq 16x Speed CD-ROM Drive Product Condition: Refurbished Miscellaneous,https://www.vertexnetworking.co.uk/storage/product_images/677915a151972_Optical-Drives-Gen.webp,$66.62,278791-001,https://www.vertexnetworking.co.uk/product/278791-001-compaq-16x-speed-cd-rom-drive.html
Vertex Networking,203351-670 - HP 10x Speed DVD-ROM,203351-670 - HP 10x Speed DVD-ROM Product Condition: Refurbished,https://www.vertexnetworking.co.uk/storage/product_images/677915a0667ab_Optical-Drives-Gen.webp,$140.30,203351-670,https://www.vertexnetworking.co.uk/product/203351-670-hp-10x-speed-dvd-rom.html
Vertex Networking,215422-001 - HP 10X Max Speed DVD-ROM for Deskpro EX PC P933 Desktop,215422-001 - HP 10X Max Speed DVD-ROM for Deskpro EX PC P933 Desktop Product Condition: Refurbished Miscellaneous,https://www.vertexnetworking.co.uk/storage/product_images/677915a10a31f_Optical-Drives-Gen.webp,$140.30,215422-001,https://www.vertexnetworking.co.uk/product/215422-001-hp-10x-max-speed-dvd-rom-for-deskpro-ex-pc-p933-desktop.html
Vertex Networking,335389-001 - HP 48x Speed IDE CD-ROM Optical Drive for Pavilion b1010br Desktop,335389-001 - HP 48x Speed IDE CD-ROM Optical Drive for Pavilion b1010br Desktop Product Condition: Refurbished Miscellaneous,https://www.vertexnetworking.co.uk/storage/product_images/677915a19fa7e_Optical-Drives-Gen.webp,$66.62,335389-001,https://www.vertexnetworking.co.uk/product/335389-001-hp-48x-speed-ide-cd-rom-optical-drive-for-pavilion-b1010br-desktop.html
Vertex Networking,213251-001 - HP 16x Speed IDE DVD-ROM for xw8400 Workstation,213251-001 - HP 16x Speed IDE DVD-ROM for xw8400 Workstation Product Condition: Refurbished,https://www.vertexnetworking.co.uk/storage/product_images/677915a0e0fae_Optical-Drives-Gen.webp,$131.28,213251-001,https://www.vertexnetworking.co.uk/product/213251-001-hp-16x-speed-ide-dvd-rom-for-xw8400-workstation.html
Vertex Networking,328369-001 - HP 24x IDE CD-ROM Drive for ProLiant Server,328369-001 - HP 24x IDE CD-ROM Drive for ProLiant Server Product Condition: Refurbished Miscellaneous,https://www.vertexnetworking.co.uk/storage/product_images/677915a13676d_Optical-Drives-Gen.webp,$80.15,328369-001,https://www.vertexnetworking.co.uk/product/328369-001-hp-24x-ide-cd-rom-drive-for-proliant-server.html
Vertex Networking,327659-001 - HP / Compaq 32x Internal IDE CD-ROM Drive,327659-001 - HP / Compaq 32x Internal IDE CD-ROM Drive Product Condition: Refurbished Miscellaneous,https://www.vertexnetworking.co.uk/storage/product_images/677915a0efc52_Optical-Drives-Gen.webp,$66.62,327659-001,https://www.vertexnetworking.co.uk/product/327659-001-hp-compaq-32x-internal-ide-cd-rom-drive.html
Vertex Networking,321168-001 - HP 48X Speed IDE CD-ROM Optical Drive for ProLiant ML370 G4 Server,321168-001 - HP 48X Speed IDE CD-ROM Optical Drive for ProLiant ML370 G4 Server Product Condition: Refurbished Miscellaneous,https://www.vertexnetworking.co.uk/storage/product_images/677915a1ec897_Optical-Drives-Gen.webp,$66.62,321168-001,https://www.vertexnetworking.co.uk/product/321168-001-hp-48x-speed-ide-cd-rom-optical-drive-for-proliant-ml370-g4-server.html
Vertex Networking,327446-001 - HP 4x Speed Internal DVD-ROM Drive for Presario 5000 / 5100,327446-001 - HP 4x Speed Internal DVD-ROM Drive for Presario 5000 / 5100 Product Condition: Refurbished,https://www.vertexnetworking.co.uk/storage/product_images/677915a0d2dc1_Optical-Drives-Gen.webp,$134.29,327446-001,https://www.vertexnetworking.co.uk/product/327446-001-hp-4x-speed-internal-dvd-rom-drive-for-presario-5000-5100.html
Vertex Networking,327321-001 - HP 24x Speed CD-ROM Optical Drive,327321-001 - HP 24x Speed CD-ROM Optical Drive Product Condition: Refurbished,https://www.vertexnetworking.co.uk/storage/product_images/677915a0b5207_Optical-Drives-Gen.webp,$74.14,327321-001,https://www.vertexnetworking.co.uk/product/327321-001-hp-24x-speed-cd-rom-optical-drive.html
Vertex Networking,278783-001 - HP 16x Speed IDE CD-ROM Drive,278783-001 - HP 16x Speed IDE CD-ROM Drive Product Condition: Refurbished Miscellaneous,https://www.vertexnetworking.co.uk/storage/product_images/677915a127689_Optical-Drives-Gen.webp,$66.62,278783-001,https://www.vertexnetworking.co.uk/product/278783-001-hp-16x-speed-ide-cd-rom-drive.html
Vertex Networking,212489-EB0 - HP / Compaq LTN-486S 48X Speed IDE CD-ROM Optical Drive,212489-EB0 - HP / Compaq LTN-486S 48X Speed IDE CD-ROM Optical Drive Product Condition: Refurbished,https://www.vertexnetworking.co.uk/storage/product_images/677915a0c3f00_Optical-Drives-Gen.webp,$66.62,212489-EB0,https://www.vertexnetworking.co.uk/product/212489-eb0-hp-compaq-ltn-486s-48x-speed-ide-cd-rom-optical-drive.html
Vertex Networking,27L3436 - IBM CD-Reader - Plug-in Module - 24x - IDE,27L3436 - IBM CD-Reader - Plug-in Module - 24x - IDE Product Condition: Refurbished,https://www.vertexnetworking.co.uk/storage/product_images/677915a16ef58_Optical-Drives-Gen.webp,$66.62,27L3436,https://www.vertexnetworking.co.uk/product/27l3436-ibm-cd-reader-plug-in-module-24x-ide.html
Vertex Networking,331549-005 - HP / Compaq 48x Speed CD-ROM,331549-005 - HP / Compaq 48x Speed CD-ROM Product Condition: Refurbished,https://www.vertexnetworking.co.uk/storage/product_images/677915a17de8a_Optical-Drives-Gen.webp,$66.62,331549-005,https://www.vertexnetworking.co.uk/product/331549-005-hp-compaq-48x-speed-cd-rom.html
Vertex Networking,222837-002 - HP 24x Speed Slim CD-ROM Drive for ProLiant DL380,222837-002 - HP 24x Speed Slim CD-ROM Drive for ProLiant DL380 Product Condition: Refurbished Miscellaneous,https://www.vertexnetworking.co.uk/storage/product_images/677915a18db43_Optical-Drives-Gen.webp,$66.62,222837-002,https://www.vertexnetworking.co.uk/product/222837-002-hp-24x-speed-slim-cd-rom-drive-for-proliant-dl380.html
Vertex Networking,328707-001 - HP 32x Speed CD-ROM Optical Drive,328707-001 - HP 32x Speed CD-ROM Optical Drive Product Condition: Refurbished Miscellaneous,https://www.vertexnetworking.co.uk/storage/product_images/677915a1605f6_Optical-Drives-Gen.webp,$66.62,328707-001,https://www.vertexnetworking.co.uk/product/328707-001-hp-32x-speed-cd-rom-optical-drive.html
Vertex Networking,336084-9D5 - HP 8X Speed DVD-R/RW Optical Drive,336084-9D5 - HP 8X Speed DVD-R/RW Optical Drive Product Condition: Refurbished,https://www.vertexnetworking.co.uk/storage/product_images/677915a1dcd0c_Optical-Drives-Gen.webp,$86.17,336084-9D5,https://www.vertexnetworking.co.uk/product/336084-9d5-hp-8x-speed-dvd-r-rw-optical-drive.html
Vertex Networking,327921-001 - HP 24X Speed IDE CD-ROM Drive for ProLiant 1850R Server,327921-001 - HP 24X Speed IDE CD-ROM Drive for ProLiant 1850R Server Product Condition: Refurbished Miscellaneous,https://www.vertexnetworking.co.uk/storage/product_images/677915a118b8d_Optical-Drives-Gen.webp,$74.14,327921-001,https://www.vertexnetworking.co.uk/product/327921-001-hp-24x-speed-ide-cd-rom-drive-for-proliant-1850r-server.html
Vertex Networking,336084-9D2 - HP Slimline DVD+R/ RW Drive for ProLiant DL360 G4p,336084-9D2 - HP Slimline DVD+R/ RW Drive for ProLiant DL360 G4p Product Condition: Refurbished,https://www.vertexnetworking.co.uk/storage/product_images/677915a1bea37_Optical-Drives-Gen.webp,$66.62,336084-9D2,https://www.vertexnetworking.co.uk/product/336084-9d2-hp-slimline-dvd-r-rw-drive-for-proliant-dl360-g4p.html
Vertex Networking,222837-001 - HP 24X Speed Slimline CD-ROM for ProLiant DL360 G3 Server,222837-001 - HP 24X Speed Slimline CD-ROM for ProLiant DL360 G3 Server Product Condition: Refurbished Miscellaneous,https://www.vertexnetworking.co.uk/storage/product_images/677915a1cdc25_Optical-Drives-Gen.webp,$66.62,222837-001,https://www.vertexnetworking.co.uk/product/222837-001-hp-24x-speed-slimline-cd-rom-for-proliant-dl360-g3-server.html
Vertex Networking,217824-001 - HP 12x / 8x / 32x CD-RW Drive,217824-001 - HP 12x / 8x / 32x CD-RW Drive Product Condition: Refurbished Miscellaneous,https://www.vertexnetworking.co.uk/storage/product_images/6779159fc8997_Optical-Drives-Gen.webp,$149.32,217824-001,https://www.vertexnetworking.co.uk/product/217824-001-hp-12x-8x-32x-cd-rw-drive.html
Vertex Networking,0T20N - Dell Disk Drive CD-RW / DVD-ROM combo 24x internal 5.25-inch Slim Line,0T20N - Dell Disk Drive CD-RW / DVD-ROM combo 24x internal 5.25-inch Slim Line Product Condition: Refurbished,https://www.vertexnetworking.co.uk/storage/product_images/677915a00dcd1_Optical-Drives-Gen.webp,$71.18,0T20N,https://www.vertexnetworking.co.uk/product/0t20n-dell-disk-drive-cd-rw-dvd-rom-combo-24x-internal-5-25-inch-slim-line.html
Vertex Networking,1J322 - Dell DVD+RW 4.7G IDE 5.25-inch Form Factor Drive,1J322 - Dell DVD+RW 4.7G IDE 5.25-inch Form Factor Drive Product Condition: Refurbished,https://www.vertexnetworking.co.uk/storage/product_images/6779159ff2270_Optical-Drives-Gen.webp,$102.71,1J322,https://www.vertexnetworking.co.uk/product/1j322-dell-dvd-rw-4-7g-ide-5-25-inch-form-factor-drive.html
Vertex Networking,217393-001 - HP / Compaq 12x/8x/32X Speed CD-RW Optical Drive,217393-001 - HP / Compaq 12x/8x/32X Speed CD-RW Optical Drive Product Condition: Refurbished,https://www.vertexnetworking.co.uk/storage/product_images/6779159f4d25a_Optical-Drives-Gen.webp,$136.54,217393-001,https://www.vertexnetworking.co.uk/product/217393-001-hp-compaq-12x-8x-32x-speed-cd-rw-optical-drive.html
Vertex Networking,652232-B21 - HP 12.77MM DVD RW And CD RW Supermulti SATA Jack Black Internal Dual-Layer Combination Optical Disk Drive,652232-B21 - HP 12.77MM DVD RW And CD RW Supermulti SATA Jack Black Internal Dual-Layer Combination Optical Disk Drive,https://www.vertexnetworking.co.uk/storage/product_images/6779159f06142_Optical-Drives-Gen.webp,$90.00,652232-B21,https://www.vertexnetworking.co.uk/product/hpe-652232-b21-12-7mm-slim-sata-dvd-rom-jackblack-optical-drive.html
Vertex Networking,429-AAOX - Dell 8X External DVD-ROM Drive for Rack Server PowerEdge R430,429-AAOX - Dell 8X External DVD-ROM Drive for Rack Server PowerEdge R430,https://www.vertexnetworking.co.uk/storage/product_images/6779159fad670_Optical-Drives-Gen.webp,$122.00,429-AAOX,https://www.vertexnetworking.co.uk/product/dell-429-aaox-8x-external-dvd-rom-drive-for-poweredge-c6420-server.html
Vertex Networking,1X764 - Dell 48X CD-ROM Unit and CD-RW Unit,1X764 - Dell 48X CD-ROM Unit and CD-RW Unit Product Condition: Refurbished,https://www.vertexnetworking.co.uk/storage/product_images/677915a03f59b_Optical-Drives-Gen.webp,$102.71,1X764,https://www.vertexnetworking.co.uk/product/1x764-dell-48x-cd-rom-unit-and-cd-rw-unit.html
Vertex Networking,0H195 - Dell Latitude C800 6X CD-RW Unit DVD Player Combo,0H195 - Dell Latitude C800 6X CD-RW Unit DVD Player Combo Product Condition: Refurbished,https://www.vertexnetworking.co.uk/storage/product_images/6779159fe4c26_Optical-Drives-Gen.webp,$94.80,0H195,https://www.vertexnetworking.co.uk/product/0h195-dell-latitude-c800-6x-cd-rw-unit-dvd-player-combo.html
Vertex Networking,20YNG - Dell 12X IDE 5.25-inch CD-RW Drive,20YNG - Dell 12X IDE 5.25-inch CD-RW Drive Product Condition: Refurbished,https://www.vertexnetworking.co.uk/storage/product_images/677915a0a68b4_Optical-Drives-Gen.webp,$74.14,20YNG,https://www.vertexnetworking.co.uk/product/20yng-dell-12x-ide-5-25-inch-cd-rw-drive.html
Vertex Networking,222603-001 - Compaq 48x Speed CD-ROM Drive,222603-001 - Compaq 48x Speed CD-ROM Drive Product Condition: Refurbished,https://www.vertexnetworking.co.uk/storage/product_images/6779159f14019_Optical-Drives-Gen.webp,$74.14,222603-001,https://www.vertexnetworking.co.uk/product/222603-001-compaq-48x-speed-cd-rom-drive.html
Vertex Networking,202952-001 - HP 8x Speed DVD-ROM Drive for Presario 12XL220,202952-001 - HP 8x Speed DVD-ROM Drive for Presario 12XL220 Product Condition: Refurbished,https://www.vertexnetworking.co.uk/storage/product_images/677915a086578_Optical-Drives-Gen.webp,$144.06,202952-001,https://www.vertexnetworking.co.uk/product/202952-001-hp-8x-speed-dvd-rom-drive-for-presario-12xl220.html
Vertex Networking,R61T8 - Dell 9.5MM 8X SATA Internal DVD-RW Optical Drive for Latitude E Series,R61T8 - Dell 9.5MM 8X SATA Internal DVD-RW Optical Drive for Latitude E Series,https://www.vertexnetworking.co.uk/storage/product_images/6779159f5b1dc_Optical-Drives-Gen.webp,$115.00,R61T8,https://www.vertexnetworking.co.uk/product/dell-r61t8-8x-dvd-rw-sata-burner-drive-for-latitude-e4310-e6320-e6420-e6520-xps-laptop.html
Vertex Networking,325313-001 - HP 16X Speed IDE DVD ROM Optical Drive,325313-001 - HP 16X Speed IDE DVD ROM Optical Drive Product Condition: Refurbished Miscellaneous,https://www.vertexnetworking.co.uk/storage/product_images/677915a0970a2_Optical-Drives-Gen.webp,$66.62,325313-001,https://www.vertexnetworking.co.uk/product/325313-001-hp-16x-speed-ide-dvd-rom-optical-drive.html
Vertex Networking,216308-6B0 - HP / Compaq 12X4X32X Speed CD-RW Optical Drive,216308-6B0 - HP / Compaq 12X4X32X Speed CD-RW Optical Drive Product Condition: Refurbished,https://www.vertexnetworking.co.uk/storage/product_images/6779159fbb75a_Optical-Drives-Gen.webp,$86.17,216308-6B0,https://www.vertexnetworking.co.uk/product/216308-6b0-hp-compaq-12x4x32x-speed-cd-rw-optical-drive.html
Vertex Networking,323332-001 - HP 24x Speed Max Slimline CD-ROM Optical Drive for ProLiant DL380 / Dl580,323332-001 - HP 24x Speed Max Slimline CD-ROM Optical Drive for ProLiant DL380 / Dl580 Product Condition: Refurbished Miscellaneous,https://www.vertexnetworking.co.uk/storage/product_images/677915a075a32_Optical-Drives-Gen.webp,$66.62,323332-001,https://www.vertexnetworking.co.uk/product/323332-001-hp-24x-speed-max-slimline-cd-rom-optical-drive-for-proliant-dl380-dl580.html
Vertex Networking,321797-001 - HP CD/DVD RW Optical Drive,321797-001 - HP CD/DVD RW Optical Drive Product Condition: Refurbished,https://www.vertexnetworking.co.uk/storage/product_images/677915a0504f1_Optical-Drives-Gen.webp,$96.69,321797-001,https://www.vertexnetworking.co.uk/product/321797-001-hp-cd-dvd-rw-optical-drive.html
Vertex Networking,215623-B21 - HP CD-RW Drive for Armada M700,215623-B21 - HP CD-RW Drive for Armada M700 Product Condition: Refurbished,https://www.vertexnetworking.co.uk/storage/product_images/6779159f9f8aa_Optical-Drives-Gen.webp,$149.32,215623-B21,https://www.vertexnetworking.co.uk/product/215623-b21-hp-cd-rw-drive-for-armada-m700.html
Vertex Networking,217939-670 - HP / Compaq IDE Internal CD-RW Optical Drive,217939-670 - HP / Compaq IDE Internal CD-RW Optical Drive Product Condition: Refurbished,https://www.vertexnetworking.co.uk/storage/product_images/6779159fd7227_Optical-Drives-Gen.webp,$149.32,217939-670,https://www.vertexnetworking.co.uk/product/217939-670-hp-compaq-ide-internal-cd-rw-optical-drive.html
Vertex Networking,0W5VX - Dell 8X SATA DVD-RW Drive,0W5VX - Dell 8X SATA DVD-RW Drive Product Condition: Refurbished,https://www.vertexnetworking.co.uk/storage/product_images/677915a030c46_Optical-Drives-Gen.webp,$98.74,0W5VX,https://www.vertexnetworking.co.uk/product/0w5vx-dell-8x-sata-dvd-rw-drive.html
Vertex Networking,1W579 - Dell 24X CD-ROM Unit and CD-RW Unit Side Unit,1W579 - Dell 24X CD-ROM Unit and CD-RW Unit Side Unit Product Condition: Refurbished,https://www.vertexnetworking.co.uk/storage/product_images/677915a020be5_Optical-Drives-Gen.webp,$66.62,1W579,https://www.vertexnetworking.co.uk/product/1w579-dell-24x-cd-rom-unit-and-cd-rw-unit-side-unit.html
Vertex Networking,Dell - 6C134 - 1.44MB 3.5-Inch Floppy Drive,Dell - 6C134 - 1.44MB 3.5-Inch Floppy Drive Product Condition: Refurbished,https://www.vertexnetworking.co.uk/storage/product_images/6779159cee4a1_All-Floppy-Disk-Gen.webp,$149.92,6C134,https://www.vertexnetworking.co.uk/product/6c134-dell-1-44mb-3-5-inch-floppy-drive.html
Vertex Networking,7K034 - Dell Inspiron 8200 CD-RW DVD Drive Side Unit,7K034 - Dell Inspiron 8200 CD-RW DVD Drive Side Unit Product Condition: Refurbished,https://www.vertexnetworking.co.uk/storage/product_images/6779159d7fb4c_Optical-Drives-Gen.webp,$118.43,7K034,https://www.vertexnetworking.co.uk/product/7k034-dell-inspiron-8200-cd-rw-dvd-drive-side-unit.html
Vertex Networking,04C94P - Dell Slimline NAL DVD-ROM Drive,04C94P - Dell Slimline NAL DVD-ROM Drive Product Condition: Refurbished,https://www.vertexnetworking.co.uk/storage/product_images/6779159eceac5_04C94P-o.webp,$79.06,04C94P,https://www.vertexnetworking.co.uk/product/04c94p-dell-slimline-nal-dvd-rom-drive.html
Vertex Networking,220835-201 - HP / Compaq 8x Speed CD-ROM for Armada / ProLiant,220835-201 - HP / Compaq 8x Speed CD-ROM for Armada / ProLiant Product Condition: Refurbished,https://www.vertexnetworking.co.uk/storage/product_images/6779159eec970_Optical-Drives-Gen.webp,$66.62,220835-201,https://www.vertexnetworking.co.uk/product/220835-201-hp-compaq-8x-speed-cd-rom-for-armada-proliant.html
Vertex Networking,8MJHX - Dell 16x DVD-RW Drive Assembly,8MJHX - Dell 16x DVD-RW Drive Assembly Product Condition: Refurbished,https://www.vertexnetworking.co.uk/storage/product_images/6779159db8547_Optical-Drives-Gen.webp,$76.69,8MJHX,https://www.vertexnetworking.co.uk/product/8mjhx-dell-16x-dvd-rw-drive-assembly.html
Vertex Networking,SMO-F551/SD - Sony 5.2GB REWRITABLE Optical Drive,SMO-F551/SD - Sony 5.2GB REWRITABLE Optical Drive Product Condition: Refurbished,https://www.vertexnetworking.co.uk/storage/product_images/6779159e64755_Optical-Drives-Gen.webp,$249.32,SMO-F551/SD,https://www.vertexnetworking.co.uk/product/smo-f551-sd-sony-5-2gb-rewritable-optical-drive.html
Vertex Networking,095M6Y - Dell DVD-RW SATA Burner Drive for Inspiron M5010,095M6Y - Dell DVD-RW SATA Burner Drive for Inspiron M5010 Product Condition: Refurbished,https://www.vertexnetworking.co.uk/storage/product_images/6779159e724dd_Optical-Drives-Gen.webp,$73.54,095M6Y,https://www.vertexnetworking.co.uk/product/095m6y-dell-dvd-rw-sata-burner-drive-for-inspiron-m5010.html
Vertex Networking,191216-001 - Compaq 8x / 4x / 32x CD-RW Drive,191216-001 - Compaq 8x / 4x / 32x CD-RW Drive Product Condition: Refurbished,https://www.vertexnetworking.co.uk/storage/product_images/6779159edf20d_Optical-Drives-Gen.webp,$74.14,191216-001,https://www.vertexnetworking.co.uk/product/191216-001-compaq-8x-4x-32x-cd-rw-drive.html
Vertex Networking,Dell - 7T326 - 1.44MB Floppy Disk Drive for PowerEdge 1400SC,Dell - 7T326 - 1.44MB Floppy Disk Drive for PowerEdge 1400SC Product Condition: Refurbished,https://www.vertexnetworking.co.uk/storage/product_images/6779159d9b841_All-Floppy-Disk-Gen.webp,$149.92,7T326,https://www.vertexnetworking.co.uk/product/7t326-dell-1-44mb-floppy-disk-drive-for-poweredge-1400sc.html
Vertex Networking,A9875-64001 - HP DVD-ROM Optical Drive,A9875-64001 - HP DVD-ROM Optical Drive Product Condition: Refurbished,https://www.vertexnetworking.co.uk/storage/product_images/6779159e463c9_Optical-Drives-Gen.webp,$384.66,A9875-64001,https://www.vertexnetworking.co.uk/product/a9875-64001-hp-dvd-rom-optical-drive.html
Vertex Networking,216308-HB0 - HP / Compaq 12x8x40X Speed IDE CD-RW Optical Drive,216308-HB0 - HP / Compaq 12x8x40X Speed IDE CD-RW Optical Drive Product Condition: Refurbished,https://www.vertexnetworking.co.uk/storage/product_images/6779159f3078a_Optical-Drives-Gen.webp,$86.17,216308-HB0,https://www.vertexnetworking.co.uk/product/216308-hb0-hp-compaq-12x8x40x-speed-ide-cd-rw-optical-drive.html
Vertex Networking,Dell - 2Y310 - 24X CD-RW/DVD Combo Drive for Latitude D Series,Dell - 2Y310 - 24X CD-RW/DVD Combo Drive for Latitude D Series,https://www.vertexnetworking.co.uk/storage/product_images/6779159ce1185_Optical-Drives-Gen.webp,$108.00,2Y310,https://www.vertexnetworking.co.uk/product/2y310-dell-24x-cd-rw-dvd-combo-drive-for-latitude-d-series.html
Vertex Networking,SMO-F561-01 - Sony 9.1GB SCSI Internal Magneto Optical Drive without Bezel,SMO-F561-01 - Sony 9.1GB SCSI Internal Magneto Optical Drive without Bezel Product Condition: Refurbished,https://www.vertexnetworking.co.uk/storage/product_images/6779159e7fe18_Optical-Drives-Gen.webp,$244.06,SMO-F561-01,https://www.vertexnetworking.co.uk/product/smo-f561-01-sony-9-1gb-scsi-internal-magneto-optical-drive-without-bezel.html
Vertex Networking,361040-B21 - HP 8X IDE Internal Slimline DVD-ROM Drive for Proliant,361040-B21 - HP 8X IDE Internal Slimline DVD-ROM Drive for Proliant,https://www.vertexnetworking.co.uk/storage/product_images/6779159f2236b_Optical-Drives-Gen.webp,$102.00,361040-B21,https://www.vertexnetworking.co.uk/product/hpe-361040-b21-40-16x-cd-dvd-rom-optical-drive-for-proliant-dl140-g2-dl140-g3-dl145.html
Vertex Networking,37L1504 - IBM 100MB Ultraslim Bay ZIP Drive,37L1504 - IBM 100MB Ultraslim Bay ZIP Drive,https://www.vertexnetworking.co.uk/storage/product_images/6779159d8facf_Optical-Drives-Gen.webp,$102.00,37L1504,https://www.vertexnetworking.co.uk/product/37l1504-ibm-100mb-ultraslim-bay-zip-drive.html
Vertex Networking,Dell - 9H570 - OptiPlex GX280 Slimline 1.44MB Floppy Drive,Dell - 9H570 - OptiPlex GX280 Slimline 1.44MB Floppy Drive Product Condition: Refurbished,https://www.vertexnetworking.co.uk/storage/product_images/6779159e378ad_9H570-o.webp,$163.31,9H570,https://www.vertexnetworking.co.uk/product/9h570-dell-slimline-1-44mb-floppy-drive-for-optiplex-gx280.html
Vertex Networking,9J615 - Dell 24X CD-ROM Unit and CD-RW Unit,9J615 - Dell 24X CD-ROM Unit and CD-RW Unit Product Condition: Refurbished,https://www.vertexnetworking.co.uk/storage/product_images/6779159e56ac1_Optical-Drives-Gen.webp,$155.43,9J615,https://www.vertexnetworking.co.uk/product/9j615-dell-24x-cd-rom-unit-and-cd-rw-unit.html
Vertex Networking,264WC - Dell Inspiron 3800 4X CD-ROM Unit and CD-RW Unit,264WC - Dell Inspiron 3800 4X CD-ROM Unit and CD-RW Unit Product Condition: Refurbished,https://www.vertexnetworking.co.uk/storage/product_images/6779159dc64cd_Optical-Drives-Gen.webp,$84.57,264WC,https://www.vertexnetworking.co.uk/product/264wc-dell-inspiron-3800-4x-cd-rom-unit-and-cd-rw-unit.html
Vertex Networking,2064P - Dell 24X CD-ROM Unit CD-RW Unit,2064P - Dell 24X CD-ROM Unit CD-RW Unit Product Condition: Refurbished,https://www.vertexnetworking.co.uk/storage/product_images/6779159daa444_Optical-Drives-Gen.webp,$126.30,2064P,https://www.vertexnetworking.co.uk/product/2064p-dell-24x-cd-rom-unit-cd-rw-unit.html
Vertex Networking,818213-B21 - HP Dl360 Gen9 SFF DVD-ROM/USB Kit Double Layer Super Multi Optical Drive,818213-B21 - HP Dl360 Gen9 SFF DVD-ROM/USB Kit Double Layer Super Multi Optical Drive,https://www.vertexnetworking.co.uk/storage/product_images/6779159f3e8f9_Optical-Drives-Gen.webp,$175.00,818213-B21,https://www.vertexnetworking.co.uk/product/hpe-818213-b21-dvd-usb-media-bay-kit-for-proliant-dl360-gen9.html
Vertex Networking,3U626 - Dell 24X CD-ROM Unit CD-RW Unit Side Unit,3U626 - Dell 24X CD-ROM Unit CD-RW Unit Side Unit,https://www.vertexnetworking.co.uk/storage/product_images/6779159cc4673_Optical-Drives-Gen.webp,$58.00,3U626,https://www.vertexnetworking.co.uk/product/3u626-dell-24x-cd-rom-unit-cd-rw-unit-side-unit.html
Vertex Networking,4T616 - Dell 24X CD-ROM Unit and CD-RW Unit Side Unit,4T616 - Dell 24X CD-ROM Unit and CD-RW Unit Side Unit,https://www.vertexnetworking.co.uk/storage/product_images/6779159b824f9_Optical-Drives-Gen.webp,Get a Quote for price,4T616,https://www.vertexnetworking.co.uk/product/4t616-dell-24x-cd-rom-unit-and-cd-rw-unit-side-unit.html
Vertex Networking,6J420 - Dell CD-W216E 16X CD-RW Drive,6J420 - Dell CD-W216E 16X CD-RW Drive Product Condition: Refurbished,https://www.vertexnetworking.co.uk/storage/product_images/6779159d1685e_Optical-Drives-Gen.webp,$102.68,6J420,https://www.vertexnetworking.co.uk/product/6j420-dell-cd-w216e-16x-cd-rw-drive.html
Vertex Networking,R5NJY - Dell Latitude E4300 Optical DVD-RW Multi-Recorder,R5NJY - Dell Latitude E4300 Optical DVD-RW Multi-Recorder Product Condition: Refurbished,https://www.vertexnetworking.co.uk/storage/product_images/6779159c4692a_Optical-Drives-Gen.webp,$86.17,R5NJY,https://www.vertexnetworking.co.uk/product/r5njy-dell-latitude-e4300-optical-dvd-rw-multi-recorder.html
Vertex Networking,DVDRW - Dell DVDRW for D Series Laptops,DVDRW - Dell DVDRW for D Series Laptops Product Condition: Refurbished Miscellaneous,https://www.vertexnetworking.co.uk/storage/product_images/6779159c0a10d_DVDRW.webp,$66.62,DVDRW,https://www.vertexnetworking.co.uk/product/dvdrw-dell-dvdrw-for-d-series-laptops.html
Vertex Networking,3Q009 - Dell CD-RW/DVD ROM Combo Drive for Inspiron 2500 8000 8100 and 8200 Series and Dell Latitude C Series,3Q009 - Dell CD-RW/DVD ROM Combo Drive for Inspiron 2500 8000 8100 and 8200 Series and Dell Latitude C Series Product Condition: Refurbished,https://www.vertexnetworking.co.uk/storage/product_images/6779159bae04f_Optical-Drives-Gen.webp,$81.42,3Q009,https://www.vertexnetworking.co.uk/product/3q009-dell-cd-rw-dvd-rom-combo-drive-for-inspiron-2500-8000-8100-and-8200-series-and-dell-latitude-c-series.html
Vertex Networking,3F591 - Dell 8x CD-RW C-Module,3F591 - Dell 8x CD-RW C-Module,https://www.vertexnetworking.co.uk/storage/product_images/6779159c18aae_Optical-Drives-Gen.webp,$52.00,3F591,https://www.vertexnetworking.co.uk/product/3f591-dell-8x-cd-rw-c-module.html
Vertex Networking,5Y218 - Dell CD-RW DVD Drive,5Y218 - Dell CD-RW DVD Drive Product Condition: Refurbished,https://www.vertexnetworking.co.uk/storage/product_images/6779159cd29e0_Optical-Drives-Gen.webp,$67.24,5Y218,https://www.vertexnetworking.co.uk/product/5y218-dell-cd-rw-dvd-drive.html
Vertex Networking,5P668 - Dell Cdrw/Cd-Rom Drive Face Plate (Bezel),5P668 - Dell Cdrw/Cd-Rom Drive Face Plate (Bezel) Product Condition: Refurbished,https://www.vertexnetworking.co.uk/storage/product_images/6779159c637e0_Optical-Drives-Gen.webp,$79.06,5P668,https://www.vertexnetworking.co.uk/product/5p668-dell-cdrw-cd-rom-drive-face-plate-bezel.html
Vertex Networking,9T494 - Dell 24X10X24X11 Slim CD-RW/DVD-ROM Combo Drive,9T494 - Dell 24X10X24X11 Slim CD-RW/DVD-ROM Combo Drive Product Condition: Refurbished,https://www.vertexnetworking.co.uk/storage/product_images/6779159c29a0a_Optical-Drives-Gen.webp,$74.14,9T494,https://www.vertexnetworking.co.uk/product/9t494-dell-24x10x24x11-slim-cd-rw-dvd-rom-combo-drive.html
Vertex Networking,3E515 - Dell 16X CD-ROM Unit and CD-RW Unit,3E515 - Dell 16X CD-ROM Unit and CD-RW Unit Product Condition: Refurbished,https://www.vertexnetworking.co.uk/storage/product_images/6779159b73ed0_Optical-Drives-Gen.webp,$136.54,3E515,https://www.vertexnetworking.co.uk/product/3e515-dell-16x-cd-rom-unit-and-cd-rw-unit.html
Vertex Networking,4R150 - Dell 8X CD-RW/DVD Combo Drive for Latitude C Series,4R150 - Dell 8X CD-RW/DVD Combo Drive for Latitude C Series,https://www.vertexnetworking.co.uk/storage/product_images/6779159b65b0b_Optical-Drives-Gen.webp,$65.00,4R150,https://www.vertexnetworking.co.uk/product/4r150-dell-8x-cd-rw-dvd-combo-drive-for-latitude-c-series.html
Vertex Networking,3G005 - Dell 6X DVD/CD-RW Combo Drive for Laptop,3G005 - Dell 6X DVD/CD-RW Combo Drive for Laptop,https://www.vertexnetworking.co.uk/storage/product_images/6779159c5495c_Optical-Drives-Gen.webp,$80.00,3G005,https://www.vertexnetworking.co.uk/product/3g005-dell-6x-dvd-cd-rw-combo-drive-for-laptop.html
Vertex Networking,3G594 - Dell 24X CD-RW unit,3G594 - Dell 24X CD-RW unit,https://www.vertexnetworking.co.uk/storage/product_images/6779159c38020_Optical-Drives-Gen.webp,$62.00,3G594,https://www.vertexnetworking.co.uk/product/3g594-dell-24x-cd-rw-unit.html
Vertex Networking,3G151 - Dell 6X DVD/CD-RW Combo Drive for Inspiron,3G151 - Dell 6X DVD/CD-RW Combo Drive for Inspiron,https://www.vertexnetworking.co.uk/storage/product_images/6779159b9fe11_Optical-Drives-Gen.webp,$65.00,3G151,https://www.vertexnetworking.co.uk/product/3g151-dell-6x-dvd-cd-rw-combo-drive-for-inspiron.html
Vertex Networking,855RN - Dell 8X CD-RW and CD-ROM Unit,855RN - Dell 8X CD-RW and CD-ROM Unit,https://www.vertexnetworking.co.uk/storage/product_images/6779159d082e2_Optical-Drives-Gen.webp,$332.00,855RN,https://www.vertexnetworking.co.uk/product/855rn-dell-8x-cd-rw-and-cd-rom-unit.html
Vertex Networking,5R378 - Dell 24X CD-RW DVD Unit Side Unit,5R378 - Dell 24X CD-RW DVD Unit Side Unit Product Condition: Refurbished,https://www.vertexnetworking.co.uk/storage/product_images/6779159cb3a29_Optical-Drives-Gen.webp,$90.87,5R378,https://www.vertexnetworking.co.uk/product/5r378-dell-24x-cd-rw-dvd-unit-side-unit.html
Vertex Networking,3F768 - Dell 8X CD-RW and CD-ROM Unit Side Unit,3F768 - Dell 8X CD-RW and CD-ROM Unit Side Unit,https://www.vertexnetworking.co.uk/storage/product_images/6779159bbbee1_Optical-Drives-Gen.webp,$130.00,3F768,https://www.vertexnetworking.co.uk/product/3f768-dell-8x-cd-rw-and-cd-rom-unit-side-unit.html
Vertex Networking,44VTH - Dell Bzl FrtplstcCD-RWkmei7500,44VTH - Dell Bzl FrtplstcCD-RWkmei7500,https://www.vertexnetworking.co.uk/storage/product_images/6779159ca5058_Optical-Drives-Gen.webp,$52.00,44VTH,https://www.vertexnetworking.co.uk/product/44vth-dell-bzl-frtplstccd-rwkmei7500.html
Vertex Networking,F2009A - HP / Iomega Omnibook 100MB Zip Drive,F2009A - HP / Iomega Omnibook 100MB Zip Drive,https://www.vertexnetworking.co.uk/storage/product_images/6779159d3d554_Optical-Drives-Gen.webp,$115.00,F2009A,https://www.vertexnetworking.co.uk/product/f2009a-hp-iomega-omnibook-100mb-zip-drive.html
Vertex Networking,67TMX - Dell 8X/4X/24X IDE CD-RW Drive,67TMX - Dell 8X/4X/24X IDE CD-RW Drive,https://www.vertexnetworking.co.uk/storage/product_images/6779159a21c4d_Optical-Drives-Gen.webp,$132.00,67TMX,https://www.vertexnetworking.co.uk/product/67tmx-dell-8x-4x-24x-ide-cd-rw-drive.html
Vertex Networking,285557-001 - HP 8X Speed DVD-RW Optical Drive,285557-001 - HP 8X Speed DVD-RW Optical Drive,https://www.vertexnetworking.co.uk/storage/product_images/6779159a2fe9c_Optical-Drives-Gen.webp,$135.00,285557-001,https://www.vertexnetworking.co.uk/product/285557-001-hp-8x-speed-dvd-rw-optical-drive.html
Vertex Networking,4R114 - Dell 8X CDRW,4R114 - Dell 8X CDRW,https://www.vertexnetworking.co.uk/storage/product_images/6779159b000b7_Optical-Drives-Gen.webp,$70.00,4R114,https://www.vertexnetworking.co.uk/product/4r114-dell-8x-cdrw.html
Vertex Networking,6P060 - Dell 8x4x24x IDE Slim Internal CD-R/RW Drive,6P060 - Dell 8x4x24x IDE Slim Internal CD-R/RW Drive,https://www.vertexnetworking.co.uk/storage/product_images/6779159ac73ed_Optical-Drives-Gen.webp,Get a Quote for price,6P060,https://www.vertexnetworking.co.uk/product/6p060-dell-8x4x24x-ide-slim-internal-cd-r-rw-drive.html
Vertex Networking,DA213-69001 - HP 32xMax Speed IDE CD-RW Optical Drive for Pavilion t230m Desktop,DA213-69001 - HP 32xMax Speed IDE CD-RW Optical Drive for Pavilion t230m Desktop,https://www.vertexnetworking.co.uk/storage/product_images/67791599c9a2f_Optical-Drives-Gen.webp,$62.00,DA213-69001,https://www.vertexnetworking.co.uk/product/da213-69001-hp-32xmax-speed-ide-cd-rw-optical-drive-for-pavilion-t230m-desktop.html
Vertex Networking,40MPN - Dell OptiPlex GX110 8X CD-RW CD-ROM Unit,40MPN - Dell OptiPlex GX110 8X CD-RW CD-ROM Unit,https://www.vertexnetworking.co.uk/storage/product_images/67791599bbe73_Optical-Drives-Gen.webp,$100.00,40MPN,https://www.vertexnetworking.co.uk/product/40mpn-dell-optiplex-gx110-8x-cd-rw-cd-rom-unit.html
Vertex Networking,6D733 - Dell Side BAY 8X CD-RW Drive,6D733 - Dell Side BAY 8X CD-RW Drive,https://www.vertexnetworking.co.uk/storage/product_images/6779159a5aac0_Optical-Drives-Gen.webp,$80.00,6D733,https://www.vertexnetworking.co.uk/product/6d733-dell-side-bay-8x-cd-rw-drive.html
Vertex Networking,6F545 - Dell 8X4X24 IDE CD-RW 3.5-inch Drive,6F545 - Dell 8X4X24 IDE CD-RW 3.5-inch Drive,https://www.vertexnetworking.co.uk/storage/product_images/6779159a80556_Optical-Drives-Gen.webp,Get a Quote for price,6F545,https://www.vertexnetworking.co.uk/product/6f545-dell-8x4x24-ide-cd-rw-3-5-inch-drive.html
Vertex Networking,3D527 - Dell 6X CD-RW Unit DVD Player Combo,3D527 - Dell 6X CD-RW Unit DVD Player Combo Product Condition: Refurbished,https://www.vertexnetworking.co.uk/storage/product_images/6779159b56f75_3D527-o.webp,$81.42,3D527,https://www.vertexnetworking.co.uk/product/3d527-dell-6x-cd-rw-unit-dvd-player-combo.html
Vertex Networking,4R518 - Dell 24X10X24X CD-RW Drive,4R518 - Dell 24X10X24X CD-RW Drive,https://www.vertexnetworking.co.uk/storage/product_images/6779159ab88c8_Optical-Drives-Gen.webp,$105.00,4R518,https://www.vertexnetworking.co.uk/product/4r518-dell-24x10x24x-cd-rw-drive.html
Vertex Networking,394273-001 - HP 8X Speed DVD+/-R/RW Optical Drive for Pavilion ze2000 CTO Notebook Miscellaneous,394273-001 - HP 8X Speed DVD+/-R/RW Optical Drive for Pavilion ze2000 CTO Notebook Miscellaneous,https://www.vertexnetworking.co.uk/storage/product_images/6779159a728f9_Optical-Drives-Gen.webp,$110.00,394273-001,https://www.vertexnetworking.co.uk/product/394273-001-hp-8x-speed-dvd-r-rw-optical-drive-for-pavilion-ze2000-cto-notebook.html
Vertex Networking,6MFFN - Dell 24x SATA DVD+/-RW Drive for Alienware Area 51/XPS8100,6MFFN - Dell 24x SATA DVD+/-RW Drive for Alienware Area 51/XPS8100,https://www.vertexnetworking.co.uk/storage/product_images/6779159aaa7c3_Optical-Drives-Gen.webp,$168.00,6MFFN,https://www.vertexnetworking.co.uk/product/6mffn-dell-24x-sata-dvd-rw-drive-for-alienware-area-51-xps8100.html
Vertex Networking,6F069 - Dell Inspiron 8200 8X CD-RW CD-ROM Unit,6F069 - Dell Inspiron 8200 8X CD-RW CD-ROM Unit,https://www.vertexnetworking.co.uk/storage/product_images/6779159a3ec4e_Optical-Drives-Gen.webp,$125.00,6F069,https://www.vertexnetworking.co.uk/product/6f069-dell-inspiron-8200-8x-cd-rw-cd-rom-unit.html
Vertex Networking,438P6 - Dell 8X SATA DVD-RW Drive,438P6 - Dell 8X SATA DVD-RW Drive,https://www.vertexnetworking.co.uk/storage/product_images/67791599d73a4_Optical-Drives-Gen.webp,$55.00,438P6,https://www.vertexnetworking.co.uk/product/438p6-dell-8x-sata-dvd-rw-drive.html
Vertex Networking,661-5138 - Apple 8x Slot Load SATA Optical Drive for iMac 24,661-5138 - Apple 8x Slot Load SATA Optical Drive for iMac 24,https://www.vertexnetworking.co.uk/storage/product_images/6779159a8ddfd_Optical-Drives-Gen.webp,$395.00,661-5138,https://www.vertexnetworking.co.uk/product/661-5138-apple-8x-slot-load-sata-optical-drive-for-imac-24.html
Vertex Networking,480864-001 - HP DVD-RW Optical Drive for Pavilion tx2510us Laptop Miscellaneous,480864-001 - HP DVD-RW Optical Drive for Pavilion tx2510us Laptop Miscellaneous,https://www.vertexnetworking.co.uk/storage/product_images/6779159a4d693_Optical-Drives-Gen.webp,$110.00,480864-001,https://www.vertexnetworking.co.uk/product/480864-001-hp-dvd-rw-optical-drive-for-pavilion-tx2510us-laptop.html
Vertex Networking,3K639 - Dell CD-RW/DVD ROM Combo Drive for CPX/Inspiron,3K639 - Dell CD-RW/DVD ROM Combo Drive for CPX/Inspiron Product Condition: Refurbished,https://www.vertexnetworking.co.uk/storage/product_images/6779159b908c6_Optical-Drives-Gen.webp,$110.55,3K639,https://www.vertexnetworking.co.uk/product/3k639-dell-cd-rw-dvd-rom-combo-drive-for-cpx-inspiron.html
Vertex Networking,4R557 - Dell 24X CD-RW+DVD Combo Drive,4R557 - Dell 24X CD-RW+DVD Combo Drive,https://www.vertexnetworking.co.uk/storage/product_images/6779159ad8071_Optical-Drives-Gen.webp,$55.00,4R557,https://www.vertexnetworking.co.uk/product/4r557-dell-24x-cd-rw-dvd-combo-drive.html
Vertex Networking,38DGC - Dell DVDrw for E4300 E4310,38DGC - Dell DVDrw for E4300 E4310 Product Condition: Refurbished,https://www.vertexnetworking.co.uk/storage/product_images/6779159ae6402_Optical-Drives-Gen.webp,$110.55,38DGC,https://www.vertexnetworking.co.uk/product/38dgc-dell-dvdrw-for-e4300-e4310.html
Vertex Networking,6P473 - Dell 8X CD-RW CD-ROM Unit Side Unit,6P473 - Dell 8X CD-RW CD-ROM Unit Side Unit,https://www.vertexnetworking.co.uk/storage/product_images/6779159a9be1f_Optical-Drives-Gen.webp,$68.00,6P473,https://www.vertexnetworking.co.uk/product/6p473-dell-8x-cd-rw-cd-rom-unit-side-unit.html
Vertex Networking,40NPY - Dell 8X CD-RW CD-ROM Unit,40NPY - Dell 8X CD-RW CD-ROM Unit,https://www.vertexnetworking.co.uk/storage/product_images/677915997d964_40NPY-o.webp,$52.00,40NPY,https://www.vertexnetworking.co.uk/product/40npy-dell-8x-cd-rw-cd-rom-unit.html
Vertex Networking,661-3272 - Apple 4X Super Drive with Carrier for iMac G5 17/20,661-3272 - Apple 4X Super Drive with Carrier for iMac G5 17/20,https://www.vertexnetworking.co.uk/storage/product_images/67791598743bc_Optical-Drives-Gen.webp,$388.00,661-3272,https://www.vertexnetworking.co.uk/product/661-3272-apple-4x-super-drive-with-carrier-for-imac-g5-17-20.html
Vertex Networking,AB348-2100A - HP Slimline DVD-RW Optical Drive for rp3440 Server,AB348-2100A - HP Slimline DVD-RW Optical Drive for rp3440 Server,https://www.vertexnetworking.co.uk/storage/product_images/677915991f9ea_Optical-Drives-Gen.webp,$150.00,AB348-2100A,https://www.vertexnetworking.co.uk/product/ab348-2100a-hp-slimline-dvd-rw-optical-drive-for-rp3440-server.html
Vertex Networking,42VPM - Dell 8X CD-RW and CD-ROM Unit,42VPM - Dell 8X CD-RW and CD-ROM Unit,https://www.vertexnetworking.co.uk/storage/product_images/677915999ec94_Optical-Drives-Gen.webp,$162.00,42VPM,https://www.vertexnetworking.co.uk/product/42vpm-dell-8x-cd-rw-and-cd-rom-unit.html
Vertex Networking,659RD - Dell 8X CD-RW Drive for Latitude C Series and Inspiron Series,659RD - Dell 8X CD-RW Drive for Latitude C Series and Inspiron Series,https://www.vertexnetworking.co.uk/storage/product_images/67791599f3e1f_Optical-Drives-Gen.webp,$148.00,659RD,https://www.vertexnetworking.co.uk/product/659rd-dell-8x-cd-rw-drive-for-latitude-c-series-and-inspiron-series.html
Vertex Networking,319422-001 - HP / Compaq 8x / 24x Speed DVD / CD-RW IDE Combo Optical Drive for Presario 2100 / 2500 Series,319422-001 - HP / Compaq 8x / 24x Speed DVD / CD-RW IDE Combo Optical Drive for Presario 2100 / 2500 Series,https://www.vertexnetworking.co.uk/storage/product_images/67791598db847_Optical-Drives-Gen.webp,$182.00,319422-001,https://www.vertexnetworking.co.uk/product/319422-001-hp-compaq-8x-24x-speed-dvd-cd-rw-ide-combo-optical-drive-for-presario-2100-2500-series.html
Vertex Networking,F3493A - HP / Compaq DVD / CD-RW Combo Optical Drive for Pavilion zt1135,F3493A - HP / Compaq DVD / CD-RW Combo Optical Drive for Pavilion zt1135,https://www.vertexnetworking.co.uk/storage/product_images/67791599022bf_Optical-Drives-Gen.webp,$150.00,F3493A,https://www.vertexnetworking.co.uk/product/f3493a-hp-compaq-dvd-cd-rw-combo-optical-drive-for-pavilion-zt1135.html
Vertex Networking,6P811 - Dell 24x Cdrw/dvd 3.5 IDE Int,6P811 - Dell 24x Cdrw/dvd 3.5 IDE Int,https://www.vertexnetworking.co.uk/storage/product_images/6779159910d40_Optical-Drives-Gen.webp,$65.00,6P811,https://www.vertexnetworking.co.uk/product/6p811-dell-24x-cdrw-dvd-3-5-ide-int.html
Vertex Networking,A8682-62020 - HP 16/48X Speed DVD-ROM Optical Drive,A8682-62020 - HP 16/48X Speed DVD-ROM Optical Drive,https://www.vertexnetworking.co.uk/storage/product_images/677915993fc23_Optical-Drives-Gen.webp,$148.00,A8682-62020,https://www.vertexnetworking.co.uk/product/a8682-62020-hp-16-48x-speed-dvd-rom-optical-drive.html
Vertex Networking,455391-931 - HP 9.5mm CD-RW/DVD ROM Optical Drive,455391-931 - HP 9.5mm CD-RW/DVD ROM Optical Drive,https://www.vertexnetworking.co.uk/storage/product_images/67791599e5e61_Optical-Drives-Gen.webp,$110.00,455391-931,https://www.vertexnetworking.co.uk/product/455391-931-hp-9-5mm-cd-rw-dvd-rom-optical-drive.html
Vertex Networking,661-4809 - Apple 18X Super Drive for Mac Pro,661-4809 - Apple 18X Super Drive for Mac Pro,https://www.vertexnetworking.co.uk/storage/product_images/67791598b314f_Optical-Drives-Gen.webp,$405.00,661-4809,https://www.vertexnetworking.co.uk/product/661-4809-apple-18x-super-drive-for-mac-pro.html
Vertex Networking,661-4472 - Apple 16X Double Layer Support Super Drive for Mac Pro Miscellaneous,661-4472 - Apple 16X Double Layer Support Super Drive for Mac Pro Miscellaneous,https://www.vertexnetworking.co.uk/storage/product_images/67791598cd5f9_Optical-Drives-Gen.webp,$315.00,661-4472,https://www.vertexnetworking.co.uk/product/661-4472-apple-16x-double-layer-support-super-drive-for-mac-pro.html
Vertex Networking,C4380-60001 - HP SureStore 7200i 2x/6x Speed IDE CD-RW optical Drive,C4380-60001 - HP SureStore 7200i 2x/6x Speed IDE CD-RW optical Drive Product Condition: Refurbished,https://www.vertexnetworking.co.uk/storage/product_images/67791599adcb0_Optical-Drives-Gen.webp,$189.00,C4380-60001,https://www.vertexnetworking.co.uk/product/c4380-60001-hp-surestore-7200i-2x-6x-speed-ide-cd-rw-optical-drive.html
Vertex Networking,3U614 - Dell 24X CD-ROM Unit CD-RW Unit,3U614 - Dell 24X CD-ROM Unit CD-RW Unit,https://www.vertexnetworking.co.uk/storage/product_images/677915992db4e_Optical-Drives-Gen.webp,$80.00,3U614,https://www.vertexnetworking.co.uk/product/3u614-dell-24x-cd-rom-unit-cd-rw-unit.html
Vertex Networking,C4314A - HP 6x/32x Speed DVD-ROM/CD-ROM SCSI External Optical Drive,C4314A - HP 6x/32x Speed DVD-ROM/CD-ROM SCSI External Optical Drive,https://www.vertexnetworking.co.uk/storage/product_images/67791598669c9_Optical-Drives-Gen.webp,$210.00,C4314A,https://www.vertexnetworking.co.uk/product/c4314a-hp-6x-32x-speed-dvd-rom-cd-rom-scsi-external-optical-drive.html
Vertex Networking,C4455-56000 - HP 8x/4x/32x Speed SCSI CD-RW Optical Drive,C4455-56000 - HP 8x/4x/32x Speed SCSI CD-RW Optical Drive,https://www.vertexnetworking.co.uk/storage/product_images/677915998b646_Optical-Drives-Gen.webp,$62.00,C4455-56000,https://www.vertexnetworking.co.uk/product/c4455-56000-hp-8x-4x-32x-speed-scsi-cd-rw-optical-drive.html
Vertex Networking,390851-002 - HP IDE CD-RW / DVD-ROM Optical Drive for xw9300 Workstation,390851-002 - HP IDE CD-RW / DVD-ROM Optical Drive for xw9300 Workstation,https://www.vertexnetworking.co.uk/storage/product_images/677915988587f_Optical-Drives-Gen.webp,$125.00,390851-002,https://www.vertexnetworking.co.uk/product/390851-002-hp-ide-cd-rw-dvd-rom-optical-drive-for-xw9300-workstation.html
Vertex Networking,396238-001 - HP 16X Speed Half Height DVD-RW Drive Optical Drive,396238-001 - HP 16X Speed Half Height DVD-RW Drive Optical Drive,https://www.vertexnetworking.co.uk/storage/product_images/6779159a0efbf_Optical-Drives-Gen.webp,$160.00,396238-001,https://www.vertexnetworking.co.uk/product/396238-001-hp-16x-speed-half-height-dvd-rw-drive-optical-drive.html
Vertex Networking,A9876-64001 - HP CD-RW / DVD Module,A9876-64001 - HP CD-RW / DVD Module,https://www.vertexnetworking.co.uk/storage/product_images/67791598c038d_Optical-Drives-Gen.webp,$330.00,A9876-64001,https://www.vertexnetworking.co.uk/product/a9876-64001-hp-cd-rw-dvd-module.html
Vertex Networking,661-4421 - Apple 8X PATA Super Drive for Mac Mini,661-4421 - Apple 8X PATA Super Drive for Mac Mini,https://www.vertexnetworking.co.uk/storage/product_images/67791598e93cd_Optical-Drives-Gen.webp,$315.00,661-4421,https://www.vertexnetworking.co.uk/product/661-4421-apple-8x-pata-super-drive-for-mac-mini.html
Vertex Networking,661-3949 - Apple 8X PATA Super Drive for iMac 24,661-3949 - Apple 8X PATA Super Drive for iMac 24,https://www.vertexnetworking.co.uk/storage/product_images/67791597432c3_Optical-Drives-Gen.webp,$395.00,661-3949,https://www.vertexnetworking.co.uk/product/661-3949-apple-8x-pata-super-drive-for-imac-24.html
Vertex Networking,661-3776 - Apple 8X DVD-RW / CD-RW Super Drive for iMac G5 Miscellaneous,661-3776 - Apple 8X DVD-RW / CD-RW Super Drive for iMac G5 Miscellaneous,https://www.vertexnetworking.co.uk/storage/product_images/6779159801564_Optical-Drives-Gen.webp,$395.00,661-3776,https://www.vertexnetworking.co.uk/product/661-3776-apple-8x-dvd-rw-cd-rw-super-drive-for-imac-g5.html
Vertex Networking,190074-001 - HP 8x / 4x / 32x CD-RW Drive,190074-001 - HP 8x / 4x / 32x CD-RW Drive,https://www.vertexnetworking.co.uk/storage/product_images/67791597caf4a_Optical-Drives-Gen.webp,$75.00,190074-001,https://www.vertexnetworking.co.uk/product/190074-001-hp-8x-4x-32x-cd-rw-drive.html
Vertex Networking,661-4080 - Apple 16X Double Layer PATA / IDE DVD-R / CD-RW Super Drive for Mac Pro,661-4080 - Apple 16X Double Layer PATA / IDE DVD-R / CD-RW Super Drive for Mac Pro,https://www.vertexnetworking.co.uk/storage/product_images/6779159735d5f_Optical-Drives-Gen.webp,$315.00,661-4080,https://www.vertexnetworking.co.uk/product/661-4080-apple-16x-double-layer-pata-ide-dvd-r-cd-rw-super-drive-for-mac-pro.html
Vertex Networking,661-3343 - Apple 4X Super Drive with Carrier for iMac G5,661-3343 - Apple 4X Super Drive with Carrier for iMac G5,https://www.vertexnetworking.co.uk/storage/product_images/67791598397c3_Optical-Drives-Gen.webp,$388.00,661-3343,https://www.vertexnetworking.co.uk/product/661-3343-apple-4x-super-drive-with-carrier-for-imac-g5.html
Vertex Networking,661-3888 - Apple 8X Super Drive for Mac Mini,661-3888 - Apple 8X Super Drive for Mac Mini,https://www.vertexnetworking.co.uk/storage/product_images/6779159853f5e_Optical-Drives-Gen.webp,$315.00,661-3888,https://www.vertexnetworking.co.uk/product/661-3888-apple-8x-super-drive-for-mac-mini.html
Vertex Networking,661-5978 - Apple SATA DVD-R / CD-RW Super Drive for iMac 27,661-5978 - Apple SATA DVD-R / CD-RW Super Drive for iMac 27,https://www.vertexnetworking.co.uk/storage/product_images/67791597d9127_Optical-Drives-Gen.webp,$350.00,661-5978,https://www.vertexnetworking.co.uk/product/661-5978-apple-sata-dvd-r-cd-rw-super-drive-for-imac-27.html
Vertex Networking,661-4288 - Apple IDE CD / DVD-RW Super Drive for MacBook Pro 15 Miscellaneous,661-4288 - Apple IDE CD / DVD-RW Super Drive for MacBook Pro 15 Miscellaneous,https://www.vertexnetworking.co.uk/storage/product_images/677915978f1f8_Optical-Drives-Gen.webp,$315.00,661-4288,https://www.vertexnetworking.co.uk/product/661-4288-apple-ide-cd-dvd-rw-super-drive-for-macbook-pro-15.html
Vertex Networking,661-3677 - Apple 8X Super Drive for Mac Mini,661-3677 - Apple 8X Super Drive for Mac Mini,https://www.vertexnetworking.co.uk/storage/product_images/677915981c9e5_Optical-Drives-Gen.webp,$335.00,661-3677,https://www.vertexnetworking.co.uk/product/661-3677-apple-8x-super-drive-for-mac-mini.html
Vertex Networking,661-5519 - Apple 8X SATA DVD+R / CD-R / CD / DVD-ROM Optical Drive for iMac 21.5 Miscellaneous,661-5519 - Apple 8X SATA DVD+R / CD-R / CD / DVD-ROM Optical Drive for iMac 21.5 Miscellaneous,https://www.vertexnetworking.co.uk/storage/product_images/677915977d4b4_Optical-Drives-Gen.webp,$175.00,661-5519,https://www.vertexnetworking.co.uk/product/661-5519-apple-8x-sata-dvd-r-cd-r-cd-dvd-rom-optical-drive-for-imac-21-5.html
Vertex Networking,661-5249 - Apple SATA CD / DVD-RW Super Drive for MacBook Pro 13 Miscellaneous,661-5249 - Apple SATA CD / DVD-RW Super Drive for MacBook Pro 13 Miscellaneous,https://www.vertexnetworking.co.uk/storage/product_images/677915976ffc2_Optical-Drives-Gen.webp,$315.00,661-5249,https://www.vertexnetworking.co.uk/product/661-5249-apple-sata-cd-dvd-rw-super-drive-for-macbook-pro-13.html
Vertex Networking,238878-001 - Compaq DVD / CD-RW Combo Multibay Drive for Armada Notebook N200c Miscellaneous,238878-001 - Compaq DVD / CD-RW Combo Multibay Drive for Armada Notebook N200c Miscellaneous,https://www.vertexnetworking.co.uk/storage/product_images/67791597e7303_Optical-Drives-Gen.webp,$115.00,238878-001,https://www.vertexnetworking.co.uk/product/238878-001-compaq-dvd-cd-rw-combo-multibay-drive-for-armada-notebook-n200c.html
Vertex Networking,336084-9D1 - HP Slimline 8 x DVD-RW Drive for ProLiant DL585,336084-9D1 - HP Slimline 8 x DVD-RW Drive for ProLiant DL585,https://www.vertexnetworking.co.uk/storage/product_images/677915980f6c7_Optical-Drives-Gen.webp,$85.00,336084-9D1,https://www.vertexnetworking.co.uk/product/336084-9d1-hp-slimline-8-x-dvd-rw-drive-for-proliant-dl585.html
Vertex Networking,A2U57UT - HP Mobile USB NLS DVD-RW Drive,A2U57UT - HP Mobile USB NLS DVD-RW Drive,https://www.vertexnetworking.co.uk/storage/product_images/67791598a57d2_Optical-Drives-Gen.webp,$258.00,A2U57UT,https://www.vertexnetworking.co.uk/product/a2u57ut-hp-mobile-usb-nls-dvd-rw-drive.html
Vertex Networking,661-3606 - Apple 4X DVD-R / CD-RW Super Drive for iMac G5,661-3606 - Apple 4X DVD-R / CD-RW Super Drive for iMac G5,https://www.vertexnetworking.co.uk/storage/product_images/677915979da3c_Optical-Drives-Gen.webp,$315.00,661-3606,https://www.vertexnetworking.co.uk/product/661-3606-apple-4x-dvd-r-cd-rw-super-drive-for-imac-g5.html
Vertex Networking,661-3873 - Apple 8X Super Drive for iMac G5,661-3873 - Apple 8X Super Drive for iMac G5,https://www.vertexnetworking.co.uk/storage/product_images/67791598953c7_Optical-Drives-Gen.webp,$395.00,661-3873,https://www.vertexnetworking.co.uk/product/661-3873-apple-8x-super-drive-for-imac-g5.html
Vertex Networking,361890-6C0 - HP 8x CD-RW/DVD-ROM Combo Drive,361890-6C0 - HP 8x CD-RW/DVD-ROM Combo Drive,https://www.vertexnetworking.co.uk/storage/product_images/677915982a753_Optical-Drives-Gen.webp,$122.00,361890-6C0,https://www.vertexnetworking.co.uk/product/361890-6c0-hp-8x-cd-rw-dvd-rom-combo-drive.html
Vertex Networking,214419-001 - HP 24x / 48x IDE CD-RW Drive for Armada,214419-001 - HP 24x / 48x IDE CD-RW Drive for Armada,https://www.vertexnetworking.co.uk/storage/product_images/67791597aff26_Optical-Drives-Gen.webp,$125.00,214419-001,https://www.vertexnetworking.co.uk/product/214419-001-hp-24x-48x-ide-cd-rw-drive-for-armada.html
Vertex Networking,661-3607 - Apple 4X DVD-R / CD-RW Super Drive for iMac G5,661-3607 - Apple 4X DVD-R / CD-RW Super Drive for iMac G5,https://www.vertexnetworking.co.uk/storage/product_images/67791597bd27a_Optical-Drives-Gen.webp,$315.00,661-3607,https://www.vertexnetworking.co.uk/product/661-3607-apple-4x-dvd-r-cd-rw-super-drive-for-imac-g5.html
Vertex Networking,405425-001 - HP 48x / 32x / 48x / 16x IDE CD-RW / DVD Internal Combo Optical Drive,405425-001 - HP 48x / 32x / 48x / 16x IDE CD-RW / DVD Internal Combo Optical Drive Product Condition: Refurbished Miscellaneous,https://www.vertexnetworking.co.uk/storage/product_images/6779159846ade_Optical-Drives-Gen.webp,$71.00,405425-001,https://www.vertexnetworking.co.uk/product/405425-001-hp-48x-32x-48x-16x-ide-cd-rw-dvd-internal-combo-optical-drive.html
Vertex Networking,661-5460 - Apple 9.5mm SATA Super Optical Drive for MacBook Pro 17,661-5460 - Apple 9.5mm SATA Super Optical Drive for MacBook Pro 17,https://www.vertexnetworking.co.uk/storage/product_images/67791596deda9_Optical-Drives-Gen.webp,$315.00,661-5460,https://www.vertexnetworking.co.uk/product/661-5460-apple-9-5mm-sata-super-optical-drive-for-macbook-pro-17.html
Vertex Networking,661-4942 - Apple 8X SATA Super Drive for MacBook Pro 17,661-4942 - Apple 8X SATA Super Drive for MacBook Pro 17,https://www.vertexnetworking.co.uk/storage/product_images/6779159699728_Optical-Drives-Gen.webp,$315.00,661-4942,https://www.vertexnetworking.co.uk/product/661-4942-apple-8x-sata-super-drive-for-macbook-pro-17.html
Vertex Networking,661-4033 - Apple 24X CD-RW / DVD Combo Drive for Xserve,661-4033 - Apple 24X CD-RW / DVD Combo Drive for Xserve,https://www.vertexnetworking.co.uk/storage/product_images/67791596c30ee_Optical-Drives-Gen.webp,$242.00,661-4033,https://www.vertexnetworking.co.uk/product/661-4033-apple-24x-cd-rw-dvd-combo-drive-for-xserve.html
Vertex Networking,661-4391 - Apple 8X DVD-R / CD-RW Super Drive for iMac,661-4391 - Apple 8X DVD-R / CD-RW Super Drive for iMac,https://www.vertexnetworking.co.uk/storage/product_images/677915968ad93_Optical-Drives-Gen.webp,$315.00,661-4391,https://www.vertexnetworking.co.uk/product/661-4391-apple-8x-dvd-r-cd-rw-super-drive-for-imac.html
Vertex Networking,661-3656 - Apple 8X Super Drive for Xserve G5,661-3656 - Apple 8X Super Drive for Xserve G5,https://www.vertexnetworking.co.uk/storage/product_images/677915970a236_Optical-Drives-Gen.webp,$235.00,661-3656,https://www.vertexnetworking.co.uk/product/661-3656-apple-8x-super-drive-for-xserve-g5.html
Vertex Networking,661-3909 - Apple 8X DVD+ / -RW Super Drive for MacBook Pro 17,661-3909 - Apple 8X DVD+ / -RW Super Drive for MacBook Pro 17,https://www.vertexnetworking.co.uk/storage/product_images/677915961aad3_Optical-Drives-Gen.webp,$315.00,661-3909,https://www.vertexnetworking.co.uk/product/661-3909-apple-8x-dvd-rw-super-drive-for-macbook-pro-17.html
Vertex Networking,661-4813 - Apple 8X DL SATA Super Drive for Xserve,661-4813 - Apple 8X DL SATA Super Drive for Xserve,https://www.vertexnetworking.co.uk/storage/product_images/677915962a7ce_Optical-Drives-Gen.webp,$405.00,661-4813,https://www.vertexnetworking.co.uk/product/661-4813-apple-8x-dl-sata-super-drive-for-xserve.html
Vertex Networking,661-4034 - Apple 8X Super Drive for Xserve,661-4034 - Apple 8X Super Drive for Xserve,https://www.vertexnetworking.co.uk/storage/product_images/6779159666445_Optical-Drives-Gen.webp,$315.00,661-4034,https://www.vertexnetworking.co.uk/product/661-4034-apple-8x-super-drive-for-xserve.html
Vertex Networking,661-3151 - Apple 24X CD-RW / DVD Combo Drive for Xserve G5,661-3151 - Apple 24X CD-RW / DVD Combo Drive for Xserve G5,https://www.vertexnetworking.co.uk/storage/product_images/67791596a7bdf_Optical-Drives-Gen.webp,$242.00,661-3151,https://www.vertexnetworking.co.uk/product/661-3151-apple-24x-cd-rw-dvd-combo-drive-for-xserve-g5.html
Vertex Networking,661-5172 - Apple 12.7mm SATA DVD-RW Optical Drive for iMac 21.5,661-5172 - Apple 12.7mm SATA DVD-RW Optical Drive for iMac 21.5,https://www.vertexnetworking.co.uk/storage/product_images/67791597614ed_Optical-Drives-Gen.webp,$388.00,661-5172,https://www.vertexnetworking.co.uk/product/661-5172-apple-12-7mm-sata-dvd-rw-optical-drive-for-imac-21-5.html
Vertex Networking,661-6356 - Apple 8X SATA DVD+ / -RW Super Drive for MacBook Pro 17,661-6356 - Apple 8X SATA DVD+ / -RW Super Drive for MacBook Pro 17,https://www.vertexnetworking.co.uk/storage/product_images/677915967ca93_Optical-Drives-Gen.webp,$350.00,661-6356,https://www.vertexnetworking.co.uk/product/661-6356-apple-8x-sata-dvd-rw-super-drive-for-macbook-pro-17.html
Vertex Networking,661-4282 - Apple 8X Double-Layer PATA Super Drive for MacBook Pro 17,661-4282 - Apple 8X Double-Layer PATA Super Drive for MacBook Pro 17,https://www.vertexnetworking.co.uk/storage/product_images/6779159657f1f_Optical-Drives-Gen.webp,$315.00,661-4282,https://www.vertexnetworking.co.uk/product/661-4282-apple-8x-double-layer-pata-super-drive-for-macbook-pro-17.html
Vertex Networking,661-4098 - Apple 8X Double-Layer PATA Super Drive for MacBook Pro 17,661-4098 - Apple 8X Double-Layer PATA Super Drive for MacBook Pro 17,https://www.vertexnetworking.co.uk/storage/product_images/677915963ad2f_Optical-Drives-Gen.webp,$315.00,661-4098,https://www.vertexnetworking.co.uk/product/661-4098-apple-8x-double-layer-pata-super-drive-for-macbook-pro-17.html
Vertex Networking,661-4385 - Apple 8X PATA Super Drive for iMac 24,661-4385 - Apple 8X PATA Super Drive for iMac 24,https://www.vertexnetworking.co.uk/storage/product_images/677915972724f_Optical-Drives-Gen.webp,$395.00,661-4385,https://www.vertexnetworking.co.uk/product/661-4385-apple-8x-pata-super-drive-for-imac-24.html
Vertex Networking,661-4716 - Apple 8X PATA Super Drive for iMac 20/24,661-4716 - Apple 8X PATA Super Drive for iMac 20/24,https://www.vertexnetworking.co.uk/storage/product_images/6779159649978_Optical-Drives-Gen.webp,$315.00,661-4716,https://www.vertexnetworking.co.uk/product/661-4716-apple-8x-pata-super-drive-for-imac-20-24.html
Vertex Networking,661-3552 - Apple 16X DVD+R DL Super Drive for Power Mac G5,661-3552 - Apple 16X DVD+R DL Super Drive for Power Mac G5,https://www.vertexnetworking.co.uk/storage/product_images/67791596d0a15_Optical-Drives-Gen.webp,$315.00,661-3552,https://www.vertexnetworking.co.uk/product/661-3552-apple-16x-dvd-r-dl-super-drive-for-power-mac-g5.html
Vertex Networking,661-3736 - Apple 16X Super Drive for Power Mac G5,661-3736 - Apple 16X Super Drive for Power Mac G5,https://www.vertexnetworking.co.uk/storage/product_images/67791596b55c8_Optical-Drives-Gen.webp,$315.00,661-3736,https://www.vertexnetworking.co.uk/product/661-3736-apple-16x-super-drive-for-power-mac-g5.html
Vertex Networking,661-3265 - Apple 8X CD-RW / DVD-R Super Drive for Power Mac G5,661-3265 - Apple 8X CD-RW / DVD-R Super Drive for Power Mac G5,https://www.vertexnetworking.co.uk/storage/product_images/67791596ed835_Optical-Drives-Gen.webp,$315.00,661-3265,https://www.vertexnetworking.co.uk/product/661-3265-apple-8x-cd-rw-dvd-r-super-drive-for-power-mac-g5.html
Vertex Networking,661-5025 - Apple 8X Double Layer DVD-R / CD-RW Super Drive for MacBook 13 Miscellaneous,661-5025 - Apple 8X Double Layer DVD-R / CD-RW Super Drive for MacBook 13 Miscellaneous,https://www.vertexnetworking.co.uk/storage/product_images/6779159750966_Optical-Drives-Gen.webp,$315.00,661-5025,https://www.vertexnetworking.co.uk/product/661-5025-apple-8x-double-layer-dvd-r-cd-rw-super-drive-for-macbook-13.html
Vertex Networking,661-5681 - Apple 18X DVD-R / CD-RW Super Drive for Mac Pro,661-5681 - Apple 18X DVD-R / CD-RW Super Drive for Mac Pro,https://www.vertexnetworking.co.uk/storage/product_images/6779159718953_Optical-Drives-Gen.webp,$335.00,661-5681,https://www.vertexnetworking.co.uk/product/661-5681-apple-18x-dvd-r-cd-rw-super-drive-for-mac-pro.html
Vertex Networking,350832-001 - HP / Compaq IDE 24xCD-RW/8XDVD-ROM Optical Drive for nx9105 Notebook,350832-001 - HP / Compaq IDE 24xCD-RW/8XDVD-ROM Optical Drive for nx9105 Notebook,https://www.vertexnetworking.co.uk/storage/product_images/677915950731e_Optical-Drives-Gen.webp,$158.00,350832-001,https://www.vertexnetworking.co.uk/product/350832-001-hp-compaq-ide-24xcd-rw-8xdvd-rom-optical-drive-for-nx9105-notebook.html
Vertex Networking,661-4477 - Apple 8X DL PATA Super Drive for Xserve,661-4477 - Apple 8X DL PATA Super Drive for Xserve,https://www.vertexnetworking.co.uk/storage/product_images/677915960cf11_Optical-Drives-Gen.webp,$315.00,661-4477,https://www.vertexnetworking.co.uk/product/661-4477-apple-8x-dl-pata-super-drive-for-xserve.html
Vertex Networking,305143-001 - HP / Compaq 48x / 12x / 48x ATAPI-E/IDE 2MB Buffer CDR-W Drive,305143-001 - HP / Compaq 48x / 12x / 48x ATAPI-E/IDE 2MB Buffer CDR-W Drive,https://www.vertexnetworking.co.uk/storage/product_images/6779159540883_Optical-Drives-Gen.webp,$105.00,305143-001,https://www.vertexnetworking.co.uk/product/305143-001-hp-compaq-48x-12x-48x-atapi-e-ide-2mb-buffer-cdr-w-drive.html
Vertex Networking,C4455A - HP CD-Writer Plus 9200i Series SCSI CD-R/RW 8x Write 4x ReWrite 32x Read Optical Drive,C4455A - HP CD-Writer Plus 9200i Series SCSI CD-R/RW 8x Write 4x ReWrite 32x Read Optical Drive,https://www.vertexnetworking.co.uk/storage/product_images/6779159598115_Optical-Drives-Gen.webp,$138.00,C4455A,https://www.vertexnetworking.co.uk/product/c4455a-hp-cd-writer-plus-9200i-series-scsi-cd-r-rw-8x-write-4x-rewrite-32x-read-optical-drive.html
Vertex Networking,661-5165 - Apple 8X SATA Super Optical Drive for MacBook Pro 13 Miscellaneous,661-5165 - Apple 8X SATA Super Optical Drive for MacBook Pro 13 Miscellaneous,https://www.vertexnetworking.co.uk/storage/product_images/677915953249b_Optical-Drives-Gen.webp,$115.00,661-5165,https://www.vertexnetworking.co.uk/product/661-5165-apple-8x-sata-super-optical-drive-for-macbook-pro-13.html
Vertex Networking,661-5147 - Apple 8X SATA DVD-RW Super Multi Drive for MacBook Pro 15,661-5147 - Apple 8X SATA DVD-RW Super Multi Drive for MacBook Pro 15,https://www.vertexnetworking.co.uk/storage/product_images/67791595d6d2a_Optical-Drives-Gen.webp,$315.00,661-5147,https://www.vertexnetworking.co.uk/product/661-5147-apple-8x-sata-dvd-rw-super-multi-drive-for-macbook-pro-15.html
Vertex Networking,C4455-60001 - HP CD-Writer Plus 9200i Series SCSI CD-R/RW 8x Write 4x ReWrite 32x Read Optical Drive,C4455-60001 - HP CD-Writer Plus 9200i Series SCSI CD-R/RW 8x Write 4x ReWrite 32x Read Optical Drive,https://www.vertexnetworking.co.uk/storage/product_images/677915955e248_Optical-Drives-Gen.webp,$138.00,C4455-60001,https://www.vertexnetworking.co.uk/product/c4455-60001-hp-cd-writer-plus-9200i-series-scsi-cd-r-rw-8x-write-4x-rewrite-32x-read-optical-drive.html
Vertex Networking,661-5865 - Apple 9.5mm SATA Super Optical Drive for MacBook Pro 13 Miscellaneous,661-5865 - Apple 9.5mm SATA Super Optical Drive for MacBook Pro 13 Miscellaneous,https://www.vertexnetworking.co.uk/storage/product_images/6779159516b6a_Optical-Drives-Gen.webp,$350.00,661-5865,https://www.vertexnetworking.co.uk/product/661-5865-apple-9-5mm-sata-super-optical-drive-for-macbook-pro-13.html
Vertex Networking,661-6354 - Apple 8X SATA ODD Super Drive MacBook Pro,661-6354 - Apple 8X SATA ODD Super Drive MacBook Pro,https://www.vertexnetworking.co.uk/storage/product_images/67791594ed13e_Optical-Drives-Gen.webp,$350.00,661-6354,https://www.vertexnetworking.co.uk/product/661-6354-apple-8x-sata-odd-super-drive-macbook-pro.html
Vertex Networking,661-5842 - Apple 8X SATA DR Super Optical Drive for MacBook Pro 15 Miscellaneous,661-5842 - Apple 8X SATA DR Super Optical Drive for MacBook Pro 15 Miscellaneous,https://www.vertexnetworking.co.uk/storage/product_images/677915958a435_Optical-Drives-Gen.webp,$350.00,661-5842,https://www.vertexnetworking.co.uk/product/661-5842-apple-8x-sata-dr-super-optical-drive-for-macbook-pro-15.html
Vertex Networking,661-6501 - Apple 8X SATA DVD-R / CD-RW Super Drive for MacBook Pro 15,661-6501 - Apple 8X SATA DVD-R / CD-RW Super Drive for MacBook Pro 15,https://www.vertexnetworking.co.uk/storage/product_images/67791595b967a_Optical-Drives-Gen.webp,$335.00,661-6501,https://www.vertexnetworking.co.uk/product/661-6501-apple-8x-sata-dvd-r-cd-rw-super-drive-for-macbook-pro-15.html
Vertex Networking,661-4736 - Apple 16X DVD-R / CD-RW Super Drive for MacBook Pro 15 Miscellaneous,661-4736 - Apple 16X DVD-R / CD-RW Super Drive for MacBook Pro 15 Miscellaneous,https://www.vertexnetworking.co.uk/storage/product_images/67791595a7b47_Optical-Drives-Gen.webp,$315.00,661-4736,https://www.vertexnetworking.co.uk/product/661-4736-apple-16x-dvd-r-cd-rw-super-drive-for-macbook-pro-15.html
Vertex Networking,V000080410 - Toshiba DVD-RW Drive for Satellite Pro M40,V000080410 - Toshiba DVD-RW Drive for Satellite Pro M40,https://www.vertexnetworking.co.uk/storage/product_images/67791594df9ff_Optical-Drives-Gen.webp,$78.00,V000080410,https://www.vertexnetworking.co.uk/product/v000080410-toshiba-dvd-rw-drive-for-satellite-pro-m40.html
Vertex Networking,661-3857 - Apple 8X Dual-Layer Super Drive for MacBook Pro 15,661-3857 - Apple 8X Dual-Layer Super Drive for MacBook Pro 15,https://www.vertexnetworking.co.uk/storage/product_images/677915956cfd9_Optical-Drives-Gen.webp,$388.00,661-3857,https://www.vertexnetworking.co.uk/product/661-3857-apple-8x-dual-layer-super-drive-for-macbook-pro-15.html
Vertex Networking,661-3514 - Apple 8X Super Drive for Xserve G5 Miscellaneous,661-3514 - Apple 8X Super Drive for Xserve G5 Miscellaneous,https://www.vertexnetworking.co.uk/storage/product_images/67791595c94f6_Optical-Drives-Gen.webp,$388.00,661-3514,https://www.vertexnetworking.co.uk/product/661-3514-apple-8x-super-drive-for-xserve-g5.html
Vertex Networking,C4415A - HP 24X CD-Writer Plus 8210i CD-RW IDE Drive,C4415A - HP 24X CD-Writer Plus 8210i CD-RW IDE Drive,https://www.vertexnetworking.co.uk/storage/product_images/677915957a8b4_Optical-Drives-Gen.webp,$125.00,C4415A,https://www.vertexnetworking.co.uk/product/c4415a-hp-24x-cd-writer-plus-8210i-cd-rw-ide-drive.html
Vertex Networking,661-2813 - Apple Slot-Load Combo Drive for Xserve G4/G5,661-2813 - Apple Slot-Load Combo Drive for Xserve G4/G5,https://www.vertexnetworking.co.uk/storage/product_images/67791595e4d26_Optical-Drives-Gen.webp,$315.00,661-2813,https://www.vertexnetworking.co.uk/product/661-2813-apple-slot-load-combo-drive-for-xserve-g4-g5.html
Vertex Networking,661-5467 - Apple 9.5mm SATA DVD/RW Super Drive for MacBook Pro 15 Miscellaneous,661-5467 - Apple 9.5mm SATA DVD/RW Super Drive for MacBook Pro 15 Miscellaneous,https://www.vertexnetworking.co.uk/storage/product_images/67791595f29e1_Optical-Drives-Gen.webp,$235.00,661-5467,https://www.vertexnetworking.co.uk/product/661-5467-apple-9-5mm-sata-dvd-rw-super-drive-for-macbook-pro-15.html
Vertex Networking,661-5502 - Apple 9.5 mm SATA Super Optical Drive for MacBook 15 Miscellaneous,661-5502 - Apple 9.5 mm SATA Super Optical Drive for MacBook 15 Miscellaneous,https://www.vertexnetworking.co.uk/storage/product_images/67791595505d1_Optical-Drives-Gen.webp,$115.00,661-5502,https://www.vertexnetworking.co.uk/product/661-5502-apple-9-5-mm-sata-super-optical-drive-for-macbook-15.html
Vertex Networking,163354-001 - HP 32x IDE CD-R / CD-ROM Drive,163354-001 - HP 32x IDE CD-R / CD-ROM Drive Product Condition: Refurbished Miscellaneous,https://www.vertexnetworking.co.uk/storage/product_images/677915952461d_Optical-Drives-Gen.webp,$89.00,163354-001,https://www.vertexnetworking.co.uk/product/163354-001-hp-32x-ide-cd-r-cd-rom-drive.html
Vertex Networking,294766-9D2 - HP 24x Slimline CD-RW / DVD-ROM Combo Drive,294766-9D2 - HP 24x Slimline CD-RW / DVD-ROM Combo Drive,https://www.vertexnetworking.co.uk/storage/product_images/67791594d1ee5_Optical-Drives-Gen.webp,$102.00,294766-9D2,https://www.vertexnetworking.co.uk/product/294766-9d2-hp-24x-slimline-cd-rw-dvd-rom-combo-drive.html
Vertex Networking,652242-B21 - HP 9.5mm SATA 8x DVD-RW Slimline Optical Drive,652242-B21 - HP 9.5mm SATA 8x DVD-RW Slimline Optical Drive,https://www.vertexnetworking.co.uk/storage/product_images/677915942b188_Optical-Drives-Gen.webp,$98.00,652242-B21,https://www.vertexnetworking.co.uk/product/652242-b21-hp-9-5mm-sata-8x-dvd-rw-slimline-optical-drive.html
Vertex Networking,V000061030 - Toshiba CD/DVD-RW Drive for Satellite A100 / A105 Miscellaneous,V000061030 - Toshiba CD/DVD-RW Drive for Satellite A100 / A105 Miscellaneous,https://www.vertexnetworking.co.uk/storage/product_images/677915949b1f6_Optical-Drives-Gen.webp,$68.00,V000061030,https://www.vertexnetworking.co.uk/product/v000061030-toshiba-cd-dvd-rw-drive-for-satellite-a100-a105.html
Vertex Networking,624767-001 - HP Half-Height SATA DVD-RW Drive,624767-001 - HP Half-Height SATA DVD-RW Drive,https://www.vertexnetworking.co.uk/storage/product_images/6779159410598_Optical-Drives-Gen.webp,$68.00,624767-001,https://www.vertexnetworking.co.uk/product/624767-001-hp-half-height-sata-dvd-rw-drive.html
Vertex Networking,T3086 - Dell 8X DVD Unit,T3086 - Dell 8X DVD Unit,https://www.vertexnetworking.co.uk/storage/product_images/677915946fe8f_Optical-Drives-Gen.webp,$55.00,T3086,https://www.vertexnetworking.co.uk/product/t3086-dell-8x-dvd-unit.html
Vertex Networking,T183M - Dell DVD Rw 8X SATA Tray Load,T183M - Dell DVD Rw 8X SATA Tray Load,https://www.vertexnetworking.co.uk/storage/product_images/67791593da51d_Optical-Drives-Gen.webp,$155.00,T183M,https://www.vertexnetworking.co.uk/product/t183m-dell-dvd-rw-8x-sata-tray-load.html
Vertex Networking,RF660 - Dell Assembly DVD+/-RW 16x Nec 05 SATA,RF660 - Dell Assembly DVD+/-RW 16x Nec 05 SATA,https://www.vertexnetworking.co.uk/storage/product_images/677915939eb05_Optical-Drives-Gen.webp,$55.00,RF660,https://www.vertexnetworking.co.uk/product/rf660-dell-assembly-dvd-rw-16x-nec-05-sata.html
Vertex Networking,T3734 - Dell 24X CD-RW/DVD Combo Drive,T3734 - Dell 24X CD-RW/DVD Combo Drive,https://www.vertexnetworking.co.uk/storage/product_images/6779159439d73_Optical-Drives-Gen.webp,$82.00,T3734,https://www.vertexnetworking.co.uk/product/t3734-dell-24x-cd-rw-dvd-combo-drive.html
Vertex Networking,575781-5M3 - HP SATA 16x DVD-RW 5.25-inch Optical Drive Miscellaneous,575781-5M3 - HP SATA 16x DVD-RW 5.25-inch Optical Drive Miscellaneous,https://www.vertexnetworking.co.uk/storage/product_images/67791594b67a5_Optical-Drives-Gen.webp,$108.00,575781-5M3,https://www.vertexnetworking.co.uk/product/575781-5m3-hp-sata-16x-dvd-rw-5-25-inch-optical-drive.html
Vertex Networking,RW407 - Dell Lat D420 Heatasink and Fan Ass,RW407 - Dell Lat D420 Heatasink and Fan Ass,https://www.vertexnetworking.co.uk/storage/product_images/6779159390bc5_Optical-Drives-Gen.webp,$52.00,RW407,https://www.vertexnetworking.co.uk/product/rw407-dell-lat-d420-heatasink-and-fan-ass.html
Vertex Networking,T5030 - Dell 8X DVD-RW Drive,T5030 - Dell 8X DVD-RW Drive,https://www.vertexnetworking.co.uk/storage/product_images/677915948b410_Optical-Drives-Gen.webp,$75.00,T5030,https://www.vertexnetworking.co.uk/product/t5030-dell-8x-dvd-rw-drive.html
Vertex Networking,696627-B21 - HP 9.5mm SATA DVD-RW Slimline Optical Drive for ProLiant ML350 Gen9 Server,696627-B21 - HP 9.5mm SATA DVD-RW Slimline Optical Drive for ProLiant ML350 Gen9 Server,https://www.vertexnetworking.co.uk/storage/product_images/677915947dafa_Optical-Drives-Gen.webp,$98.00,696627-B21,https://www.vertexnetworking.co.uk/product/696627-b21-hp-9-5mm-sata-dvd-rw-slimline-optical-drive-for-proliant-ml350-gen9-server.html
Vertex Networking,575781-501 - HP 16x SATA DVD-RW ROM Optical Drive,575781-501 - HP 16x SATA DVD-RW ROM Optical Drive,https://www.vertexnetworking.co.uk/storage/product_images/67791594470d8_Optical-Drives-Gen.webp,$45.00,575781-501,https://www.vertexnetworking.co.uk/product/575781-501-hp-16x-sata-dvd-rw-rom-optical-drive.html
Vertex Networking,T3013 - Dell Inspiron 5160 4X DVD/RW,T3013 - Dell Inspiron 5160 4X DVD/RW,https://www.vertexnetworking.co.uk/storage/product_images/677915941dd9c_Optical-Drives-Gen.webp,$65.00,T3013,https://www.vertexnetworking.co.uk/product/t3013-dell-inspiron-5160-4x-dvd-rw.html
Vertex Networking,"T2DJH - Dell 8X SATA DVD-RW Drive for Latitude E5420, E5520 Laptops","T2DJH - Dell 8X SATA DVD-RW Drive for Latitude E5420, E5520 Laptops",https://www.vertexnetworking.co.uk/storage/product_images/6779159402cd3_Optical-Drives-Gen.webp,$165.00,T2DJH,https://www.vertexnetworking.co.uk/product/t2djh-dell-8x-sata-dvd-rw-drive-for-latitude-e5420-e5520-laptops.html
Vertex Networking,KU.00809.011 - Acer DVD-RW Optical Drive Miscellaneous,KU.00809.011 - Acer DVD-RW Optical Drive Miscellaneous,https://www.vertexnetworking.co.uk/storage/product_images/67791594c4284_Optical-Drives-Gen.webp,$85.00,KU.00809.011,https://www.vertexnetworking.co.uk/product/ku-00809-011-acer-dvd-rw-optical-drive.html
Vertex Networking,V000053680 - Toshiba DVD-RW Drive for Satellite M45/M40,V000053680 - Toshiba DVD-RW Drive for Satellite M45/M40,https://www.vertexnetworking.co.uk/storage/product_images/677915945446c_Optical-Drives-Gen.webp,Get a Quote for price,V000053680,https://www.vertexnetworking.co.uk/product/v000053680-toshiba-dvd-rw-drive-for-satellite-m45-m40.html
Vertex Networking,V000121950 - Toshiba CD/DVD-RW Drive for Satellite A300,V000121950 - Toshiba CD/DVD-RW Drive for Satellite A300,https://www.vertexnetworking.co.uk/storage/product_images/67791594a933e_Optical-Drives-Gen.webp,$88.00,V000121950,https://www.vertexnetworking.co.uk/product/v000121950-toshiba-cd-dvd-rw-drive-for-satellite-a300.html
Vertex Networking,C4455-69001 - HP CD-Writer Plus 9200i Series SCSI CD-R/RW 8x Write 4x ReWrite 32x Read Optical Drive,C4455-69001 - HP CD-Writer Plus 9200i Series SCSI CD-R/RW 8x Write 4x ReWrite 32x Read Optical Drive,https://www.vertexnetworking.co.uk/storage/product_images/677915946202a_Optical-Drives-Gen.webp,$138.00,C4455-69001,https://www.vertexnetworking.co.uk/product/c4455-69001-hp-cd-writer-plus-9200i-series-scsi-cd-r-rw-8x-write-4x-rewrite-32x-read-optical-drive.html
Vertex Networking,T1557 - Dell Cdrw/dvd Drive,T1557 - Dell Cdrw/dvd Drive,https://www.vertexnetworking.co.uk/storage/product_images/67791593e84df_Optical-Drives-Gen.webp,Get a Quote for price,T1557,https://www.vertexnetworking.co.uk/product/t1557-dell-cdrw-dvd-drive.html
Vertex Networking,R964K - Dell SATA Laptop DVD-RW Drive,R964K - Dell SATA Laptop DVD-RW Drive,https://www.vertexnetworking.co.uk/storage/product_images/677915931f5d0_Optical-Drives-Gen.webp,$115.00,R964K,https://www.vertexnetworking.co.uk/product/r964k-dell-sata-laptop-dvd-rw-drive.html
Vertex Networking,RP362 - Dell 24X CD-RW+DVD Combo Drive,RP362 - Dell 24X CD-RW+DVD Combo Drive,https://www.vertexnetworking.co.uk/storage/product_images/67791592cd33b_Optical-Drives-Gen.webp,$135.00,RP362,https://www.vertexnetworking.co.uk/product/rp362-dell-24x-cd-rw-dvd-combo-drive.html
Vertex Networking,RW043 - Dell Assembly Lblbrndfrtsltw531s Miscellaneous,RW043 - Dell Assembly Lblbrndfrtsltw531s Miscellaneous,https://www.vertexnetworking.co.uk/storage/product_images/677915932d495_Optical-Drives-Gen.webp,$48.00,RW043,https://www.vertexnetworking.co.uk/product/rw043-dell-assembly-lblbrndfrtsltw531s.html
Vertex Networking,RP231 - Dell DVD-RW Drive Sullivan/ Tobago,RP231 - Dell DVD-RW Drive Sullivan/ Tobago,https://www.vertexnetworking.co.uk/storage/product_images/67791592e953b_Optical-Drives-Gen.webp,$65.00,RP231,https://www.vertexnetworking.co.uk/product/rp231-dell-dvd-rw-drive-sullivan-tobago.html
Vertex Networking,"RD3GH - Dell 8X SATA DVD-RW Drive for Latitude E6400, 6410, 6500, 6510","RD3GH - Dell 8X SATA DVD-RW Drive for Latitude E6400, 6410, 6500, 6510",https://www.vertexnetworking.co.uk/storage/product_images/67791593030dd_Optical-Drives-Gen.webp,$275.00,RD3GH,https://www.vertexnetworking.co.uk/product/rd3gh-dell-8x-sata-dvd-rw-drive-for-latitude-e6400-6410-6500-6510.html
Vertex Networking,RH447 - Dell 24X CD-RW / DVD-ROM Internal IDE Combo Drive for Latitude D-Family Notebooks,RH447 - Dell 24X CD-RW / DVD-ROM Internal IDE Combo Drive for Latitude D-Family Notebooks,https://www.vertexnetworking.co.uk/storage/product_images/677915937a371_Optical-Drives-Gen.webp,$55.00,RH447,https://www.vertexnetworking.co.uk/product/rh447-dell-24x-cd-rw-dvd-rom-internal-ide-combo-drive-for-latitude-d-family-notebooks.html
Vertex Networking,R968K - Dell Assembly DVD+/-RW 8 12.7 SATA Sno,R968K - Dell Assembly DVD+/-RW 8 12.7 SATA Sno,https://www.vertexnetworking.co.uk/storage/product_images/67791592beb61_Optical-Drives-Gen.webp,$52.00,R968K,https://www.vertexnetworking.co.uk/product/r968k-dell-assembly-dvd-rw-8-12-7-sata-sno.html
Vertex Networking,R396P - Dell Assembly DVD+/-RW 8 SATA 1735,R396P - Dell Assembly DVD+/-RW 8 SATA 1735,https://www.vertexnetworking.co.uk/storage/product_images/677915925505e_Optical-Drives-Gen.webp,$88.00,R396P,https://www.vertexnetworking.co.uk/product/r396p-dell-assembly-dvd-rw-8-sata-1735.html
Vertex Networking,RR545 - Dell 8x DVD-RW Drive for Data Storage Vostro 1500,RR545 - Dell 8x DVD-RW Drive for Data Storage Vostro 1500,https://www.vertexnetworking.co.uk/storage/product_images/67791592b065d_Optical-Drives-Gen.webp,$125.00,RR545,https://www.vertexnetworking.co.uk/product/rr545-dell-8x-dvd-rw-drive-for-data-storage-vostro-1500.html
Vertex Networking,PYWOF - Dell SFF Optiplex 7XX SATA DVD+/-RW with Bracket,PYWOF - Dell SFF Optiplex 7XX SATA DVD+/-RW with Bracket,https://www.vertexnetworking.co.uk/storage/product_images/6779159263114_Optical-Drives-Gen.webp,$110.00,PYWOF,https://www.vertexnetworking.co.uk/product/pywof-dell-sff-optiplex-7xx-sata-dvd-rw-with-bracket.html
Vertex Networking,T1422 - Dell Assembly DVD+RW 4X TBB D-Series,T1422 - Dell Assembly DVD+RW 4X TBB D-Series,https://www.vertexnetworking.co.uk/storage/product_images/67791593cc794_Optical-Drives-Gen.webp,$65.00,T1422,https://www.vertexnetworking.co.uk/product/t1422-dell-assembly-dvd-rw-4x-tbb-d-series.html
Vertex Networking,RC90X - Dell 8x DVD+/-RW Slim-Line Super Drive,RC90X - Dell 8x DVD+/-RW Slim-Line Super Drive,https://www.vertexnetworking.co.uk/storage/product_images/67791592db23e_Optical-Drives-Gen.webp,$65.00,RC90X,https://www.vertexnetworking.co.uk/product/rc90x-dell-8x-dvd-rw-slim-line-super-drive.html
Vertex Networking,Dell - RVX09 - USB External Slim Slot DVD-RW Optical Drive,Dell - RVX09 - USB External Slim Slot DVD-RW Optical Drive,https://www.vertexnetworking.co.uk/storage/product_images/677915936b534_Optical-Drives-Gen.webp,$185.00,RVX09,https://www.vertexnetworking.co.uk/product/rvx09-dell-external-usb-slim-dvdrw-drive.html
Vertex Networking,R6478 - Dell DVD+/-rw8x Insp Stb,R6478 - Dell DVD+/-rw8x Insp Stb,https://www.vertexnetworking.co.uk/storage/product_images/677915929db1c_Optical-Drives-Gen.webp,$125.00,R6478,https://www.vertexnetworking.co.uk/product/r6478-dell-dvd-rw8x-insp-stb.html
Vertex Networking,RF681 - Dell G5 Assembly 8x IDE DVD-RW,RF681 - Dell G5 Assembly 8x IDE DVD-RW,https://www.vertexnetworking.co.uk/storage/product_images/677915935a621_Optical-Drives-Gen.webp,$65.00,RF681,https://www.vertexnetworking.co.uk/product/rf681-dell-g5-assembly-8x-ide-dvd-rw.html
Vertex Networking,RR559 - Dell 8x DVD-RW Drive W/Dbl Layer Write Capacity Vostro 1400,RR559 - Dell 8x DVD-RW Drive W/Dbl Layer Write Capacity Vostro 1400,https://www.vertexnetworking.co.uk/storage/product_images/677915934c099_Optical-Drives-Gen.webp,$125.00,RR559,https://www.vertexnetworking.co.uk/product/rr559-dell-8x-dvd-rw-drive-w-dbl-layer-write-capacity-vostro-1400.html
Vertex Networking,RP561 - Dell DVD-CDRW COMBO 48X SATA Black LG DATA Storage Optiplex 745,RP561 - Dell DVD-CDRW COMBO 48X SATA Black LG DATA Storage Optiplex 745,https://www.vertexnetworking.co.uk/storage/product_images/67791593bf063_Optical-Drives-Gen.webp,$82.00,RP561,https://www.vertexnetworking.co.uk/product/rp561-dell-dvd-cdrw-combo-48x-sata-black-lg-data-storage-optiplex-745.html
Vertex Networking,RW110 - Dell Sicrdnicpcitrans,RW110 - Dell Sicrdnicpcitrans,https://www.vertexnetworking.co.uk/storage/product_images/6779159310a56_Optical-Drives-Gen.webp,$48.00,RW110,https://www.vertexnetworking.co.uk/product/rw110-dell-sicrdnicpcitrans.html
Vertex Networking,RK891 - Dell Sony NEC 8x Slot Loading DVD-RW for Studio 1735 Laptop,RK891 - Dell Sony NEC 8x Slot Loading DVD-RW for Studio 1735 Laptop,https://www.vertexnetworking.co.uk/storage/product_images/677915933e6fb_Optical-Drives-Gen.webp,$62.00,RK891,https://www.vertexnetworking.co.uk/product/rk891-dell-sony-nec-8x-slot-loading-dvd-rw-for-studio-1735-laptop.html
Vertex Networking,SM316 - Dell CD-RW/DVD-Rom Combo Drive 12x40x16x10 Beige,SM316 - Dell CD-RW/DVD-Rom Combo Drive 12x40x16x10 Beige,https://www.vertexnetworking.co.uk/storage/product_images/67791593acd33_Optical-Drives-Gen.webp,$55.00,SM316,https://www.vertexnetworking.co.uk/product/sm316-dell-cd-rw-dvd-rom-combo-drive-12x40x16x10-beige.html
Vertex Networking,PG263 - Dell 24x CD-RW/DVD D-mod Nfi,PG263 - Dell 24x CD-RW/DVD D-mod Nfi,https://www.vertexnetworking.co.uk/storage/product_images/6779159186b95_Optical-Drives-Gen.webp,$55.00,PG263,https://www.vertexnetworking.co.uk/product/pg263-dell-24x-cd-rw-dvd-d-mod-nfi.html
Vertex Networking,R3972 - Dell CDRW/DVDR,R3972 - Dell CDRW/DVDR,https://www.vertexnetworking.co.uk/storage/product_images/67791592171eb_Optical-Drives-Gen.webp,$65.00,R3972,https://www.vertexnetworking.co.uk/product/r3972-dell-cdrw-dvdr.html
Vertex Networking,R0326 - Dell 24X CD-RW DVD Combo Drive,R0326 - Dell 24X CD-RW DVD Combo Drive,https://www.vertexnetworking.co.uk/storage/product_images/67791591d5216_Optical-Drives-Gen.webp,$135.00,R0326,https://www.vertexnetworking.co.uk/product/r0326-dell-24x-cd-rw-dvd-combo-drive.html
Vertex Networking,R508H - Dell Xps M1330 DVD+/-RW 8x Psnc 9.5 Slot,R508H - Dell Xps M1330 DVD+/-RW 8x Psnc 9.5 Slot,https://www.vertexnetworking.co.uk/storage/product_images/677915929013e_Optical-Drives-Gen.webp,Get a Quote for price,R508H,https://www.vertexnetworking.co.uk/product/r508h-dell-xps-m1330-dvd-rw-8x-psnc-9-5-slot.html
Vertex Networking,Dell - PT068 - 8x DVD+R/RW Super Multi Double-Layer LightScribe IDE Optical Drive,Dell - PT068 - 8x DVD+R/RW Super Multi Double-Layer LightScribe IDE Optical Drive,https://www.vertexnetworking.co.uk/storage/product_images/67791591c7a1f_Optical-Drives-Gen.webp,$115.00,PT068,https://www.vertexnetworking.co.uk/product/pt068-dell-8x-dvd-r-rw-super-multi-double-layer-lightscribe-ide-optical-drive.html
Vertex Networking,PW002 - Dell 24x CDRW/DVD Internal Drive for Inspiron 1525/1526,PW002 - Dell 24x CDRW/DVD Internal Drive for Inspiron 1525/1526,https://www.vertexnetworking.co.uk/storage/product_images/6779159178bfa_Optical-Drives-Gen.webp,$95.00,PW002,https://www.vertexnetworking.co.uk/product/pw002-dell-24x-cdrw-dvd-internal-drive-for-inspiron-1525-1526.html
Vertex Networking,R0327 - Dell 24X CDRW/DVD Combo,R0327 - Dell 24X CDRW/DVD Combo,https://www.vertexnetworking.co.uk/storage/product_images/6779159151c79_Optical-Drives-Gen.webp,$55.00,R0327,https://www.vertexnetworking.co.uk/product/r0327-dell-24x-cdrw-dvd-combo.html
Vertex Networking,Dell - PHF8J - 16X Full-Height CD-RW/DVD-RW Optical Drive,Dell - PHF8J - 16X Full-Height CD-RW/DVD-RW Optical Drive,https://www.vertexnetworking.co.uk/storage/product_images/67791591afec4_Optical-Drives-Gen.webp,$102.00,PHF8J,https://www.vertexnetworking.co.uk/product/phf8j-dell-16x-full-height-cd-rw-dvd-rw-drive.html
Vertex Networking,R6185 - Dell 8X DVD-RW Drive,R6185 - Dell 8X DVD-RW Drive,https://www.vertexnetworking.co.uk/storage/product_images/6779159271d22_Optical-Drives-Gen.webp,$75.00,R6185,https://www.vertexnetworking.co.uk/product/r6185-dell-8x-dvd-rw-drive.html
Vertex Networking,PU620 - Dell 24X IDE CD-RW/DVD Combo Drive for Latitude D430/ D530/ D630/ D631/ D830 / Precision Mobile WorkStation M4300,PU620 - Dell 24X IDE CD-RW/DVD Combo Drive for Latitude D430/ D530/ D630/ D631/ D830 / Precision Mobile WorkStation M4300,https://www.vertexnetworking.co.uk/storage/product_images/6779159246ef3_Optical-Drives-Gen.webp,$110.00,PU620,https://www.vertexnetworking.co.uk/product/pu620-dell-24x-ide-cd-rw-dvd-combo-drive-for-latitude-d430-d530-d630-d631-d830-precision-mobile-workstation-m4300.html
Vertex Networking,R344G - Dell 16X Half-Height SATA Internal DVD+RW Drive,R344G - Dell 16X Half-Height SATA Internal DVD+RW Drive,https://www.vertexnetworking.co.uk/storage/product_images/6779159136a0f_Optical-Drives-Gen.webp,$102.00,R344G,https://www.vertexnetworking.co.uk/product/r344g-dell-16x-half-height-sata-internal-dvd-rw-drive.html
Vertex Networking,PY550 - Dell 48X CD-RW / DVD Combo Drive for OptiPlex 740/ 745 Desktops / Mini-Tower Systems,PY550 - Dell 48X CD-RW / DVD Combo Drive for OptiPlex 740/ 745 Desktops / Mini-Tower Systems,https://www.vertexnetworking.co.uk/storage/product_images/67791591946bf_Optical-Drives-Gen.webp,$50.00,PY550,https://www.vertexnetworking.co.uk/product/py550-dell-48x-cd-rw-dvd-combo-drive-for-optiplex-740-745-desktops-mini-tower-systems.html
Vertex Networking,"PGGV3 - Dell DVD-RW Assembly, DVD+/-RW,8","PGGV3 - Dell DVD-RW Assembly, DVD+/-RW,8",https://www.vertexnetworking.co.uk/storage/product_images/6779159143cb1_Optical-Drives-Gen.webp,$102.00,PGGV3,https://www.vertexnetworking.co.uk/product/pggv3-dell-dvd-rw-assembly-dvd-rw-8.html
Vertex Networking,R494C - Dell 8X SATA DVD+RW Drive for Precision Workstation R5400,R494C - Dell 8X SATA DVD+RW Drive for Precision Workstation R5400,https://www.vertexnetworking.co.uk/storage/product_images/67791592393c1_Optical-Drives-Gen.webp,$65.00,R494C,https://www.vertexnetworking.co.uk/product/r494c-dell-8x-sata-dvd-rw-drive-for-precision-workstation-r5400.html
Vertex Networking,PU262 - Dell 48X Half-Height Black CD-RW/DVD Combo Drive for OptiPlex 330 Mini-Tower System,PU262 - Dell 48X Half-Height Black CD-RW/DVD Combo Drive for OptiPlex 330 Mini-Tower System,https://www.vertexnetworking.co.uk/storage/product_images/6779159229884_Optical-Drives-Gen.webp,$50.00,PU262,https://www.vertexnetworking.co.uk/product/pu262-dell-48x-half-height-black-cd-rw-dvd-combo-drive-for-optiplex-330-mini-tower-system.html
Vertex Networking,PK849 - Dell Dvd/Cd-RW Drive Combo for Vostro 1400 Laptop,PK849 - Dell Dvd/Cd-RW Drive Combo for Vostro 1400 Laptop,https://www.vertexnetworking.co.uk/storage/product_images/67791591e2982_Optical-Drives-Gen.webp,$82.00,PK849,https://www.vertexnetworking.co.uk/product/pk849-dell-dvd-cd-rw-drive-combo-for-vostro-1400-laptop.html
Vertex Networking,PT065 - Dell CD-RW/dvd24x Inspiron 1525/1526,PT065 - Dell CD-RW/dvd24x Inspiron 1525/1526,https://www.vertexnetworking.co.uk/storage/product_images/677915920954f_Optical-Drives-Gen.webp,$80.00,PT065,https://www.vertexnetworking.co.uk/product/pt065-dell-cd-rw-dvd24x-inspiron-1525-1526.html
Vertex Networking,R1627 - Dell 24X CD-RW/DVD Combo Drive,R1627 - Dell 24X CD-RW/DVD Combo Drive,https://www.vertexnetworking.co.uk/storage/product_images/67791591efd06_Optical-Drives-Gen.webp,$55.00,R1627,https://www.vertexnetworking.co.uk/product/r1627-dell-24x-cd-rw-dvd-combo-drive.html
Vertex Networking,PXFKN - Dell DVD Optical Drive EMOD E6400,PXFKN - Dell DVD Optical Drive EMOD E6400 Product Condition: Refurbished,https://www.vertexnetworking.co.uk/storage/product_images/677915928235a_Optical-Drives-Gen.webp,$83.00,PXFKN,https://www.vertexnetworking.co.uk/product/pxfkn-dell-dvd-optical-drive-emod-e6400.html
Vertex Networking,PD585 - Dell 8X/4X/4X DVD-RW / 24X/16X/24X CD-RW Combo Drive,PD585 - Dell 8X/4X/4X DVD-RW / 24X/16X/24X CD-RW Combo Drive,https://www.vertexnetworking.co.uk/storage/product_images/67791591a214b_Optical-Drives-Gen.webp,$52.00,PD585,https://www.vertexnetworking.co.uk/product/pd585-dell-8x-4x-4x-dvd-rw-24x-16x-24x-cd-rw-combo-drive.html
Vertex Networking,NT522 - Dell 8X DVD-RW for Precision M90,NT522 - Dell 8X DVD-RW for Precision M90,https://www.vertexnetworking.co.uk/storage/product_images/677915910d415_Optical-Drives-Gen.webp,$65.00,NT522,https://www.vertexnetworking.co.uk/product/nt522-dell-8x-dvd-rw-for-precision-m90.html
Vertex Networking,P9467 - Dell 8x DVD+/-RW SFF Gx620,P9467 - Dell 8x DVD+/-RW SFF Gx620,https://www.vertexnetworking.co.uk/storage/product_images/67791590d26c0_Optical-Drives-Gen.webp,$75.00,P9467,https://www.vertexnetworking.co.uk/product/p9467-dell-8x-dvd-rw-sff-gx620.html
Vertex Networking,NX140 - Dell DVD-RWD400/d500/d600 Drive (532tsl) DVD-RW By Toshiba DVD Writer,NX140 - Dell DVD-RWD400/d500/d600 Drive (532tsl) DVD-RW By Toshiba DVD Writer,https://www.vertexnetworking.co.uk/storage/product_images/67791590c5519_Optical-Drives-Gen.webp,$78.00,NX140,https://www.vertexnetworking.co.uk/product/nx140-dell-dvd-rwd400-d500-d600-drive-532tsl-dvd-rw-by-toshiba-dvd-writer.html
Vertex Networking,P834C - Dell 8X Ultra Slim SATA DVD-RW,P834C - Dell 8X Ultra Slim SATA DVD-RW,https://www.vertexnetworking.co.uk/storage/product_images/67791590806c0_Optical-Drives-Gen.webp,$55.00,P834C,https://www.vertexnetworking.co.uk/product/p834c-dell-8x-ultra-slim-sata-dvd-rw.html
Vertex Networking,Dell - P884G - R710 12x DVD-RW SATA Slimline Internal DVD-Writer Drive,Dell - P884G - R710 12x DVD-RW SATA Slimline Internal DVD-Writer Drive Product Condition: Refurbished,https://www.vertexnetworking.co.uk/storage/product_images/677915909c6e0_Optical-Drives-Gen.webp,$74.00,P884G,https://www.vertexnetworking.co.uk/product/p884g-dell-r710-dvdrw-sata-slim-r510.html
Vertex Networking,P985G - Dell 16X Half-Height SATA Internal DVD+RW Drive,P985G - Dell 16X Half-Height SATA Internal DVD+RW Drive,https://www.vertexnetworking.co.uk/storage/product_images/677915911bced_Optical-Drives-Gen.webp,$85.00,P985G,https://www.vertexnetworking.co.uk/product/p985g-dell-16x-half-height-sata-internal-dvd-rw-drive.html
Vertex Networking,P5226 - Dell 48x32x CD-RW Black Drive,P5226 - Dell 48x32x CD-RW Black Drive,https://www.vertexnetworking.co.uk/storage/product_images/6779159011fe1_Optical-Drives-Gen.webp,$58.00,P5226,https://www.vertexnetworking.co.uk/product/p5226-dell-48x32x-cd-rw-black-drive.html
Vertex Networking,NXMNW - Dell 8X DVD+/-RW Drive for Inspiron N5110,NXMNW - Dell 8X DVD+/-RW Drive for Inspiron N5110,https://www.vertexnetworking.co.uk/storage/product_images/67791590e449c_Optical-Drives-Gen.webp,$122.00,NXMNW,https://www.vertexnetworking.co.uk/product/nxmnw-dell-8x-dvd-rw-drive-for-inspiron-n5110.html
Vertex Networking,NR0VR - Dell E4200 DVD+/-RW Cdrom,NR0VR - Dell E4200 DVD+/-RW Cdrom,https://www.vertexnetworking.co.uk/storage/product_images/67791590592ba_Optical-Drives-Gen.webp,$65.00,NR0VR,https://www.vertexnetworking.co.uk/product/nr0vr-dell-e4200-dvd-rw-cdrom.html
Vertex Networking,P36YR - Dell 16X SATA DVD-RW Drive,P36YR - Dell 16X SATA DVD-RW Drive,https://www.vertexnetworking.co.uk/storage/product_images/677915904c13f_Optical-Drives-Gen.webp,Get a Quote for price,P36YR,https://www.vertexnetworking.co.uk/product/p36yr-dell-16x-sata-dvd-rw-drive.html
Vertex Networking,PH310 - Dell 8X DVD-RW Drive,PH310 - Dell 8X DVD-RW Drive,https://www.vertexnetworking.co.uk/storage/product_images/677915916af61_Optical-Drives-Gen.webp,$65.00,PH310,https://www.vertexnetworking.co.uk/product/ph310-dell-8x-dvd-rw-drive.html
Vertex Networking,NT634 - Dell 8X DVD-RW Internal IDE Drive for OptiPlex 745 Ultra-Small Form Factor Desktop,NT634 - Dell 8X DVD-RW Internal IDE Drive for OptiPlex 745 Ultra-Small Form Factor Desktop,https://www.vertexnetworking.co.uk/storage/product_images/67791590aa491_Optical-Drives-Gen.webp,$52.00,NT634,https://www.vertexnetworking.co.uk/product/nt634-dell-8x-dvd-rw-internal-ide-drive-for-optiplex-745-ultra-small-form-factor-desktop.html
Vertex Networking,P88PN - Dell Inspiron 14r (N4010) 8x SATA DVD+Rw / CD-RW Dual Layer Burner Drive Module,P88PN - Dell Inspiron 14r (N4010) 8x SATA DVD+Rw / CD-RW Dual Layer Burner Drive Module,https://www.vertexnetworking.co.uk/storage/product_images/67791590f3e5a_Optical-Drives-Gen.webp,$55.00,P88PN,https://www.vertexnetworking.co.uk/product/p88pn-dell-inspiron-14r-n4010-8x-sata-dvd-rw-cd-rw-dual-layer-burner-drive-module.html
Vertex Networking,P7864 - Dell 48X CD-RW / DVD-ROM Internal IDE Combo Drive for PowerEdge 750/ 1600SC/ 800/ 1800/ 830/ 840 Servers,P7864 - Dell 48X CD-RW / DVD-ROM Internal IDE Combo Drive for PowerEdge 750/ 1600SC/ 800/ 1800/ 830/ 840 Servers,https://www.vertexnetworking.co.uk/storage/product_images/67791590662b7_Optical-Drives-Gen.webp,$50.00,P7864,https://www.vertexnetworking.co.uk/product/p7864-dell-48x-cd-rw-dvd-rom-internal-ide-combo-drive-for-poweredge-750-1600sc-800-1800-830-840-servers.html
Vertex Networking,"NVY7V - Dell DVD-RW Assembled Silver Bezel for Vostro 3400, 3500, 3700","NVY7V - Dell DVD-RW Assembled Silver Bezel for Vostro 3400, 3500, 3700",https://www.vertexnetworking.co.uk/storage/product_images/677915908de40_Optical-Drives-Gen.webp,$108.00,NVY7V,https://www.vertexnetworking.co.uk/product/nvy7v-dell-dvd-rw-assembled-silver-bezel-for-vostro-3400-3500-3700.html
Vertex Networking,P9MYJ - Dell Internal DVD-RW Slimline Optical Drive,P9MYJ - Dell Internal DVD-RW Slimline Optical Drive,https://www.vertexnetworking.co.uk/storage/product_images/67791590b7dc0_Optical-Drives-Gen.webp,$125.00,P9MYJ,https://www.vertexnetworking.co.uk/product/p9myj-dell-internal-dvd-rw-slimline-optical-drive.html
Vertex Networking,NT264 - Dell 24X CD-RW/DVD Internal Combo Drive for Latitude D430 Notebook / XT Tablet PC,NT264 - Dell 24X CD-RW/DVD Internal Combo Drive for Latitude D430 Notebook / XT Tablet PC,https://www.vertexnetworking.co.uk/storage/product_images/677915901f8a1_Optical-Drives-Gen.webp,$55.00,NT264,https://www.vertexnetworking.co.uk/product/nt264-dell-24x-cd-rw-dvd-internal-combo-drive-for-latitude-d430-notebook-xt-tablet-pc.html
Vertex Networking,PYW0F - Dell 8x DVD+/-RW SATA Internal Drive,PYW0F - Dell 8x DVD+/-RW SATA Internal Drive Product Condition: Refurbished,https://www.vertexnetworking.co.uk/storage/product_images/67791591291af_Optical-Drives-Gen.webp,$76.00,PYW0F,https://www.vertexnetworking.co.uk/product/pyw0f-dell-8x-dvd-rw-sata-internal-drive.html
Vertex Networking,NR953 - Dell 16X SATA DVD-RW Drive (Black),NR953 - Dell 16X SATA DVD-RW Drive (Black),https://www.vertexnetworking.co.uk/storage/product_images/6779159005153_Optical-Drives-Gen.webp,$92.00,NR953,https://www.vertexnetworking.co.uk/product/nr953-dell-16x-sata-dvd-rw-drive-black-.html
Vertex Networking,NPK1Y - Dell 8X SATA DVD-RW Drive,NPK1Y - Dell 8X SATA DVD-RW Drive,https://www.vertexnetworking.co.uk/storage/product_images/67791590733dc_Optical-Drives-Gen.webp,$160.00,NPK1Y,https://www.vertexnetworking.co.uk/product/npk1y-dell-8x-sata-dvd-rw-drive.html
Vertex Networking,P411K - Dell DVD/CD Rewritable Drive,P411K - Dell DVD/CD Rewritable Drive,https://www.vertexnetworking.co.uk/storage/product_images/6779158fec1e9_Optical-Drives-Gen.webp,$145.00,P411K,https://www.vertexnetworking.co.uk/product/p411k-dell-dvd-cd-rewritable-drive.html
Vertex Networking,NP359 - Dell 48X Half-Height Black CD-RW/DVD Combo Drive (Black) for OptiPlex 330 Desktop,NP359 - Dell 48X Half-Height Black CD-RW/DVD Combo Drive (Black) for OptiPlex 330 Desktop,https://www.vertexnetworking.co.uk/storage/product_images/6779158f6ced9_Optical-Drives-Gen.webp,$50.00,NP359,https://www.vertexnetworking.co.uk/product/np359-dell-48x-half-height-black-cd-rw-dvd-combo-drive-black-for-optiplex-330-desktop.html
Vertex Networking,P149N - Dell 16x Philips // Lite-on DVD+rw With Qflix Internal SATA Dh-16a6q,P149N - Dell 16x Philips // Lite-on DVD+rw With Qflix Internal SATA Dh-16a6q,https://www.vertexnetworking.co.uk/storage/product_images/6779158fc18e0_Optical-Drives-Gen.webp,$82.00,P149N,https://www.vertexnetworking.co.uk/product/p149n-dell-16x-philips-lite-on-dvd-rw-with-qflix-internal-sata-dh-16a6q.html
Vertex Networking,NG221 - Dell 24X CD-RW/DVD Combo Drive (RoHS),NG221 - Dell 24X CD-RW/DVD Combo Drive (RoHS),https://www.vertexnetworking.co.uk/storage/product_images/6779158ebf77f_Optical-Drives-Gen.webp,$148.00,NG221,https://www.vertexnetworking.co.uk/product/ng221-dell-24x-cd-rw-dvd-combo-drive-rohs.html
Vertex Networking,P393F - Dell 8X SATA DVD+RW Drive (Red),P393F - Dell 8X SATA DVD+RW Drive (Red),https://www.vertexnetworking.co.uk/storage/product_images/6779159030505_Optical-Drives-Gen.webp,$65.00,P393F,https://www.vertexnetworking.co.uk/product/p393f-dell-8x-sata-dvd-rw-drive-red-.html
Vertex Networking,N820P - Dell Latitude Z600 External DVD-RW Drive,N820P - Dell Latitude Z600 External DVD-RW Drive,https://www.vertexnetworking.co.uk/storage/product_images/6779158f79f40_Optical-Drives-Gen.webp,$155.00,N820P,https://www.vertexnetworking.co.uk/product/n820p-dell-latitude-z600-external-dvd-rw-drive.html
Vertex Networking,NT262 - Dell 24X CD-RW/DVD Combo Drive for Precision M90 Mobile Workstation,NT262 - Dell 24X CD-RW/DVD Combo Drive for Precision M90 Mobile Workstation,https://www.vertexnetworking.co.uk/storage/product_images/677915903d639_Optical-Drives-Gen.webp,$55.00,NT262,https://www.vertexnetworking.co.uk/product/nt262-dell-24x-cd-rw-dvd-combo-drive-for-precision-m90-mobile-workstation.html
Vertex Networking,P21WX - Dell 8X SATA DVD+/-RW Drive,P21WX - Dell 8X SATA DVD+/-RW Drive,https://www.vertexnetworking.co.uk/storage/product_images/6779158f93fa3_Optical-Drives-Gen.webp,$205.00,P21WX,https://www.vertexnetworking.co.uk/product/p21wx-dell-8x-sata-dvd-rw-drive.html
Vertex Networking,P0647 - Dell CD-RW/DVD Drive,P0647 - Dell CD-RW/DVD Drive,https://www.vertexnetworking.co.uk/storage/product_images/6779158fd09ce_Optical-Drives-Gen.webp,$245.00,P0647,https://www.vertexnetworking.co.uk/product/p0647-dell-cd-rw-dvd-drive.html
Vertex Networking,NN332 - Dell 16X Half-Height SATA Internal DVD+RW Drive for Vostro 410 Desktop,NN332 - Dell 16X Half-Height SATA Internal DVD+RW Drive for Vostro 410 Desktop,https://www.vertexnetworking.co.uk/storage/product_images/6779158f870b6_Optical-Drives-Gen.webp,$122.00,NN332,https://www.vertexnetworking.co.uk/product/nn332-dell-16x-half-height-sata-internal-dvd-rw-drive-for-vostro-410-desktop.html
Vertex Networking,P2NH4 - Dell Optical Drive DVD-RW SATA,P2NH4 - Dell Optical Drive DVD-RW SATA,https://www.vertexnetworking.co.uk/storage/product_images/6779158fde6ca_Optical-Drives-Gen.webp,Get a Quote for price,P2NH4,https://www.vertexnetworking.co.uk/product/p2nh4-dell-optical-drive-dvd-rw-sata.html
Vertex Networking,N8209 - Dell 8X eSATA DVD+/-RW External Drive,N8209 - Dell 8X eSATA DVD+/-RW External Drive,https://www.vertexnetworking.co.uk/storage/product_images/6779158f45342_Optical-Drives-Gen.webp,$145.00,N8209,https://www.vertexnetworking.co.uk/product/n8209-dell-8x-esata-dvd-rw-external-drive.html
Vertex Networking,NP873 - Dell Assembly Cd 48x Hh Pbds IDE 05 Blk,NP873 - Dell Assembly Cd 48x Hh Pbds IDE 05 Blk Product Condition: Refurbished,https://www.vertexnetworking.co.uk/storage/product_images/6779158f52c0e_Optical-Drives-Gen.webp,$92.00,NP873,https://www.vertexnetworking.co.uk/product/np873-dell-assembly-cd-48x-hh-pbds-ide-05-blk.html
Vertex Networking,N7823 - Dell DVD-RW Drive Unit Face Plate (Bezel),N7823 - Dell DVD-RW Drive Unit Face Plate (Bezel),https://www.vertexnetworking.co.uk/storage/product_images/6779158f5fc6c_Optical-Drives-Gen.webp,$65.00,N7823,https://www.vertexnetworking.co.uk/product/n7823-dell-dvd-rw-drive-unit-face-plate-bezel-.html
Vertex Networking,N4200 - Dell Inspiron 300m 24X CD-RW DVD Combo D Module,N4200 - Dell Inspiron 300m 24X CD-RW DVD Combo D Module,https://www.vertexnetworking.co.uk/storage/product_images/6779158f10f9e_Optical-Drives-Gen.webp,$55.00,N4200,https://www.vertexnetworking.co.uk/product/n4200-dell-inspiron-300m-24x-cd-rw-dvd-combo-d-module.html
Vertex Networking,N524D - Dell 16X Half-Height SATA Internal DVD+RW Drive for Vostro 410 Desktop (Clean pulls),N524D - Dell 16X Half-Height SATA Internal DVD+RW Drive for Vostro 410 Desktop (Clean pulls),https://www.vertexnetworking.co.uk/storage/product_images/6779158f2b1ce_Optical-Drives-Gen.webp,$122.00,N524D,https://www.vertexnetworking.co.uk/product/n524d-dell-16x-half-height-sata-internal-dvd-rw-drive-for-vostro-410-desktop-clean-pulls-.html
Vertex Networking,P2869 - Dell 24X CD-RW Drive,P2869 - Dell 24X CD-RW Drive,https://www.vertexnetworking.co.uk/storage/product_images/6779158faea48_Optical-Drives-Gen.webp,$185.00,P2869,https://www.vertexnetworking.co.uk/product/p2869-dell-24x-cd-rw-drive.html
Vertex Networking,NJG4F - Dell Inspiron 15R (N5010)8x SATA DVD+RW / CD-RW Dual Layer Burner Drive Module,NJG4F - Dell Inspiron 15R (N5010)8x SATA DVD+RW / CD-RW Dual Layer Burner Drive Module,https://www.vertexnetworking.co.uk/storage/product_images/6779158f1deb4_Optical-Drives-Gen.webp,$208.00,NJG4F,https://www.vertexnetworking.co.uk/product/njg4f-dell-inspiron-15r-n5010-8x-sata-dvd-rw-cd-rw-dual-layer-burner-drive-module.html
Vertex Networking,NM807 - Dell AssemblyDVD+/-RW8XINS 15251526,NM807 - Dell AssemblyDVD+/-RW8XINS 15251526,https://www.vertexnetworking.co.uk/storage/product_images/6779158fa11f6_Optical-Drives-Gen.webp,$125.00,NM807,https://www.vertexnetworking.co.uk/product/nm807-dell-assemblydvd-rw8xins-15251526.html
Vertex Networking,NJ182 - Dell Sidvd+-rw16xidehhpnk,NJ182 - Dell Sidvd+-rw16xidehhpnk,https://www.vertexnetworking.co.uk/storage/product_images/6779158f384d2_Optical-Drives-Gen.webp,$88.00,NJ182,https://www.vertexnetworking.co.uk/product/nj182-dell-sidvd-rw16xidehhpnk.html
Vertex Networking,"N385M - Dell DVD-RW Assembled Silver Bezel for Vostro 3400, 3500, 3700","N385M - Dell DVD-RW Assembled Silver Bezel for Vostro 3400, 3500, 3700",https://www.vertexnetworking.co.uk/storage/product_images/6779158eb27b6_Optical-Drives-Gen.webp,$75.00,N385M,https://www.vertexnetworking.co.uk/product/n385m-dell-dvd-rw-assembled-silver-bezel-for-vostro-3400-3500-3700.html
Vertex Networking,N7856 - Dell 8X DVD+/-RW,N7856 - Dell 8X DVD+/-RW,https://www.vertexnetworking.co.uk/storage/product_images/6779158deaefe_Optical-Drives-Gen.webp,$75.00,N7856,https://www.vertexnetworking.co.uk/product/n7856-dell-8x-dvd-rw.html
Vertex Networking,MR467 - Dell 8X IDE DVD+/ -RW Drive for Inspiron1520 1521 1720 1721,MR467 - Dell 8X IDE DVD+/ -RW Drive for Inspiron1520 1521 1720 1721,https://www.vertexnetworking.co.uk/storage/product_images/6779158e3e3c6_Optical-Drives-Gen.webp,$50.00,MR467,https://www.vertexnetworking.co.uk/product/mr467-dell-8x-ide-dvd-rw-drive-for-inspiron1520-1521-1720-1721.html
Vertex Networking,MT212 - Dell 24X Small Form Factor CD-RW/DVD Combo Drive for PowerEdge R200 Server,MT212 - Dell 24X Small Form Factor CD-RW/DVD Combo Drive for PowerEdge R200 Server,https://www.vertexnetworking.co.uk/storage/product_images/6779158e21a29_Optical-Drives-Gen.webp,$145.00,MT212,https://www.vertexnetworking.co.uk/product/mt212-dell-24x-small-form-factor-cd-rw-dvd-combo-drive-for-poweredge-r200-server.html
Vertex Networking,M5583 - Dell 24X CD-RW/DVD IDE Combo Drive for Latitude D400 D500 D505 D600 D800 Inspiron M/600M,M5583 - Dell 24X CD-RW/DVD IDE Combo Drive for Latitude D400 D500 D505 D600 D800 Inspiron M/600M,https://www.vertexnetworking.co.uk/storage/product_images/6779158d79134_Optical-Drives-Gen.webp,$95.00,M5583,https://www.vertexnetworking.co.uk/product/m5583-dell-24x-cd-rw-dvd-ide-combo-drive-for-latitude-d400-d500-d505-d600-d800-inspiron-m-600m.html
Vertex Networking,N1386 - Dell 8X DVD Burner Drive for Laptop,N1386 - Dell 8X DVD Burner Drive for Laptop,https://www.vertexnetworking.co.uk/storage/product_images/6779158ecc71b_Optical-Drives-Gen.webp,$152.00,N1386,https://www.vertexnetworking.co.uk/product/n1386-dell-8x-dvd-burner-drive-for-laptop.html
Vertex Networking,NC9HV - Dell 8X SATA DVD-RW Drive,NC9HV - Dell 8X SATA DVD-RW Drive,https://www.vertexnetworking.co.uk/storage/product_images/6779158e80488_Optical-Drives-Gen.webp,$48.00,NC9HV,https://www.vertexnetworking.co.uk/product/nc9hv-dell-8x-sata-dvd-rw-drive.html
Vertex Networking,MR569 - Dell Ts-l462 8x DVD-ROM and 24x CD-RW Notebook Drive,MR569 - Dell Ts-l462 8x DVD-ROM and 24x CD-RW Notebook Drive,https://www.vertexnetworking.co.uk/storage/product_images/6779158ddcea0_Optical-Drives-Gen.webp,$75.00,MR569,https://www.vertexnetworking.co.uk/product/mr569-dell-ts-l462-8x-dvd-rom-and-24x-cd-rw-notebook-drive.html
Vertex Networking,NH434 - Dell 8X IDE DVD-RW Drive,NH434 - Dell 8X IDE DVD-RW Drive,https://www.vertexnetworking.co.uk/storage/product_images/6779158ed9e33_Optical-Drives-Gen.webp,$65.00,NH434,https://www.vertexnetworking.co.uk/product/nh434-dell-8x-ide-dvd-rw-drive.html
Vertex Networking,MP519 - Dell 8x Internal DVD-RW Drive for XPS M1330 Laptop,MP519 - Dell 8x Internal DVD-RW Drive for XPS M1330 Laptop,https://www.vertexnetworking.co.uk/storage/product_images/6779158d86bd6_Optical-Drives-Gen.webp,$65.00,MP519,https://www.vertexnetworking.co.uk/product/mp519-dell-8x-internal-dvd-rw-drive-for-xps-m1330-laptop.html
Vertex Networking,M698C - Dell Assembly DVD+/-RW 8slot1530psncnbk,M698C - Dell Assembly DVD+/-RW 8slot1530psncnbk,https://www.vertexnetworking.co.uk/storage/product_images/6779158db0e04_Optical-Drives-Gen.webp,$52.00,M698C,https://www.vertexnetworking.co.uk/product/m698c-dell-assembly-dvd-rw-8slot1530psncnbk.html
Vertex Networking,NH428 - Dell 24X CD-RW+DVD Combo Drive,NH428 - Dell 24X CD-RW+DVD Combo Drive,https://www.vertexnetworking.co.uk/storage/product_images/6779158f03a6b_Optical-Drives-Gen.webp,$52.00,NH428,https://www.vertexnetworking.co.uk/product/nh428-dell-24x-cd-rw-dvd-combo-drive.html
Vertex Networking,N9399 - Dell 16X DVD/RW Drive,N9399 - Dell 16X DVD/RW Drive,https://www.vertexnetworking.co.uk/storage/product_images/6779158e300bd_Optical-Drives-Gen.webp,$65.00,N9399,https://www.vertexnetworking.co.uk/product/n9399-dell-16x-dvd-rw-drive.html
Vertex Networking,MR001 - Dell 24X CD-RW DVD Combo Drive,MR001 - Dell 24X CD-RW DVD Combo Drive,https://www.vertexnetworking.co.uk/storage/product_images/6779158e05a0c_Optical-Drives-Gen.webp,$88.00,MR001,https://www.vertexnetworking.co.uk/product/mr001-dell-24x-cd-rw-dvd-combo-drive.html
Vertex Networking,NCCV6 - Dell Assembly DVD+/-RW SATA Toshiba,NCCV6 - Dell Assembly DVD+/-RW SATA Toshiba,https://www.vertexnetworking.co.uk/storage/product_images/6779158ea3807_Optical-Drives-Gen.webp,$95.00,NCCV6,https://www.vertexnetworking.co.uk/product/nccv6-dell-assembly-dvd-rw-sata-toshiba.html
Vertex Networking,MR568 - Dell Assembly CD-RW/dvd24xsonycgsy,MR568 - Dell Assembly CD-RW/dvd24xsonycgsy,https://www.vertexnetworking.co.uk/storage/product_images/6779158dbe988_Optical-Drives-Gen.webp,$55.00,MR568,https://www.vertexnetworking.co.uk/product/mr568-dell-assembly-cd-rw-dvd24xsonycgsy.html
Vertex Networking,N5127 - Dell 24x DVD/CD-RW Combo Drive for Inspiron 6000,N5127 - Dell 24x DVD/CD-RW Combo Drive for Inspiron 6000,https://www.vertexnetworking.co.uk/storage/product_images/6779158ee9ad3_Optical-Drives-Gen.webp,$55.00,N5127,https://www.vertexnetworking.co.uk/product/n5127-dell-24x-dvd-cd-rw-combo-drive-for-inspiron-6000.html
Vertex Networking,N7572 - Dell Assembly CDRW/DVD 48X HH TSST ULD,N7572 - Dell Assembly CDRW/DVD 48X HH TSST ULD,https://www.vertexnetworking.co.uk/storage/product_images/6779158dcd742_Optical-Drives-Gen.webp,$82.00,N7572,https://www.vertexnetworking.co.uk/product/n7572-dell-assembly-cdrw-dvd-48x-hh-tsst-uld.html
Vertex Networking,MX967 - Dell 8x DVD-RW Drive Stbd Pbds Vostro 1000,MX967 - Dell 8x DVD-RW Drive Stbd Pbds Vostro 1000,https://www.vertexnetworking.co.uk/storage/product_images/6779158e9113c_Optical-Drives-Gen.webp,$125.00,MX967,https://www.vertexnetworking.co.uk/product/mx967-dell-8x-dvd-rw-drive-stbd-pbds-vostro-1000.html
Vertex Networking,N890C - Dell 8X SATA DVD+RW Drive,N890C - Dell 8X SATA DVD+RW Drive,https://www.vertexnetworking.co.uk/storage/product_images/6779158e13691_Optical-Drives-Gen.webp,$65.00,N890C,https://www.vertexnetworking.co.uk/product/n890c-dell-8x-sata-dvd-rw-drive.html
Vertex Networking,M9250 - Dell DVD 8X for LATITUDE D500/D510/D600/D610,M9250 - Dell DVD 8X for LATITUDE D500/D510/D600/D610,https://www.vertexnetworking.co.uk/storage/product_images/6779158cd2e82_Optical-Drives-Gen.webp,$50.00,M9250,https://www.vertexnetworking.co.uk/product/m9250-dell-dvd-8x-for-latitude-d500-d510-d600-d610.html
Vertex Networking,MHKCV - Dell 8X DVD-RW Drive for Inspiron N5110,MHKCV - Dell 8X DVD-RW Drive for Inspiron N5110,https://www.vertexnetworking.co.uk/storage/product_images/6779158c80021_Optical-Drives-Gen.webp,$115.00,MHKCV,https://www.vertexnetworking.co.uk/product/mhkcv-dell-8x-dvd-rw-drive-for-inspiron-n5110.html
Vertex Networking,KY052 - Dell Drdvrw-gsat21n Bare Drive,KY052 - Dell Drdvrw-gsat21n Bare Drive,https://www.vertexnetworking.co.uk/storage/product_images/6779158c3842a_Optical-Drives-Gen.webp,$75.00,KY052,https://www.vertexnetworking.co.uk/product/ky052-dell-drdvrw-gsat21n-bare-drive.html
Vertex Networking,MK682 - Dell 48X CD-RW/ DVD Internal IDE Combo Drive (Black),MK682 - Dell 48X CD-RW/ DVD Internal IDE Combo Drive (Black),https://www.vertexnetworking.co.uk/storage/product_images/6779158cede16_Optical-Drives-Gen.webp,$50.00,MK682,https://www.vertexnetworking.co.uk/product/mk682-dell-48x-cd-rw-dvd-internal-ide-combo-drive-black.html
Vertex Networking,L632H - Dell DVD-RW,L632H - Dell DVD-RW,https://www.vertexnetworking.co.uk/storage/product_images/6779158d08093_Optical-Drives-Gen.webp,$395.00,L632H,https://www.vertexnetworking.co.uk/product/l632h-dell-dvd-rw.html
Vertex Networking,M041J - Dell 16X DVD-RW Drive,M041J - Dell 16X DVD-RW Drive,https://www.vertexnetworking.co.uk/storage/product_images/6779158d2446d_Optical-Drives-Gen.webp,$85.00,M041J,https://www.vertexnetworking.co.uk/product/m041j-dell-16x-dvd-rw-drive.html
Vertex Networking,MH267 - Dell 24X CD-RW+DVD Combo Drive,MH267 - Dell 24X CD-RW+DVD Combo Drive,https://www.vertexnetworking.co.uk/storage/product_images/6779158c9c46c_Optical-Drives-Gen.webp,$65.00,MH267,https://www.vertexnetworking.co.uk/product/mh267-dell-24x-cd-rw-dvd-combo-drive.html
Vertex Networking,MH268 - Dell 8X DVD-RW Drive,MH268 - Dell 8X DVD-RW Drive,https://www.vertexnetworking.co.uk/storage/product_images/6779158cb7b17_Optical-Drives-Gen.webp,$102.00,MH268,https://www.vertexnetworking.co.uk/product/mh268-dell-8x-dvd-rw-drive.html
Vertex Networking,M282J - Dell 8X SATA DVD+RW Drive for Latitude E4300 Laptop,M282J - Dell 8X SATA DVD+RW Drive for Latitude E4300 Laptop,https://www.vertexnetworking.co.uk/storage/product_images/6779158d501a1_Optical-Drives-Gen.webp,$132.00,M282J,https://www.vertexnetworking.co.uk/product/m282j-dell-8x-sata-dvd-rw-drive-for-latitude-e4300-laptop.html
Vertex Networking,MP089 - Dell 24X CD-RW DVD Combo Drive,MP089 - Dell 24X CD-RW DVD Combo Drive,https://www.vertexnetworking.co.uk/storage/product_images/6779158d164f4_Optical-Drives-Gen.webp,Get a Quote for price,MP089,https://www.vertexnetworking.co.uk/product/mp089-dell-24x-cd-rw-dvd-combo-drive.html
Vertex Networking,MP520 - Dell Dvdrw 8x Ide,MP520 - Dell Dvdrw 8x Ide,https://www.vertexnetworking.co.uk/storage/product_images/6779158d328bf_Optical-Drives-Gen.webp,$65.00,MP520,https://www.vertexnetworking.co.uk/product/mp520-dell-dvdrw-8x-ide.html
Vertex Networking,M5576 - Dell DVD/CD-RW Combo Drive for Inspiron 9100,M5576 - Dell DVD/CD-RW Combo Drive for Inspiron 9100,https://www.vertexnetworking.co.uk/storage/product_images/6779158d5e1b8_Optical-Drives-Gen.webp,$55.00,M5576,https://www.vertexnetworking.co.uk/product/m5576-dell-dvd-cd-rw-combo-drive-for-inspiron-9100.html
Vertex Networking,KP569 - Dell 8X DVD-RW Drive for Precision M65 WorkStation,KP569 - Dell 8X DVD-RW Drive for Precision M65 WorkStation,https://www.vertexnetworking.co.uk/storage/product_images/6779158caa4ee_Optical-Drives-Gen.webp,$178.00,KP569,https://www.vertexnetworking.co.uk/product/kp569-dell-8x-dvd-rw-drive-for-precision-m65-workstation.html
Vertex Networking,M2505 - Dell 4G 48X IDE CD-RW/DVD ROM Drive,M2505 - Dell 4G 48X IDE CD-RW/DVD ROM Drive,https://www.vertexnetworking.co.uk/storage/product_images/6779158d6b772_Optical-Drives-Gen.webp,$50.00,M2505,https://www.vertexnetworking.co.uk/product/m2505-dell-4g-48x-ide-cd-rw-dvd-rom-drive.html
Vertex Networking,Dell - M0047 - 24X CD-RW/DVD Combo Drive,Dell - M0047 - 24X CD-RW/DVD Combo Drive,https://www.vertexnetworking.co.uk/storage/product_images/6779158ce07b5_Optical-Drives-Gen.webp,$55.00,M0047,https://www.vertexnetworking.co.uk/product/m0047-dell-24x-cd-rw-dvd-combo-drive.html
Vertex Networking,M0063 - Dell DVD Unit and DVD RW Drive,M0063 - Dell DVD Unit and DVD RW Drive,https://www.vertexnetworking.co.uk/storage/product_images/6779158cc5592_Optical-Drives-Gen.webp,$102.00,M0063,https://www.vertexnetworking.co.uk/product/m0063-dell-dvd-unit-and-dvd-rw-drive.html
Vertex Networking,M6786 - Dell 8X DVD-RW Optical Drive,M6786 - Dell 8X DVD-RW Optical Drive,https://www.vertexnetworking.co.uk/storage/product_images/6779158d95a00_Optical-Drives-Gen.webp,$65.00,M6786,https://www.vertexnetworking.co.uk/product/m6786-dell-8x-dvd-rw-optical-drive.html
Vertex Networking,M0547 - Dell DVD+ RW Drive for Latitude D Series,M0547 - Dell DVD+ RW Drive for Latitude D Series,https://www.vertexnetworking.co.uk/storage/product_images/6779158d4052b_Optical-Drives-Gen.webp,$52.00,M0547,https://www.vertexnetworking.co.uk/product/m0547-dell-dvd-rw-drive-for-latitude-d-series.html
Vertex Networking,MM243 - Dell 24x CD+RW/DVD SATA Internal Drive for OptiPlex 745 Small Form Factor System,MM243 - Dell 24x CD+RW/DVD SATA Internal Drive for OptiPlex 745 Small Form Factor System,https://www.vertexnetworking.co.uk/storage/product_images/6779158da36fd_Optical-Drives-Gen.webp,$55.00,MM243,https://www.vertexnetworking.co.uk/product/mm243-dell-24x-cd-rw-dvd-sata-internal-drive-for-optiplex-745-small-form-factor-system.html
Vertex Networking,KR0Y0 - Dell CD-RW/DVD Drcombo Drive for AInspiron 1100 115,KR0Y0 - Dell CD-RW/DVD Drcombo Drive for AInspiron 1100 115,https://www.vertexnetworking.co.uk/storage/product_images/6779158c8e4cb_Optical-Drives-Gen.webp,$118.00,KR0Y0,https://www.vertexnetworking.co.uk/product/kr0y0-dell-cd-rw-dvd-drcombo-drive-for-ainspiron-1100-115.html
Vertex Networking,K978C - Dell 24X SATA CD-RW/DVD Combo Drive for Latitude E5500 Laptop,K978C - Dell 24X SATA CD-RW/DVD Combo Drive for Latitude E5500 Laptop,https://www.vertexnetworking.co.uk/storage/product_images/6779158b22264_Optical-Drives-Gen.webp,$150.00,K978C,https://www.vertexnetworking.co.uk/product/k978c-dell-24x-sata-cd-rw-dvd-combo-drive-for-latitude-e5500-laptop.html
Vertex Networking,KP283 - Dell 24X Internal CD-RW/DVD Drive for Precision M65 Mobile WorkStation,KP283 - Dell 24X Internal CD-RW/DVD Drive for Precision M65 Mobile WorkStation,https://www.vertexnetworking.co.uk/storage/product_images/6779158c29e3f_Optical-Drives-Gen.webp,$145.00,KP283,https://www.vertexnetworking.co.uk/product/kp283-dell-24x-internal-cd-rw-dvd-drive-for-precision-m65-mobile-workstation.html
Vertex Networking,K75FD - Dell CD/DVD Writer USB Slotload External Multi Format Optical Drive for Systems,K75FD - Dell CD/DVD Writer USB Slotload External Multi Format Optical Drive for Systems,https://www.vertexnetworking.co.uk/storage/product_images/6779158beed87_Optical-Drives-Gen.webp,Get a Quote for price,K75FD,https://www.vertexnetworking.co.uk/product/k75fd-dell-cd-dvd-writer-usb-slotload-external-multi-format-optical-drive-for-systems.html
Vertex Networking,KH605 - Dell 8X DVD-RW Drive,KH605 - Dell 8X DVD-RW Drive,https://www.vertexnetworking.co.uk/storage/product_images/6779158ba894f_Optical-Drives-Gen.webp,$65.00,KH605,https://www.vertexnetworking.co.uk/product/kh605-dell-8x-dvd-rw-drive.html
Vertex Networking,K5GMR - Dell 16X Half-Height DVD-RW Internal SATA Drive,K5GMR - Dell 16X Half-Height DVD-RW Internal SATA Drive,https://www.vertexnetworking.co.uk/storage/product_images/6779158bb6705_Optical-Drives-Gen.webp,$155.00,K5GMR,https://www.vertexnetworking.co.uk/product/k5gmr-dell-16x-half-height-dvd-rw-internal-sata-drive.html
Vertex Networking,K937C - Dell Xps1530 DVD+/-RW Cdr,K937C - Dell Xps1530 DVD+/-RW Cdr,https://www.vertexnetworking.co.uk/storage/product_images/6779158c18bea_Optical-Drives-Gen.webp,$125.00,K937C,https://www.vertexnetworking.co.uk/product/k937c-dell-xps1530-dvd-rw-cdr.html
Vertex Networking,KM038 - Dell 8x Dvdrw Rom Drive for Latitude D420,KM038 - Dell 8x Dvdrw Rom Drive for Latitude D420,https://www.vertexnetworking.co.uk/storage/product_images/6779158be0e43_Optical-Drives-Gen.webp,$110.00,KM038,https://www.vertexnetworking.co.uk/product/km038-dell-8x-dvdrw-rom-drive-for-latitude-d420.html
Vertex Networking,KD987 - Dell 24X CD-RW/DVD Combo Drive,KD987 - Dell 24X CD-RW/DVD Combo Drive,https://www.vertexnetworking.co.uk/storage/product_images/6779158b87787_Optical-Drives-Gen.webp,$55.00,KD987,https://www.vertexnetworking.co.uk/product/kd987-dell-24x-cd-rw-dvd-combo-drive.html
Vertex Networking,M6933 - Dell DVD/CD-RW Combo Drive Face Plate,M6933 - Dell DVD/CD-RW Combo Drive Face Plate,https://www.vertexnetworking.co.uk/storage/product_images/6779158c62658_Optical-Drives-Gen.webp,$128.00,M6933,https://www.vertexnetworking.co.uk/product/m6933-dell-dvd-cd-rw-combo-drive-face-plate.html
Vertex Networking,KY050 - Dell Assembly CD-RW/dvd24xspsysony,KY050 - Dell Assembly CD-RW/dvd24xspsysony,https://www.vertexnetworking.co.uk/storage/product_images/6779158c7246d_Optical-Drives-Gen.webp,$55.00,KY050,https://www.vertexnetworking.co.uk/product/ky050-dell-assembly-cd-rw-dvd24xspsysony.html
Vertex Networking,K645J - Dell 24x CD-RW/DVD Assembly Emod,K645J - Dell 24x CD-RW/DVD Assembly Emod,https://www.vertexnetworking.co.uk/storage/product_images/6779158b4f552_Optical-Drives-Gen.webp,$55.00,K645J,https://www.vertexnetworking.co.uk/product/k645j-dell-24x-cd-rw-dvd-assembly-emod.html
Vertex Networking,M6790 - Dell 8X DVD/RW IDE for Inspiron 5160,M6790 - Dell 8X DVD/RW IDE for Inspiron 5160,https://www.vertexnetworking.co.uk/storage/product_images/6779158c467e8_Optical-Drives-Gen.webp,$65.00,M6790,https://www.vertexnetworking.co.uk/product/m6790-dell-8x-dvd-rw-ide-for-inspiron-5160.html
Vertex Networking,"K4Y0H - Dell DVD-RW Assembled Silver Bezel for Vostro 3400, 3500, 3700","K4Y0H - Dell DVD-RW Assembled Silver Bezel for Vostro 3400, 3500, 3700",https://www.vertexnetworking.co.uk/storage/product_images/6779158b6b709_Optical-Drives-Gen.webp,$155.00,K4Y0H,https://www.vertexnetworking.co.uk/product/k4y0h-dell-dvd-rw-assembled-silver-bezel-for-vostro-3400-3500-3700.html
Vertex Networking,K636K - Dell Assembly DVD+/-RW 8x SATA 1735,K636K - Dell Assembly DVD+/-RW 8x SATA 1735,https://www.vertexnetworking.co.uk/storage/product_images/6779158bd359f_Optical-Drives-Gen.webp,$62.00,K636K,https://www.vertexnetworking.co.uk/product/k636k-dell-assembly-dvd-rw-8x-sata-1735.html
Vertex Networking,K469D - Dell 16X Half-Height SATA Internal DVD+RW Drive,K469D - Dell 16X Half-Height SATA Internal DVD+RW Drive,https://www.vertexnetworking.co.uk/storage/product_images/6779158b79b10_Optical-Drives-Gen.webp,$150.00,K469D,https://www.vertexnetworking.co.uk/product/k469d-dell-16x-half-height-sata-internal-dvd-rw-drive.html
Vertex Networking,K1022 - Dell Latitude C840 24X CD R W DVD Combo Side Unit,K1022 - Dell Latitude C840 24X CD R W DVD Combo Side Unit,https://www.vertexnetworking.co.uk/storage/product_images/6779158b40cb9_Optical-Drives-Gen.webp,$55.00,K1022,https://www.vertexnetworking.co.uk/product/k1022-dell-latitude-c840-24x-cd-r-w-dvd-combo-side-unit.html
Vertex Networking,K5458 - Dell Inspiron 700m 24X CDRW/ DVD Combo,K5458 - Dell Inspiron 700m 24X CDRW/ DVD Combo,https://www.vertexnetworking.co.uk/storage/product_images/6779158b95462_Optical-Drives-Gen.webp,$55.00,K5458,https://www.vertexnetworking.co.uk/product/k5458-dell-inspiron-700m-24x-cdrw-dvd-combo.html
Vertex Networking,KK941 - Dell Assembly CD-RW/DVD 24x Tsst M1210,KK941 - Dell Assembly CD-RW/DVD 24x Tsst M1210,https://www.vertexnetworking.co.uk/storage/product_images/6779158c09434_Optical-Drives-Gen.webp,$60.00,KK941,https://www.vertexnetworking.co.uk/product/kk941-dell-assembly-cd-rw-dvd-24x-tsst-m1210.html
Vertex Networking,KP258 - Dell 24x Dvd/Cd-RW IDE Combo Drive,KP258 - Dell 24x Dvd/Cd-RW IDE Combo Drive,https://www.vertexnetworking.co.uk/storage/product_images/6779158bc473e_Optical-Drives-Gen.webp,$90.00,KP258,https://www.vertexnetworking.co.uk/product/kp258-dell-24x-dvd-cd-rw-ide-combo-drive.html
Vertex Networking,KR499 - Dell SATA DVD-RW Drive,KR499 - Dell SATA DVD-RW Drive Product Condition: New,https://www.vertexnetworking.co.uk/storage/product_images/6779158c546c9_Optical-Drives-Gen.webp,$140.00,KR499,https://www.vertexnetworking.co.uk/product/kr499-dell-sata-dvd-rw-drive.html
Vertex Networking,KH158 - Dell CD-RW/DVD 48 Tsst SATA Blk Opti 745 Mini Tower,KH158 - Dell CD-RW/DVD 48 Tsst SATA Blk Opti 745 Mini Tower,https://www.vertexnetworking.co.uk/storage/product_images/6779158abece4_Optical-Drives-Gen.webp,$158.00,KH158,https://www.vertexnetworking.co.uk/product/kh158-dell-cd-rw-dvd-48-tsst-sata-blk-opti-745-mini-tower.html
Vertex Networking,KDPJ0 - Dell 8X SATA DVD-RW Drive,KDPJ0 - Dell 8X SATA DVD-RW Drive,https://www.vertexnetworking.co.uk/storage/product_images/6779158b05d12_Optical-Drives-Gen.webp,$185.00,KDPJ0,https://www.vertexnetworking.co.uk/product/kdpj0-dell-8x-sata-dvd-rw-drive.html
Vertex Networking,JY450 - Dell 8x IDE Internal DVD+/CDRW Drive for Latitude D430,JY450 - Dell 8x IDE Internal DVD+/CDRW Drive for Latitude D430,https://www.vertexnetworking.co.uk/storage/product_images/6779158acc3bd_Optical-Drives-Gen.webp,$168.00,JY450,https://www.vertexnetworking.co.uk/product/jy450-dell-8x-ide-internal-dvd-cdrw-drive-for-latitude-d430.html
Vertex Networking,JF948 - Dell Assembly Cdrw/DVD 24x Philips Mlka,JF948 - Dell Assembly Cdrw/DVD 24x Philips Mlka,https://www.vertexnetworking.co.uk/storage/product_images/6779158a3779a_Optical-Drives-Gen.webp,$150.00,JF948,https://www.vertexnetworking.co.uk/product/jf948-dell-assembly-cdrw-dvd-24x-philips-mlka.html
Vertex Networking,JX152 - Dell CD-RW/DVD Combo Slim Pe 2950,JX152 - Dell CD-RW/DVD Combo Slim Pe 2950,https://www.vertexnetworking.co.uk/storage/product_images/6779158a454fc_Optical-Drives-Gen.webp,$55.00,JX152,https://www.vertexnetworking.co.uk/product/jx152-dell-cd-rw-dvd-combo-slim-pe-2950.html
Vertex Networking,JC8N0 - Dell 16X SATA Half-Height DVD-RW Drive,JC8N0 - Dell 16X SATA Half-Height DVD-RW Drive,https://www.vertexnetworking.co.uk/storage/product_images/6779158a6da18_Optical-Drives-Gen.webp,$145.00,JC8N0,https://www.vertexnetworking.co.uk/product/jc8n0-dell-16x-sata-half-height-dvd-rw-drive.html
Vertex Networking,KH604 - Dell 24X CD-RW+DVD Combo Drive,KH604 - Dell 24X CD-RW+DVD Combo Drive,https://www.vertexnetworking.co.uk/storage/product_images/6779158adb8f6_Optical-Drives-Gen.webp,$92.00,KH604,https://www.vertexnetworking.co.uk/product/kh604-dell-24x-cd-rw-dvd-combo-drive.html
Vertex Networking,JY229 - Dell 24X Internal IDE CD-RW/DVD Drive for Precision Mobile WorkStation M4300 Miscellaneous,JY229 - Dell 24X Internal IDE CD-RW/DVD Drive for Precision Mobile WorkStation M4300 Miscellaneous,https://www.vertexnetworking.co.uk/storage/product_images/6779158a2992e_Optical-Drives-Gen.webp,$175.00,JY229,https://www.vertexnetworking.co.uk/product/jy229-dell-24x-internal-ide-cd-rw-dvd-drive-for-precision-mobile-workstation-m4300.html
Vertex Networking,JD760 - Dell Slim Optical CD-RW/DVD-ROM Combo Drive,JD760 - Dell Slim Optical CD-RW/DVD-ROM Combo Drive,https://www.vertexnetworking.co.uk/storage/product_images/6779158a52cfd_Optical-Drives-Gen.webp,$115.00,JD760,https://www.vertexnetworking.co.uk/product/jd760-dell-slim-optical-cd-rw-dvd-rom-combo-drive.html
Vertex Networking,K2232 - Dell DVD+ RW Drive for Latitude D Series,K2232 - Dell DVD+ RW Drive for Latitude D Series,https://www.vertexnetworking.co.uk/storage/product_images/6779158b5d350_Optical-Drives-Gen.webp,$115.00,K2232,https://www.vertexnetworking.co.uk/product/k2232-dell-dvd-rw-drive-for-latitude-d-series.html
Vertex Networking,K1033 - Dell 24x CDRW/DVD Combo Drive Module,K1033 - Dell 24x CDRW/DVD Combo Drive Module,https://www.vertexnetworking.co.uk/storage/product_images/6779158aeab7d_Optical-Drives-Gen.webp,$55.00,K1033,https://www.vertexnetworking.co.uk/product/k1033-dell-24x-cdrw-dvd-combo-drive-module.html
Vertex Networking,JH724 - Dell 24X CD-RW/DVD Combo Drive,JH724 - Dell 24X CD-RW/DVD Combo Drive,https://www.vertexnetworking.co.uk/storage/product_images/6779158a7aaa9_Optical-Drives-Gen.webp,$85.00,JH724,https://www.vertexnetworking.co.uk/product/jh724-dell-24x-cd-rw-dvd-combo-drive.html
Vertex Networking,JK262 - Dell 24X CD-RW / DVD-ROM Internal IDE Combo Drive for Optiplex GX520/ GX620 Small Form Factor Desktop Systems,JK262 - Dell 24X CD-RW / DVD-ROM Internal IDE Combo Drive for Optiplex GX520/ GX620 Small Form Factor Desktop Systems,https://www.vertexnetworking.co.uk/storage/product_images/6779158ab0fd3_Optical-Drives-Gen.webp,$55.00,JK262,https://www.vertexnetworking.co.uk/product/jk262-dell-24x-cd-rw-dvd-rom-internal-ide-combo-drive-for-optiplex-gx520-gx620-small-form-factor-desktop-systems.html
Vertex Networking,Dell - K0032 - 24X10X8X2 CD-RW DVD Combo Drive for Inspiron,Dell - K0032 - 24X10X8X2 CD-RW DVD Combo Drive for Inspiron,https://www.vertexnetworking.co.uk/storage/product_images/6779158aa399a_Optical-Drives-Gen.webp,$52.00,K0032,https://www.vertexnetworking.co.uk/product/k0032-dell-24x10x8x2-cd-rw-dvd-combo-drive-for-inspiron.html
Vertex Networking,JR376 - Dell 48X Half-Height SATA CD-RW/DVD Combo Drive for Precision Workstation T5500,JR376 - Dell 48X Half-Height SATA CD-RW/DVD Combo Drive for Precision Workstation T5500,https://www.vertexnetworking.co.uk/storage/product_images/67791589ca028_Optical-Drives-Gen.webp,$150.00,JR376,https://www.vertexnetworking.co.uk/product/jr376-dell-48x-half-height-sata-cd-rw-dvd-combo-drive-for-precision-workstation-t5500.html
Vertex Networking,JR784 - Dell 8X IDE DVD-RW Drive for Latitude Laptops,JR784 - Dell 8X IDE DVD-RW Drive for Latitude Laptops,https://www.vertexnetworking.co.uk/storage/product_images/6779158a88a71_Optical-Drives-Gen.webp,$52.00,JR784,https://www.vertexnetworking.co.uk/product/jr784-dell-8x-ide-dvd-rw-drive-for-latitude-laptops.html
Vertex Networking,J876K - Dell 8x SATA DVD-RW Drive,J876K - Dell 8x SATA DVD-RW Drive,https://www.vertexnetworking.co.uk/storage/product_images/67791589d7881_Optical-Drives-Gen.webp,$150.00,J876K,https://www.vertexnetworking.co.uk/product/j876k-dell-8x-sata-dvd-rw-drive.html
Vertex Networking,JH248 - Dell DVD+/-RW D-mod Feet,JH248 - Dell DVD+/-RW D-mod Feet Product Condition: Refurbished,https://www.vertexnetworking.co.uk/storage/product_images/6779158a603d3_Optical-Drives-Gen.webp,$74.00,JH248,https://www.vertexnetworking.co.uk/product/jh248-dell-dvd-rw-d-mod-feet.html
Vertex Networking,K250D - Dell Assembly DVD-RW/bd-rom 140g Sno,K250D - Dell Assembly DVD-RW/bd-rom 140g Sno,https://www.vertexnetworking.co.uk/storage/product_images/6779158b13884_Optical-Drives-Gen.webp,$82.00,K250D,https://www.vertexnetworking.co.uk/product/k250d-dell-assembly-dvd-rw-bd-rom-140g-sno.html
Vertex Networking,JK005 - Dell RMSD Carrier Assembly SC1435,JK005 - Dell RMSD Carrier Assembly SC1435,https://www.vertexnetworking.co.uk/storage/product_images/6779158a95dc9_Optical-Drives-Gen.webp,$105.00,JK005,https://www.vertexnetworking.co.uk/product/jk005-dell-rmsd-carrier-assembly-sc1435.html
Vertex Networking,JFHJ0 - Dell SATA DVD-RW Drive Assembly,JFHJ0 - Dell SATA DVD-RW Drive Assembly,https://www.vertexnetworking.co.uk/storage/product_images/6779158a1c732_Optical-Drives-Gen.webp,$132.00,JFHJ0,https://www.vertexnetworking.co.uk/product/jfhj0-dell-sata-dvd-rw-drive-assembly.html
Vertex Networking,JH966 - Dell 24X CD-RW+DVD Combo Drive,JH966 - Dell 24X CD-RW+DVD Combo Drive,https://www.vertexnetworking.co.uk/storage/product_images/6779158975472_Optical-Drives-Gen.webp,$55.00,JH966,https://www.vertexnetworking.co.uk/product/jh966-dell-24x-cd-rw-dvd-combo-drive.html
Vertex Networking,J995M - Dell Studio 1647 Dvd Writer,J995M - Dell Studio 1647 Dvd Writer,https://www.vertexnetworking.co.uk/storage/product_images/677915899f4b5_Optical-Drives-Gen.webp,$215.00,J995M,https://www.vertexnetworking.co.uk/product/j995m-dell-studio-1647-dvd-writer.html
Vertex Networking,HX884 - Dell 16X SATA DVD-RW Drive for Inspiron 530,HX884 - Dell 16X SATA DVD-RW Drive for Inspiron 530,https://www.vertexnetworking.co.uk/storage/product_images/677915892b25e_Optical-Drives-Gen.webp,$158.00,HX884,https://www.vertexnetworking.co.uk/product/hx884-dell-16x-sata-dvd-rw-drive-for-inspiron-530.html
Vertex Networking,HU312 - Dell Drive DVD ROM RW panel /,HU312 - Dell Drive DVD ROM RW panel /,https://www.vertexnetworking.co.uk/storage/product_images/67791588afc2d_Optical-Drives-Gen.webp,$85.00,HU312,https://www.vertexnetworking.co.uk/product/hu312-dell-drive-dvd-rom-rw-panel.html
Vertex Networking,J242F - Dell Assembly DVD+/-RW 8 9.5 SATA Plds,J242F - Dell Assembly DVD+/-RW 8 9.5 SATA Plds,https://www.vertexnetworking.co.uk/storage/product_images/6779158938ea3_Optical-Drives-Gen.webp,$132.00,J242F,https://www.vertexnetworking.co.uk/product/j242f-dell-assembly-dvd-rw-8-9-5-sata-plds.html
Vertex Networking,J822J - Dell 8X SATA DVD+RW Drive for Latitude E4300 Laptop,J822J - Dell 8X SATA DVD+RW Drive for Latitude E4300 Laptop,https://www.vertexnetworking.co.uk/storage/product_images/677915898335e_Optical-Drives-Gen.webp,$188.00,J822J,https://www.vertexnetworking.co.uk/product/j822j-dell-8x-sata-dvd-rw-drive-for-latitude-e4300-laptop.html
Vertex Networking,"JKN9H - Dell 8X DVD+/-RW SATA Drive for Latitude E6400, 6410, 6500, 6510","JKN9H - Dell 8X DVD+/-RW SATA Drive for Latitude E6400, 6410, 6500, 6510",https://www.vertexnetworking.co.uk/storage/product_images/67791589e6ca7_Optical-Drives-Gen.webp,$242.00,JKN9H,https://www.vertexnetworking.co.uk/product/jkn9h-dell-8x-dvd-rw-sata-drive-for-latitude-e6400-6410-6500-6510.html
Vertex Networking,JH498 - Dell 8X DVD-RW for XPS M1710 Notebooks,JH498 - Dell 8X DVD-RW for XPS M1710 Notebooks,https://www.vertexnetworking.co.uk/storage/product_images/6779158955fad_Optical-Drives-Gen.webp,$65.00,JH498,https://www.vertexnetworking.co.uk/product/jh498-dell-8x-dvd-rw-for-xps-m1710-notebooks.html
Vertex Networking,J048R - Dell 4X External SATA DVD-RW/BD-ROM Combo Drive for Adamo XPS Laptops,J048R - Dell 4X External SATA DVD-RW/BD-ROM Combo Drive for Adamo XPS Laptops,https://www.vertexnetworking.co.uk/storage/product_images/67791588a2236_Optical-Drives-Gen.webp,$465.00,J048R,https://www.vertexnetworking.co.uk/product/j048r-dell-4x-external-sata-dvd-rw-bd-rom-combo-drive-for-adamo-xps-laptops.html
Vertex Networking,JR733 - Dell 8X DVD-RW IDE Internal Drive for Latitude XT Tablet PC,JR733 - Dell 8X DVD-RW IDE Internal Drive for Latitude XT Tablet PC,https://www.vertexnetworking.co.uk/storage/product_images/67791589918cd_Optical-Drives-Gen.webp,$322.00,JR733,https://www.vertexnetworking.co.uk/product/jr733-dell-8x-dvd-rw-ide-internal-drive-for-latitude-xt-tablet-pc.html
Vertex Networking,J997M - Dell 8X DVD Rewriter for XPS STUDIO 1737,J997M - Dell 8X DVD Rewriter for XPS STUDIO 1737,https://www.vertexnetworking.co.uk/storage/product_images/6779158a005fa_Optical-Drives-Gen.webp,$130.00,J997M,https://www.vertexnetworking.co.uk/product/j997m-dell-8x-dvd-rewriter-for-xps-studio-1737.html
Vertex Networking,J9026 - Dell 24X10X24X CD-RW 8XDVD Combo Drive,J9026 - Dell 24X10X24X CD-RW 8XDVD Combo Drive,https://www.vertexnetworking.co.uk/storage/product_images/67791589bc83c_Optical-Drives-Gen.webp,$65.00,J9026,https://www.vertexnetworking.co.uk/product/j9026-dell-24x10x24x-cd-rw-8xdvd-combo-drive.html
Vertex Networking,J5127 - Dell Inspiron 700m CD-RW/dvd,J5127 - Dell Inspiron 700m CD-RW/dvd,https://www.vertexnetworking.co.uk/storage/product_images/6779158947adc_Optical-Drives-Gen.webp,$55.00,J5127,https://www.vertexnetworking.co.uk/product/j5127-dell-inspiron-700m-cd-rw-dvd.html
Vertex Networking,J6910 - Dell Notebook DVD+RW Module,J6910 - Dell Notebook DVD+RW Module,https://www.vertexnetworking.co.uk/storage/product_images/67791589640c6_Optical-Drives-Gen.webp,$115.00,J6910,https://www.vertexnetworking.co.uk/product/j6910-dell-notebook-dvd-rw-module.html
Vertex Networking,JM423 - Dell 24X Internal IDE CD-RW/DVD-ROM Combo Drive for PowerEdge 2970 Server,JM423 - Dell 24X Internal IDE CD-RW/DVD-ROM Combo Drive for PowerEdge 2970 Server,https://www.vertexnetworking.co.uk/storage/product_images/67791589ad2aa_Optical-Drives-Gen.webp,$55.00,JM423,https://www.vertexnetworking.co.uk/product/jm423-dell-24x-internal-ide-cd-rw-dvd-rom-combo-drive-for-poweredge-2970-server.html
Vertex Networking,JM037 - Dell 48X Half-Height Black CD-RW/DVD Combo Drive (Black) for Precision Workstation T3400,JM037 - Dell 48X Half-Height Black CD-RW/DVD Combo Drive (Black) for Precision Workstation T3400,https://www.vertexnetworking.co.uk/storage/product_images/6779158a0db83_Optical-Drives-Gen.webp,$50.00,JM037,https://www.vertexnetworking.co.uk/product/jm037-dell-48x-half-height-black-cd-rw-dvd-combo-drive-black-for-precision-workstation-t3400.html
Vertex Networking,HU961 - Dell 8X DVD/RW Drive,HU961 - Dell 8X DVD/RW Drive,https://www.vertexnetworking.co.uk/storage/product_images/677915890ff76_Optical-Drives-Gen.webp,$65.00,HU961,https://www.vertexnetworking.co.uk/product/hu961-dell-8x-dvd-rw-drive.html
Vertex Networking,J2117 - Dell CD-RW/DVD ROM Combo Drive for Latitude D-Series,J2117 - Dell CD-RW/DVD ROM Combo Drive for Latitude D-Series,https://www.vertexnetworking.co.uk/storage/product_images/6779158901a43_Optical-Drives-Gen.webp,$62.00,J2117,https://www.vertexnetworking.co.uk/product/j2117-dell-cd-rw-dvd-rom-combo-drive-for-latitude-d-series.html
Vertex Networking,Dell - J2347 - Dimension 2400 48X CDR With DVD Combo,Dell - J2347 - Dimension 2400 48X CDR With DVD Combo,https://www.vertexnetworking.co.uk/storage/product_images/677915891dbf0_Optical-Drives-Gen.webp,$115.00,J2347,https://www.vertexnetworking.co.uk/product/j2347-dell-dimension-2400-48x-cdr-with-dvd-combo.html
Vertex Networking,HM438 - Dell Dvd/CD-RW for Optiplex 740/745/755,HM438 - Dell Dvd/CD-RW for Optiplex 740/745/755,https://www.vertexnetworking.co.uk/storage/product_images/6779158869c42_Optical-Drives-Gen.webp,$158.00,HM438,https://www.vertexnetworking.co.uk/product/hm438-dell-dvd-cd-rw-for-optiplex-740-745-755.html
Vertex Networking,HK118 - Dell 48X CD-RW/DVD-ROM Drive,HK118 - Dell 48X CD-RW/DVD-ROM Drive,https://www.vertexnetworking.co.uk/storage/product_images/67791587e3dd8_Optical-Drives-Gen.webp,$50.00,HK118,https://www.vertexnetworking.co.uk/product/hk118-dell-48x-cd-rw-dvd-rom-drive.html
Vertex Networking,HM229 - Dell DVD+/-RW 8x Hlds,HM229 - Dell DVD+/-RW 8x Hlds,https://www.vertexnetworking.co.uk/storage/product_images/677915887764f_Optical-Drives-Gen.webp,$178.00,HM229,https://www.vertexnetworking.co.uk/product/hm229-dell-dvd-rw-8x-hlds.html
Vertex Networking,J028D - Dell 16X Half-Height SATA DVD+RW Drive for Studio XPS 435 Desktop,J028D - Dell 16X Half-Height SATA DVD+RW Drive for Studio XPS 435 Desktop,https://www.vertexnetworking.co.uk/storage/product_images/677915881884e_Optical-Drives-Gen.webp,$55.00,J028D,https://www.vertexnetworking.co.uk/product/j028d-dell-16x-half-height-sata-dvd-rw-drive-for-studio-xps-435-desktop.html
Vertex Networking,HH055 - Dell 48X IDE Internal CD-RW Drive (Black),HH055 - Dell 48X IDE Internal CD-RW Drive (Black) Product Condition: Refurbished,https://www.vertexnetworking.co.uk/storage/product_images/67791587a9f20_Optical-Drives-Gen.webp,$129.00,HH055,https://www.vertexnetworking.co.uk/product/hh055-dell-48x-ide-internal-cd-rw-drive-black-.html
Vertex Networking,HR067 - Dell 48X CD-RW/DVD SATA Internal Combo Drive for Optiplex 755 Energy Smart Mini-Tower,HR067 - Dell 48X CD-RW/DVD SATA Internal Combo Drive for Optiplex 755 Energy Smart Mini-Tower,https://www.vertexnetworking.co.uk/storage/product_images/6779158894a64_Optical-Drives-Gen.webp,$50.00,HR067,https://www.vertexnetworking.co.uk/product/hr067-dell-48x-cd-rw-dvd-sata-internal-combo-drive-for-optiplex-755-energy-smart-mini-tower.html
Vertex Networking,J2115 - Dell 24X10X24X/8X CD-RW/DVD Combo Drive for Latitude C Series,J2115 - Dell 24X10X24X/8X CD-RW/DVD Combo Drive for Latitude C Series,https://www.vertexnetworking.co.uk/storage/product_images/67791588bcc56_Optical-Drives-Gen.webp,$140.00,J2115,https://www.vertexnetworking.co.uk/product/j2115-dell-24x10x24x-8x-cd-rw-dvd-combo-drive-for-latitude-c-series.html
Vertex Networking,HR360 - Dell DVD-RW8x DVD+/-RW IDE Xps M1730 T7700 (632tsl),HR360 - Dell DVD-RW8x DVD+/-RW IDE Xps M1730 T7700 (632tsl),https://www.vertexnetworking.co.uk/storage/product_images/67791588cbb7d_Optical-Drives-Gen.webp,$65.00,HR360,https://www.vertexnetworking.co.uk/product/hr360-dell-dvd-rw8x-dvd-rw-ide-xps-m1730-t7700-632tsl.html
Vertex Networking,J2102 - Dell 24X CD-RW/DVD Combo Drive,J2102 - Dell 24X CD-RW/DVD Combo Drive,https://www.vertexnetworking.co.uk/storage/product_images/67791588dabca_Optical-Drives-Gen.webp,$135.00,J2102,https://www.vertexnetworking.co.uk/product/j2102-dell-24x-cd-rw-dvd-combo-drive.html
Vertex Networking,HHVGT - Dell 8X SATA DVD-RW Slimline (Black) Drive,HHVGT - Dell 8X SATA DVD-RW Slimline (Black) Drive,https://www.vertexnetworking.co.uk/storage/product_images/67791587c6745_Optical-Drives-Gen.webp,$105.00,HHVGT,https://www.vertexnetworking.co.uk/product/hhvgt-dell-8x-sata-dvd-rw-slimline-black-drive.html
Vertex Networking,HP426 - Dell DVD+/-RW 8 12.7 SATA Tray Plds,HP426 - Dell DVD+/-RW 8 12.7 SATA Tray Plds,https://www.vertexnetworking.co.uk/storage/product_images/677915885c37d_Optical-Drives-Gen.webp,$108.00,HP426,https://www.vertexnetworking.co.uk/product/hp426-dell-dvd-rw-8-12-7-sata-tray-plds.html
Vertex Networking,HK240 - Dell 48x32CD-RW/DVD Combosatahldsblk,HK240 - Dell 48x32CD-RW/DVD Combosatahldsblk,https://www.vertexnetworking.co.uk/storage/product_images/67791588260ec_Optical-Drives-Gen.webp,$122.00,HK240,https://www.vertexnetworking.co.uk/product/hk240-dell-48x32cd-rw-dvd-combosatahldsblk.html
Vertex Networking,J188F - Dell DVD-RW Slot Load,J188F - Dell DVD-RW Slot Load,https://www.vertexnetworking.co.uk/storage/product_images/677915888542e_Optical-Drives-Gen.webp,$160.00,J188F,https://www.vertexnetworking.co.uk/product/j188f-dell-dvd-rw-slot-load.html
Vertex Networking,H492C - Dell DVD Drive,H492C - Dell DVD Drive,https://www.vertexnetworking.co.uk/storage/product_images/67791587b879f_Optical-Drives-Gen.webp,$122.00,H492C,https://www.vertexnetworking.co.uk/product/h492c-dell-dvd-drive.html
Vertex Networking,"HV0XK - Dell DVD-RW Gt30n-RED-Assembly,DVD+/-RW,8,HLDS,RED,1320","HV0XK - Dell DVD-RW Gt30n-RED-Assembly,DVD+/-RW,8,HLDS,RED,1320",https://www.vertexnetworking.co.uk/storage/product_images/67791588339c2_Optical-Drives-Gen.webp,$150.00,HV0XK,https://www.vertexnetworking.co.uk/product/hv0xk-dell-dvd-rw-gt30n-red-assembly-dvd-rw-8-hlds-red-1320.html
Vertex Networking,HT151 - Dell Teac 8x Slot Loading DVD-RW Dv-w28sl for Xps M1530,HT151 - Dell Teac 8x Slot Loading DVD-RW Dv-w28sl for Xps M1530,https://www.vertexnetworking.co.uk/storage/product_images/67791588e86d3_Optical-Drives-Gen.webp,$62.00,HT151,https://www.vertexnetworking.co.uk/product/ht151-dell-teac-8x-slot-loading-dvd-rw-dv-w28sl-for-xps-m1530.html
Vertex Networking,HP303 - Dell Assembly DVD+/-RW 24x Hlds 9.5mm,HP303 - Dell Assembly DVD+/-RW 24x Hlds 9.5mm,https://www.vertexnetworking.co.uk/storage/product_images/6779158841067_Optical-Drives-Gen.webp,$175.00,HP303,https://www.vertexnetworking.co.uk/product/hp303-dell-assembly-dvd-rw-24x-hlds-9-5mm.html
Vertex Networking,HK165 - Dell 24X Internal IDE CD-RW/DVD Combo Drive for Optiplex GX620 Ultra Small Form Factor System,HK165 - Dell 24X Internal IDE CD-RW/DVD Combo Drive for Optiplex GX620 Ultra Small Form Factor System,https://www.vertexnetworking.co.uk/storage/product_images/677915880a341_Optical-Drives-Gen.webp,$55.00,HK165,https://www.vertexnetworking.co.uk/product/hk165-dell-24x-internal-ide-cd-rw-dvd-combo-drive-for-optiplex-gx620-ultra-small-form-factor-system.html
Vertex Networking,J1664 - Dell DVD-ROM,J1664 - Dell DVD-ROM,https://www.vertexnetworking.co.uk/storage/product_images/67791587f152b_Optical-Drives-Gen.webp,$115.00,J1664,https://www.vertexnetworking.co.uk/product/j1664-dell-dvd-rom.html
Vertex Networking,"HY1D5 - Dell DVD-RW Assembly,DVD+/-Rw,8,Sata,Tsst,1320","HY1D5 - Dell DVD-RW Assembly,DVD+/-Rw,8,Sata,Tsst,1320",https://www.vertexnetworking.co.uk/storage/product_images/677915884e997_Optical-Drives-Gen.webp,$150.00,HY1D5,https://www.vertexnetworking.co.uk/product/hy1d5-dell-dvd-rw-assembly-dvd-rw-8-sata-tsst-1320.html
Vertex Networking,H2362 - Dell DVD RW Inpiron 5100,H2362 - Dell DVD RW Inpiron 5100,https://www.vertexnetworking.co.uk/storage/product_images/67791587635bb_Optical-Drives-Gen.webp,$65.00,H2362,https://www.vertexnetworking.co.uk/product/h2362-dell-dvd-rw-inpiron-5100.html
Vertex Networking,GX10N - Dell Dvd Rw USB Slot Load,GX10N - Dell Dvd Rw USB Slot Load,https://www.vertexnetworking.co.uk/storage/product_images/67791586e1ccc_Optical-Drives-Gen.webp,$95.00,GX10N,https://www.vertexnetworking.co.uk/product/gx10n-dell-dvd-rw-usb-slot-load.html
Vertex Networking,H2094 - Dell CD-RW and DVD Drive,H2094 - Dell CD-RW and DVD Drive,https://www.vertexnetworking.co.uk/storage/product_images/6779158781c77_Optical-Drives-Gen.webp,$105.00,H2094,https://www.vertexnetworking.co.uk/product/h2094-dell-cd-rw-and-dvd-drive.html
Vertex Networking,H902D - Dell 16X Half-Height SATA Internal DVD+RW Drive,H902D - Dell 16X Half-Height SATA Internal DVD+RW Drive,https://www.vertexnetworking.co.uk/storage/product_images/6779158716ce8_Optical-Drives-Gen.webp,$150.00,H902D,https://www.vertexnetworking.co.uk/product/h902d-dell-16x-half-height-sata-internal-dvd-rw-drive.html
Vertex Networking,H9295 - Dell Drcombo Bare Slimline DriveCD-RW/DVD Drcombo Drive for AInspiron L/m / 6000,H9295 - Dell Drcombo Bare Slimline DriveCD-RW/DVD Drcombo Drive for AInspiron L/m / 6000,https://www.vertexnetworking.co.uk/storage/product_images/6779158732caf_Optical-Drives-Gen.webp,$130.00,H9295,https://www.vertexnetworking.co.uk/product/h9295-dell-drcombo-bare-slimline-drivecd-rw-dvd-drcombo-drive-for-ainspiron-l-m-6000.html
Vertex Networking,HF1FM - Dell Dvd Super-Multi Drive STUDIO 1555,HF1FM - Dell Dvd Super-Multi Drive STUDIO 1555,https://www.vertexnetworking.co.uk/storage/product_images/6779158755f47_Optical-Drives-Gen.webp,$140.00,HF1FM,https://www.vertexnetworking.co.uk/product/hf1fm-dell-dvd-super-multi-drive-studio-1555.html
Vertex Networking,H413J - Dell 8X SATA DVD-RW Drive,H413J - Dell 8X SATA DVD-RW Drive,https://www.vertexnetworking.co.uk/storage/product_images/677915879c9ca_Optical-Drives-Gen.webp,$122.00,H413J,https://www.vertexnetworking.co.uk/product/h413j-dell-8x-sata-dvd-rw-drive.html
Vertex Networking,H697G - Dell DVD+/-RW 8x Precision M4300,H697G - Dell DVD+/-RW 8x Precision M4300,https://www.vertexnetworking.co.uk/storage/product_images/677915869c59f_Optical-Drives-Gen.webp,$178.00,H697G,https://www.vertexnetworking.co.uk/product/h697g-dell-dvd-rw-8x-precision-m4300.html
Vertex Networking,H5647 - Dell 48X32X IDE Combo Drive,H5647 - Dell 48X32X IDE Combo Drive,https://www.vertexnetworking.co.uk/storage/product_images/67791586b76d7_Optical-Drives-Gen.webp,$88.00,H5647,https://www.vertexnetworking.co.uk/product/h5647-dell-48x32x-ide-combo-drive.html
Vertex Networking,GY604 - Dell Assembly DVDrw/Bd-Rom M1730 Psnc,GY604 - Dell Assembly DVDrw/Bd-Rom M1730 Psnc,https://www.vertexnetworking.co.uk/storage/product_images/6779158724e07_Optical-Drives-Gen.webp,$215.00,GY604,https://www.vertexnetworking.co.uk/product/gy604-dell-assembly-dvdrw-bd-rom-m1730-psnc.html
Vertex Networking,Dell - H8M5R - DVD-RW DL for Inspiron 1750,Dell - H8M5R - DVD-RW DL for Inspiron 1750,https://www.vertexnetworking.co.uk/storage/product_images/67791586d3e58_Optical-Drives-Gen.webp,$125.00,H8M5R,https://www.vertexnetworking.co.uk/product/h8m5r-dell-dvdrw-dl.html
Vertex Networking,J1226 - Dell 24X24X8 24X CD-RW/DVD Combo Drive,J1226 - Dell 24X24X8 24X CD-RW/DVD Combo Drive,https://www.vertexnetworking.co.uk/storage/product_images/67791587d425f_Optical-Drives-Gen.webp,$105.00,J1226,https://www.vertexnetworking.co.uk/product/j1226-dell-24x24x8-24x-cd-rw-dvd-combo-drive.html
Vertex Networking,H102R - Dell 8X SATA DVD+/-RW External Drive for Adamo XPS Laptops,H102R - Dell 8X SATA DVD+/-RW External Drive for Adamo XPS Laptops,https://www.vertexnetworking.co.uk/storage/product_images/67791587484a4_Optical-Drives-Gen.webp,$230.00,H102R,https://www.vertexnetworking.co.uk/product/h102r-dell-8x-sata-dvd-rw-external-drive-for-adamo-xps-laptops.html
Vertex Networking,GX313 - Dell DVD-RW Pnfor Xps M1730,GX313 - Dell DVD-RW Pnfor Xps M1730,https://www.vertexnetworking.co.uk/storage/product_images/677915870936a_Optical-Drives-Gen.webp,$65.00,GX313,https://www.vertexnetworking.co.uk/product/gx313-dell-dvd-rw-pnfor-xps-m1730.html
Vertex Networking,GX067 - Dell 48X CD-RW/DVD SATA Internal Combo Drive for Optiplex 755 Energy Smart Desktops,GX067 - Dell 48X CD-RW/DVD SATA Internal Combo Drive for Optiplex 755 Energy Smart Desktops,https://www.vertexnetworking.co.uk/storage/product_images/67791586a9baf_Optical-Drives-Gen.webp,Get a Quote for price,GX067,https://www.vertexnetworking.co.uk/product/gx067-dell-48x-cd-rw-dvd-sata-internal-combo-drive-for-optiplex-755-energy-smart-desktops.html
Vertex Networking,HH279 - Dell Cd-Rwith DVD Drive Face Plate (Bezel),HH279 - Dell Cd-Rwith DVD Drive Face Plate (Bezel),https://www.vertexnetworking.co.uk/storage/product_images/677915878f283_Optical-Drives-Gen.webp,$200.00,HH279,https://www.vertexnetworking.co.uk/product/hh279-dell-cd-rwith-dvd-drive-face-plate-bezel-.html
Vertex Networking,GP278 - Dell Assembly DVD+/-rw8xidem1730sno(RoHS),GP278 - Dell Assembly DVD+/-rw8xidem1730sno(RoHS),https://www.vertexnetworking.co.uk/storage/product_images/677915868edf4_Optical-Drives-Gen.webp,$65.00,GP278,https://www.vertexnetworking.co.uk/product/gp278-dell-assembly-dvd-rw8xidem1730sno-rohs.html
Vertex Networking,GS20N - Dell 8X Ultra Slim SATA DVD-RW,GS20N - Dell 8X Ultra Slim SATA DVD-RW,https://www.vertexnetworking.co.uk/storage/product_images/67791586c537a_Optical-Drives-Gen.webp,$122.00,GS20N,https://www.vertexnetworking.co.uk/product/gs20n-dell-8x-ultra-slim-sata-dvd-rw.html
Vertex Networking,H73PN - Dell DVD-RW Assembled Silver/Black Bezel for E5400 Series,H73PN - Dell DVD-RW Assembled Silver/Black Bezel for E5400 Series,https://www.vertexnetworking.co.uk/storage/product_images/67791586ef612_Optical-Drives-Gen.webp,$155.00,H73PN,https://www.vertexnetworking.co.uk/product/h73pn-dell-dvd-rw-assembled-silver-black-bezel-for-e5400-series.html
Vertex Networking,HF524 - Dell Insp 700 CD-RW/DVD Cdr,HF524 - Dell Insp 700 CD-RW/DVD Cdr,https://www.vertexnetworking.co.uk/storage/product_images/6779158773037_Optical-Drives-Gen.webp,$150.00,HF524,https://www.vertexnetworking.co.uk/product/hf524-dell-insp-700-cd-rw-dvd-cdr.html
Vertex Networking,G2971 - Dell 2X DVD-RW Drive,G2971 - Dell 2X DVD-RW Drive,https://www.vertexnetworking.co.uk/storage/product_images/6779158583920_Optical-Drives-Gen.webp,$205.00,G2971,https://www.vertexnetworking.co.uk/product/g2971-dell-2x-dvd-rw-drive.html
Vertex Networking,G085J - Dell 24X SATA CD-RW DVD Combo Drive,G085J - Dell 24X SATA CD-RW DVD Combo Drive,https://www.vertexnetworking.co.uk/storage/product_images/6779158537ea0_Optical-Drives-Gen.webp,$55.00,G085J,https://www.vertexnetworking.co.uk/product/g085j-dell-24x-sata-cd-rw-dvd-combo-drive.html
Vertex Networking,GH979 - Dell DVD-RW Assembled Silver/Black Bezel for E5400 Series,GH979 - Dell DVD-RW Assembled Silver/Black Bezel for E5400 Series,https://www.vertexnetworking.co.uk/storage/product_images/6779158545dfb_Optical-Drives-Gen.webp,$65.00,GH979,https://www.vertexnetworking.co.uk/product/gh979-dell-dvd-rw-assembled-silver-black-bezel-for-e5400-series.html
Vertex Networking,GH410 - Dell 8x DVD R/RW Super Multi Dual Layer LightScribe SATA Optical Drive,GH410 - Dell 8x DVD R/RW Super Multi Dual Layer LightScribe SATA Optical Drive,https://www.vertexnetworking.co.uk/storage/product_images/67791584e5069_Optical-Drives-Gen.webp,$158.00,GH410,https://www.vertexnetworking.co.uk/product/gh410-dell-8x-dvd-r-rw-super-multi-dual-layer-lightscribe-sata-optical-drive.html
Vertex Networking,GJ498 - Dell 16X CD-RW/DVD-RW Internal Combo Drive,GJ498 - Dell 16X CD-RW/DVD-RW Internal Combo Drive,https://www.vertexnetworking.co.uk/storage/product_images/677915852975f_Optical-Drives-Gen.webp,$55.00,GJ498,https://www.vertexnetworking.co.uk/product/gj498-dell-16x-cd-rw-dvd-rw-internal-combo-drive.html
Vertex Networking,GM042 - Dell 48X SATA Internal CD-RW/DVD Combo Drive,GM042 - Dell 48X SATA Internal CD-RW/DVD Combo Drive,https://www.vertexnetworking.co.uk/storage/product_images/67791586137c5_Optical-Drives-Gen.webp,$150.00,GM042,https://www.vertexnetworking.co.uk/product/gm042-dell-48x-sata-internal-cd-rw-dvd-combo-drive.html
Vertex Networking,GCC42 - Dell CD-RW/DVD 24x Side C800 C810 C840,GCC42 - Dell CD-RW/DVD 24x Side C800 C810 C840,https://www.vertexnetworking.co.uk/storage/product_images/677915850cf27_Optical-Drives-Gen.webp,$158.00,GCC42,https://www.vertexnetworking.co.uk/product/gcc42-dell-cd-rw-dvd-24x-side-c800-c810-c840.html
Vertex Networking,"H4KDJ - Dell DVD-RW Assembled Silver Bezel for Vostro 3400, 3500, 3700","H4KDJ - Dell DVD-RW Assembled Silver Bezel for Vostro 3400, 3500, 3700",https://www.vertexnetworking.co.uk/storage/product_images/677915862b53d_Optical-Drives-Gen.webp,$155.00,H4KDJ,https://www.vertexnetworking.co.uk/product/h4kdj-dell-dvd-rw-assembled-silver-bezel-for-vostro-3400-3500-3700.html
Vertex Networking,FY363 - Dell Assembly DVD+/-rw8xidelnvzsno,FY363 - Dell Assembly DVD+/-rw8xidelnvzsno,https://www.vertexnetworking.co.uk/storage/product_images/677915851b0cf_Optical-Drives-Gen.webp,$85.00,FY363,https://www.vertexnetworking.co.uk/product/fy363-dell-assembly-dvd-rw8xidelnvzsno.html
Vertex Networking,Dell - GPK9C - Super Multi DVD-RW Slot Load with Bezel,Dell - GPK9C - Super Multi DVD-RW Slot Load with Bezel,https://www.vertexnetworking.co.uk/storage/product_images/6779158673121_Optical-Drives-Gen.webp,$178.00,GPK9C,https://www.vertexnetworking.co.uk/product/gpk9c-dell-super-multi-dvd-rw-slot-load-w-bezel.html
Vertex Networking,GM690 - Dell Assembly CD-RW/dvd24xteacm1210,GM690 - Dell Assembly CD-RW/dvd24xteacm1210,https://www.vertexnetworking.co.uk/storage/product_images/67791586398a3_Optical-Drives-Gen.webp,$150.00,GM690,https://www.vertexnetworking.co.uk/product/gm690-dell-assembly-cd-rw-dvd24xteacm1210.html
Vertex Networking,"GKV7W - Dell DVD-RW Assembled Silver Bezel for Vostro 3400, 3500, 3700","GKV7W - Dell DVD-RW Assembled Silver Bezel for Vostro 3400, 3500, 3700",https://www.vertexnetworking.co.uk/storage/product_images/6779158591daa_Optical-Drives-Gen.webp,$155.00,GKV7W,https://www.vertexnetworking.co.uk/product/gkv7w-dell-dvd-rw-assembled-silver-bezel-for-vostro-3400-3500-3700.html
Vertex Networking,GS30N - Dell DVD-RW Drive Slot Load Alienware M14x,GS30N - Dell DVD-RW Drive Slot Load Alienware M14x,https://www.vertexnetworking.co.uk/storage/product_images/67791586576d1_Optical-Drives-Gen.webp,$102.00,GS30N,https://www.vertexnetworking.co.uk/product/gs30n-dell-dvd-rw-drive-slot-load-alienware-m14x.html
Vertex Networking,FY720 - Dell Teac 8x Slot Loading DVD-RW Dv-w28sl for M1530,FY720 - Dell Teac 8x Slot Loading DVD-RW Dv-w28sl for M1530,https://www.vertexnetworking.co.uk/storage/product_images/677915855421a_Optical-Drives-Gen.webp,$155.00,FY720,https://www.vertexnetworking.co.uk/product/fy720-dell-teac-8x-slot-loading-dvd-rw-dv-w28sl-for-m1530.html
Vertex Networking,H552U - Dell Sansung Dvd Writer,H552U - Dell Sansung Dvd Writer,https://www.vertexnetworking.co.uk/storage/product_images/6779158665828_Optical-Drives-Gen.webp,Get a Quote for price,H552U,https://www.vertexnetworking.co.uk/product/h552u-dell-sansung-dvd-writer.html
Vertex Networking,GN592 - Dell Assembly CD-RW/DVD 24 SATA Hlds,GN592 - Dell Assembly CD-RW/DVD 24 SATA Hlds,https://www.vertexnetworking.co.uk/storage/product_images/6779158574f21_Optical-Drives-Gen.webp,$70.00,GN592,https://www.vertexnetworking.co.uk/product/gn592-dell-assembly-cd-rw-dvd-24-sata-hlds.html
Vertex Networking,G0426 - Dell 24X CD-RW+DVD Combo Drive,G0426 - Dell 24X CD-RW+DVD Combo Drive,https://www.vertexnetworking.co.uk/storage/product_images/67791584f32d1_Optical-Drives-Gen.webp,$55.00,G0426,https://www.vertexnetworking.co.uk/product/g0426-dell-24x-cd-rw-dvd-combo-drive.html
Vertex Networking,H600K - Dell Assembly Compact Disk Read Write/Digital Video Disk Drive Combo 24 SATA HLDS A86,H600K - Dell Assembly Compact Disk Read Write/Digital Video Disk Drive Combo 24 SATA HLDS A86,https://www.vertexnetworking.co.uk/storage/product_images/6779158649e03_Optical-Drives-Gen.webp,$118.00,H600K,https://www.vertexnetworking.co.uk/product/h600k-dell-assembly-compact-disk-read-write-digital-video-disk-drive-combo-24-sata-hlds-a86.html
Vertex Networking,H653B - Dell Drive DVD+/-RW Black Ide,H653B - Dell Drive DVD+/-RW Black Ide,https://www.vertexnetworking.co.uk/storage/product_images/677915868117a_Optical-Drives-Gen.webp,$198.00,H653B,https://www.vertexnetworking.co.uk/product/h653b-dell-drive-dvd-rw-black-ide.html
Vertex Networking,G0V0C - Dell DVD+/-RW 8x SATA 12.7t Plds,G0V0C - Dell DVD+/-RW 8x SATA 12.7t Plds,https://www.vertexnetworking.co.uk/storage/product_images/67791586059d6_G0V0C-o.webp,$155.00,G0V0C,https://www.vertexnetworking.co.uk/product/g0v0c-dell-dvd-rw-8x-sata-12-7t-plds.html
Vertex Networking,FY360 - Dell 8X IDE DVD-RW Drive,FY360 - Dell 8X IDE DVD-RW Drive,https://www.vertexnetworking.co.uk/storage/product_images/67791584d6c58_Optical-Drives-Gen.webp,$52.00,FY360,https://www.vertexnetworking.co.uk/product/fy360-dell-8x-ide-dvd-rw-drive.html
Vertex Networking,FX265 - Dell CD-RW/DVD Drive for Optiplex GX520,FX265 - Dell CD-RW/DVD Drive for Optiplex GX520,https://www.vertexnetworking.co.uk/storage/product_images/677915849e3aa_Optical-Drives-Gen.webp,$102.00,FX265,https://www.vertexnetworking.co.uk/product/fx265-dell-cd-rw-dvd-drive-for-optiplex-gx520.html
Vertex Networking,GH401 - Dell 24X CD-RW+DVD Combo Drive Includes Sled and SATA Interposer,GH401 - Dell 24X CD-RW+DVD Combo Drive Includes Sled and SATA Interposer,https://www.vertexnetworking.co.uk/storage/product_images/67791584c8740_Optical-Drives-Gen.webp,$75.00,GH401,https://www.vertexnetworking.co.uk/product/gh401-dell-24x-cd-rw-dvd-combo-drive-includes-sled-and-sata-interposer.html
Vertex Networking,G9P3H - Dell 8X SATA DVD+RW Drive for PowerEdge Server,G9P3H - Dell 8X SATA DVD+RW Drive for PowerEdge Server,https://www.vertexnetworking.co.uk/storage/product_images/677915848dea2_Optical-Drives-Gen.webp,$165.00,G9P3H,https://www.vertexnetworking.co.uk/product/g9p3h-dell-8x-sata-dvd-rw-drive-for-poweredge-server.html
Vertex Networking,FPYDC - Dell 8X DVD+RW SATA Drive,FPYDC - Dell 8X DVD+RW SATA Drive,https://www.vertexnetworking.co.uk/storage/product_images/67791582d8609_Optical-Drives-Gen.webp,$65.00,FPYDC,https://www.vertexnetworking.co.uk/product/fpydc-dell-8x-dvd-rw-sata-drive.html
Vertex Networking,FDI67 - Dell DVD-Rom/CD-RW Drive M/n Gcc-4244n,FDI67 - Dell DVD-Rom/CD-RW Drive M/n Gcc-4244n,https://www.vertexnetworking.co.uk/storage/product_images/67791582aad2f_Optical-Drives-Gen.webp,$125.00,FDI67,https://www.vertexnetworking.co.uk/product/fdi67-dell-dvd-rom-cd-rw-drive-m-n-gcc-4244n.html
Vertex Networking,G312J - Dell 8X SATA DVD+/-RW Drive,G312J - Dell 8X SATA DVD+/-RW Drive,https://www.vertexnetworking.co.uk/storage/product_images/67791582c7bd5_Optical-Drives-Gen.webp,$52.00,G312J,https://www.vertexnetworking.co.uk/product/g312j-dell-8x-sata-dvd-rw-drive.html
Vertex Networking,G729H - Dell Assembly DVD+/-RW 8x SATA Plds,G729H - Dell Assembly DVD+/-RW 8x SATA Plds,https://www.vertexnetworking.co.uk/storage/product_images/6779158436921_Optical-Drives-Gen.webp,$82.00,G729H,https://www.vertexnetworking.co.uk/product/g729h-dell-assembly-dvd-rw-8x-sata-plds.html
Vertex Networking,FW733 - Dell 8X IDE DVD+/ -RW Drive for Inspiron1520 1521 1720 1721,FW733 - Dell 8X IDE DVD+/ -RW Drive for Inspiron1520 1521 1720 1721,https://www.vertexnetworking.co.uk/storage/product_images/677915847fc4e_Optical-Drives-Gen.webp,$50.00,FW733,https://www.vertexnetworking.co.uk/product/fw733-dell-8x-ide-dvd-rw-drive-for-inspiron1520-1521-1720-1721.html
Vertex Networking,FW002 - Dell Optical Drive CD-RW/DVD 24x Xps M1710,FW002 - Dell Optical Drive CD-RW/DVD 24x Xps M1710,https://www.vertexnetworking.co.uk/storage/product_images/677915846367f_Optical-Drives-Gen.webp,$55.00,FW002,https://www.vertexnetworking.co.uk/product/fw002-dell-optical-drive-cd-rw-dvd-24x-xps-m1710.html
Vertex Networking,FU194 - Dell 24X CD-RW/DVD Combo Drive for Latitude D420,FU194 - Dell 24X CD-RW/DVD Combo Drive for Latitude D420,https://www.vertexnetworking.co.uk/storage/product_images/677915830279e_Optical-Drives-Gen.webp,$55.00,FU194,https://www.vertexnetworking.co.uk/product/fu194-dell-24x-cd-rw-dvd-combo-drive-for-latitude-d420.html
Vertex Networking,G556T - Dell 16X SATA Half-Height DVD+/-RW Drive for OptiPlex 780/ 780 Mini-Tower Desktops,G556T - Dell 16X SATA Half-Height DVD+/-RW Drive for OptiPlex 780/ 780 Mini-Tower Desktops,https://www.vertexnetworking.co.uk/storage/product_images/6779158310df6_Optical-Drives-Gen.webp,$55.00,G556T,https://www.vertexnetworking.co.uk/product/g556t-dell-16x-sata-half-height-dvd-rw-drive-for-optiplex-780-780-mini-tower-desktops.html
Vertex Networking,GA10N - Dell DVD-RW Drive Slot Load for Studio 1735 1535 1536,GA10N - Dell DVD-RW Drive Slot Load for Studio 1735 1535 1536,https://www.vertexnetworking.co.uk/storage/product_images/6779158471a99_Optical-Drives-Gen.webp,$88.00,GA10N,https://www.vertexnetworking.co.uk/product/ga10n-dell-dvd-rw-drive-slot-load-for-studio-1735-1535-1536.html
Vertex Networking,FU041 - Dell 24x Cdrw/dvd CoMBo 1525/1526,FU041 - Dell 24x Cdrw/dvd CoMBo 1525/1526,https://www.vertexnetworking.co.uk/storage/product_images/67791584450ad_Optical-Drives-Gen.webp,$55.00,FU041,https://www.vertexnetworking.co.uk/product/fu041-dell-24x-cdrw-dvd-combo-1525-1526.html
Vertex Networking,GA11N - Dell 8x DVD/RW Super Multi SATA Internal Drive,GA11N - Dell 8x DVD/RW Super Multi SATA Internal Drive Product Condition: Refurbished,https://www.vertexnetworking.co.uk/storage/product_images/6779158453f86_Optical-Drives-Gen.webp,$85.00,GA11N,https://www.vertexnetworking.co.uk/product/ga11n-dell-8x-dvd-rw-super-multi-sata-internal-drive.html
Vertex Networking,G264C - Dell 8X DVD+RW SATAStudio Hybrid 140g,G264C - Dell 8X DVD+RW SATAStudio Hybrid 140g,https://www.vertexnetworking.co.uk/storage/product_images/67791582e89eb_Optical-Drives-Gen.webp,$75.00,G264C,https://www.vertexnetworking.co.uk/product/g264c-dell-8x-dvd-rw-satastudio-hybrid-140g.html
Vertex Networking,GA31N - Dell 8X SATA DVD-RW Drive,GA31N - Dell 8X SATA DVD-RW Drive,https://www.vertexnetworking.co.uk/storage/product_images/67791584ac0a5_Optical-Drives-Gen.webp,$58.00,GA31N,https://www.vertexnetworking.co.uk/product/ga31n-dell-8x-sata-dvd-rw-drive.html
Vertex Networking,FP113 - Dell DVD-CD-RW Combo,FP113 - Dell DVD-CD-RW Combo,https://www.vertexnetworking.co.uk/storage/product_images/67791582b93a0_Optical-Drives-Gen.webp,$122.00,FP113,https://www.vertexnetworking.co.uk/product/fp113-dell-dvd-cd-rw-combo.html
Vertex Networking,FU042 - Dell 8x DVD-RW Drive for Inspiron 1525,FU042 - Dell 8x DVD-RW Drive for Inspiron 1525,https://www.vertexnetworking.co.uk/storage/product_images/6779158321f07_Optical-Drives-Gen.webp,$85.00,FU042,https://www.vertexnetworking.co.uk/product/fu042-dell-8x-dvd-rw-drive-for-inspiron-1525.html
Vertex Networking,FX456 - Dell 48X Half-Height SATA Internal CD-RW/DVD Combo Drive for Vostro 410 Desktop,FX456 - Dell 48X Half-Height SATA Internal CD-RW/DVD Combo Drive for Vostro 410 Desktop,https://www.vertexnetworking.co.uk/storage/product_images/67791584ba4a7_Optical-Drives-Gen.webp,$150.00,FX456,https://www.vertexnetworking.co.uk/product/fx456-dell-48x-half-height-sata-internal-cd-rw-dvd-combo-drive-for-vostro-410-desktop.html
Vertex Networking,FD168 - Dell CoMBo Assembly Cdrw/DVD2 Inspiron 710m,FD168 - Dell CoMBo Assembly Cdrw/DVD2 Inspiron 710m,https://www.vertexnetworking.co.uk/storage/product_images/677915818a008_Optical-Drives-Gen.webp,$55.00,FD168,https://www.vertexnetworking.co.uk/product/fd168-dell-combo-assembly-cdrw-dvd2-inspiron-710m.html
Vertex Networking,"FNWDF - Dell DVD-RW Assembly, DVD+/-RW","FNWDF - Dell DVD-RW Assembly, DVD+/-RW",https://www.vertexnetworking.co.uk/storage/product_images/6779158228560_Optical-Drives-Gen.webp,$150.00,FNWDF,https://www.vertexnetworking.co.uk/product/fnwdf-dell-dvd-rw-assembly-dvd-rw.html
Vertex Networking,F3503 - Dell DVD Combo Drive,F3503 - Dell DVD Combo Drive,https://www.vertexnetworking.co.uk/storage/product_images/67791581eb3f1_Optical-Drives-Gen.webp,$140.00,F3503,https://www.vertexnetworking.co.uk/product/f3503-dell-dvd-combo-drive.html
Vertex Networking,FDRJ0 - Dell 8X SATA DVD-RW Drive,FDRJ0 - Dell 8X SATA DVD-RW Drive,https://www.vertexnetworking.co.uk/storage/product_images/67791581c0213_Optical-Drives-Gen.webp,$115.00,FDRJ0,https://www.vertexnetworking.co.uk/product/fdrj0-dell-8x-sata-dvd-rw-drive.html
Vertex Networking,F203K - Dell Dvd Rw Drive,F203K - Dell Dvd Rw Drive,https://www.vertexnetworking.co.uk/storage/product_images/67791582182f1_Optical-Drives-Gen.webp,$175.00,F203K,https://www.vertexnetworking.co.uk/product/f203k-dell-dvd-rw-drive.html
Vertex Networking,FN422 - Dell 16X Half-Height DVD-RW Combo Drive (Black) for OptiPlex 330 Mini-Tower System,FN422 - Dell 16X Half-Height DVD-RW Combo Drive (Black) for OptiPlex 330 Mini-Tower System,https://www.vertexnetworking.co.uk/storage/product_images/67791582640e2_Optical-Drives-Gen.webp,Get a Quote for price,FN422,https://www.vertexnetworking.co.uk/product/fn422-dell-16x-half-height-dvd-rw-combo-drive-black-for-optiplex-330-mini-tower-system.html
Vertex Networking,F9168 - Dell CD-RW/DVD Combo Drive for Inspiron L/M/6000,F9168 - Dell CD-RW/DVD Combo Drive for Inspiron L/M/6000,https://www.vertexnetworking.co.uk/storage/product_images/677915829d561_Optical-Drives-Gen.webp,$55.00,F9168,https://www.vertexnetworking.co.uk/product/f9168-dell-cd-rw-dvd-combo-drive-for-inspiron-l-m-6000.html
Vertex Networking,F3505 - Dell DVD-RW Drive,F3505 - Dell DVD-RW Drive,https://www.vertexnetworking.co.uk/storage/product_images/67791581979a7_Optical-Drives-Gen.webp,$150.00,F3505,https://www.vertexnetworking.co.uk/product/f3505-dell-dvd-rw-drive.html
Vertex Networking,DU070 - Dell Assembly Cdrw/DVD 24x IDE M1210,DU070 - Dell Assembly Cdrw/DVD 24x IDE M1210,https://www.vertexnetworking.co.uk/storage/product_images/6779158143b5c_Optical-Drives-Gen.webp,$150.00,DU070,https://www.vertexnetworking.co.uk/product/du070-dell-assembly-cdrw-dvd-24x-ide-m1210.html
Vertex Networking,F4GM8 - Dell 24X SATA DVD-RW Drive,F4GM8 - Dell 24X SATA DVD-RW Drive Product Condition: Refurbished,https://www.vertexnetworking.co.uk/storage/product_images/6779158236af3_Optical-Drives-Gen.webp,$80.00,F4GM8,https://www.vertexnetworking.co.uk/product/f4gm8-dell-24x-sata-dvd-rw-drive.html
Vertex Networking,FC634 - Dell 24X CD-RW/DVD Combo Drive,FC634 - Dell 24X CD-RW/DVD Combo Drive,https://www.vertexnetworking.co.uk/storage/product_images/677915828fb1c_Optical-Drives-Gen.webp,$55.00,FC634,https://www.vertexnetworking.co.uk/product/fc634-dell-24x-cd-rw-dvd-combo-drive.html
Vertex Networking,F2084 - Dell 24x Slim Combo Drv Gx240 60 80,F2084 - Dell 24x Slim Combo Drv Gx240 60 80,https://www.vertexnetworking.co.uk/storage/product_images/67791581b2f9a_Optical-Drives-Gen.webp,$102.00,F2084,https://www.vertexnetworking.co.uk/product/f2084-dell-24x-slim-combo-drv-gx240-60-80.html
Vertex Networking,F6408 - Dell CD-RW/DVD 48x32 IDE Hh Sc,F6408 - Dell CD-RW/DVD 48x32 IDE Hh Sc,https://www.vertexnetworking.co.uk/storage/product_images/6779158272609_Optical-Drives-Gen.webp,$122.00,F6408,https://www.vertexnetworking.co.uk/product/f6408-dell-cd-rw-dvd-48x32-ide-hh-sc.html
Vertex Networking,FH311 - Dell 24X CD-RW+DVD Combo Drive Includes Sled and SATA Interposer (Black),FH311 - Dell 24X CD-RW+DVD Combo Drive Includes Sled and SATA Interposer (Black),https://www.vertexnetworking.co.uk/storage/product_images/67791581dc5b9_Optical-Drives-Gen.webp,$158.00,FH311,https://www.vertexnetworking.co.uk/product/fh311-dell-24x-cd-rw-dvd-combo-drive-includes-sled-and-sata-interposer-black-.html
Vertex Networking,FK236 - Dell 48X CD-RW/DVD IDE Combo Drive,FK236 - Dell 48X CD-RW/DVD IDE Combo Drive,https://www.vertexnetworking.co.uk/storage/product_images/677915824541f_Optical-Drives-Gen.webp,$50.00,FK236,https://www.vertexnetworking.co.uk/product/fk236-dell-48x-cd-rw-dvd-ide-combo-drive.html
Vertex Networking,FH867 - Dell Cus CD-RW/DVD 48x Sony Dim Mg,FH867 - Dell Cus CD-RW/DVD 48x Sony Dim Mg,https://www.vertexnetworking.co.uk/storage/product_images/67791581a51c1_Optical-Drives-Gen.webp,$208.00,FH867,https://www.vertexnetworking.co.uk/product/fh867-dell-cus-cd-rw-dvd-48x-sony-dim-mg.html
Vertex Networking,FH314 - Dell 8X SATA DVD-RW Drive (Black),FH314 - Dell 8X SATA DVD-RW Drive (Black),https://www.vertexnetworking.co.uk/storage/product_images/6779158206e7b_Optical-Drives-Gen.webp,$75.00,FH314,https://www.vertexnetworking.co.uk/product/fh314-dell-8x-sata-dvd-rw-drive-black-.html
Vertex Networking,F199K - Dell Latitude E4300 8x SATA DVD+RW / CD-RW Dual Layer Burner Slim Drive Module (RED),F199K - Dell Latitude E4300 8x SATA DVD+RW / CD-RW Dual Layer Burner Slim Drive Module (RED),https://www.vertexnetworking.co.uk/storage/product_images/67791581cdbec_Optical-Drives-Gen.webp,$188.00,F199K,https://www.vertexnetworking.co.uk/product/f199k-dell-latitude-e4300-8x-sata-dvd-rw-cd-rw-dual-layer-burner-slim-drive-module-red.html
Vertex Networking,F671M - Dell DVDRWLaptop,F671M - Dell DVDRWLaptop,https://www.vertexnetworking.co.uk/storage/product_images/677915827fe5e_Optical-Drives-Gen.webp,$50.00,F671M,https://www.vertexnetworking.co.uk/product/f671m-dell-dvdrwlaptop.html
Vertex Networking,F5462 - Dell 4X DVD-RW Drive,F5462 - Dell 4X DVD-RW Drive,https://www.vertexnetworking.co.uk/storage/product_images/6779158253615_Optical-Drives-Gen.webp,$188.00,F5462,https://www.vertexnetworking.co.uk/product/f5462-dell-4x-dvd-rw-drive.html
Vertex Networking,DR870 - Dell CD-RW/DVD Combo Drive D Series,DR870 - Dell CD-RW/DVD Combo Drive D Series,https://www.vertexnetworking.co.uk/storage/product_images/677915810973f_Optical-Drives-Gen.webp,$55.00,DR870,https://www.vertexnetworking.co.uk/product/dr870-dell-cd-rw-dvd-combo-drive-d-series.html
Vertex Networking,DM867 - Dell 8X DVD+/-RW Drive Inspiron 1420,DM867 - Dell 8X DVD+/-RW Drive Inspiron 1420,https://www.vertexnetworking.co.uk/storage/product_images/67791580aac57_Optical-Drives-Gen.webp,$178.00,DM867,https://www.vertexnetworking.co.uk/product/dm867-dell-8x-dvd-rw-drive-inspiron-1420.html
Vertex Networking,F0275 - Dell 24X CD-RW D Module,F0275 - Dell 24X CD-RW D Module,https://www.vertexnetworking.co.uk/storage/product_images/67791580efcfd_Optical-Drives-Gen.webp,$55.00,F0275,https://www.vertexnetworking.co.uk/product/f0275-dell-24x-cd-rw-d-module.html
Vertex Networking,DVKX3 - Dell DVD+/-RW 8x SATA Slot Hitachi,DVKX3 - Dell DVD+/-RW 8x SATA Slot Hitachi,https://www.vertexnetworking.co.uk/storage/product_images/677915812545c_Optical-Drives-Gen.webp,$180.00,DVKX3,https://www.vertexnetworking.co.uk/product/dvkx3-dell-dvd-rw-8x-sata-slot-hitachi.html
Vertex Networking,DYVCV - Dell DVD+/-RW 8x SATA Slot 1569,DYVCV - Dell DVD+/-RW 8x SATA Slot 1569,https://www.vertexnetworking.co.uk/storage/product_images/677915808113f_Optical-Drives-Gen.webp,$175.00,DYVCV,https://www.vertexnetworking.co.uk/product/dyvcv-dell-dvd-rw-8x-sata-slot-1569.html
Vertex Networking,F0277 - Dell Inspiron 300m 24X CD-RW DVD Combo D Module,F0277 - Dell Inspiron 300m 24X CD-RW DVD Combo D Module,https://www.vertexnetworking.co.uk/storage/product_images/677915809c9b1_Optical-Drives-Gen.webp,$55.00,F0277,https://www.vertexnetworking.co.uk/product/f0277-dell-inspiron-300m-24x-cd-rw-dvd-combo-d-module.html
Vertex Networking,F0836 - Dell 2X DVD-RW Drive,F0836 - Dell 2X DVD-RW Drive,https://www.vertexnetworking.co.uk/storage/product_images/677915815f3b6_Optical-Drives-Gen.webp,$172.00,F0836,https://www.vertexnetworking.co.uk/product/f0836-dell-2x-dvd-rw-drive.html
Vertex Networking,F1163 - Dell DVD-RW Drive,F1163 - Dell DVD-RW Drive,https://www.vertexnetworking.co.uk/storage/product_images/67791581175d2_Optical-Drives-Gen.webp,$150.00,F1163,https://www.vertexnetworking.co.uk/product/f1163-dell-dvd-rw-drive.html
Vertex Networking,DM697 - Dell Assembly DVD+/-rw8xide1420hlds,DM697 - Dell Assembly DVD+/-rw8xide1420hlds,https://www.vertexnetworking.co.uk/storage/product_images/677915808e9a8_Optical-Drives-Gen.webp,$55.00,DM697,https://www.vertexnetworking.co.uk/product/dm697-dell-assembly-dvd-rw8xide1420hlds.html
Vertex Networking,F063F - Dell 8X SATA DVD+/-RW Drive,F063F - Dell 8X SATA DVD+/-RW Drive,https://www.vertexnetworking.co.uk/storage/product_images/67791580b8d12_Optical-Drives-Gen.webp,$65.00,F063F,https://www.vertexnetworking.co.uk/product/f063f-dell-8x-sata-dvd-rw-drive.html
Vertex Networking,F968D - Dell Optical Drive DVD+/-RW 8x IDE Vostro 1710,F968D - Dell Optical Drive DVD+/-RW 8x IDE Vostro 1710,https://www.vertexnetworking.co.uk/storage/product_images/677915816cf71_Optical-Drives-Gen.webp,$52.00,F968D,https://www.vertexnetworking.co.uk/product/f968d-dell-optical-drive-dvd-rw-8x-ide-vostro-1710.html
Vertex Networking,D7D66 - Dell 8X DVD-RW Drive,D7D66 - Dell 8X DVD-RW Drive,https://www.vertexnetworking.co.uk/storage/product_images/677915800f20d_Optical-Drives-Gen.webp,$75.00,D7D66,https://www.vertexnetworking.co.uk/product/d7d66-dell-8x-dvd-rw-drive.html
Vertex Networking,F104H - Dell DVD-RW Ad7580a-or Tsl632 Etc./,F104H - Dell DVD-RW Ad7580a-or Tsl632 Etc./,https://www.vertexnetworking.co.uk/storage/product_images/67791581516be_Optical-Drives-Gen.webp,$178.00,F104H,https://www.vertexnetworking.co.uk/product/f104h-dell-dvd-rw-ad7580a-or-tsl632-etc.html
Vertex Networking,F0835 - Dell DVD Unit and DVD Plus RW Drive,F0835 - Dell DVD Unit and DVD Plus RW Drive,https://www.vertexnetworking.co.uk/storage/product_images/677915817ba6f_Optical-Drives-Gen.webp,$65.00,F0835,https://www.vertexnetworking.co.uk/product/f0835-dell-dvd-unit-and-dvd-plus-rw-drive.html
Vertex Networking,Dell - DP886 - DVD-CDRW Combo Drive with Bezel,Dell - DP886 - DVD-CDRW Combo Drive with Bezel,https://www.vertexnetworking.co.uk/storage/product_images/67791580c64a2_Optical-Drives-Gen.webp,$125.00,DP886,https://www.vertexnetworking.co.uk/product/dp886-dell-dvd-cd-rw-combo-drive.html
Vertex Networking,DM912 - Dell 24X IDE CD-RW/DVD Combo Drive for Precision Mobile WorkStation M6300,DM912 - Dell 24X IDE CD-RW/DVD Combo Drive for Precision Mobile WorkStation M6300,https://www.vertexnetworking.co.uk/storage/product_images/67791580e256c_Optical-Drives-Gen.webp,$175.00,DM912,https://www.vertexnetworking.co.uk/product/dm912-dell-24x-ide-cd-rw-dvd-combo-drive-for-precision-mobile-workstation-m6300.html
Vertex Networking,F040J - Dell 8X DVD+/-RW Assembly EMOD NFI,F040J - Dell 8X DVD+/-RW Assembly EMOD NFI,https://www.vertexnetworking.co.uk/storage/product_images/67791580d49dc_Optical-Drives-Gen.webp,$52.00,F040J,https://www.vertexnetworking.co.uk/product/f040j-dell-8x-dvd-rw-assembly-emod-nfi.html
Vertex Networking,DW514 - Dell 8X DVD-RW USB 2.0 Eexternal Drive,DW514 - Dell 8X DVD-RW USB 2.0 Eexternal Drive Product Condition: Refurbished,https://www.vertexnetworking.co.uk/storage/product_images/677915804a467_DW514.webp,$118.43,DW514,https://www.vertexnetworking.co.uk/product/dw514-dell-8x-dvd-rw-usb-2-0-eexternal-drive.html
Vertex Networking,DD314 - Dell 24X DVD/CD-RW Combo Drive,DD314 - Dell 24X DVD/CD-RW Combo Drive,https://www.vertexnetworking.co.uk/storage/product_images/6779158073abf_Optical-Drives-Gen.webp,$130.00,DD314,https://www.vertexnetworking.co.uk/product/dd314-dell-24x-dvd-cd-rw-combo-drive.html
Vertex Networking,F0824 - Dell DVD/CD-RW,F0824 - Dell DVD/CD-RW,https://www.vertexnetworking.co.uk/storage/product_images/6779158134b38_Optical-Drives-Gen.webp,$182.00,F0824,https://www.vertexnetworking.co.uk/product/f0824-dell-dvd-cd-rw.html
Vertex Networking,DC641 - Dell 24X DVD/CD-RW Combo Drive,DC641 - Dell 24X DVD/CD-RW Combo Drive,https://www.vertexnetworking.co.uk/storage/product_images/6779158058808_Optical-Drives-Gen.webp,$122.00,DC641,https://www.vertexnetworking.co.uk/product/dc641-dell-24x-dvd-cd-rw-combo-drive.html
Vertex Networking,D447F - Dell DVD+/-RW 8 Slot 1318 Teac,D447F - Dell DVD+/-RW 8 Slot 1318 Teac,https://www.vertexnetworking.co.uk/storage/product_images/6779157f808c9_Optical-Drives-Gen.webp,$155.00,D447F,https://www.vertexnetworking.co.uk/product/d447f-dell-dvd-rw-8-slot-1318-teac.html
Vertex Networking,DF965 - Dell Xps/Inspiron M170 Restore Dvd,DF965 - Dell Xps/Inspiron M170 Restore Dvd,https://www.vertexnetworking.co.uk/storage/product_images/6779158066859_Optical-Drives-Gen.webp,$178.00,DF965,https://www.vertexnetworking.co.uk/product/df965-dell-xps-inspiron-m170-restore-dvd.html
Vertex Networking,D3849 - Dell DVD/CDRW Combo Drive for Inspiron 8500,D3849 - Dell DVD/CDRW Combo Drive for Inspiron 8500,https://www.vertexnetworking.co.uk/storage/product_images/6779157f91855_Optical-Drives-Gen.webp,$55.00,D3849,https://www.vertexnetworking.co.uk/product/d3849-dell-dvd-cdrw-combo-drive-for-inspiron-8500.html
Vertex Networking,D2152 - Dell CD-RW and DVD Drive Combo,D2152 - Dell CD-RW and DVD Drive Combo,https://www.vertexnetworking.co.uk/storage/product_images/6779157f12296_Optical-Drives-Gen.webp,Get a Quote for price,D2152,https://www.vertexnetworking.co.uk/product/d2152-dell-cd-rw-and-dvd-drive-combo.html
Vertex Networking,D1361 - Dell Latitude C840 24X CD R W DVD Combo Side Unit,D1361 - Dell Latitude C840 24X CD R W DVD Combo Side Unit,https://www.vertexnetworking.co.uk/storage/product_images/6779157f4ac17_Optical-Drives-Gen.webp,$55.00,D1361,https://www.vertexnetworking.co.uk/product/d1361-dell-latitude-c840-24x-cd-r-w-dvd-combo-side-unit.html
Vertex Networking,D327J - Dell 8x DVD+/-RW Assembly Emod Nfi,D327J - Dell 8x DVD+/-RW Assembly Emod Nfi,https://www.vertexnetworking.co.uk/storage/product_images/6779157f64db5_Optical-Drives-Gen.webp,Get a Quote for price,D327J,https://www.vertexnetworking.co.uk/product/d327j-dell-8x-dvd-rw-assembly-emod-nfi.html
Vertex Networking,DX878 - Dell 16X DVD-RW SATA Drive for Vostro 200/ 400 Desktops,DX878 - Dell 16X DVD-RW SATA Drive for Vostro 200/ 400 Desktops,https://www.vertexnetworking.co.uk/storage/product_images/6779157fd9f3b_Optical-Drives-Gen.webp,$50.00,DX878,https://www.vertexnetworking.co.uk/product/dx878-dell-16x-dvd-rw-sata-drive-for-vostro-200-400-desktops.html
Vertex Networking,D9207 - Dell Assembly Cdrw/dvd Hlds Dmod Nfi Ul,D9207 - Dell Assembly Cdrw/dvd Hlds Dmod Nfi Ul,https://www.vertexnetworking.co.uk/storage/product_images/6779157fad156_Optical-Drives-Gen.webp,$98.00,D9207,https://www.vertexnetworking.co.uk/product/d9207-dell-assembly-cdrw-dvd-hlds-dmod-nfi-ul.html
Vertex Networking,DXJCN - Dell 8X SATA DVD+/-RW Drive,DXJCN - Dell 8X SATA DVD+/-RW Drive,https://www.vertexnetworking.co.uk/storage/product_images/6779157f9ed08_Optical-Drives-Gen.webp,$180.00,DXJCN,https://www.vertexnetworking.co.uk/product/dxjcn-dell-8x-sata-dvd-rw-drive.html
Vertex Networking,DC614 - Dell 24X CD-RW/DVD Combo Drive for OptiPlex,DC614 - Dell 24X CD-RW/DVD Combo Drive for OptiPlex,https://www.vertexnetworking.co.uk/storage/product_images/6779157f57f86_Optical-Drives-Gen.webp,$195.00,DC614,https://www.vertexnetworking.co.uk/product/dc614-dell-24x-cd-rw-dvd-combo-drive-for-optiplex.html
Vertex Networking,D7732 - Dell 4X DVD-RW Drive,D7732 - Dell 4X DVD-RW Drive,https://www.vertexnetworking.co.uk/storage/product_images/6779157f03a7a_Optical-Drives-Gen.webp,$65.00,D7732,https://www.vertexnetworking.co.uk/product/d7732-dell-4x-dvd-rw-drive.html
Vertex Networking,"D7NFT - Dell DVD-RW Assembly,DVD+/-Rw,8,Sata,Hlds,1520","D7NFT - Dell DVD-RW Assembly,DVD+/-Rw,8,Sata,Hlds,1520",https://www.vertexnetworking.co.uk/storage/product_images/6779157fe7e9b_Optical-Drives-Gen.webp,$150.00,D7NFT,https://www.vertexnetworking.co.uk/product/d7nft-dell-dvd-rw-assembly-dvd-rw-8-sata-hlds-1520.html
Vertex Networking,D1822 - Dell Latitude X200 CD-RW DVD Drive,D1822 - Dell Latitude X200 CD-RW DVD Drive,https://www.vertexnetworking.co.uk/storage/product_images/6779157f2ff2e_Optical-Drives-Gen.webp,$82.00,D1822,https://www.vertexnetworking.co.uk/product/d1822-dell-latitude-x200-cd-rw-dvd-drive.html
Vertex Networking,"D7H7C - Dell DVD-RW Assembled Silver Bezel for Vostro 3400, 3500, 3700","D7H7C - Dell DVD-RW Assembled Silver Bezel for Vostro 3400, 3500, 3700",https://www.vertexnetworking.co.uk/storage/product_images/6779157fc981d_Optical-Drives-Gen.webp,$155.00,D7H7C,https://www.vertexnetworking.co.uk/product/d7h7c-dell-dvd-rw-assembled-silver-bezel-for-vostro-3400-3500-3700.html
Vertex Networking,DX565 - Dell 16X Half-Height Black DVD-RW Combo Drive (Black) for OptiPlex 330 Desktop,DX565 - Dell 16X Half-Height Black DVD-RW Combo Drive (Black) for OptiPlex 330 Desktop,https://www.vertexnetworking.co.uk/storage/product_images/6779157fbb0ea_Optical-Drives-Gen.webp,$55.00,DX565,https://www.vertexnetworking.co.uk/product/dx565-dell-16x-half-height-black-dvd-rw-combo-drive-black-for-optiplex-330-desktop.html
Vertex Networking,D4392 - Dell 24x DVD/CD-RW Combo Drive for Inspiron 5150,D4392 - Dell 24x DVD/CD-RW Combo Drive for Inspiron 5150,https://www.vertexnetworking.co.uk/storage/product_images/6779157f7232c_Optical-Drives-Gen.webp,$60.00,D4392,https://www.vertexnetworking.co.uk/product/d4392-dell-24x-dvd-cd-rw-combo-drive-for-inspiron-5150.html
Vertex Networking,D7734 - Dell DVD-RW- Gwa4040n4x DVD+R/RW Drive Assembly for Dell,D7734 - Dell DVD-RW- Gwa4040n4x DVD+R/RW Drive Assembly for Dell,https://www.vertexnetworking.co.uk/storage/product_images/6779157f3db32_Optical-Drives-Gen.webp,$150.00,D7734,https://www.vertexnetworking.co.uk/product/d7734-dell-dvd-rw-gwa4040n4x-dvd-r-rw-drive-assembly-for-dell.html
Vertex Networking,DU235 - Dell 8X DVD-RW Drive for OptiPlex 745 Desktop,DU235 - Dell 8X DVD-RW Drive for OptiPlex 745 Desktop,https://www.vertexnetworking.co.uk/storage/product_images/67791580017b9_Optical-Drives-Gen.webp,$52.00,DU235,https://www.vertexnetworking.co.uk/product/du235-dell-8x-dvd-rw-drive-for-optiplex-745-desktop.html
Vertex Networking,D7289 - Dell 24X CD-RW DVD Combo Drive,D7289 - Dell 24X CD-RW DVD Combo Drive,https://www.vertexnetworking.co.uk/storage/product_images/6779157f22ad5_Optical-Drives-Gen.webp,$188.00,D7289,https://www.vertexnetworking.co.uk/product/d7289-dell-24x-cd-rw-dvd-combo-drive.html
Vertex Networking,D337R - Dell Vostro 3550 Multi DVD Rewriter SATA Drive,D337R - Dell Vostro 3550 Multi DVD Rewriter SATA Drive,https://www.vertexnetworking.co.uk/storage/product_images/6779157e66753_Optical-Drives-Gen.webp,$115.00,D337R,https://www.vertexnetworking.co.uk/product/d337r-dell-vostro-3550-multi-dvd-rewriter-sata-drive.html
Vertex Networking,CY132 - Dell 24X SATA CD-RW/DVD Combo Drive for OptiPlex 760/960 Desktop,CY132 - Dell 24X SATA CD-RW/DVD Combo Drive for OptiPlex 760/960 Desktop,https://www.vertexnetworking.co.uk/storage/product_images/6779157eaf477_Optical-Drives-Gen.webp,$150.00,CY132,https://www.vertexnetworking.co.uk/product/cy132-dell-24x-sata-cd-rw-dvd-combo-drive-for-optiplex-760-960-desktop.html
Vertex Networking,C748T - Dell 8X External Multi-Format CD/DVD USB Writer for Laptops,C748T - Dell 8X External Multi-Format CD/DVD USB Writer for Laptops,https://www.vertexnetworking.co.uk/storage/product_images/6779157dd4394_Optical-Drives-Gen.webp,Get a Quote for price,C748T,https://www.vertexnetworking.co.uk/product/c748t-dell-8x-external-multi-format-cd-dvd-usb-writer-for-laptops.html
Vertex Networking,D702D - Dell SATA Laptop DVD-RW Drive,D702D - Dell SATA Laptop DVD-RW Drive,https://www.vertexnetworking.co.uk/storage/product_images/6779157ebd524_Optical-Drives-Gen.webp,Get a Quote for price,D702D,https://www.vertexnetworking.co.uk/product/d702d-dell-sata-laptop-dvd-rw-drive.html
Vertex Networking,CU013 - Dell 48X Half-Height SATA Internal CD-RW/DVD Combo Drive for Precision WorkStation T5400,CU013 - Dell 48X Half-Height SATA Internal CD-RW/DVD Combo Drive for Precision WorkStation T5400,https://www.vertexnetworking.co.uk/storage/product_images/6779157e4b2b7_Optical-Drives-Gen.webp,$50.00,CU013,https://www.vertexnetworking.co.uk/product/cu013-dell-48x-half-height-sata-internal-cd-rw-dvd-combo-drive-for-precision-workstation-t5400.html
Vertex Networking,CU179 - Dell 16x Half-Height SATA Internal DVD-RW Drive for Precision WorkStation T5400,CU179 - Dell 16x Half-Height SATA Internal DVD-RW Drive for Precision WorkStation T5400,https://www.vertexnetworking.co.uk/storage/product_images/6779157e58eb0_Optical-Drives-Gen.webp,$55.00,CU179,https://www.vertexnetworking.co.uk/product/cu179-dell-16x-half-height-sata-internal-dvd-rw-drive-for-precision-workstation-t5400.html
Vertex Networking,C603J - Dell 8X SATA Slimline DVD+RW Drive for OptiPlex 330/760/960 Desktops,C603J - Dell 8X SATA Slimline DVD+RW Drive for OptiPlex 330/760/960 Desktops,https://www.vertexnetworking.co.uk/storage/product_images/6779157db2b52_Optical-Drives-Gen.webp,$65.00,C603J,https://www.vertexnetworking.co.uk/product/c603j-dell-8x-sata-slimline-dvd-rw-drive-for-optiplex-330-760-960-desktops.html
Vertex Networking,D528J - Dell 24X SATA CD-RW/DVD Drive,D528J - Dell 24X SATA CD-RW/DVD Drive,https://www.vertexnetworking.co.uk/storage/product_images/6779157e83bf3_Optical-Drives-Gen.webp,$185.00,D528J,https://www.vertexnetworking.co.uk/product/d528j-dell-24x-sata-cd-rw-dvd-drive.html
Vertex Networking,CU514 - Dell 8X DVD-RW for Latitude XT Tablet PC,CU514 - Dell 8X DVD-RW for Latitude XT Tablet PC,https://www.vertexnetworking.co.uk/storage/product_images/6779157e2c11f_Optical-Drives-Gen.webp,$322.00,CU514,https://www.vertexnetworking.co.uk/product/cu514-dell-8x-dvd-rw-for-latitude-xt-tablet-pc.html
Vertex Networking,C3039 - Dell 24X CD-RW/DVD Combo Drive,C3039 - Dell 24X CD-RW/DVD Combo Drive,https://www.vertexnetworking.co.uk/storage/product_images/6779157ce7ba1_Optical-Drives-Gen.webp,$115.00,C3039,https://www.vertexnetworking.co.uk/product/c3039-dell-24x-cd-rw-dvd-combo-drive.html
Vertex Networking,CX790 - Dell 8X DVD-RW for Precision M2300 Mobile Workstation,CX790 - Dell 8X DVD-RW for Precision M2300 Mobile Workstation,https://www.vertexnetworking.co.uk/storage/product_images/6779157e10ccc_Optical-Drives-Gen.webp,$65.00,CX790,https://www.vertexnetworking.co.uk/product/cx790-dell-8x-dvd-rw-for-precision-m2300-mobile-workstation.html
Vertex Networking,D6HDN - Dell 8X DVD SATA OPTIPLEX 760 Tower,D6HDN - Dell 8X DVD SATA OPTIPLEX 760 Tower,https://www.vertexnetworking.co.uk/storage/product_images/6779157e9f1a9_Optical-Drives-Gen.webp,$65.00,D6HDN,https://www.vertexnetworking.co.uk/product/d6hdn-dell-8x-dvd-sata-optiplex-760-tower.html
Vertex Networking,Dell - D0115 - Slimline 24x CD-RW & DVD Combo Drive,Dell - D0115 - Slimline 24x CD-RW & DVD Combo Drive,https://www.vertexnetworking.co.uk/storage/product_images/6779157e73fdd_Optical-Drives-Gen.webp,$115.00,D0115,https://www.vertexnetworking.co.uk/product/d0115-dell-24x-cd-rw-dvd-combo.html
Vertex Networking,D1823 - Dell 24X CD-RW/DVD Combo Drive,D1823 - Dell 24X CD-RW/DVD Combo Drive,https://www.vertexnetworking.co.uk/storage/product_images/6779157eea551_Optical-Drives-Gen.webp,$55.00,D1823,https://www.vertexnetworking.co.uk/product/d1823-dell-24x-cd-rw-dvd-combo-drive.html
Vertex Networking,C9067 - Dell 24X DVD/CD-RW Combo Drive for GX620,C9067 - Dell 24X DVD/CD-RW Combo Drive for GX620,https://www.vertexnetworking.co.uk/storage/product_images/6779157e1e4a1_Optical-Drives-Gen.webp,$158.00,C9067,https://www.vertexnetworking.co.uk/product/c9067-dell-24x-dvd-cd-rw-combo-drive-for-gx620.html
Vertex Networking,C796J - Dell CD-RW/DVD ROM Slim Drive,C796J - Dell CD-RW/DVD ROM Slim Drive,https://www.vertexnetworking.co.uk/storage/product_images/6779157e3b281_Optical-Drives-Gen.webp,$110.00,C796J,https://www.vertexnetworking.co.uk/product/c796j-dell-cd-rw-dvd-rom-slim-drive.html
Vertex Networking,D598F - Dell SATA Internal DVD+RW Drive,D598F - Dell SATA Internal DVD+RW Drive,https://www.vertexnetworking.co.uk/storage/product_images/6779157edc6f4_Optical-Drives-Gen.webp,$150.00,D598F,https://www.vertexnetworking.co.uk/product/d598f-dell-sata-internal-dvd-rw-drive.html
Vertex Networking,CU416 - Dell 48x CD-RW/DVD Combo SATA Internal Drive for XPS 420 Desktop,CU416 - Dell 48x CD-RW/DVD Combo SATA Internal Drive for XPS 420 Desktop,https://www.vertexnetworking.co.uk/storage/product_images/6779157dc6081_Optical-Drives-Gen.webp,$138.00,CU416,https://www.vertexnetworking.co.uk/product/cu416-dell-48x-cd-rw-dvd-combo-sata-internal-drive-for-xps-420-desktop.html
Vertex Networking,D0727 - Dell 24X CD-ROM RW CD Burner,D0727 - Dell 24X CD-ROM RW CD Burner,https://www.vertexnetworking.co.uk/storage/product_images/6779157ecaf56_Optical-Drives-Gen.webp,$105.00,D0727,https://www.vertexnetworking.co.uk/product/d0727-dell-24x-cd-rom-rw-cd-burner.html
Vertex Networking,CX828 - Dell Optical Drive CD-RW/DVD Latitude D Series,CX828 - Dell Optical Drive CD-RW/DVD Latitude D Series,https://www.vertexnetworking.co.uk/storage/product_images/6779157e918b0_Optical-Drives-Gen.webp,$140.00,CX828,https://www.vertexnetworking.co.uk/product/cx828-dell-optical-drive-cd-rw-dvd-latitude-d-series.html
Vertex Networking,CJ182 - Dell 24X CD-RW/DVD-ROM Internal IDE Combo Drive for Inspiron 9400 /E1705 Notebooks,CJ182 - Dell 24X CD-RW/DVD-ROM Internal IDE Combo Drive for Inspiron 9400 /E1705 Notebooks,https://www.vertexnetworking.co.uk/storage/product_images/6779157cbb3e9_Optical-Drives-Gen.webp,$55.00,CJ182,https://www.vertexnetworking.co.uk/product/cj182-dell-24x-cd-rw-dvd-rom-internal-ide-combo-drive-for-inspiron-9400-e1705-notebooks.html
Vertex Networking,C1731 - Dell 24X CDRW/DVD Combo C-Module,C1731 - Dell 24X CDRW/DVD Combo C-Module,https://www.vertexnetworking.co.uk/storage/product_images/6779157c3a4b1_Optical-Drives-Gen.webp,$55.00,C1731,https://www.vertexnetworking.co.uk/product/c1731-dell-24x-cdrw-dvd-combo-c-module.html
Vertex Networking,CN896 - Dell 16X DVD-RW Drive with DVD Playback for Precision WorkStation 390/490/690 Systems,CN896 - Dell 16X DVD-RW Drive with DVD Playback for Precision WorkStation 390/490/690 Systems,https://www.vertexnetworking.co.uk/storage/product_images/6779157cd77ab_Optical-Drives-Gen.webp,$55.00,CN896,https://www.vertexnetworking.co.uk/product/cn896-dell-16x-dvd-rw-drive-with-dvd-playback-for-precision-workstation-390-490-690-systems.html
Vertex Networking,C353C - Dell Precision R5400 SATA DVD/cd-RW Slimline,C353C - Dell Precision R5400 SATA DVD/cd-RW Slimline,https://www.vertexnetworking.co.uk/storage/product_images/6779157cad145_Optical-Drives-Gen.webp,$55.00,C353C,https://www.vertexnetworking.co.uk/product/c353c-dell-precision-r5400-sata-dvd-cd-rw-slimline.html
Vertex Networking,C299P - Dell 8X SATA DVD+/-RW Drive for Inspiron / OptiPlex Desktops,C299P - Dell 8X SATA DVD+/-RW Drive for Inspiron / OptiPlex Desktops,https://www.vertexnetworking.co.uk/storage/product_images/6779157c55663_Optical-Drives-Gen.webp,$165.00,C299P,https://www.vertexnetworking.co.uk/product/c299p-dell-8x-sata-dvd-rw-drive-for-inspiron-optiplex-desktops.html
Vertex Networking,C3200 - Dell 2X DVD-RW Drive,C3200 - Dell 2X DVD-RW Drive,https://www.vertexnetworking.co.uk/storage/product_images/6779157cc97f5_Optical-Drives-Gen.webp,$208.00,C3200,https://www.vertexnetworking.co.uk/product/c3200-dell-2x-dvd-rw-drive.html
Vertex Networking,CD081 - Dell Slim DVD+RW Drive 8x DVDROM 24x24x24,CD081 - Dell Slim DVD+RW Drive 8x DVDROM 24x24x24,https://www.vertexnetworking.co.uk/storage/product_images/6779157c2d2f5_Optical-Drives-Gen.webp,$158.00,CD081,https://www.vertexnetworking.co.uk/product/cd081-dell-slim-dvd-rw-drive-8x-dvdrom-24x24x24.html
Vertex Networking,C1FN7 - Dell DVD+/-RW SATA Dual Layer 16x,C1FN7 - Dell DVD+/-RW SATA Dual Layer 16x,https://www.vertexnetworking.co.uk/storage/product_images/6779157c02a76_Optical-Drives-Gen.webp,$158.00,C1FN7,https://www.vertexnetworking.co.uk/product/c1fn7-dell-dvd-rw-sata-dual-layer-16x.html
Vertex Networking,C554D - Dell 8X SATA Internal DVD+RW Drive for Latitude E4300 Laptop,C554D - Dell 8X SATA Internal DVD+RW Drive for Latitude E4300 Laptop,https://www.vertexnetworking.co.uk/storage/product_images/6779157d63a5d_Optical-Drives-Gen.webp,$65.00,C554D,https://www.vertexnetworking.co.uk/product/c554d-dell-8x-sata-internal-dvd-rw-drive-for-latitude-e4300-laptop.html
Vertex Networking,"C798J - Dell 8X CD/DVD-RW Slim Drive for OptiPlex 740, 755 SFF, Precision R5400","C798J - Dell 8X CD/DVD-RW Slim Drive for OptiPlex 740, 755 SFF, Precision R5400",https://www.vertexnetworking.co.uk/storage/product_images/6779157c81e9d_Optical-Drives-Gen.webp,$98.00,C798J,https://www.vertexnetworking.co.uk/product/c798j-dell-8x-cd-dvd-rw-slim-drive-for-optiplex-740-755-sff-precision-r5400.html
Vertex Networking,CT333 - Dell Assembly DVD 8x Hlds 9.5mm,CT333 - Dell Assembly DVD 8x Hlds 9.5mm,https://www.vertexnetworking.co.uk/storage/product_images/6779157d048b5_Optical-Drives-Gen.webp,$55.00,CT333,https://www.vertexnetworking.co.uk/product/ct333-dell-assembly-dvd-8x-hlds-9-5mm.html
Vertex Networking,9W341 - Dell Inspiron 8200 CD-RW DVD Drive Side Unit,9W341 - Dell Inspiron 8200 CD-RW DVD Drive Side Unit,https://www.vertexnetworking.co.uk/storage/product_images/6779157be81bc_Optical-Drives-Gen.webp,$175.00,9W341,https://www.vertexnetworking.co.uk/product/9w341-dell-inspiron-8200-cd-rw-dvd-drive-side-unit.html
Vertex Networking,C3080 - Dell 4X DVD+RW,C3080 - Dell 4X DVD+RW,https://www.vertexnetworking.co.uk/storage/product_images/6779157c9f3b9_Optical-Drives-Gen.webp,$65.00,C3080,https://www.vertexnetworking.co.uk/product/c3080-dell-4x-dvd-rw.html
Vertex Networking,C3409 - Dell 24x DVD/CDRW Combo Drive Unit,C3409 - Dell 24x DVD/CDRW Combo Drive Unit,https://www.vertexnetworking.co.uk/storage/product_images/6779157c905cd_Optical-Drives-Gen.webp,$55.00,C3409,https://www.vertexnetworking.co.uk/product/c3409-dell-24x-dvd-cdrw-combo-drive-unit.html
Vertex Networking,Dell - C4566 - 48X32X48X 5.25-Inch Internal IDE CD-RW+DVD Combo Drive,Dell - C4566 - 48X32X48X 5.25-Inch Internal IDE CD-RW+DVD Combo Drive,https://www.vertexnetworking.co.uk/storage/product_images/6779157d12bc7_Optical-Drives-Gen.webp,$122.00,C4566,https://www.vertexnetworking.co.uk/product/c4566-dell-48x32x48x-5-25-inch-internal-ide-cd-rw-dvd-combo-drive.html
Vertex Networking,Dell - CC518 - CD Optical Drive Carrier Assembly,Dell - CC518 - CD Optical Drive Carrier Assembly,https://www.vertexnetworking.co.uk/storage/product_images/6779157c63363_Optical-Drives-Gen.webp,$115.00,CC518,https://www.vertexnetworking.co.uk/product/cc518-dell-assembly-cd-48x-hh-hlds-black.html
Vertex Networking,CR1HC - Dell Vostro 13208x SATA DVD+Rw / CD-RW Dual Layer Burner Drive Module,CR1HC - Dell Vostro 13208x SATA DVD+Rw / CD-RW Dual Layer Burner Drive Module,https://www.vertexnetworking.co.uk/storage/product_images/6779157d206e8_Optical-Drives-Gen.webp,$150.00,CR1HC,https://www.vertexnetworking.co.uk/product/cr1hc-dell-vostro-13208x-sata-dvd-rw-cd-rw-dual-layer-burner-drive-module.html
Vertex Networking,CJ070 - Dell 8X DVD-RW Internal Drive for XPS M1210 Notebook,CJ070 - Dell 8X DVD-RW Internal Drive for XPS M1210 Notebook,https://www.vertexnetworking.co.uk/storage/product_images/6779157c47884_Optical-Drives-Gen.webp,$65.00,CJ070,https://www.vertexnetworking.co.uk/product/cj070-dell-8x-dvd-rw-internal-drive-for-xps-m1210-notebook.html
Vertex Networking,C1294 - Dell 24X CD-RW+DVD Combo Drive,C1294 - Dell 24X CD-RW+DVD Combo Drive,https://www.vertexnetworking.co.uk/storage/product_images/6779157c73e4e_Optical-Drives-Gen.webp,Get a Quote for price,C1294,https://www.vertexnetworking.co.uk/product/c1294-dell-24x-cd-rw-dvd-combo-drive.html
Vertex Networking,CR585 - Dell 16x DVD-RW Drive,CR585 - Dell 16x DVD-RW Drive,https://www.vertexnetworking.co.uk/storage/product_images/6779157da4cb5_Optical-Drives-Gen.webp,$65.00,CR585,https://www.vertexnetworking.co.uk/product/cr585-dell-16x-dvd-rw-drive.html
Vertex Networking,8Y556 - Dell 8X4X32X8 IDE CD-RW/DVD ROM Combo Internal Drive,8Y556 - Dell 8X4X32X8 IDE CD-RW/DVD ROM Combo Internal Drive,https://www.vertexnetworking.co.uk/storage/product_images/6779157b41e96_Optical-Drives-Gen.webp,Get a Quote for price,8Y556,https://www.vertexnetworking.co.uk/product/8y556-dell-8x4x32x8-ide-cd-rw-dvd-rom-combo-internal-drive.html
Vertex Networking,"92JD2 - Dell DVD-RW Assembly,DVD+/-RW,8,SATA,HLDS,1320","92JD2 - Dell DVD-RW Assembly,DVD+/-RW,8,SATA,HLDS,1320",https://www.vertexnetworking.co.uk/storage/product_images/6779157b7a7da_Optical-Drives-Gen.webp,$70.00,92JD2,https://www.vertexnetworking.co.uk/product/92jd2-dell-dvd-rw-assembly-dvd-rw-8-sata-hlds-1320.html
Vertex Networking,9J325 - Dell CD-RW and DVD Drive Side Unit,9J325 - Dell CD-RW and DVD Drive Side Unit,https://www.vertexnetworking.co.uk/storage/product_images/6779157b6c974_Optical-Drives-Gen.webp,Get a Quote for price,9J325,https://www.vertexnetworking.co.uk/product/9j325-dell-cd-rw-and-dvd-drive-side-unit.html
Vertex Networking,9H800 - Dell Inspiron 7500 CD-ROM RW CD Burner,9H800 - Dell Inspiron 7500 CD-ROM RW CD Burner,https://www.vertexnetworking.co.uk/storage/product_images/6779157b88fe2_Optical-Drives-Gen.webp,$118.00,9H800,https://www.vertexnetworking.co.uk/product/9h800-dell-inspiron-7500-cd-rom-rw-cd-burner.html
Vertex Networking,94JY1 - Dell DVD-RW Assembled Silver/Black Bezel for E5400 Series,94JY1 - Dell DVD-RW Assembled Silver/Black Bezel for E5400 Series,https://www.vertexnetworking.co.uk/storage/product_images/6779157b99357_Optical-Drives-Gen.webp,$75.00,94JY1,https://www.vertexnetworking.co.uk/product/94jy1-dell-dvd-rw-assembled-silver-black-bezel-for-e5400-series.html
Vertex Networking,9J332 - Dell 8X CD-RW Drive,9J332 - Dell 8X CD-RW Drive,https://www.vertexnetworking.co.uk/storage/product_images/6779157ba7087_Optical-Drives-Gen.webp,$52.00,9J332,https://www.vertexnetworking.co.uk/product/9j332-dell-8x-cd-rw-drive.html
Vertex Networking,"94WK9 - Dell DVD-RW Assembly,DVD+/-RW,8,SATA,TSST,RED","94WK9 - Dell DVD-RW Assembly,DVD+/-RW,8,SATA,TSST,RED",https://www.vertexnetworking.co.uk/storage/product_images/6779157bbc3d3_Optical-Drives-Gen.webp,$70.00,94WK9,https://www.vertexnetworking.co.uk/product/94wk9-dell-dvd-rw-assembly-dvd-rw-8-sata-tsst-red.html
Vertex Networking,913F4 - Dell 24X SATA DVD-RW Drive,913F4 - Dell 24X SATA DVD-RW Drive,https://www.vertexnetworking.co.uk/storage/product_images/6779157abc71a_Optical-Drives-Gen.webp,$68.00,913F4,https://www.vertexnetworking.co.uk/product/913f4-dell-24x-sata-dvd-rw-drive.html
Vertex Networking,9D172 - Dell 8X DVD-ROM /24X CD-ROM Internal/External DVD-ROM for Latitude C-Series Notebooks,9D172 - Dell 8X DVD-ROM /24X CD-ROM Internal/External DVD-ROM for Latitude C-Series Notebooks,https://www.vertexnetworking.co.uk/storage/product_images/6779157aebe6b_Optical-Drives-Gen.webp,$78.00,9D172,https://www.vertexnetworking.co.uk/product/9d172-dell-8x-dvd-rom-24x-cd-rom-internal-external-dvd-rom-for-latitude-c-series-notebooks.html
Vertex Networking,9U650 - Dell 24X CD-RW/DVD Combo Drive for Inspiron,9U650 - Dell 24X CD-RW/DVD Combo Drive for Inspiron,https://www.vertexnetworking.co.uk/storage/product_images/6779157bd97c5_Optical-Drives-Gen.webp,$75.00,9U650,https://www.vertexnetworking.co.uk/product/9u650-dell-24x-cd-rw-dvd-combo-drive-for-inspiron.html
Vertex Networking,9F443 - Dell Inspiron 8100 CD-ROM RW CD Burner,9F443 - Dell Inspiron 8100 CD-ROM RW CD Burner,https://www.vertexnetworking.co.uk/storage/product_images/6779157aca1dd_Optical-Drives-Gen.webp,$118.00,9F443,https://www.vertexnetworking.co.uk/product/9f443-dell-inspiron-8100-cd-rom-rw-cd-burner.html
Vertex Networking,9J327 - Dell 8X CD-RW Drive for Latitude C Series and Inspiron Series,9J327 - Dell 8X CD-RW Drive for Latitude C Series and Inspiron Series,https://www.vertexnetworking.co.uk/storage/product_images/6779157b33f49_Optical-Drives-Gen.webp,$148.00,9J327,https://www.vertexnetworking.co.uk/product/9j327-dell-8x-cd-rw-drive-for-latitude-c-series-and-inspiron-series.html
Vertex Networking,9J098 - Dell Latitude C610 CD R W DVD Combo,9J098 - Dell Latitude C610 CD R W DVD Combo,https://www.vertexnetworking.co.uk/storage/product_images/6779157b50606_Optical-Drives-Gen.webp,$205.00,9J098,https://www.vertexnetworking.co.uk/product/9j098-dell-latitude-c610-cd-r-w-dvd-combo.html
Vertex Networking,8W76M - Dell 8X SATA DVD-RW Slimline (Black) Drive,8W76M - Dell 8X SATA DVD-RW Slimline (Black) Drive,https://www.vertexnetworking.co.uk/storage/product_images/6779157ad98f5_Optical-Drives-Gen.webp,$115.00,8W76M,https://www.vertexnetworking.co.uk/product/8w76m-dell-8x-sata-dvd-rw-slimline-black-drive.html
Vertex Networking,8Y566 - Dell 48X CD-RW/DVD Drive for Precision,8Y566 - Dell 48X CD-RW/DVD Drive for Precision,https://www.vertexnetworking.co.uk/storage/product_images/6779157b24125_Optical-Drives-Gen.webp,$55.00,8Y566,https://www.vertexnetworking.co.uk/product/8y566-dell-48x-cd-rw-dvd-drive-for-precision.html
Vertex Networking,9K017 - Dell 16X CD-RW for Laptop,9K017 - Dell 16X CD-RW for Laptop,https://www.vertexnetworking.co.uk/storage/product_images/6779157bcae3b_Optical-Drives-Gen.webp,Get a Quote for price,9K017,https://www.vertexnetworking.co.uk/product/9k017-dell-16x-cd-rw-for-laptop.html
Vertex Networking,8U358 - Dell Inspiron 8500 24X CD-RW DVD Unit,8U358 - Dell Inspiron 8500 24X CD-RW DVD Unit,https://www.vertexnetworking.co.uk/storage/product_images/6779157b0544e_Optical-Drives-Gen.webp,$95.00,8U358,https://www.vertexnetworking.co.uk/product/8u358-dell-inspiron-8500-24x-cd-rw-dvd-unit.html
Vertex Networking,C1733 - Dell 24X CD-RW/DVD Combo Drive,C1733 - Dell 24X CD-RW/DVD Combo Drive,https://www.vertexnetworking.co.uk/storage/product_images/6779157c1fa12_Optical-Drives-Gen.webp,$72.00,C1733,https://www.vertexnetworking.co.uk/product/c1733-dell-24x-cd-rw-dvd-combo-drive.html
Vertex Networking,C757D - Dell 16X Half-Height SATA DVD+RW Drive,C757D - Dell 16X Half-Height SATA DVD+RW Drive,https://www.vertexnetworking.co.uk/storage/product_images/6779157c117ba_Optical-Drives-Gen.webp,$150.00,C757D,https://www.vertexnetworking.co.uk/product/c757d-dell-16x-half-height-sata-dvd-rw-drive.html
Vertex Networking,91JMG - Dell Bzl CD-RW Kme Sfx Gray L2,91JMG - Dell Bzl CD-RW Kme Sfx Gray L2,https://www.vertexnetworking.co.uk/storage/product_images/6779157b5e6d8_Optical-Drives-Gen.webp,$52.00,91JMG,https://www.vertexnetworking.co.uk/product/91jmg-dell-bzl-cd-rw-kme-sfx-gray-l2.html
Vertex Networking,8F947 - Dell CDRW/DVD ROM Laptop,8F947 - Dell CDRW/DVD ROM Laptop,https://www.vertexnetworking.co.uk/storage/product_images/67791579d4b1f_Optical-Drives-Gen.webp,$65.00,8F947,https://www.vertexnetworking.co.uk/product/8f947-dell-cdrw-dvd-rom-laptop.html
Vertex Networking,29WYD - Dell 8X/4X/24X Slim Line CD-RW (Black),29WYD - Dell 8X/4X/24X Slim Line CD-RW (Black),https://www.vertexnetworking.co.uk/storage/product_images/677915798ff4b_Optical-Drives-Gen.webp,$62.00,29WYD,https://www.vertexnetworking.co.uk/product/29wyd-dell-8x-4x-24x-slim-line-cd-rw-black.html
Vertex Networking,8F359 - Dell Inspiron 8000 CD-ROM RW CD Burner,8F359 - Dell Inspiron 8000 CD-ROM RW CD Burner,https://www.vertexnetworking.co.uk/storage/product_images/67791579b8cc3_Optical-Drives-Gen.webp,$118.00,8F359,https://www.vertexnetworking.co.uk/product/8f359-dell-inspiron-8000-cd-rom-rw-cd-burner.html
Vertex Networking,8N123 - Dell 24X CD-ROM Unit CD-RW Unit,8N123 - Dell 24X CD-ROM Unit CD-RW Unit,https://www.vertexnetworking.co.uk/storage/product_images/6779157a2d725_Optical-Drives-Gen.webp,$62.00,8N123,https://www.vertexnetworking.co.uk/product/8n123-dell-24x-cd-rom-unit-cd-rw-unit.html
Vertex Networking,5C056 - Dell CD-RW/DVD-ROM Disk Drive,5C056 - Dell CD-RW/DVD-ROM Disk Drive,https://www.vertexnetworking.co.uk/storage/product_images/6779157a55a55_Optical-Drives-Gen.webp,Get a Quote for price,5C056,https://www.vertexnetworking.co.uk/product/5c056-dell-cd-rw-dvd-rom-disk-drive.html
Vertex Networking,8R990 - Dell 24X/10X/24X CD-RW and 8X DVD-ROM Internal Combo Drive for Inspiron 4100/4150/8200,8R990 - Dell 24X/10X/24X CD-RW and 8X DVD-ROM Internal Combo Drive for Inspiron 4100/4150/8200,https://www.vertexnetworking.co.uk/storage/product_images/6779157aa0a6b_Optical-Drives-Gen.webp,$65.00,8R990,https://www.vertexnetworking.co.uk/product/8r990-dell-24x-10x-24x-cd-rw-and-8x-dvd-rom-internal-combo-drive-for-inspiron-4100-4150-8200.html
Vertex Networking,8K483 - Dell 8X8X8X24X DVD/CD-RW Combo Drive for Latitude Series,8K483 - Dell 8X8X8X24X DVD/CD-RW Combo Drive for Latitude Series,https://www.vertexnetworking.co.uk/storage/product_images/6779157a484b7_Optical-Drives-Gen.webp,$65.00,8K483,https://www.vertexnetworking.co.uk/product/8k483-dell-8x8x8x24x-dvd-cd-rw-combo-drive-for-latitude-series.html
Vertex Networking,5C476 - Dell 8X4X24X CD-RW IDE Slim Drive,5C476 - Dell 8X4X24X CD-RW IDE Slim Drive,https://www.vertexnetworking.co.uk/storage/product_images/6779157a3ac70_Optical-Drives-Gen.webp,$55.00,5C476,https://www.vertexnetworking.co.uk/product/5c476-dell-8x4x24x-cd-rw-ide-slim-drive.html
Vertex Networking,5C573 - Dell Inspiron 2100 8X CD-RW and CD-ROM Unit,5C573 - Dell Inspiron 2100 8X CD-RW and CD-ROM Unit,https://www.vertexnetworking.co.uk/storage/product_images/67791579c6c72_Optical-Drives-Gen.webp,$195.00,5C573,https://www.vertexnetworking.co.uk/product/5c573-dell-inspiron-2100-8x-cd-rw-and-cd-rom-unit.html
Vertex Networking,8P708 - Dell 8X4X24 IDE CD-RW ROM Drive for Inspiron/Latitude Series,8P708 - Dell 8X4X24 IDE CD-RW ROM Drive for Inspiron/Latitude Series,https://www.vertexnetworking.co.uk/storage/product_images/6779157a84231_Optical-Drives-Gen.webp,$105.00,8P708,https://www.vertexnetworking.co.uk/product/8p708-dell-8x4x24-ide-cd-rw-rom-drive-for-inspiron-latitude-series.html
Vertex Networking,5G219 - Dell 8X4X24 CD-RW Drive for Latitude C800,5G219 - Dell 8X4X24 CD-RW Drive for Latitude C800,https://www.vertexnetworking.co.uk/storage/product_images/67791579ab292_Optical-Drives-Gen.webp,$52.00,5G219,https://www.vertexnetworking.co.uk/product/5g219-dell-8x4x24-cd-rw-drive-for-latitude-c800.html
Vertex Networking,8J509 - Dell 16X CD-ROM Unit & CD-RW Unit Side Unit,8J509 - Dell 16X CD-ROM Unit & CD-RW Unit Side Unit,https://www.vertexnetworking.co.uk/storage/product_images/6779157a63963_Optical-Drives-Gen.webp,Get a Quote for price,8J509,https://www.vertexnetworking.co.uk/product/8j509-dell-16x-cd-rom-unit-cd-rw-unit-side-unit.html
Vertex Networking,21HHW - Dell 8X IDE 5.25-inch CD-RW Drive,21HHW - Dell 8X IDE 5.25-inch CD-RW Drive,https://www.vertexnetworking.co.uk/storage/product_images/6779157982406_Optical-Drives-Gen.webp,$95.00,21HHW,https://www.vertexnetworking.co.uk/product/21hhw-dell-8x-ide-5-25-inch-cd-rw-drive.html
Vertex Networking,9605U - Dell 6X DVD Module,9605U - Dell 6X DVD Module,https://www.vertexnetworking.co.uk/storage/product_images/6779157aae580_Optical-Drives-Gen.webp,$115.00,9605U,https://www.vertexnetworking.co.uk/product/9605u-dell-6x-dvd-module.html
Vertex Networking,5J760 - Dell 24X CD-ROM RW CD Burner,5J760 - Dell 24X CD-ROM RW CD Burner,https://www.vertexnetworking.co.uk/storage/product_images/6779157a737ee_Optical-Drives-Gen.webp,Get a Quote for price,5J760,https://www.vertexnetworking.co.uk/product/5j760-dell-24x-cd-rom-rw-cd-burner.html
Vertex Networking,6D738 - Dell 20/48x CD-ROM Drive,6D738 - Dell 20/48x CD-ROM Drive,https://www.vertexnetworking.co.uk/storage/product_images/6779157a92c35_Optical-Drives-Gen.webp,$52.00,6D738,https://www.vertexnetworking.co.uk/product/6d738-dell-20-48x-cd-rom-drive.html
Vertex Networking,8H1N5 - Dell 8x USB Ext. DVD+/-RW Drive Black,8H1N5 - Dell 8x USB Ext. DVD+/-RW Drive Black,https://www.vertexnetworking.co.uk/storage/product_images/677915799d866_Optical-Drives-Gen.webp,$48.00,8H1N5,https://www.vertexnetworking.co.uk/product/8h1n5-dell-8x-usb-ext-dvd-rw-drive-black.html
Vertex Networking,5C672 - Dell 6X IDE CD-RW/DVD Combo Drive,5C672 - Dell 6X IDE CD-RW/DVD Combo Drive,https://www.vertexnetworking.co.uk/storage/product_images/6779157a1e51c_5C672.webp,$110.00,5C672,https://www.vertexnetworking.co.uk/product/5c672-dell-6x-ide-cd-rw-dvd-combo-drive.html
Vertex Networking,8F358 - Dell 8X CD-RW CD-ROM Unit Side Unit,8F358 - Dell 8X CD-RW CD-ROM Unit Side Unit,https://www.vertexnetworking.co.uk/storage/product_images/6779157973517_Optical-Drives-Gen.webp,$155.00,8F358,https://www.vertexnetworking.co.uk/product/8f358-dell-8x-cd-rw-cd-rom-unit-side-unit.html
Vertex Networking,9D532 - Dell 12X10X32 IDE CD-RW Drive,9D532 - Dell 12X10X32 IDE CD-RW Drive,https://www.vertexnetworking.co.uk/storage/product_images/6779157b13024_Optical-Drives-Gen.webp,$118.00,9D532,https://www.vertexnetworking.co.uk/product/9d532-dell-12x10x32-ide-cd-rw-drive.html
Vertex Networking,6K289 - Dell 16X CDRW/DVD Combo C-Module,6K289 - Dell 16X CDRW/DVD Combo C-Module,https://www.vertexnetworking.co.uk/storage/product_images/67791578e6b4f_Optical-Drives-Gen.webp,$65.00,6K289,https://www.vertexnetworking.co.uk/product/6k289-dell-16x-cdrw-dvd-combo-c-module.html
Vertex Networking,6J811 - Dell CD-RW 24x 10x 40xBk 680m,6J811 - Dell CD-RW 24x 10x 40xBk 680m,https://www.vertexnetworking.co.uk/storage/product_images/67791578916ea_Optical-Drives-Gen.webp,$48.00,6J811,https://www.vertexnetworking.co.uk/product/6j811-dell-cd-rw-24x-10x-40xbk-680m.html
Vertex Networking,6KMM2 - Dell 16X DVD-RW Drive for OptiPlex 780 DT/ 780 MT/ 780 SFF Desktops,6KMM2 - Dell 16X DVD-RW Drive for OptiPlex 780 DT/ 780 MT/ 780 SFF Desktops,https://www.vertexnetworking.co.uk/storage/product_images/677915791c4e2_Optical-Drives-Gen.webp,$70.00,6KMM2,https://www.vertexnetworking.co.uk/product/6kmm2-dell-16x-dvd-rw-drive-for-optiplex-780-dt-780-mt-780-sff-desktops.html
Vertex Networking,"8DC55 - Dell 8X DVD+/-RW SATA Drive for Latitude E6400, 6410, 6500, 6510","8DC55 - Dell 8X DVD+/-RW SATA Drive for Latitude E6400, 6410, 6500, 6510",https://www.vertexnetworking.co.uk/storage/product_images/6779157957a8d_Optical-Drives-Gen.webp,$112.00,8DC55,https://www.vertexnetworking.co.uk/product/8dc55-dell-8x-dvd-rw-sata-drive-for-latitude-e6400-6410-6500-6510.html
Vertex Networking,6F857 - Dell 8X CD-RW and CD-ROM Unit,6F857 - Dell 8X CD-RW and CD-ROM Unit,https://www.vertexnetworking.co.uk/storage/product_images/67791578bb7d2_Optical-Drives-Gen.webp,$170.00,6F857,https://www.vertexnetworking.co.uk/product/6f857-dell-8x-cd-rw-and-cd-rom-unit.html
Vertex Networking,6J572 - Dell 8X CD-RW Drive,6J572 - Dell 8X CD-RW Drive,https://www.vertexnetworking.co.uk/storage/product_images/67791578addaa_Optical-Drives-Gen.webp,$48.00,6J572,https://www.vertexnetworking.co.uk/product/6j572-dell-8x-cd-rw-drive.html
Vertex Networking,21WYK - Dell 8X SATA Slim Line DVD-RW Drive,21WYK - Dell 8X SATA Slim Line DVD-RW Drive,https://www.vertexnetworking.co.uk/storage/product_images/67791579650fe_Optical-Drives-Gen.webp,$125.00,21WYK,https://www.vertexnetworking.co.uk/product/21wyk-dell-8x-sata-slim-line-dvd-rw-drive.html
Vertex Networking,8H219 - Dell Inspiron 2600 CD-R W/ DVD Combo,8H219 - Dell Inspiron 2600 CD-R W/ DVD Combo,https://www.vertexnetworking.co.uk/storage/product_images/677915793bb4f_Optical-Drives-Gen.webp,$195.00,8H219,https://www.vertexnetworking.co.uk/product/8h219-dell-inspiron-2600-cd-r-w-dvd-combo.html
Vertex Networking,1F569 - Dell 8X/4X/24X CD-RW Drive,1F569 - Dell 8X/4X/24X CD-RW Drive,https://www.vertexnetworking.co.uk/storage/product_images/677915789f468_Optical-Drives-Gen.webp,$60.00,1F569,https://www.vertexnetworking.co.uk/product/1f569-dell-8x-4x-24x-cd-rw-drive.html
Vertex Networking,6J545 - Dell DVD/CD-RW Combo Drive for Inspiron,6J545 - Dell DVD/CD-RW Combo Drive for Inspiron,https://www.vertexnetworking.co.uk/storage/product_images/6779157900820_Optical-Drives-Gen.webp,$65.00,6J545,https://www.vertexnetworking.co.uk/product/6j545-dell-dvd-cd-rw-combo-drive-for-inspiron.html
Vertex Networking,2D889 - Dell 6X CD-RW/DVD for Inspiron,2D889 - Dell 6X CD-RW/DVD for Inspiron,https://www.vertexnetworking.co.uk/storage/product_images/6779157858a24_Optical-Drives-Gen.webp,$65.00,2D889,https://www.vertexnetworking.co.uk/product/2d889-dell-6x-cd-rw-dvd-for-inspiron.html
Vertex Networking,6F865 - Dell 12X DVD Drive CD-RW Unit,6F865 - Dell 12X DVD Drive CD-RW Unit,https://www.vertexnetworking.co.uk/storage/product_images/67791578d8a44_Optical-Drives-Gen.webp,$215.00,6F865,https://www.vertexnetworking.co.uk/product/6f865-dell-12x-dvd-drive-cd-rw-unit.html
Vertex Networking,211055-B21 - HP / Compaq 16X/40X Speed DVD-ROM for Deskpro EX Desktop,211055-B21 - HP / Compaq 16X/40X Speed DVD-ROM for Deskpro EX Desktop,https://www.vertexnetworking.co.uk/storage/product_images/677915794998b_Optical-Drives-Gen.webp,$155.00,211055-B21,https://www.vertexnetworking.co.uk/product/211055-b21-hp-compaq-16x-40x-speed-dvd-rom-for-deskpro-ex-desktop.html
Vertex Networking,2N416 - Dell Inspiron 2600 8X CD-ROM RW CD Burner,2N416 - Dell Inspiron 2600 8X CD-ROM RW CD Burner,https://www.vertexnetworking.co.uk/storage/product_images/6779157875b4c_Optical-Drives-Gen.webp,$118.00,2N416,https://www.vertexnetworking.co.uk/product/2n416-dell-inspiron-2600-8x-cd-rom-rw-cd-burner.html
Vertex Networking,1C180 - Dell 24X CD-RW/DVD ROM Drive,1C180 - Dell 24X CD-RW/DVD ROM Drive,https://www.vertexnetworking.co.uk/storage/product_images/677915780dd28_Optical-Drives-Gen.webp,$160.00,1C180,https://www.vertexnetworking.co.uk/product/1c180-dell-24x-cd-rw-dvd-rom-drive.html
Vertex Networking,1F651 - Dell Latitude C840 CD-ROM RW CD Burner Bezel,1F651 - Dell Latitude C840 CD-ROM RW CD Burner Bezel,https://www.vertexnetworking.co.uk/storage/product_images/67791578664b2_Optical-Drives-Gen.webp,$118.00,1F651,https://www.vertexnetworking.co.uk/product/1f651-dell-latitude-c840-cd-rom-rw-cd-burner-bezel.html
Vertex Networking,A5557A - HP DVD-ROM Device for rp54X0 Server,A5557A - HP DVD-ROM Device for rp54X0 Server,https://www.vertexnetworking.co.uk/storage/product_images/677915790e010_Optical-Drives-Gen.webp,$122.00,A5557A,https://www.vertexnetworking.co.uk/product/a5557a-hp-dvd-rom-device-for-rp54x0-server.html
Vertex Networking,175326-001 - HP 8x Speed DVD-ROM Drive DVD-ROM Drive,175326-001 - HP 8x Speed DVD-ROM Drive DVD-ROM Drive,https://www.vertexnetworking.co.uk/storage/product_images/677915792c735_Optical-Drives-Gen.webp,$95.00,175326-001,https://www.vertexnetworking.co.uk/product/175326-001-hp-8x-speed-dvd-rom-drive-dvd-rom-drive.html
Vertex Networking,1D51J - Dell 8X SATA DVD-RW Drive for Studio XPS 1640/1645/1647,1D51J - Dell 8X SATA DVD-RW Drive for Studio XPS 1640/1645/1647,https://www.vertexnetworking.co.uk/storage/product_images/6779157883e18_Optical-Drives-Gen.webp,$60.00,1D51J,https://www.vertexnetworking.co.uk/product/1d51j-dell-8x-sata-dvd-rw-drive-for-studio-xps-1640-1645-1647.html
Vertex Networking,6M455 - Dell DVD/CD-RW Combo Drive for Inspiron,6M455 - Dell DVD/CD-RW Combo Drive for Inspiron,https://www.vertexnetworking.co.uk/storage/product_images/67791578c9e4c_Optical-Drives-Gen.webp,$65.00,6M455,https://www.vertexnetworking.co.uk/product/6m455-dell-dvd-cd-rw-combo-drive-for-inspiron.html
Vertex Networking,2C131 - Dell 4X/24C CD-RW/DVD Combo Drive for Inspiron 8100,2C131 - Dell 4X/24C CD-RW/DVD Combo Drive for Inspiron 8100,https://www.vertexnetworking.co.uk/storage/product_images/67791578383cc_Optical-Drives-Gen.webp,$125.00,2C131,https://www.vertexnetworking.co.uk/product/2c131-dell-4x-24c-cd-rw-dvd-combo-drive-for-inspiron-8100.html
Vertex Networking,2M342 - Dell 16X IDE 5.25-inch CD-RW Drive Midnight Gray,2M342 - Dell 16X IDE 5.25-inch CD-RW Drive Midnight Gray,https://www.vertexnetworking.co.uk/storage/product_images/677915781cb1a_Optical-Drives-Gen.webp,$52.00,2M342,https://www.vertexnetworking.co.uk/product/2m342-dell-16x-ide-5-25-inch-cd-rw-drive-midnight-gray.html
Vertex Networking,1K936 - Dell 8X16X10X24X CD-RW/DVD Combo Drive,1K936 - Dell 8X16X10X24X CD-RW/DVD Combo Drive,https://www.vertexnetworking.co.uk/storage/product_images/6779157761be9_Optical-Drives-Gen.webp,$60.00,1K936,https://www.vertexnetworking.co.uk/product/1k936-dell-8x16x10x24x-cd-rw-dvd-combo-drive.html
Vertex Networking,1G055 - Dell 24X CD-RW/DVD Combo Drive for Inspiron,1G055 - Dell 24X CD-RW/DVD Combo Drive for Inspiron,https://www.vertexnetworking.co.uk/storage/product_images/6779157715d1f_Optical-Drives-Gen.webp,$65.00,1G055,https://www.vertexnetworking.co.uk/product/1g055-dell-24x-cd-rw-dvd-combo-drive-for-inspiron.html
Vertex Networking,2F939 - Dell 24X IDE CD-RW Drive,2F939 - Dell 24X IDE CD-RW Drive,https://www.vertexnetworking.co.uk/storage/product_images/67791577d58c3_Optical-Drives-Gen.webp,$145.00,2F939,https://www.vertexnetworking.co.uk/product/2f939-dell-24x-ide-cd-rw-drive.html
Vertex Networking,1G487 - Dell 6X DVD/CD-RW Combo Drive for Inspiron,1G487 - Dell 6X DVD/CD-RW Combo Drive for Inspiron,https://www.vertexnetworking.co.uk/storage/product_images/6779157743967_Optical-Drives-Gen.webp,$65.00,1G487,https://www.vertexnetworking.co.uk/product/1g487-dell-6x-dvd-cd-rw-combo-drive-for-inspiron.html
Vertex Networking,17DCF - Dell CD-RW 680m I F5 12x Sony,17DCF - Dell CD-RW 680m I F5 12x Sony,https://www.vertexnetworking.co.uk/storage/product_images/677915782a598_Optical-Drives-Gen.webp,$100.00,17DCF,https://www.vertexnetworking.co.uk/product/17dcf-dell-cd-rw-680m-i-f5-12x-sony.html
Vertex Networking,63VWD - Dell Optical Device Drive DVD+/-rw,63VWD - Dell Optical Device Drive DVD+/-rw,https://www.vertexnetworking.co.uk/storage/product_images/677915779d638_Optical-Drives-Gen.webp,$105.00,63VWD,https://www.vertexnetworking.co.uk/product/63vwd-dell-optical-device-drive-dvd-rw.html
Vertex Networking,1G847 - Dell 12X DVD Drive and CD-RW Unit Side Unit,1G847 - Dell 12X DVD Drive and CD-RW Unit Side Unit,https://www.vertexnetworking.co.uk/storage/product_images/6779157781dc6_Optical-Drives-Gen.webp,$112.00,1G847,https://www.vertexnetworking.co.uk/product/1g847-dell-12x-dvd-drive-and-cd-rw-unit-side-unit.html
Vertex Networking,2J169 - Dell 6X Internal CD-RW+DVD Combo Drive,2J169 - Dell 6X Internal CD-RW+DVD Combo Drive,https://www.vertexnetworking.co.uk/storage/product_images/67791577f3dd0_Optical-Drives-Gen.webp,$85.00,2J169,https://www.vertexnetworking.co.uk/product/2j169-dell-6x-internal-cd-rw-dvd-combo-drive.html
Vertex Networking,6R097 - Dell 24X CD-RW Drive,6R097 - Dell 24X CD-RW Drive,https://www.vertexnetworking.co.uk/storage/product_images/6779157707fa4_Optical-Drives-Gen.webp,$145.00,6R097,https://www.vertexnetworking.co.uk/product/6r097-dell-24x-cd-rw-drive.html
Vertex Networking,6T964 - Dell DrCD-RW-dell-sidebay-or Reassembled CD-RW Side Bay Fixed Bay,6T964 - Dell DrCD-RW-dell-sidebay-or Reassembled CD-RW Side Bay Fixed Bay,https://www.vertexnetworking.co.uk/storage/product_images/6779157723940_Optical-Drives-Gen.webp,$58.00,6T964,https://www.vertexnetworking.co.uk/product/6t964-dell-drcd-rw-dell-sidebay-or-reassembled-cd-rw-side-bay-fixed-bay.html
Vertex Networking,5R304 - Dell DVD/Cd-RW Drive Face Plate (Bezel),5R304 - Dell DVD/Cd-RW Drive Face Plate (Bezel),https://www.vertexnetworking.co.uk/storage/product_images/67791577c7a17_Optical-Drives-Gen.webp,$82.00,5R304,https://www.vertexnetworking.co.uk/product/5r304-dell-dvd-cd-rw-drive-face-plate-bezel.html
Vertex Networking,5Y222 - Dell 24X CD-RW/DVD Combo Drive,5Y222 - Dell 24X CD-RW/DVD Combo Drive,https://www.vertexnetworking.co.uk/storage/product_images/67791577b973c_Optical-Drives-Gen.webp,Get a Quote for price,5Y222,https://www.vertexnetworking.co.uk/product/5y222-dell-24x-cd-rw-dvd-combo-drive.html
Vertex Networking,6WFGH - Dell 16X DVD+/-RW SATA Half-Height Drive for XPS Desktops / OptiPlex / Precision WorkStations,6WFGH - Dell 16X DVD+/-RW SATA Half-Height Drive for XPS Desktops / OptiPlex / Precision WorkStations,https://www.vertexnetworking.co.uk/storage/product_images/677915776fbd6_Optical-Drives-Gen.webp,$70.00,6WFGH,https://www.vertexnetworking.co.uk/product/6wfgh-dell-16x-dvd-rw-sata-half-height-drive-for-xps-desktops-optiplex-precision-workstations.html
Vertex Networking,18KWY - Dell DVD+/-RW SATA INTERNAL for PowerEdge R510/ R610/ R710 Server,18KWY - Dell DVD+/-RW SATA INTERNAL for PowerEdge R510/ R610/ R710 Server,https://www.vertexnetworking.co.uk/storage/product_images/67791577e4076_Optical-Drives-Gen.webp,$70.00,18KWY,https://www.vertexnetworking.co.uk/product/18kwy-dell-dvd-rw-sata-internal-for-poweredge-r510-r610-r710-server.html
Vertex Networking,Dell - 6U937 - 24X CD-ROM Unit CD-RW Unit External Unit,Dell - 6U937 - 24X CD-ROM Unit CD-RW Unit External Unit,https://www.vertexnetworking.co.uk/storage/product_images/67791577533df_Optical-Drives-Gen.webp,$150.00,6U937,https://www.vertexnetworking.co.uk/product/6u937-dell-24x-cd-rom-unit-cd-rw-unit-external-unit.html
Vertex Networking,5J249 - Dell 24X IDE 5.25-inch CD-RW Drive (Midnight Gray),5J249 - Dell 24X IDE 5.25-inch CD-RW Drive (Midnight Gray),https://www.vertexnetworking.co.uk/storage/product_images/67791577abd68_Optical-Drives-Gen.webp,$145.00,5J249,https://www.vertexnetworking.co.uk/product/5j249-dell-24x-ide-5-25-inch-cd-rw-drive-midnight-gray.html
Vertex Networking,5K614 - Dell 16X CD-RW/DVD ROM Combo Drive for Laptop,5K614 - Dell 16X CD-RW/DVD ROM Combo Drive for Laptop,https://www.vertexnetworking.co.uk/storage/product_images/677915778fb66_Optical-Drives-Gen.webp,$62.00,5K614,https://www.vertexnetworking.co.uk/product/5k614-dell-16x-cd-rw-dvd-rom-combo-drive-for-laptop.html
Vertex Networking,19FEM - Dell 12X8X32X CD-RW Drive for OptiPlex (White),19FEM - Dell 12X8X32X CD-RW Drive for OptiPlex (White),https://www.vertexnetworking.co.uk/storage/product_images/677915784ade9_Optical-Drives-Gen.webp,$138.00,19FEM,https://www.vertexnetworking.co.uk/product/19fem-dell-12x8x32x-cd-rw-drive-for-optiplex-white-.html
Vertex Networking,7K888 - Dell 8X CD-RW Drive,7K888 - Dell 8X CD-RW Drive,https://www.vertexnetworking.co.uk/storage/product_images/67791576d298e_Optical-Drives-Gen.webp,$128.00,7K888,https://www.vertexnetworking.co.uk/product/7k888-dell-8x-cd-rw-drive.html
Vertex Networking,563YW - Dell 8X/4X/24X CD-RW Drive for Inspiron,563YW - Dell 8X/4X/24X CD-RW Drive for Inspiron,https://www.vertexnetworking.co.uk/storage/product_images/677915768becb_Optical-Drives-Gen.webp,$90.00,563YW,https://www.vertexnetworking.co.uk/product/563yw-dell-8x-4x-24x-cd-rw-drive-for-inspiron.html
Vertex Networking,4U581 - Dell CD-RW Slimline Black,4U581 - Dell CD-RW Slimline Black,https://www.vertexnetworking.co.uk/storage/product_images/677915763800e_Optical-Drives-Gen.webp,$52.00,4U581,https://www.vertexnetworking.co.uk/product/4u581-dell-cd-rw-slimline-black.html
Vertex Networking,77CUJ - Dell Inspiron 5000E 8X CD-RW CD-ROM Unit,77CUJ - Dell Inspiron 5000E 8X CD-RW CD-ROM Unit,https://www.vertexnetworking.co.uk/storage/product_images/677915767d903_Optical-Drives-Gen.webp,$52.00,77CUJ,https://www.vertexnetworking.co.uk/product/77cuj-dell-inspiron-5000e-8x-cd-rw-cd-rom-unit.html
Vertex Networking,6R177 - Dell 24X CD-RW/DVD Combo Drive for Inspiron,6R177 - Dell 24X CD-RW/DVD Combo Drive for Inspiron,https://www.vertexnetworking.co.uk/storage/product_images/67791576c475c_Optical-Drives-Gen.webp,$65.00,6R177,https://www.vertexnetworking.co.uk/product/6r177-dell-24x-cd-rw-dvd-combo-drive-for-inspiron.html
Vertex Networking,7H491 - Dell Inspiron 2600 CD-RW/ DVD Drive,7H491 - Dell Inspiron 2600 CD-RW/ DVD Drive,https://www.vertexnetworking.co.uk/storage/product_images/67791576b6881_Optical-Drives-Gen.webp,$175.00,7H491,https://www.vertexnetworking.co.uk/product/7h491-dell-inspiron-2600-cd-rw-dvd-drive.html
Vertex Networking,7H921 - Dell 8X Internal CD-RW Drive,7H921 - Dell 8X Internal CD-RW Drive,https://www.vertexnetworking.co.uk/storage/product_images/67791575d5ba3_Optical-Drives-Gen.webp,$128.00,7H921,https://www.vertexnetworking.co.uk/product/7h921-dell-8x-internal-cd-rw-drive.html
Vertex Networking,7C039 - Dell 6X CDRW/DVD Combo C-Module,7C039 - Dell 6X CDRW/DVD Combo C-Module,https://www.vertexnetworking.co.uk/storage/product_images/67791576461a1_Optical-Drives-Gen.webp,$65.00,7C039,https://www.vertexnetworking.co.uk/product/7c039-dell-6x-cdrw-dvd-combo-c-module.html
Vertex Networking,4U599 - Dell DrCD-RW-dell-sidebay-or Reassembled CD-RW Side Bay Fixed Bay,4U599 - Dell DrCD-RW-dell-sidebay-or Reassembled CD-RW Side Bay Fixed Bay,https://www.vertexnetworking.co.uk/storage/product_images/6779157654872_Optical-Drives-Gen.webp,$58.00,4U599,https://www.vertexnetworking.co.uk/product/4u599-dell-drcd-rw-dell-sidebay-or-reassembled-cd-rw-side-bay-fixed-bay.html
Vertex Networking,1E618 - Dell Precision WorkStation 530 16X CD-ROM RW CD Burner,1E618 - Dell Precision WorkStation 530 16X CD-ROM RW CD Burner,https://www.vertexnetworking.co.uk/storage/product_images/67791576ee604_Optical-Drives-Gen.webp,Get a Quote for price,1E618,https://www.vertexnetworking.co.uk/product/1e618-dell-precision-workstation-530-16x-cd-rom-rw-cd-burner.html
Vertex Networking,4W017 - Dell Nd-1100a 4x DVD +rw 4.7 4x DVD+r 01 V2,4W017 - Dell Nd-1100a 4x DVD +rw 4.7 4x DVD+r 01 V2,https://www.vertexnetworking.co.uk/storage/product_images/677915761b516_Optical-Drives-Gen.webp,$82.00,4W017,https://www.vertexnetworking.co.uk/product/4w017-dell-nd-1100a-4x-dvd-rw-4-7-4x-dvd-r-01-v2.html
Vertex Networking,"73JYN - Dell DVD-RW Assembled Silver Bezel for Vostro 3400, 3500, 3700","73JYN - Dell DVD-RW Assembled Silver Bezel for Vostro 3400, 3500, 3700",https://www.vertexnetworking.co.uk/storage/product_images/67791576296a4_Optical-Drives-Gen.webp,$75.00,73JYN,https://www.vertexnetworking.co.uk/product/73jyn-dell-dvd-rw-assembled-silver-bezel-for-vostro-3400-3500-3700.html
Vertex Networking,6U247 - Dell 24X CD-RW/DVD Combo Drive,6U247 - Dell 24X CD-RW/DVD Combo Drive,https://www.vertexnetworking.co.uk/storage/product_images/67791575e4d2b_Optical-Drives-Gen.webp,$82.00,6U247,https://www.vertexnetworking.co.uk/product/6u247-dell-24x-cd-rw-dvd-combo-drive.html
Vertex Networking,7C285 - Dell 8X CD-RW C-Module,7C285 - Dell 8X CD-RW C-Module,https://www.vertexnetworking.co.uk/storage/product_images/6779157699126_Optical-Drives-Gen.webp,$65.00,7C285,https://www.vertexnetworking.co.uk/product/7c285-dell-8x-cd-rw-c-module.html
Vertex Networking,563CD - Dell Assembly Rackcma,563CD - Dell Assembly Rackcma,https://www.vertexnetworking.co.uk/storage/product_images/6779157670600_Optical-Drives-Gen.webp,$130.00,563CD,https://www.vertexnetworking.co.uk/product/563cd-dell-assembly-rackcma.html
Vertex Networking,785EE - Dell 8X CD-RW and CD-ROM Unit,785EE - Dell 8X CD-RW and CD-ROM Unit,https://www.vertexnetworking.co.uk/storage/product_images/6779157661fef_Optical-Drives-Gen.webp,$268.00,785EE,https://www.vertexnetworking.co.uk/product/785ee-dell-8x-cd-rw-and-cd-rom-unit.html
Vertex Networking,6U569 - Dell CD-RW DVD Drive,6U569 - Dell CD-RW DVD Drive,https://www.vertexnetworking.co.uk/storage/product_images/677915760d584_Optical-Drives-Gen.webp,$165.00,6U569,https://www.vertexnetworking.co.uk/product/6u569-dell-cd-rw-dvd-drive.html
Vertex Networking,6U244 - Dell Inspiron 4150 24X CD-RW DVD Unit,6U244 - Dell Inspiron 4150 24X CD-RW DVD Unit,https://www.vertexnetworking.co.uk/storage/product_images/67791576e071f_Optical-Drives-Gen.webp,$65.00,6U244,https://www.vertexnetworking.co.uk/product/6u244-dell-inspiron-4150-24x-cd-rw-dvd-unit.html
Vertex Networking,6PY4N - Dell 8x SATA Slim DVD+/-RW Drive,6PY4N - Dell 8x SATA Slim DVD+/-RW Drive Product Condition: Refurbished,https://www.vertexnetworking.co.uk/storage/product_images/67791576a6af7_Optical-Drives-Gen.webp,$80.00,6PY4N,https://www.vertexnetworking.co.uk/product/6py4n-dell-8x-sata-slim-dvd-rw-drive.html
Vertex Networking,4X204 - Dell 32X IDE 5.25-inch Form Factor CD-RW+DVD-ROM Combo Drive (Midnight Gray),4X204 - Dell 32X IDE 5.25-inch Form Factor CD-RW+DVD-ROM Combo Drive (Midnight Gray),https://www.vertexnetworking.co.uk/storage/product_images/67791575f3912_Optical-Drives-Gen.webp,$62.00,4X204,https://www.vertexnetworking.co.uk/product/4x204-dell-32x-ide-5-25-inch-form-factor-cd-rw-dvd-rom-combo-drive-midnight-gray.html
Vertex Networking,7G124 - Dell Latitude C610 CD-RW DVD Drive,7G124 - Dell Latitude C610 CD-RW DVD Drive,https://www.vertexnetworking.co.uk/storage/product_images/677915758f573_Optical-Drives-Gen.webp,$85.00,7G124,https://www.vertexnetworking.co.uk/product/7g124-dell-latitude-c610-cd-rw-dvd-drive.html
Vertex Networking,7G067 - Dell 8X CD-RW and CD-ROM Unit,7G067 - Dell 8X CD-RW and CD-ROM Unit,https://www.vertexnetworking.co.uk/storage/product_images/677915756e6a4_Optical-Drives-Gen.webp,$52.00,7G067,https://www.vertexnetworking.co.uk/product/7g067-dell-8x-cd-rw-and-cd-rom-unit.html
Vertex Networking,Dell - 3TD2H - BD-ROM Super Multi DVDÃ‚Â±RW SATA Optical Drive for Xps 8100,Dell - 3TD2H - BD-ROM Super Multi DVDÃ‚Â±RW SATA Optical Drive for Xps 8100,https://www.vertexnetworking.co.uk/storage/product_images/67791574dd370_Optical-Drives-Gen.webp,$198.00,3TD2H,https://www.vertexnetworking.co.uk/product/3td2h-dell-xps-8100-bluray-dvd-rw.html
Vertex Networking,84UHK - Dell 8X CD-RW Drive,84UHK - Dell 8X CD-RW Drive,https://www.vertexnetworking.co.uk/storage/product_images/6779157513427_Optical-Drives-Gen.webp,$128.00,84UHK,https://www.vertexnetworking.co.uk/product/84uhk-dell-8x-cd-rw-drive.html
Vertex Networking,"7P746 - Dell 24x10x24x Internal IDE CD-RW Drive for Latitude C Series, Inspiron 4000, 4100, 4150","7P746 - Dell 24x10x24x Internal IDE CD-RW Drive for Latitude C Series, Inspiron 4000, 4100, 4150",https://www.vertexnetworking.co.uk/storage/product_images/6779157542cb6_Optical-Drives-Gen.webp,$55.00,7P746,https://www.vertexnetworking.co.uk/product/7p746-dell-24x10x24x-internal-ide-cd-rw-drive-for-latitude-c-series-inspiron-4000-4100-4150.html
Vertex Networking,7H923 - Dell Inspiron 8100 Side BAY HLDS 8X CD RW,7H923 - Dell Inspiron 8100 Side BAY HLDS 8X CD RW,https://www.vertexnetworking.co.uk/storage/product_images/67791575b8a5f_Optical-Drives-Gen.webp,$118.00,7H923,https://www.vertexnetworking.co.uk/product/7h923-dell-inspiron-8100-side-bay-hlds-8x-cd-rw.html
Vertex Networking,7C340 - Dell Inspiron 4000 6X CD-RW Unit and DVD Player Combo,7C340 - Dell Inspiron 4000 6X CD-RW Unit and DVD Player Combo,https://www.vertexnetworking.co.uk/storage/product_images/67791575506f5_Optical-Drives-Gen.webp,Get a Quote for price,7C340,https://www.vertexnetworking.co.uk/product/7c340-dell-inspiron-4000-6x-cd-rw-unit-and-dvd-player-combo.html
Vertex Networking,"6VR77 - Dell DVD-RW -Gt30n-RED-Assembly,DVD+/-RW,8X,HLDS,RED,1520","6VR77 - Dell DVD-RW -Gt30n-RED-Assembly,DVD+/-RW,8X,HLDS,RED,1520",https://www.vertexnetworking.co.uk/storage/product_images/67791575c8529_Optical-Drives-Gen.webp,$70.00,6VR77,https://www.vertexnetworking.co.uk/product/6vr77-dell-dvd-rw-gt30n-red-assembly-dvd-rw-8x-hlds-red-1520.html
Vertex Networking,C863N - Dell 2x SATA DVD-RW Blu-Ray Disc,C863N - Dell 2x SATA DVD-RW Blu-Ray Disc,https://www.vertexnetworking.co.uk/storage/product_images/6779157504b9d_Optical-Drives-Gen.webp,$790.00,C863N,https://www.vertexnetworking.co.uk/product/c863n-dell-2x-sata-dvd-rw-blu-ray-disc.html
Vertex Networking,429-AATC - Dell SATA DVD-ROM Drive for PowerEdge R720,429-AATC - Dell SATA DVD-ROM Drive for PowerEdge R720,https://www.vertexnetworking.co.uk/storage/product_images/677915746e20a_Optical-Drives-Gen.webp,$48.00,429-AATC,https://www.vertexnetworking.co.uk/product/429-aatc-dell-sata-dvd-rom-drive-for-poweredge-r720.html
Vertex Networking,85RJD - Dell Inspiron 8000 8X CD-ROM RW CD Burner,85RJD - Dell Inspiron 8000 8X CD-ROM RW CD Burner,https://www.vertexnetworking.co.uk/storage/product_images/67791574eb0c7_Optical-Drives-Gen.webp,$160.00,85RJD,https://www.vertexnetworking.co.uk/product/85rjd-dell-inspiron-8000-8x-cd-rom-rw-cd-burner.html
Vertex Networking,7U887 - Dell Latitude C640 24x CDRW/DVD Unit,7U887 - Dell Latitude C640 24x CDRW/DVD Unit,https://www.vertexnetworking.co.uk/storage/product_images/67791574b4669_Optical-Drives-Gen.webp,$82.00,7U887,https://www.vertexnetworking.co.uk/product/7u887-dell-latitude-c640-24x-cdrw-dvd-unit.html
Vertex Networking,7C390 - Dell 6X CDRW/DVD Combo C-Module,7C390 - Dell 6X CDRW/DVD Combo C-Module,https://www.vertexnetworking.co.uk/storage/product_images/677915752fb7f_Optical-Drives-Gen.webp,$65.00,7C390,https://www.vertexnetworking.co.uk/product/7c390-dell-6x-cdrw-dvd-combo-c-module.html
Vertex Networking,7G828 - Dell 8X IDE CD-RW Drive for Inspiron/Latitude,7G828 - Dell 8X IDE CD-RW Drive for Inspiron/Latitude,https://www.vertexnetworking.co.uk/storage/product_images/677915757c185_Optical-Drives-Gen.webp,$52.00,7G828,https://www.vertexnetworking.co.uk/product/7g828-dell-8x-ide-cd-rw-drive-for-inspiron-latitude.html
Vertex Networking,7G120 - Dell Precision WorkStation M50 CD-RW DVD Drive,7G120 - Dell Precision WorkStation M50 CD-RW DVD Drive,https://www.vertexnetworking.co.uk/storage/product_images/67791575aac67_Optical-Drives-Gen.webp,$175.00,7G120,https://www.vertexnetworking.co.uk/product/7g120-dell-precision-workstation-m50-cd-rw-dvd-drive.html
Vertex Networking,764632-B21 - HP SFF DVD-RW USB Kit for ProLiant DL360 Gen9,764632-B21 - HP SFF DVD-RW USB Kit for ProLiant DL360 Gen9,https://www.vertexnetworking.co.uk/storage/product_images/67791574c2313_Optical-Drives-Gen.webp,$262.00,764632-B21,https://www.vertexnetworking.co.uk/product/764632-b21-hp-sff-dvd-rw-usb-kit-for-proliant-dl360-gen9.html
Vertex Networking,80TDW - Dell Studio XPS 1640 Super Multi DVD Rewriter,80TDW - Dell Studio XPS 1640 Super Multi DVD Rewriter,https://www.vertexnetworking.co.uk/storage/product_images/67791574cfd86_Optical-Drives-Gen.webp,$145.00,80TDW,https://www.vertexnetworking.co.uk/product/80tdw-dell-studio-xps-1640-super-multi-dvd-rewriter.html
Vertex Networking,7M667 - Dell 12X DVD Drive and CD-RW Unit,7M667 - Dell 12X DVD Drive and CD-RW Unit,https://www.vertexnetworking.co.uk/storage/product_images/6779157521654_Optical-Drives-Gen.webp,$65.00,7M667,https://www.vertexnetworking.co.uk/product/7m667-dell-12x-dvd-drive-and-cd-rw-unit.html
Vertex Networking,7P543 - Dell OptiPlex GX240 40X CD-ROM Unit CD-RW Unit,7P543 - Dell OptiPlex GX240 40X CD-ROM Unit CD-RW Unit,https://www.vertexnetworking.co.uk/storage/product_images/677915755e3cf_Optical-Drives-Gen.webp,$200.00,7P543,https://www.vertexnetworking.co.uk/product/7p543-dell-optiplex-gx240-40x-cd-rom-unit-cd-rw-unit.html
Vertex Networking,7G052 - Dell 8X CDRW/DVD Combo C-Module,7G052 - Dell 8X CDRW/DVD Combo C-Module,https://www.vertexnetworking.co.uk/storage/product_images/677915759cd49_Optical-Drives-Gen.webp,$65.00,7G052,https://www.vertexnetworking.co.uk/product/7g052-dell-8x-cdrw-dvd-combo-c-module.html
Vertex Networking,7W039 - Dell DVD+RW Drive Module,7W039 - Dell DVD+RW Drive Module,https://www.vertexnetworking.co.uk/storage/product_images/677915747c710_Optical-Drives-Gen.webp,$52.00,7W039,https://www.vertexnetworking.co.uk/product/7w039-dell-dvd-rw-drive-module.html
Vertex Networking,K371T - Dell Vostro 1520 Blu-Ray Disc Combo Burner (DVD+/-RW + BD-ROM) SATA Drive Module,K371T - Dell Vostro 1520 Blu-Ray Disc Combo Burner (DVD+/-RW + BD-ROM) SATA Drive Module,https://www.vertexnetworking.co.uk/storage/product_images/67791573e1367_Optical-Drives-Gen.webp,$235.00,K371T,https://www.vertexnetworking.co.uk/product/k371t-dell-vostro-1520-blu-ray-disc-combo-burner-dvd-rw-bd-rom-sata-drive-module.html
Vertex Networking,7T744 - Dell 24X CD-ROM CD-RW Unit,7T744 - Dell 24X CD-ROM CD-RW Unit,https://www.vertexnetworking.co.uk/storage/product_images/677915749847d_Optical-Drives-Gen.webp,$148.00,7T744,https://www.vertexnetworking.co.uk/product/7t744-dell-24x-cd-rom-cd-rw-unit.html
Vertex Networking,312VE - Dell CD-RW Unit,312VE - Dell CD-RW Unit,https://www.vertexnetworking.co.uk/storage/product_images/6779157432b3c_Optical-Drives-Gen.webp,$78.00,312VE,https://www.vertexnetworking.co.uk/product/312ve-dell-cd-rw-unit.html
Vertex Networking,295934-001 - HP 8x Speed CD-ROM Drive,295934-001 - HP 8x Speed CD-ROM Drive Product Condition: Refurbished Miscellaneous,https://www.vertexnetworking.co.uk/storage/product_images/67791573ef3d2_Optical-Drives-Gen.webp,$69.00,295934-001,https://www.vertexnetworking.co.uk/product/295934-001-hp-8x-speed-cd-rom-drive.html
Vertex Networking,652241-B21 - HP 9.5mm SATA DVD-RW Slim JackBlack Optical Drive,652241-B21 - HP 9.5mm SATA DVD-RW Slim JackBlack Optical Drive,https://www.vertexnetworking.co.uk/storage/product_images/677915748a5cc_Optical-Drives-Gen.webp,$202.00,652241-B21,https://www.vertexnetworking.co.uk/product/652241-b21-hp-9-5mm-sata-dvd-rw-slim-jackblack-optical-drive.html
Vertex Networking,233550-001 - HP 24x Speed IDE CD-ROM Drive,233550-001 - HP 24x Speed IDE CD-ROM Drive,https://www.vertexnetworking.co.uk/storage/product_images/6779157399d55_Optical-Drives-Gen.webp,$112.00,233550-001,https://www.vertexnetworking.co.uk/product/233550-001-hp-24x-speed-ide-cd-rom-drive.html
Vertex Networking,652237-001 - HP SATA Slim Multi DVD-RW Drive for ProLiant DL380 G8 Server,652237-001 - HP SATA Slim Multi DVD-RW Drive for ProLiant DL380 G8 Server,https://www.vertexnetworking.co.uk/storage/product_images/67791574a6587_Optical-Drives-Gen.webp,$90.00,652237-001,https://www.vertexnetworking.co.uk/product/652237-001-hp-sata-slim-multi-dvd-rw-drive-for-proliant-dl380-g8-server.html
Vertex Networking,Dell - GY605 - 6X SATA Blu-Ray/DVD-RW Disc Drive,Dell - GY605 - 6X SATA Blu-Ray/DVD-RW Disc Drive Product Condition: Refurbished,https://www.vertexnetworking.co.uk/storage/product_images/67791573c539c_Optical-Drives-Gen.webp,$129.00,GY605,https://www.vertexnetworking.co.uk/product/gy605-dell-6x-sata-blu-ray-dvd-rw-disc-drive.html
Vertex Networking,G036D - Dell 48X Half-Height SATA Internal CD-RW/DVD Combo Drive for XPS 630 Desktop,G036D - Dell 48X Half-Height SATA Internal CD-RW/DVD Combo Drive for XPS 630 Desktop,https://www.vertexnetworking.co.uk/storage/product_images/6779157352981_Optical-Drives-Gen.webp,$50.00,G036D,https://www.vertexnetworking.co.uk/product/g036d-dell-48x-half-height-sata-internal-cd-rw-dvd-combo-drive-for-xps-630-desktop.html
Vertex Networking,8H970 - Dell 8x Dvd/cd-RW CoMBo Drive,8H970 - Dell 8x Dvd/cd-RW CoMBo Drive,https://www.vertexnetworking.co.uk/storage/product_images/6779157424a9a_Optical-Drives-Gen.webp,$50.00,8H970,https://www.vertexnetworking.co.uk/product/8h970-dell-8x-dvd-cd-rw-combo-drive.html
Vertex Networking,285526-001 - HP 24X Speed IDE CD-ROM for Evo n1005v/ n1015v Notebook PC,285526-001 - HP 24X Speed IDE CD-ROM for Evo n1005v/ n1015v Notebook PC,https://www.vertexnetworking.co.uk/storage/product_images/67791573b602d_Optical-Drives-Gen.webp,$75.00,285526-001,https://www.vertexnetworking.co.uk/product/285526-001-hp-24x-speed-ide-cd-rom-for-evo-n1005v-n1015v-notebook-pc.html
Vertex Networking,7R004 - Dell Inspiron 2650 CD-RW/DVD Drive,7R004 - Dell Inspiron 2650 CD-RW/DVD Drive,https://www.vertexnetworking.co.uk/storage/product_images/6779157460378_Optical-Drives-Gen.webp,$98.00,7R004,https://www.vertexnetworking.co.uk/product/7r004-dell-inspiron-2650-cd-rw-dvd-drive.html
Vertex Networking,203628-001 - HP 4x/4x/20x Speed Multibay CD-RW Drive for Evo D500 Miscellaneous,203628-001 - HP 4x/4x/20x Speed Multibay CD-RW Drive for Evo D500 Miscellaneous,https://www.vertexnetworking.co.uk/storage/product_images/6779157360789_Optical-Drives-Gen.webp,$158.00,203628-001,https://www.vertexnetworking.co.uk/product/203628-001-hp-4x-4x-20x-speed-multibay-cd-rw-drive-for-evo-d500.html
Vertex Networking,358UK - Dell Assembly Bracket Sheet Metal for Cd/dvd/CD-RW,358UK - Dell Assembly Bracket Sheet Metal for Cd/dvd/CD-RW,https://www.vertexnetworking.co.uk/storage/product_images/677915741658d_Optical-Drives-Gen.webp,$65.00,358UK,https://www.vertexnetworking.co.uk/product/358uk-dell-assembly-bracket-sheet-metal-for-cd-dvd-cd-rw.html
Vertex Networking,293749-001 - HP 20X Max Speed CD-ROM Drive for Presario 1620 Laptop,293749-001 - HP 20X Max Speed CD-ROM Drive for Presario 1620 Laptop,https://www.vertexnetworking.co.uk/storage/product_images/67791573d2e1f_Optical-Drives-Gen.webp,$82.00,293749-001,https://www.vertexnetworking.co.uk/product/293749-001-hp-20x-max-speed-cd-rom-drive-for-presario-1620-laptop.html
Vertex Networking,8D617 - Dell 24X IDE 1.44MB 3.5-inch CD-ROM/Floppy Drive Combo Drive for PowerEdge 6650,8D617 - Dell 24X IDE 1.44MB 3.5-inch CD-ROM/Floppy Drive Combo Drive for PowerEdge 6650,https://www.vertexnetworking.co.uk/storage/product_images/67791574087ac_Optical-Drives-Gen.webp,$90.00,8D617,https://www.vertexnetworking.co.uk/product/8d617-dell-24x-ide-1-44mb-3-5-inch-cd-rom-floppy-drive-combo-drive-for-poweredge-6650.html
Vertex Networking,7W257 - Dell 32X IDE 5.25-inch CD-RW+DVD Combbo Drive (Pearl White),7W257 - Dell 32X IDE 5.25-inch CD-RW+DVD Combbo Drive (Pearl White),https://www.vertexnetworking.co.uk/storage/product_images/677915744085f_Optical-Drives-Gen.webp,$52.00,7W257,https://www.vertexnetworking.co.uk/product/7w257-dell-32x-ide-5-25-inch-cd-rw-dvd-combbo-drive-pearl-white.html
Vertex Networking,7T4J9 - Dell Vostro 1320 Blu-Ray Disc CoMBo (DVD+/-RW + Bd-Rom) Drive Module,7T4J9 - Dell Vostro 1320 Blu-Ray Disc CoMBo (DVD+/-RW + Bd-Rom) Drive Module,https://www.vertexnetworking.co.uk/storage/product_images/67791573a8220_Optical-Drives-Gen.webp,$162.00,7T4J9,https://www.vertexnetworking.co.uk/product/7t4j9-dell-vostro-1320-blu-ray-disc-combo-dvd-rw-bd-rom-drive-module.html
Vertex Networking,429-AAQK - Dell SATA DVD-ROM Drive for PowerEdge R230 R330,429-AAQK - Dell SATA DVD-ROM Drive for PowerEdge R230 R330,https://www.vertexnetworking.co.uk/storage/product_images/677915744efb0_Optical-Drives-Gen.webp,$62.00,429-AAQK,https://www.vertexnetworking.co.uk/product/429-aaqk-dell-sata-dvd-rom-drive-for-poweredge-r230-r330.html
Vertex Networking,D723N - Dell 2x SATA DVD-RW Blu-Ray Disc for Latitude E6400/ 600 ATG/ E6500 Laptops / Precision Mobile WorkStation M2400/ M4400,D723N - Dell 2x SATA DVD-RW Blu-Ray Disc for Latitude E6400/ 600 ATG/ E6500 Laptops / Precision Mobile WorkStation M2400/ M4400,https://www.vertexnetworking.co.uk/storage/product_images/677915736ea39_Optical-Drives-Gen.webp,$790.00,D723N,https://www.vertexnetworking.co.uk/product/d723n-dell-2x-sata-dvd-rw-blu-ray-disc-for-latitude-e6400-600-atg-e6500-laptops-precision-mobile-workstation-m2400-m4400.html
Vertex Networking,RMO-S570 - Sony 1.3GB External Magneto Optical Drive,RMO-S570 - Sony 1.3GB External Magneto Optical Drive,https://www.vertexnetworking.co.uk/storage/product_images/67791572184d1_Optical-Drives-Gen.webp,$665.00,RMO-S570,https://www.vertexnetworking.co.uk/product/rmo-s570-sony-1-3gb-external-magneto-optical-drive.html
Vertex Networking,93TTK - Dell 4X CD-ROM Unit and CD-RW Unit,93TTK - Dell 4X CD-ROM Unit and CD-RW Unit,https://www.vertexnetworking.co.uk/storage/product_images/67791572e426c_Optical-Drives-Gen.webp,$162.00,93TTK,https://www.vertexnetworking.co.uk/product/93ttk-dell-4x-cd-rom-unit-and-cd-rw-unit.html
Vertex Networking,1M53N - Dell 8x DVD/RW External USB Drive,1M53N - Dell 8x DVD/RW External USB Drive,https://www.vertexnetworking.co.uk/storage/product_images/677915728f123_Optical-Drives-Gen.webp,$98.00,1M53N,https://www.vertexnetworking.co.uk/product/1m53n-dell-8x-dvd-rw-external-usb-drive.html
Vertex Networking,1701U - Dell 4X4X20X SFX 650 CD-RW Drive,1701U - Dell 4X4X20X SFX 650 CD-RW Drive,https://www.vertexnetworking.co.uk/storage/product_images/6779157272a3c_Optical-Drives-Gen.webp,$125.00,1701U,https://www.vertexnetworking.co.uk/product/1701u-dell-4x4x20x-sfx-650-cd-rw-drive.html
Vertex Networking,6G123 - Dell 6X CD-RW Unit and DVD Player Combo,6G123 - Dell 6X CD-RW Unit and DVD Player Combo,https://www.vertexnetworking.co.uk/storage/product_images/67791572c8427_Optical-Drives-Gen.webp,$60.00,6G123,https://www.vertexnetworking.co.uk/product/6g123-dell-6x-cd-rw-unit-and-dvd-player-combo.html
Vertex Networking,D4388-60601 - HP 24X Speed CD/ 8X Speed DVD ROM Optical Drive,D4388-60601 - HP 24X Speed CD/ 8X Speed DVD ROM Optical Drive,https://www.vertexnetworking.co.uk/storage/product_images/677915728124b_Optical-Drives-Gen.webp,$62.00,D4388-60601,https://www.vertexnetworking.co.uk/product/d4388-60601-hp-24x-speed-cd-8x-speed-dvd-rom-optical-drive.html
Vertex Networking,BD-5750H-H1 - HP 6X Blu-ray SATA 12.7mm Optical Drive,BD-5750H-H1 - HP 6X Blu-ray SATA 12.7mm Optical Drive Product Condition: Refurbished Miscellaneous,https://www.vertexnetworking.co.uk/storage/product_images/6779157226e67_Optical-Drives-Gen.webp,$113.00,BD-5750H-H1,https://www.vertexnetworking.co.uk/product/bd-5750h-h1-hp-6x-blu-ray-sata-12-7mm-optical-drive.html
Vertex Networking,0950-2871 - HP 32x Speed SCSI CD-ROM Optical Drive,0950-2871 - HP 32x Speed SCSI CD-ROM Optical Drive,https://www.vertexnetworking.co.uk/storage/product_images/67791572f2798_Optical-Drives-Gen.webp,$62.00,0950-2871,https://www.vertexnetworking.co.uk/product/0950-2871-hp-32x-speed-scsi-cd-rom-optical-drive.html
Vertex Networking,98NJX - Dell 4X CD-ROM Unit CD-RW Unit,98NJX - Dell 4X CD-ROM Unit CD-RW Unit,https://www.vertexnetworking.co.uk/storage/product_images/6779157317d96_Optical-Drives-Gen.webp,$52.00,98NJX,https://www.vertexnetworking.co.uk/product/98njx-dell-4x-cd-rom-unit-cd-rw-unit.html
Vertex Networking,D4398-60052 - HP 24X/10X/40X Speed IDE CD-ROM Optical Drive,D4398-60052 - HP 24X/10X/40X Speed IDE CD-ROM Optical Drive,https://www.vertexnetworking.co.uk/storage/product_images/67791572d5daf_Optical-Drives-Gen.webp,$100.00,D4398-60052,https://www.vertexnetworking.co.uk/product/d4398-60052-hp-24x-10x-40x-speed-ide-cd-rom-optical-drive.html
Vertex Networking,148488-539 - HP 24X Speed Slimline CD-ROM Optical Drive,148488-539 - HP 24X Speed Slimline CD-ROM Optical Drive,https://www.vertexnetworking.co.uk/storage/product_images/6779157344fbb_Optical-Drives-Gen.webp,$82.00,148488-539,https://www.vertexnetworking.co.uk/product/148488-539-hp-24x-speed-slimline-cd-rom-optical-drive.html
Vertex Networking,726536-B21 - HP 24x/8x CD/DVD-ROM SATA Slim Optical Drive,"726536-B21 - HP 24x/8x CD/DVD-ROM SATA Slim Optical Drive Product Condition: Refurbished General Information Product Type CD/DVD Combo Drive Miscellaneous Compliance Standards RoHS,WEEE",https://www.vertexnetworking.co.uk/storage/product_images/677915729cc1f_Optical-Drives-Gen.webp,$130.00,726536-B21,https://www.vertexnetworking.co.uk/product/726536-b21-hp-24x-8x-cd-dvd-rom-sata-slim-optical-drive.html
Vertex Networking,314933-509 - HP 24X Speed CD-ROM Optical Drive for ProLiant DL380 G1 Server Miscellaneous,314933-509 - HP 24X Speed CD-ROM Optical Drive for ProLiant DL380 G1 Server Miscellaneous,https://www.vertexnetworking.co.uk/storage/product_images/67791572b9cb3_Optical-Drives-Gen.webp,$62.00,314933-509,https://www.vertexnetworking.co.uk/product/314933-509-hp-24x-speed-cd-rom-optical-drive-for-proliant-dl380-g1-server.html
Vertex Networking,H853D - Dell Assembly DVD+/-RW Blue Ray M1640,H853D - Dell Assembly DVD+/-RW Blue Ray M1640,https://www.vertexnetworking.co.uk/storage/product_images/677915738afea_Optical-Drives-Gen.webp,$388.00,H853D,https://www.vertexnetworking.co.uk/product/h853d-dell-assembly-dvd-rw-blue-ray-m1640.html
Vertex Networking,661-3150 - Apple 24X CD-ROM Drive for Xserve G5,661-3150 - Apple 24X CD-ROM Drive for Xserve G5,https://www.vertexnetworking.co.uk/storage/product_images/677915732559e_Optical-Drives-Gen.webp,$242.00,661-3150,https://www.vertexnetworking.co.uk/product/661-3150-apple-24x-cd-rom-drive-for-xserve-g5.html
Vertex Networking,2R094 - Dell 24X CD-ROM CD-RW Unit,2R094 - Dell 24X CD-ROM CD-RW Unit,https://www.vertexnetworking.co.uk/storage/product_images/67791572ab1e7_Optical-Drives-Gen.webp,$155.00,2R094,https://www.vertexnetworking.co.uk/product/2r094-dell-24x-cd-rom-cd-rw-unit.html
Vertex Networking,DC642 - Dell Assembly Cdrw/dvd Sony Dmod Nfi,DC642 - Dell Assembly Cdrw/dvd Sony Dmod Nfi,https://www.vertexnetworking.co.uk/storage/product_images/6779157335fd9_Optical-Drives-Gen.webp,$55.00,DC642,https://www.vertexnetworking.co.uk/product/dc642-dell-assembly-cdrw-dvd-sony-dmod-nfi.html
Vertex Networking,337017-001 - HP IDE 8X DVD /24X CD-ROM Optical Drive for Armada e500 Notebook,337017-001 - HP IDE 8X DVD /24X CD-ROM Optical Drive for Armada e500 Notebook,https://www.vertexnetworking.co.uk/storage/product_images/677915725fa47_Optical-Drives-Gen.webp,$75.00,337017-001,https://www.vertexnetworking.co.uk/product/337017-001-hp-ide-8x-dvd-24x-cd-rom-optical-drive-for-armada-e500-notebook.html
Vertex Networking,222602-001 - Compaq 48x Speed CD-ROM Drive,222602-001 - Compaq 48x Speed CD-ROM Drive,https://www.vertexnetworking.co.uk/storage/product_images/677915737ca25_Optical-Drives-Gen.webp,$75.00,222602-001,https://www.vertexnetworking.co.uk/product/222602-001-compaq-48x-speed-cd-rom-drive.html
Vertex Networking,49MDE - Dell 8X Internal CD-RW Drive,49MDE - Dell 8X Internal CD-RW Drive,https://www.vertexnetworking.co.uk/storage/product_images/677915710b4e0_Optical-Drives-Gen.webp,$95.00,49MDE,https://www.vertexnetworking.co.uk/product/49mde-dell-8x-internal-cd-rw-drive.html
Vertex Networking,640721-4C1 - HP 6X Blu-ray SATA 12.7mm Optical Drive Miscellaneous,640721-4C1 - HP 6X Blu-ray SATA 12.7mm Optical Drive Miscellaneous,https://www.vertexnetworking.co.uk/storage/product_images/6779157242f7a_Optical-Drives-Gen.webp,$152.00,640721-4C1,https://www.vertexnetworking.co.uk/product/640721-4c1-hp-6x-blu-ray-sata-12-7mm-optical-drive.html
Vertex Networking,300596 - LaCie D2 CD-RW USB 2.0 Firewire Removable Disk Drive 52x32x52x,300596 - LaCie D2 CD-RW USB 2.0 Firewire Removable Disk Drive 52x32x52x,https://www.vertexnetworking.co.uk/storage/product_images/67791571bfe0b_Optical-Drives-Gen.webp,$150.00,300596,https://www.vertexnetworking.co.uk/product/300596-lacie-d2-cd-rw-usb-2-0-firewire-removable-disk-drive-52x32x52x.html
Vertex Networking,4C581 - Dell Dimension 4100 12X CD-RW Unit CD Burner,4C581 - Dell Dimension 4100 12X CD-RW Unit CD Burner,https://www.vertexnetworking.co.uk/storage/product_images/6779157126966_Optical-Drives-Gen.webp,$112.00,4C581,https://www.vertexnetworking.co.uk/product/4c581-dell-dimension-4100-12x-cd-rw-unit-cd-burner.html
Vertex Networking,D4388-69002 - HP 8 x 40 x IDE DVD-ROM Drive for Vectra VL400,D4388-69002 - HP 8 x 40 x IDE DVD-ROM Drive for Vectra VL400,https://www.vertexnetworking.co.uk/storage/product_images/6779157193658_Optical-Drives-Gen.webp,$88.00,D4388-69002,https://www.vertexnetworking.co.uk/product/d4388-69002-hp-8-x-40-x-ide-dvd-rom-drive-for-vectra-vl400.html
Vertex Networking,G151T - Dell 16X Half-Height Dvd+Rw Sata Internal Drive With Cyberlink Power DVD And Roxio Digital Creator 9.0 For (OptiPlex),G151T - Dell 16X Half-Height Dvd+Rw Sata Internal Drive With Cyberlink Power DVD And Roxio Digital Creator 9.0 For (OptiPlex),https://www.vertexnetworking.co.uk/storage/product_images/677915718451c_Optical-Drives-Gen.webp,$55.00,G151T,https://www.vertexnetworking.co.uk/product/g151t-dell-16x-half-height-dvd-rw-sata-internal-drive-with-cyberlink-power-dvd-and-roxio-digital-creator-9-0-for-optiplex.html
Vertex Networking,IHBS212-08 - Lite-On IHBS212 Internal Blu-ray Writer,IHBS212-08 - Lite-On IHBS212 Internal Blu-ray Writer,https://www.vertexnetworking.co.uk/storage/product_images/6779157207dfc_Optical-Drives-Gen.webp,Get a Quote for price,IHBS212-08,https://www.vertexnetworking.co.uk/product/ihbs212-08-lite-disc-drivess.html
Vertex Networking,2566V - Dell 8X SATA DVD-RW Drive,2566V - Dell 8X SATA DVD-RW Drive,https://www.vertexnetworking.co.uk/storage/product_images/67791570f1f07_Optical-Drives-Gen.webp,$185.00,2566V,https://www.vertexnetworking.co.uk/product/2566v-dell-8x-sata-dvd-rw-drive.html
Vertex Networking,325313-005 - HP 16x Speed IDE DVD-ROM for dc7600 Desktop Miscellaneous,325313-005 - HP 16x Speed IDE DVD-ROM for dc7600 Desktop Miscellaneous,https://www.vertexnetworking.co.uk/storage/product_images/67791571ce7b2_Optical-Drives-Gen.webp,$115.00,325313-005,https://www.vertexnetworking.co.uk/product/325313-005-hp-16x-speed-ide-dvd-rom-for-dc7600-desktop.html
Vertex Networking,4G834 - Dell DVD/CD-RW Combo Drive for Inspiron,4G834 - Dell DVD/CD-RW Combo Drive for Inspiron,https://www.vertexnetworking.co.uk/storage/product_images/6779157141921_Optical-Drives-Gen.webp,$65.00,4G834,https://www.vertexnetworking.co.uk/product/4g834-dell-dvd-cd-rw-combo-drive-for-inspiron.html
Vertex Networking,301951-001 - HP 16x / 48x Speed IDE DVD-ROM Internal Optical Drive,301951-001 - HP 16x / 48x Speed IDE DVD-ROM Internal Optical Drive,https://www.vertexnetworking.co.uk/storage/product_images/67791571b18ea_Optical-Drives-Gen.webp,$100.00,301951-001,https://www.vertexnetworking.co.uk/product/301951-001-hp-16x-48x-speed-ide-dvd-rom-internal-optical-drive.html
Vertex Networking,RJ2VR - Dell Black SATA 5.25in DVD-RW Drive Internal Optical for Desktop,RJ2VR - Dell Black SATA 5.25in DVD-RW Drive Internal Optical for Desktop,https://www.vertexnetworking.co.uk/storage/product_images/67791571a26c4_Optical-Drives-Gen.webp,$85.00,RJ2VR,https://www.vertexnetworking.co.uk/product/rj2vr-dell-black-sata-5-25in-dvd-rw-drive-internal-optical-for-desktop.html
Vertex Networking,"690418-001 - HP 5,25-inch 16 x SATA Internal DVD-ROM Drive for ProLiant G6","690418-001 - HP 5,25-inch 16 x SATA Internal DVD-ROM Drive for ProLiant G6 Product Condition: Refurbished General Information Product Type Heat Sink Miscellaneous Compliance Standards WEEE,CE Assembly Required Yes Eco Friendly Yes",https://www.vertexnetworking.co.uk/storage/product_images/6779157118e55_Optical-Drives-Gen.webp,$74.00,690418-001,https://www.vertexnetworking.co.uk/product/690418-001-hp-5-25-inch-16-x-sata-internal-dvd-rom-drive-for-proliant-g6.html
Vertex Networking,BD-5750H-01 - Sony BD-5750H Internal Blu-ray Writer,BD-5750H-01 - Sony BD-5750H Internal Blu-ray Writer,https://www.vertexnetworking.co.uk/storage/product_images/67791571dd17b_Optical-Drives-Gen.webp,$288.00,BD-5750H-01,https://www.vertexnetworking.co.uk/product/bd-5750h-01-sony-bd-5750h-internal-blu-ray-writer.html
Vertex Networking,1Y414 - Dell Latitude D600 DVD Unit DVD plus RW Drive,1Y414 - Dell Latitude D600 DVD Unit DVD plus RW Drive,https://www.vertexnetworking.co.uk/storage/product_images/677915709929d_Optical-Drives-Gen.webp,$52.00,1Y414,https://www.vertexnetworking.co.uk/product/1y414-dell-latitude-d600-dvd-unit-dvd-plus-rw-drive.html
Vertex Networking,4481B - Dell CD-RW/DVD-ROM Drive,4481B - Dell CD-RW/DVD-ROM Drive,https://www.vertexnetworking.co.uk/storage/product_images/67791570e4032_Optical-Drives-Gen.webp,$52.00,4481B,https://www.vertexnetworking.co.uk/product/4481b-dell-cd-rw-dvd-rom-drive.html
Vertex Networking,386128-001 - HP 2x / 6x DVD-ROM Drive,386128-001 - HP 2x / 6x DVD-ROM Drive,https://www.vertexnetworking.co.uk/storage/product_images/67791571ed079_Optical-Drives-Gen.webp,$95.00,386128-001,https://www.vertexnetworking.co.uk/product/386128-001-hp-2x-6x-dvd-rom-drive.html
Vertex Networking,D4388-60002 - HP 8 x DVD-ROM,D4388-60002 - HP 8 x DVD-ROM,https://www.vertexnetworking.co.uk/storage/product_images/6779157133e3b_Optical-Drives-Gen.webp,$88.00,D4388-60002,https://www.vertexnetworking.co.uk/product/d4388-60002-hp-8-x-dvd-rom.html
Vertex Networking,1497P - Dell 8X/4X SCSI Internal CD-RW Drive,1497P - Dell 8X/4X SCSI Internal CD-RW Drive,https://www.vertexnetworking.co.uk/storage/product_images/67791572519df_Optical-Drives-Gen.webp,$190.00,1497P,https://www.vertexnetworking.co.uk/product/1497p-dell-8x-4x-scsi-internal-cd-rw-drive.html
Vertex Networking,CG01000483301 - Fujitsu Dynamo 2300u2 2.3GB USB 2.0 8MB Cache 3.5-inch External MO Drive,CG01000483301 - Fujitsu Dynamo 2300u2 2.3GB USB 2.0 8MB Cache 3.5-inch External MO Drive,https://www.vertexnetworking.co.uk/storage/product_images/6779157234f05_Optical-Drives-Gen.webp,"$1,188.00",CG01000483301,https://www.vertexnetworking.co.uk/product/cg01000483301-fujitsu-dynamo-2300u2-2-3gb-usb-2-0-8mb-cache-3-5-inch-external-mo-drive.html
Vertex Networking,4G906 - Dell 8x CD-RW Drive,4G906 - Dell 8x CD-RW Drive,https://www.vertexnetworking.co.uk/storage/product_images/6779157001f5b_Optical-Drives-Gen.webp,$55.00,4G906,https://www.vertexnetworking.co.uk/product/4g906-dell-8x-cd-rw-drive.html
Vertex Networking,1N142 - Dell 8X CD-RW/DVD for Latitude X200,1N142 - Dell 8X CD-RW/DVD for Latitude X200,https://www.vertexnetworking.co.uk/storage/product_images/6779156fcca1a_Optical-Drives-Gen.webp,$102.00,1N142,https://www.vertexnetworking.co.uk/product/1n142-dell-8x-cd-rw-dvd-for-latitude-x200.html
Vertex Networking,3Y208 - Dell CD-RW/DVD Combo Lat 24x10x8x24,3Y208 - Dell CD-RW/DVD Combo Lat 24x10x8x24,https://www.vertexnetworking.co.uk/storage/product_images/6779156f8a2d9_Optical-Drives-Gen.webp,Get a Quote for price,3Y208,https://www.vertexnetworking.co.uk/product/3y208-dell-cd-rw-dvd-combo-lat-24x10x8x24.html
Vertex Networking,45JGM - Dell 8X CD-RW Drive,45JGM - Dell 8X CD-RW Drive,https://www.vertexnetworking.co.uk/storage/product_images/67791570c6c2b_Optical-Drives-Gen.webp,$48.00,45JGM,https://www.vertexnetworking.co.uk/product/45jgm-dell-8x-cd-rw-drive.html
Vertex Networking,1W099 - Dell CD-RW/ DVD Drive,1W099 - Dell CD-RW/ DVD Drive,https://www.vertexnetworking.co.uk/storage/product_images/677915701081a_Optical-Drives-Gen.webp,$230.00,1W099,https://www.vertexnetworking.co.uk/product/1w099-dell-cd-rw-dvd-drive.html
Vertex Networking,4K963 - Dell 24X CD-ROM Unit and CD-RW Unit Side Unit,4K963 - Dell 24X CD-ROM Unit and CD-RW Unit Side Unit,https://www.vertexnetworking.co.uk/storage/product_images/677915706a463_Optical-Drives-Gen.webp,$145.00,4K963,https://www.vertexnetworking.co.uk/product/4k963-dell-24x-cd-rom-unit-and-cd-rw-unit-side-unit.html
Vertex Networking,1X479 - Dell 24X CD-ROM Unit and CD-RW Unit,1X479 - Dell 24X CD-ROM Unit and CD-RW Unit,https://www.vertexnetworking.co.uk/storage/product_images/67791570d5b55_Optical-Drives-Gen.webp,$55.00,1X479,https://www.vertexnetworking.co.uk/product/1x479-dell-24x-cd-rom-unit-and-cd-rw-unit.html
Vertex Networking,1U001 - Dell 24x CD-RW Drive for Inspiron 8200,1U001 - Dell 24x CD-RW Drive for Inspiron 8200,https://www.vertexnetworking.co.uk/storage/product_images/677915705bf28_Optical-Drives-Gen.webp,$70.00,1U001,https://www.vertexnetworking.co.uk/product/1u001-dell-24x-cd-rw-drive-for-inspiron-8200.html
Vertex Networking,4R057 - Dell 24X CD-RW/DVD Combo Drive,4R057 - Dell 24X CD-RW/DVD Combo Drive,https://www.vertexnetworking.co.uk/storage/product_images/67791570a7525_Optical-Drives-Gen.webp,Get a Quote for price,4R057,https://www.vertexnetworking.co.uk/product/4r057-dell-24x-cd-rw-dvd-combo-drive.html
Vertex Networking,4C588 - Dell Precision WorkStation 530 12X CD-ROM RW CD Burner,4C588 - Dell Precision WorkStation 530 12X CD-ROM RW CD Burner,https://www.vertexnetworking.co.uk/storage/product_images/677915702000d_Optical-Drives-Gen.webp,Get a Quote for price,4C588,https://www.vertexnetworking.co.uk/product/4c588-dell-precision-workstation-530-12x-cd-rom-rw-cd-burner.html
Vertex Networking,3X339 - Dell 24X CD-RW and DVD Unit,3X339 - Dell 24X CD-RW and DVD Unit,https://www.vertexnetworking.co.uk/storage/product_images/6779156f6e78b_Optical-Drives-Gen.webp,$185.00,3X339,https://www.vertexnetworking.co.uk/product/3x339-dell-24x-cd-rw-and-dvd-unit.html
Vertex Networking,4M452 - Dell CD-RW/DVD-ROM Combo Drive for Laptop,4M452 - Dell CD-RW/DVD-ROM Combo Drive for Laptop,https://www.vertexnetworking.co.uk/storage/product_images/677915704c985_Optical-Drives-Gen.webp,Get a Quote for price,4M452,https://www.vertexnetworking.co.uk/product/4m452-dell-cd-rw-dvd-rom-combo-drive-for-laptop.html
Vertex Networking,1W010 - Dell 24X CDRW/DVD Combo Drive Internal,1W010 - Dell 24X CDRW/DVD Combo Drive Internal,https://www.vertexnetworking.co.uk/storage/product_images/677915703d007_Optical-Drives-Gen.webp,$120.00,1W010,https://www.vertexnetworking.co.uk/product/1w010-dell-24x-cdrw-dvd-combo-drive-internal.html
Vertex Networking,4P666 - Dell OptiPlex GX240 8X CD-RW CD-ROM Unit,4P666 - Dell OptiPlex GX240 8X CD-RW CD-ROM Unit,https://www.vertexnetworking.co.uk/storage/product_images/677915708b48a_Optical-Drives-Gen.webp,$98.00,4P666,https://www.vertexnetworking.co.uk/product/4p666-dell-optiplex-gx240-8x-cd-rw-cd-rom-unit.html
Vertex Networking,1T739 - Dell Inspiron 5100 CD-RW and DVD Combo,1T739 - Dell Inspiron 5100 CD-RW and DVD Combo,https://www.vertexnetworking.co.uk/storage/product_images/6779156fe8551_Optical-Drives-Gen.webp,$100.00,1T739,https://www.vertexnetworking.co.uk/product/1t739-dell-inspiron-5100-cd-rw-and-dvd-combo.html
Vertex Networking,4JNJW - Dell DVD+/-RW Toshiba 1440,4JNJW - Dell DVD+/-RW Toshiba 1440,https://www.vertexnetworking.co.uk/storage/product_images/6779156fda714_Optical-Drives-Gen.webp,$150.00,4JNJW,https://www.vertexnetworking.co.uk/product/4jnjw-dell-dvd-rw-toshiba-1440.html
Vertex Networking,1P930 - Dell 8X IDE CD-RW Drive for Inspiron 8100/Latitude C810,1P930 - Dell 8X IDE CD-RW Drive for Inspiron 8100/Latitude C810,https://www.vertexnetworking.co.uk/storage/product_images/6779156f7c41d_Optical-Drives-Gen.webp,$95.00,1P930,https://www.vertexnetworking.co.uk/product/1p930-dell-8x-ide-cd-rw-drive-for-inspiron-8100-latitude-c810.html
Vertex Networking,3R055 - Dell Inspiron 2650 24X CD-ROM CD-RW Unit,3R055 - Dell Inspiron 2650 24X CD-ROM CD-RW Unit,https://www.vertexnetworking.co.uk/storage/product_images/6779156f162e3_Optical-Drives-Gen.webp,$145.00,3R055,https://www.vertexnetworking.co.uk/product/3r055-dell-inspiron-2650-24x-cd-rom-cd-rw-unit.html
Vertex Networking,1W597 - Dell 48X CD-RW Drive for OptiPlex,1W597 - Dell 48X CD-RW Drive for OptiPlex,https://www.vertexnetworking.co.uk/storage/product_images/67791570b809a_Optical-Drives-Gen.webp,$122.00,1W597,https://www.vertexnetworking.co.uk/product/1w597-dell-48x-cd-rw-drive-for-optiplex.html
Vertex Networking,1R142 - Dell 8X CD-RW and CD-ROM Unit Side Unit,1R142 - Dell 8X CD-RW and CD-ROM Unit Side Unit,https://www.vertexnetworking.co.uk/storage/product_images/677915707a3ad_Optical-Drives-Gen.webp,$162.00,1R142,https://www.vertexnetworking.co.uk/product/1r142-dell-8x-cd-rw-and-cd-rom-unit-side-unit.html
Vertex Networking,3E573 - Dell Dimension 4400 16X CD-ROM Unit and CD-RW Unit,3E573 - Dell Dimension 4400 16X CD-ROM Unit and CD-RW Unit,https://www.vertexnetworking.co.uk/storage/product_images/6779156e54b1e_Optical-Drives-Gen.webp,$105.00,3E573,https://www.vertexnetworking.co.uk/product/3e573-dell-dimension-4400-16x-cd-rom-unit-and-cd-rw-unit.html
Vertex Networking,3R062 - Dell 24X/10X/24X IDE CD-RW Drive for Latitude C-Series Notebooks,3R062 - Dell 24X/10X/24X IDE CD-RW Drive for Latitude C-Series Notebooks,https://www.vertexnetworking.co.uk/storage/product_images/6779156eec5ac_Optical-Drives-Gen.webp,$78.00,3R062,https://www.vertexnetworking.co.uk/product/3r062-dell-24x-10x-24x-ide-cd-rw-drive-for-latitude-c-series-notebooks.html
Vertex Networking,3C5HR - Dell 16X DVD+/-RW SATA Drive for OptiPlex 780/ 780 Mini-Tower Desktops,3C5HR - Dell 16X DVD+/-RW SATA Drive for OptiPlex 780/ 780 Mini-Tower Desktops,https://www.vertexnetworking.co.uk/storage/product_images/6779156e36cf6_Optical-Drives-Gen.webp,$70.00,3C5HR,https://www.vertexnetworking.co.uk/product/3c5hr-dell-16x-dvd-rw-sata-drive-for-optiplex-780-780-mini-tower-desktops.html
Vertex Networking,3H6WT - Dell Cd-rw/DVD+RW Drive SATA,3H6WT - Dell Cd-rw/DVD+RW Drive SATA,https://www.vertexnetworking.co.uk/storage/product_images/6779156e4609a_Optical-Drives-Gen.webp,$75.00,3H6WT,https://www.vertexnetworking.co.uk/product/3h6wt-dell-cd-rw-dvd-rw-drive-sata.html
Vertex Networking,0R113 - Dell 24X CD-RW Assembly IDE Drive,0R113 - Dell 24X CD-RW Assembly IDE Drive,https://www.vertexnetworking.co.uk/storage/product_images/6779156e088ed_Optical-Drives-Gen.webp,$128.00,0R113,https://www.vertexnetworking.co.uk/product/0r113-dell-24x-cd-rw-assembly-ide-drive.html
Vertex Networking,3H788 - Dell 8X/4X/24X CD-RW Drive for Inspiron,3H788 - Dell 8X/4X/24X CD-RW Drive for Inspiron,https://www.vertexnetworking.co.uk/storage/product_images/6779156e290bf_Optical-Drives-Gen.webp,$60.00,3H788,https://www.vertexnetworking.co.uk/product/3h788-dell-8x-4x-24x-cd-rw-drive-for-inspiron.html
Vertex Networking,3K812 - Dell 6X DVD/CD-RW Combo Drive for Inspiron,3K812 - Dell 6X DVD/CD-RW Combo Drive for Inspiron,https://www.vertexnetworking.co.uk/storage/product_images/6779156e622e3_Optical-Drives-Gen.webp,$65.00,3K812,https://www.vertexnetworking.co.uk/product/3k812-dell-6x-dvd-cd-rw-combo-drive-for-inspiron.html
Vertex Networking,30DWM - Dell 8X CD-RW and CD-ROM Unit,30DWM - Dell 8X CD-RW and CD-ROM Unit,https://www.vertexnetworking.co.uk/storage/product_images/6779156dece4e_Optical-Drives-Gen.webp,$65.00,30DWM,https://www.vertexnetworking.co.uk/product/30dwm-dell-8x-cd-rw-and-cd-rom-unit.html
Vertex Networking,0P225 - Dell 16X IDE Black DVD-RW Drive,0P225 - Dell 16X IDE Black DVD-RW Drive,https://www.vertexnetworking.co.uk/storage/product_images/6779156f06912_Optical-Drives-Gen.webp,$55.00,0P225,https://www.vertexnetworking.co.uk/product/0p225-dell-16x-ide-black-dvd-rw-drive.html
Vertex Networking,334WN - Dell 4X CD-ROM Unit and CD-RW Unit,334WN - Dell 4X CD-ROM Unit and CD-RW Unit,https://www.vertexnetworking.co.uk/storage/product_images/6779156e1b002_Optical-Drives-Gen.webp,$122.00,334WN,https://www.vertexnetworking.co.uk/product/334wn-dell-4x-cd-rom-unit-and-cd-rw-unit.html
Vertex Networking,Dell - 0NWN5 - Inspiron 14R (N4110) Optical Drive Bezel,Dell - 0NWN5 - Inspiron 14R (N4110) Optical Drive Bezel,https://www.vertexnetworking.co.uk/storage/product_images/6779156f24b09_Optical-Drives-Gen.webp,$135.00,0NWN5,https://www.vertexnetworking.co.uk/product/0nwn5-dell-inspiron-14r-n4110-8x-sata-dvd-rw-cd-rw-dual-layer-burner-drive-module.html
Vertex Networking,1MCF9 - Dell 8X DVD-RW Drive,1MCF9 - Dell 8X DVD-RW Drive,https://www.vertexnetworking.co.uk/storage/product_images/6779156f60775_Optical-Drives-Gen.webp,$182.00,1MCF9,https://www.vertexnetworking.co.uk/product/1mcf9-dell-8x-dvd-rw-drive.html
Vertex Networking,661-4659 - Apple External USB Super Drive for Mac Mini / MacBook Air,661-4659 - Apple External USB Super Drive for Mac Mini / MacBook Air,https://www.vertexnetworking.co.uk/storage/product_images/6779156f45043_Optical-Drives-Gen.webp,Get a Quote for price,661-4659,https://www.vertexnetworking.co.uk/product/661-4659-apple-external-usb-super-drive-for-mac-mini-macbook-air.html
Vertex Networking,3R122 - Dell 24X CDRW/ 8X DVD Combo Drive,3R122 - Dell 24X CDRW/ 8X DVD Combo Drive,https://www.vertexnetworking.co.uk/storage/product_images/6779156e9a363_Optical-Drives-Gen.webp,$128.00,3R122,https://www.vertexnetworking.co.uk/product/3r122-dell-24x-cdrw-8x-dvd-combo-drive.html
Vertex Networking,3R111 - Dell 24X CD-RW/DVD Combo Drive,3R111 - Dell 24X CD-RW/DVD Combo Drive,https://www.vertexnetworking.co.uk/storage/product_images/6779156e7deff_Optical-Drives-Gen.webp,$65.00,3R111,https://www.vertexnetworking.co.uk/product/3r111-dell-24x-cd-rw-dvd-combo-drive.html
Vertex Networking,0J226 - Dell 48x CDRW/DVD IDE Drive,0J226 - Dell 48x CDRW/DVD IDE Drive,https://www.vertexnetworking.co.uk/storage/product_images/6779156e6ff85_Optical-Drives-Gen.webp,$60.00,0J226,https://www.vertexnetworking.co.uk/product/0j226-dell-48x-cdrw-dvd-ide-drive.html
Vertex Networking,3T514 - Dell DVD-RW Drive 4.7GB IDE (Midnight Gray),3T514 - Dell DVD-RW Drive 4.7GB IDE (Midnight Gray),https://www.vertexnetworking.co.uk/storage/product_images/6779156f5281b_Optical-Drives-Gen.webp,$160.00,3T514,https://www.vertexnetworking.co.uk/product/3t514-dell-dvd-rw-drive-4-7gb-ide-midnight-gray.html
Vertex Networking,0K751 - Dell 8X CDRW/DVD Combo Drive for GX150,0K751 - Dell 8X CDRW/DVD Combo Drive for GX150,https://www.vertexnetworking.co.uk/storage/product_images/6779156ea919e_Optical-Drives-Gen.webp,$95.00,0K751,https://www.vertexnetworking.co.uk/product/0k751-dell-8x-cdrw-dvd-combo-drive-for-gx150.html
Vertex Networking,0K441 - Dell 16X CD-RW Drive for 680M,0K441 - Dell 16X CD-RW Drive for 680M,https://www.vertexnetworking.co.uk/storage/product_images/6779156e8b70c_Optical-Drives-Gen.webp,$95.00,0K441,https://www.vertexnetworking.co.uk/product/0k441-dell-16x-cd-rw-drive-for-680m.html
Vertex Networking,3T598 - Dell 24x CD-RW-DVD Combo Drive,3T598 - Dell 24x CD-RW-DVD Combo Drive,https://www.vertexnetworking.co.uk/storage/product_images/6779156f366bd_Optical-Drives-Gen.webp,$55.00,3T598,https://www.vertexnetworking.co.uk/product/3t598-dell-24x-cd-rw-dvd-combo-drive.html
Vertex Networking,04NPT - Dell 24X CD-ROM/CD-RW Drive for GX100/200,04NPT - Dell 24X CD-ROM/CD-RW Drive for GX100/200,https://www.vertexnetworking.co.uk/storage/product_images/6779156ca7467_Optical-Drives-Gen.webp,$95.00,04NPT,https://www.vertexnetworking.co.uk/product/04npt-dell-24x-cd-rom-cd-rw-drive-for-gx100-200.html
Vertex Networking,0ND5H - Dell DVDrw/bd-rom 12.7 SATA Sno,0ND5H - Dell DVDrw/bd-rom 12.7 SATA Sno,https://www.vertexnetworking.co.uk/storage/product_images/6779156d4e1fa_Optical-Drives-Gen.webp,$85.00,0ND5H,https://www.vertexnetworking.co.uk/product/0nd5h-dell-dvdrw-bd-rom-12-7-sata-sno.html
Vertex Networking,0L463 - Dell Disk Drive CD-RW / DVD-ROM combo 24x internal 5.25-inch Slim Line,0L463 - Dell Disk Drive CD-RW / DVD-ROM combo 24x internal 5.25-inch Slim Line,https://www.vertexnetworking.co.uk/storage/product_images/6779156d32179_Optical-Drives-Gen.webp,$55.00,0L463,https://www.vertexnetworking.co.uk/product/0l463-dell-disk-drive-cd-rw-dvd-rom-combo-24x-internal-5-25-inch-slim-line.html
Vertex Networking,661-4442 - Apple 24x Slot PATA Optical Combo Drive for Mac Mini,661-4442 - Apple 24x Slot PATA Optical Combo Drive for Mac Mini,https://www.vertexnetworking.co.uk/storage/product_images/6779156cb5817_Optical-Drives-Gen.webp,$242.00,661-4442,https://www.vertexnetworking.co.uk/product/661-4442-apple-24x-slot-pata-optical-combo-drive-for-mac-mini.html
Vertex Networking,2Y308 - Dell 24x CD-RW Dvd Unit,2Y308 - Dell 24x CD-RW Dvd Unit,https://www.vertexnetworking.co.uk/storage/product_images/6779156d9127c_Optical-Drives-Gen.webp,$52.00,2Y308,https://www.vertexnetworking.co.uk/product/2y308-dell-24x-cd-rw-dvd-unit.html
Vertex Networking,0R710 - Dell CD-RW DVD Drive,0R710 - Dell CD-RW DVD Drive,https://www.vertexnetworking.co.uk/storage/product_images/6779156dc2386_Optical-Drives-Gen.webp,$175.00,0R710,https://www.vertexnetworking.co.uk/product/0r710-dell-cd-rw-dvd-drive.html
Vertex Networking,2U839 - Dell 24X CD-RW and DVD Unit Side Unit,2U839 - Dell 24X CD-RW and DVD Unit Side Unit,https://www.vertexnetworking.co.uk/storage/product_images/6779156cc346b_Optical-Drives-Gen.webp,$65.00,2U839,https://www.vertexnetworking.co.uk/product/2u839-dell-24x-cd-rw-and-dvd-unit-side-unit.html
Vertex Networking,2X513 - Dell 24X CD-RW/DVD Internal Drive for Precision 250N,2X513 - Dell 24X CD-RW/DVD Internal Drive for Precision 250N,https://www.vertexnetworking.co.uk/storage/product_images/6779156d24398_Optical-Drives-Gen.webp,$118.00,2X513,https://www.vertexnetworking.co.uk/product/2x513-dell-24x-cd-rw-dvd-internal-drive-for-precision-250n.html
Vertex Networking,2Y358 - Dell 48X IDE 5.25-inch CD-RW/DVD Combo Drive for PowerEdge 1600SC,2Y358 - Dell 48X IDE 5.25-inch CD-RW/DVD Combo Drive for PowerEdge 1600SC,https://www.vertexnetworking.co.uk/storage/product_images/6779156dd106e_Optical-Drives-Gen.webp,$135.00,2Y358,https://www.vertexnetworking.co.uk/product/2y358-dell-48x-ide-5-25-inch-cd-rw-dvd-combo-drive-for-poweredge-1600sc.html
Vertex Networking,0L633 - Dell Disk Drive CD-RW / DVD-ROM combo 24x internal 5.25-inch Slim Line,0L633 - Dell Disk Drive CD-RW / DVD-ROM combo 24x internal 5.25-inch Slim Line,https://www.vertexnetworking.co.uk/storage/product_images/6779156d159f5_Optical-Drives-Gen.webp,$55.00,0L633,https://www.vertexnetworking.co.uk/product/0l633-dell-disk-drive-cd-rw-dvd-rom-combo-24x-internal-5-25-inch-slim-line.html
Vertex Networking,0R708 - Dell 6X DVD/CD-RW Combo Drive for Inspiron,0R708 - Dell 6X DVD/CD-RW Combo Drive for Inspiron,https://www.vertexnetworking.co.uk/storage/product_images/6779156da186b_Optical-Drives-Gen.webp,$65.00,0R708,https://www.vertexnetworking.co.uk/product/0r708-dell-6x-dvd-cd-rw-combo-drive-for-inspiron.html
Vertex Networking,2Y319 - Dell Inspiron 8200 CD-RW DVD Drive,2Y319 - Dell Inspiron 8200 CD-RW DVD Drive,https://www.vertexnetworking.co.uk/storage/product_images/6779156d3fcb1_Optical-Drives-Gen.webp,$185.00,2Y319,https://www.vertexnetworking.co.uk/product/2y319-dell-inspiron-8200-cd-rw-dvd-drive.html
Vertex Networking,661-3676 - Apple 32x Slot Optical Combo Drive for Mac Mini G4,661-3676 - Apple 32x Slot Optical Combo Drive for Mac Mini G4,https://www.vertexnetworking.co.uk/storage/product_images/6779156c98c10_Optical-Drives-Gen.webp,$252.00,661-3676,https://www.vertexnetworking.co.uk/product/661-3676-apple-32x-slot-optical-combo-drive-for-mac-mini-g4.html
Vertex Networking,2X143 - Dell 24X CD-ROM Unit and CD-RW Unit,2X143 - Dell 24X CD-ROM Unit and CD-RW Unit,https://www.vertexnetworking.co.uk/storage/product_images/6779156d07e87_Optical-Drives-Gen.webp,Get a Quote for price,2X143,https://www.vertexnetworking.co.uk/product/2x143-dell-24x-cd-rom-unit-and-cd-rw-unit.html
Vertex Networking,0P696 - Dell 24X 650M CD-RW Drive,0P696 - Dell 24X 650M CD-RW Drive,https://www.vertexnetworking.co.uk/storage/product_images/6779156ddf259_Optical-Drives-Gen.webp,$95.00,0P696,https://www.vertexnetworking.co.uk/product/0p696-dell-24x-650m-cd-rw-drive.html
Vertex Networking,661-5495 - Apple 12.7mm SATA Slot Super Optical Drive for Mac Mini,661-5495 - Apple 12.7mm SATA Slot Super Optical Drive for Mac Mini,https://www.vertexnetworking.co.uk/storage/product_images/6779156cd2670_Optical-Drives-Gen.webp,$315.00,661-5495,https://www.vertexnetworking.co.uk/product/661-5495-apple-12-7mm-sata-slot-super-optical-drive-for-mac-mini.html
Vertex Networking,TS-H493B - Toshiba 48X/32X/48X/16X SATA Internal CD-RW/DVD-ROM Combo Drive,TS-H493B - Toshiba 48X/32X/48X/16X SATA Internal CD-RW/DVD-ROM Combo Drive,https://www.vertexnetworking.co.uk/storage/product_images/6779156c87e5f_Optical-Drives-Gen.webp,$122.00,TS-H493B,https://www.vertexnetworking.co.uk/product/ts-h493b-toshiba-48x-32x-48x-16x-sata-internal-cd-rw-dvd-rom-combo-drive.html
Vertex Networking,2U820 - Dell Bzl Plstcfrtcdrw/dvdpsncm2,2U820 - Dell Bzl Plstcfrtcdrw/dvdpsncm2,https://www.vertexnetworking.co.uk/storage/product_images/6779156cdff66_Optical-Drives-Gen.webp,$52.00,2U820,https://www.vertexnetworking.co.uk/product/2u820-dell-bzl-plstcfrtcdrw-dvdpsncm2.html
Vertex Networking,661-4090 - Apple 24x PATA Combo Drive for MacBook 13,661-4090 - Apple 24x PATA Combo Drive for MacBook 13,https://www.vertexnetworking.co.uk/storage/product_images/6779156ced946_Optical-Drives-Gen.webp,$242.00,661-4090,https://www.vertexnetworking.co.uk/product/661-4090-apple-24x-pata-combo-drive-for-macbook-13.html
Vertex Networking,2Y320 - Dell 24X CD-RW/DVD Combo Drive for Inspiron 8500,2Y320 - Dell 24X CD-RW/DVD Combo Drive for Inspiron 8500,https://www.vertexnetworking.co.uk/storage/product_images/6779156db049d_Optical-Drives-Gen.webp,$65.00,2Y320,https://www.vertexnetworking.co.uk/product/2y320-dell-24x-cd-rw-dvd-combo-drive-for-inspiron-8500.html
Vertex Networking,661-4028 - Apple 8x Slot Load Optical Super Drive for iMac 20 Miscellaneous,661-4028 - Apple 8x Slot Load Optical Super Drive for iMac 20 Miscellaneous,https://www.vertexnetworking.co.uk/storage/product_images/6779156c57590_Optical-Drives-Gen.webp,$315.00,661-4028,https://www.vertexnetworking.co.uk/product/661-4028-apple-8x-slot-load-optical-super-drive-for-imac-20.html
Vertex Networking,661-4025 - Apple 8x Slot Load DVD-R / CD-RW Optical Super Drive for iMac 17 Miscellaneous,661-4025 - Apple 8x Slot Load DVD-R / CD-RW Optical Super Drive for iMac 17 Miscellaneous,https://www.vertexnetworking.co.uk/storage/product_images/6779156c786c6_Optical-Drives-Gen.webp,$315.00,661-4025,https://www.vertexnetworking.co.uk/product/661-4025-apple-8x-slot-load-dvd-r-cd-rw-optical-super-drive-for-imac-17.html
Vertex Networking,HP1270I - HP 24x Internal SATA DVD-RW Burner with LightScribe,HP1270I - HP 24x Internal SATA DVD-RW Burner with LightScribe,https://www.vertexnetworking.co.uk/storage/product_images/6779156b8e2d8_Optical-Drives-Gen.webp,Get a Quote for price,HP1270I,https://www.vertexnetworking.co.uk/product/hp-hp1270i-internal-dvd-writer-retail-pack-dvd-ram.html
Vertex Networking,AD-7585H - Sony CD-RW/DVD-RW Multi Drive for IdeaPad G560,AD-7585H - Sony CD-RW/DVD-RW Multi Drive for IdeaPad G560,https://www.vertexnetworking.co.uk/storage/product_images/6779156bc9eb9_Optical-Drives-Gen.webp,$48.00,AD-7585H,https://www.vertexnetworking.co.uk/product/ad-7585h-sony-cd-rw-dvd-rw-multi-drive-for-ideapad-g560.html
Vertex Networking,G8CC0004D320 - Toshiba Optical Drive DVD-RW Slim Write Speed: 24x (CD) / 8,G8CC0004D320 - Toshiba Optical Drive DVD-RW Slim Write Speed: 24x (CD) / 8,https://www.vertexnetworking.co.uk/storage/product_images/6779156c69b87_Optical-Drives-Gen.webp,Get a Quote for price,G8CC0004D320,https://www.vertexnetworking.co.uk/product/g8cc0004d320-toshiba-optical-drive-dvd-rw-slim-write-speed:-24x-cd-8.html
Vertex Networking,AD-7560A - Sony 12.7MM 8X Slim Line IDE Internal Dual Layer DVD-RW Drive Miscellaneous,AD-7560A - Sony 12.7MM 8X Slim Line IDE Internal Dual Layer DVD-RW Drive Miscellaneous,https://www.vertexnetworking.co.uk/storage/product_images/6779156be5dcd_Optical-Drives-Gen.webp,$182.00,AD-7560A,https://www.vertexnetworking.co.uk/product/ad-7560a-sony-12-7mm-8x-slim-line-ide-internal-dual-layer-dvd-rw-drive.html
Vertex Networking,661-4845 - Apple 8x DVD-R /CD-RW Super Drive for iMac 20,661-4845 - Apple 8x DVD-R /CD-RW Super Drive for iMac 20,https://www.vertexnetworking.co.uk/storage/product_images/6779156c3a869_Optical-Drives-Gen.webp,$405.00,661-4845,https://www.vertexnetworking.co.uk/product/661-4845-apple-8x-dvd-r-cd-rw-super-drive-for-imac-20.html
Vertex Networking,TS-L463 - Toshiba 24X Slim CD-RW/DVD-ROM Combo Drive for Optiplex,TS-L463 - Toshiba 24X Slim CD-RW/DVD-ROM Combo Drive for Optiplex,https://www.vertexnetworking.co.uk/storage/product_images/6779156c0f0d9_Optical-Drives-Gen.webp,$70.00,TS-L463,https://www.vertexnetworking.co.uk/product/ts-l463-toshiba-24x-slim-cd-rw-dvd-rom-combo-drive-for-optiplex.html
Vertex Networking,ND-2500A - HP DVD R/RW IDE Optical Drive,ND-2500A - HP DVD R/RW IDE Optical Drive,https://www.vertexnetworking.co.uk/storage/product_images/6779156a60bb6_Optical-Drives-Gen.webp,$172.00,ND-2500A,https://www.vertexnetworking.co.uk/product/nd-2500a-hp-dvd-r-rw-ide-optical-drive.html
Vertex Networking,AD-5540A - NEC DVD-RW Slimline Bare Internal Drive Miscellaneous,AD-5540A - NEC DVD-RW Slimline Bare Internal Drive Miscellaneous,https://www.vertexnetworking.co.uk/storage/product_images/6779156ba9bbb_Optical-Drives-Gen.webp,$52.00,AD-5540A,https://www.vertexnetworking.co.uk/product/ad-5540a-nec-dvd-rw-slimline-bare-internal-drive.html
Vertex Networking,45N7542 - Lenovo 8x CD-RW/DVD-RW Slim Line Drive Miscellaneous,45N7542 - Lenovo 8x CD-RW/DVD-RW Slim Line Drive Miscellaneous,https://www.vertexnetworking.co.uk/storage/product_images/6779156a53610_Optical-Drives-Gen.webp,$52.00,45N7542,https://www.vertexnetworking.co.uk/product/45n7542-lenovo-8x-cd-rw-dvd-rw-slim-line-drive.html
Vertex Networking,A6986A - HP Slimline CD-RW/DVD-ROM Optical Drive,A6986A - HP Slimline CD-RW/DVD-ROM Optical Drive,https://www.vertexnetworking.co.uk/storage/product_images/6779156a7c0e0_Optical-Drives-Gen.webp,$112.00,A6986A,https://www.vertexnetworking.co.uk/product/a6986a-hp-slimline-cd-rw-dvd-rom-optical-drive.html
Vertex Networking,661-3999 - Apple IDE / PATA DVD / CD-RW Combo Drive for iMac 17,661-3999 - Apple IDE / PATA DVD / CD-RW Combo Drive for iMac 17,https://www.vertexnetworking.co.uk/storage/product_images/6779156c000cd_Optical-Drives-Gen.webp,$242.00,661-3999,https://www.vertexnetworking.co.uk/product/661-3999-apple-ide-pata-dvd-cd-rw-combo-drive-for-imac-17.html
Vertex Networking,661-5513 - Apple 9.5 mm SATA Slot Super Optical Drive for MacBook Pro 15 Miscellaneous,661-5513 - Apple 9.5 mm SATA Slot Super Optical Drive for MacBook Pro 15 Miscellaneous,https://www.vertexnetworking.co.uk/storage/product_images/6779156bd822c_Optical-Drives-Gen.webp,$315.00,661-5513,https://www.vertexnetworking.co.uk/product/661-5513-apple-9-5-mm-sata-slot-super-optical-drive-for-macbook-pro-15.html
Vertex Networking,TS-H493 - Toshiba 48X/32X/48X/16X SATA Internal CD-RW/DVD-ROM Combo Drive,TS-H493 - Toshiba 48X/32X/48X/16X SATA Internal CD-RW/DVD-ROM Combo Drive,https://www.vertexnetworking.co.uk/storage/product_images/6779156c2ab7a_Optical-Drives-Gen.webp,$95.00,TS-H493,https://www.vertexnetworking.co.uk/product/ts-h493-toshiba-48x-32x-48x-16x-sata-internal-cd-rw-dvd-rom-combo-drive.html
Vertex Networking,AB351A - HP IDE DVD+RW Optical Drive,AB351A - HP IDE DVD+RW Optical Drive,https://www.vertexnetworking.co.uk/storage/product_images/6779156b9be40_Optical-Drives-Gen.webp,$45.00,AB351A,https://www.vertexnetworking.co.uk/product/ab351a-hp-ide-dvd-rw-optical-drive.html
Vertex Networking,G8CC0004UZ3L - Toshiba Uj892 DVD/RW Slimline,G8CC0004UZ3L - Toshiba Uj892 DVD/RW Slimline,https://www.vertexnetworking.co.uk/storage/product_images/6779156c4836e_Optical-Drives-Gen.webp,$132.00,G8CC0004UZ3L,https://www.vertexnetworking.co.uk/product/g8cc0004uz3l-toshiba-uj892-dvd-rw-slimline.html
Vertex Networking,K246D - Dell Studio 15/17 Slot Loading Blu-ray Rom DVD-RW Optical Drive,K246D - Dell Studio 15/17 Slot Loading Blu-ray Rom DVD-RW Optical Drive,https://www.vertexnetworking.co.uk/storage/product_images/6779156a6e298_Optical-Drives-Gen.webp,$100.00,K246D,https://www.vertexnetworking.co.uk/product/k246d-dell-studio-15-17-slot-loading-blu-ray-rom-dvd-rw-optical-drive.html
Vertex Networking,661-4637 - Apple 8x PATA DVD-R / CD-RW Super Drive for iMac 20,661-4637 - Apple 8x PATA DVD-R / CD-RW Super Drive for iMac 20,https://www.vertexnetworking.co.uk/storage/product_images/6779156c1cce6_Optical-Drives-Gen.webp,$315.00,661-4637,https://www.vertexnetworking.co.uk/product/661-4637-apple-8x-pata-dvd-r-cd-rw-super-drive-for-imac-20.html
Vertex Networking,661-3271 - Apple 24x Combo Drive with Carrier for iMac G5 17,661-3271 - Apple 24x Combo Drive with Carrier for iMac G5 17,https://www.vertexnetworking.co.uk/storage/product_images/6779156942cf5_Optical-Drives-Gen.webp,$195.00,661-3271,https://www.vertexnetworking.co.uk/product/661-3271-apple-24x-combo-drive-with-carrier-for-imac-g5-17.html
Vertex Networking,661-3438 - Apple 24x Slot Load Combo Drive for Mac Mini,661-3438 - Apple 24x Slot Load Combo Drive for Mac Mini,https://www.vertexnetworking.co.uk/storage/product_images/677915699950c_Optical-Drives-Gen.webp,$315.00,661-3438,https://www.vertexnetworking.co.uk/product/661-3438-apple-24x-slot-load-combo-drive-for-mac-mini.html
Vertex Networking,00N8078 - IBM 250MB Zip Drive,00N8078 - IBM 250MB Zip Drive,https://www.vertexnetworking.co.uk/storage/product_images/67791569c9982_Optical-Drives-Gen.webp,$175.00,00N8078,https://www.vertexnetworking.co.uk/product/00n8078-ibm-250mb-zip-drive.html
Vertex Networking,661-5284 - Apple SATA DVD-RW Super Drive for iMac 27,661-5284 - Apple SATA DVD-RW Super Drive for iMac 27,https://www.vertexnetworking.co.uk/storage/product_images/677915692682e_Optical-Drives-Gen.webp,$505.00,661-5284,https://www.vertexnetworking.co.uk/product/661-5284-apple-sata-dvd-rw-super-drive-for-imac-27.html
Vertex Networking,661-3887 - Apple 24x Optical Combo Drive for Mac Mini,661-3887 - Apple 24x Optical Combo Drive for Mac Mini,https://www.vertexnetworking.co.uk/storage/product_images/67791569622d1_Optical-Drives-Gen.webp,$242.00,661-3887,https://www.vertexnetworking.co.uk/product/661-3887-apple-24x-optical-combo-drive-for-mac-mini.html
Vertex Networking,661-3852 - Apple 8x Slot Load Super Drive for iMac 17,661-3852 - Apple 8x Slot Load Super Drive for iMac 17,https://www.vertexnetworking.co.uk/storage/product_images/67791569f30e6_Optical-Drives-Gen.webp,$395.00,661-3852,https://www.vertexnetworking.co.uk/product/661-3852-apple-8x-slot-load-super-drive-for-imac-17.html
Vertex Networking,661-5629 - Apple 9.5 mm SATA Slot Super Optical Drive for MacBook 13 Miscellaneous,661-5629 - Apple 9.5 mm SATA Slot Super Optical Drive for MacBook 13 Miscellaneous,https://www.vertexnetworking.co.uk/storage/product_images/67791569d7968_Optical-Drives-Gen.webp,$315.00,661-5629,https://www.vertexnetworking.co.uk/product/661-5629-apple-9-5-mm-sata-slot-super-optical-drive-for-macbook-13.html
Vertex Networking,0950-3164 - HP 12x Speed SCSI CD-ROM Drive,0950-3164 - HP 12x Speed SCSI CD-ROM Drive,https://www.vertexnetworking.co.uk/storage/product_images/677915698be70_Optical-Drives-Gen.webp,$62.00,0950-3164,https://www.vertexnetworking.co.uk/product/0950-3164-hp-12x-speed-scsi-cd-rom-drive.html
Vertex Networking,5092-0688 - HP DVD 420i R/RW Optical Drive,5092-0688 - HP DVD 420i R/RW Optical Drive,https://www.vertexnetworking.co.uk/storage/product_images/6779156a4596f_Optical-Drives-Gen.webp,$172.00,5092-0688,https://www.vertexnetworking.co.uk/product/5092-0688-hp-dvd-420i-r-rw-optical-drive.html
Vertex Networking,391649-MD1 - HP 24x DVD-ROM Slimline Optical Drive Miscellaneous,391649-MD1 - HP 24x DVD-ROM Slimline Optical Drive Miscellaneous,https://www.vertexnetworking.co.uk/storage/product_images/67791569346b7_Optical-Drives-Gen.webp,$125.00,391649-MD1,https://www.vertexnetworking.co.uk/product/391649-md1-hp-24x-dvd-rom-slimline-optical-drive.html
Vertex Networking,661-3889 - Apple 8x Super Drive for iMac 20,661-3889 - Apple 8x Super Drive for iMac 20,https://www.vertexnetworking.co.uk/storage/product_images/6779156a1c703_Optical-Drives-Gen.webp,$330.00,661-3889,https://www.vertexnetworking.co.uk/product/661-3889-apple-8x-super-drive-for-imac-20.html
Vertex Networking,05K9276 - IBM External Floppy Drive,05K9276 - IBM External Floppy Drive Product Condition: Refurbished,https://www.vertexnetworking.co.uk/storage/product_images/6779156a0eabc_Optical-Drives-Gen.webp,$162.00,05K9276,https://www.vertexnetworking.co.uk/product/05k9276-ibm-external-floppy-drive.html
Vertex Networking,661-4770 - Apple 8x SATA Optical Super Drive for Mac Mini,661-4770 - Apple 8x SATA Optical Super Drive for Mac Mini,https://www.vertexnetworking.co.uk/storage/product_images/677915697df58_Optical-Drives-Gen.webp,$315.00,661-4770,https://www.vertexnetworking.co.uk/product/661-4770-apple-8x-sata-optical-super-drive-for-mac-mini.html
Vertex Networking,661-3464 - Apple 4x Slot Load Super Drive for Mac Mini G4,661-3464 - Apple 4x Slot Load Super Drive for Mac Mini G4,https://www.vertexnetworking.co.uk/storage/product_images/67791569b4cd1_Optical-Drives-Gen.webp,$488.00,661-3464,https://www.vertexnetworking.co.uk/product/661-3464-apple-4x-slot-load-super-drive-for-mac-mini-g4.html
Vertex Networking,391946-001 - HP 16x / 48x IDE DVD-ROM 5.25-inch Optical Drive,391946-001 - HP 16x / 48x IDE DVD-ROM 5.25-inch Optical Drive,https://www.vertexnetworking.co.uk/storage/product_images/677915695265d_Optical-Drives-Gen.webp,$48.00,391946-001,https://www.vertexnetworking.co.uk/product/391946-001-hp-16x-48x-ide-dvd-rom-5-25-inch-optical-drive.html
Vertex Networking,RMO-S551/SD - Sony RMOS551SD Magneto Optical Drive - Magneto Optical Drive - 5.2GB Native - 1 x Fast SCSI SCSI - 5.25 External,RMO-S551/SD - Sony RMOS551SD Magneto Optical Drive - Magneto Optical Drive - 5.2GB Native - 1 x Fast SCSI SCSI - 5.25 External,https://www.vertexnetworking.co.uk/storage/product_images/67791569a6fd5_Optical-Drives-Gen.webp,$718.00,RMO-S551/SD,https://www.vertexnetworking.co.uk/product/rmo-s551-sd-sony-rmos551sd-magneto-optical-drive-magneto-optical-drive-5-2gb-native-1-x-fast-scsi-scsi-5-25-external.html
Vertex Networking,AB348B - HP Slimline DVD+RW Optical Drive for Integrity rx2600 Server,AB348B - HP Slimline DVD+RW Optical Drive for Integrity rx2600 Server,https://www.vertexnetworking.co.uk/storage/product_images/6779156a2b6c7_Optical-Drives-Gen.webp,$122.00,AB348B,https://www.vertexnetworking.co.uk/product/ab348b-hp-slimline-dvd-rw-optical-drive-for-integrity-rx2600-server.html
Vertex Networking,390487-001 - HP 48x Speed CD-ROM Optical Drive,390487-001 - HP 48x Speed CD-ROM Optical Drive,https://www.vertexnetworking.co.uk/storage/product_images/67791569707f3_Optical-Drives-Gen.webp,$68.00,390487-001,https://www.vertexnetworking.co.uk/product/390487-001-hp-48x-speed-cd-rom-optical-drive.html
Vertex Networking,F2009B - HP / Iomega Omnibook 250MB Zip Drive,F2009B - HP / Iomega Omnibook 250MB Zip Drive,https://www.vertexnetworking.co.uk/storage/product_images/67791569e5ac2_Optical-Drives-Gen.webp,$65.00,F2009B,https://www.vertexnetworking.co.uk/product/f2009b-hp-iomega-omnibook-250mb-zip-drive.html
Vertex Networking,Dell - 71PXH - 1.44MB 3.5-Inch Floppy Drive for Inspiron 4000,Dell - 71PXH - 1.44MB 3.5-Inch Floppy Drive for Inspiron 4000 Product Condition: Refurbished,https://www.vertexnetworking.co.uk/storage/product_images/6779156a3750b_All-Floppy-Disk-Gen.webp,$66.00,71PXH,https://www.vertexnetworking.co.uk/product/71pxh-dell-1-44mb-3-5-inch-floppy-drive-for-inspiron-4000.html
Vertex Networking,0950-3159 - HP 12x Speed SCSI CD-ROM Drive,0950-3159 - HP 12x Speed SCSI CD-ROM Drive,https://www.vertexnetworking.co.uk/storage/product_images/67791568b21ef_Optical-Drives-Gen.webp,$92.00,0950-3159,https://www.vertexnetworking.co.uk/product/0950-3159-hp-12x-speed-scsi-cd-rom-drive.html
Vertex Networking,T52600 - Maxtor 2.6GB Internal Magneto Optical Drive,T52600 - Maxtor 2.6GB Internal Magneto Optical Drive,https://www.vertexnetworking.co.uk/storage/product_images/67791568a3f35_Optical-Drives-Gen.webp,$502.00,T52600,https://www.vertexnetworking.co.uk/product/t52600-maxtor-2-6gb-internal-magneto-optical-drive.html
Vertex Networking,457459-T31 - HP SATA DVD Slimline Optical Drive,457459-T31 - HP SATA DVD Slimline Optical Drive,https://www.vertexnetworking.co.uk/storage/product_images/67791568f0915_Optical-Drives-Gen.webp,$28.00,457459-T31,https://www.vertexnetworking.co.uk/product/457459-t31-hp-sata-dvd-slimline-optical-drive.html
Vertex Networking,190130-001 - HP / Compaq 4X4X24X Speed External CD-RW Optical Drive,190130-001 - HP / Compaq 4X4X24X Speed External CD-RW Optical Drive,https://www.vertexnetworking.co.uk/storage/product_images/677915679f353_Optical-Drives-Gen.webp,$150.00,190130-001,https://www.vertexnetworking.co.uk/product/190130-001-hp-compaq-4x4x24x-speed-external-cd-rw-optical-drive.html
Vertex Networking,RP382 - Dell Port Replicator with DVD-RW without ACDC for Latitude D420,RP382 - Dell Port Replicator with DVD-RW without ACDC for Latitude D420 Product Condition: Refurbished,https://www.vertexnetworking.co.uk/storage/product_images/67791568188fb_RP382-o.webp,$150.00,RP382,https://www.vertexnetworking.co.uk/product/rp382-dell-port-replicator-with-dvd-rw-without-acdc-for-latitude-d420.html
Vertex Networking,661-3605 - Apple 24x CD-RW / DVD-ROM Combo Drive for iMac G5 17,661-3605 - Apple 24x CD-RW / DVD-ROM Combo Drive for iMac G5 17,https://www.vertexnetworking.co.uk/storage/product_images/677915690a528_Optical-Drives-Gen.webp,$195.00,661-3605,https://www.vertexnetworking.co.uk/product/661-3605-apple-24x-cd-rw-dvd-rom-combo-drive-for-imac-g5-17.html
Vertex Networking,D4389A - HP 48x Speed CD-ROM Optical Drive,D4389A - HP 48x Speed CD-ROM Optical Drive,https://www.vertexnetworking.co.uk/storage/product_images/67791568961a6_Optical-Drives-Gen.webp,$62.00,D4389A,https://www.vertexnetworking.co.uk/product/d4389a-hp-48x-speed-cd-rom-optical-drive.html
Vertex Networking,338-BGNI - Dell Serial-ATA DVD,338-BGNI - Dell Serial-ATA DVD,https://www.vertexnetworking.co.uk/storage/product_images/677915686d02e_Optical-Drives-Gen.webp,$48.00,338-BGNI,https://www.vertexnetworking.co.uk/product/338-bgni-dell-serial-ata-dvd-rw-drive-for-poweredge-t320-t430-t630.html
Vertex Networking,SMO-F521 - Sony 5.25-inch 1.3GB Internal Magneto Optical SCSI Drive,SMO-F521 - Sony 5.25-inch 1.3GB Internal Magneto Optical SCSI Drive,https://www.vertexnetworking.co.uk/storage/product_images/67791568c20e4_Optical-Drives-Gen.webp,$515.00,SMO-F521,https://www.vertexnetworking.co.uk/product/smo-f521-sony-5-25-inch-1-3gb-internal-magneto-optical-scsi-drive.html
Vertex Networking,410125-2M3 - HP SATA DVD-ROM 5.25-inch Optical Drive,410125-2M3 - HP SATA DVD-ROM 5.25-inch Optical Drive Product Condition: Refurbished,https://www.vertexnetworking.co.uk/storage/product_images/6779156918256_Optical-Drives-Gen.webp,$80.00,410125-2M3,https://www.vertexnetworking.co.uk/product/410125-2m3-hp-sata-dvd-rom-5-25-inch-optical-drive.html
Vertex Networking,429-AARK - Dell DVD+-RW SATA 5.25-inch Drive for PowerEdge R530 Precision R7910 Precision T5810,429-AARK - Dell DVD+-RW SATA 5.25-inch Drive for PowerEdge R530 Precision R7910 Precision T5810,https://www.vertexnetworking.co.uk/storage/product_images/6779156888711_Optical-Drives-Gen.webp,$48.00,429-AARK,https://www.vertexnetworking.co.uk/product/429-aark-dell-dvd-rw-sata-5-25-inch-drive-for-poweredge-r530-precision-r7910-precision-t5810.html
Vertex Networking,395132-MD0 - HP 16X Speed DVD+RW Drive Optical Drive,395132-MD0 - HP 16X Speed DVD+RW Drive Optical Drive,https://www.vertexnetworking.co.uk/storage/product_images/6779156826cf2_Optical-Drives-Gen.webp,$175.00,395132-MD0,https://www.vertexnetworking.co.uk/product/395132-md0-hp-16x-speed-dvd-rw-drive-optical-drive.html
Vertex Networking,D4388-60004 - HP IDE 12xMax DVD-ROM / 40xCD-ROM,D4388-60004 - HP IDE 12xMax DVD-ROM / 40xCD-ROM,https://www.vertexnetworking.co.uk/storage/product_images/67791568d3a1d_Optical-Drives-Gen.webp,$88.00,D4388-60004,https://www.vertexnetworking.co.uk/product/d4388-60004-hp-ide-12xmax-dvd-rom-40xcd-rom.html
Vertex Networking,399404-001 - HP IDE 32x CD-RW/16x DVD-ROM Optical Drive for ProLiant ML150 G2 Server,399404-001 - HP IDE 32x CD-RW/16x DVD-ROM Optical Drive for ProLiant ML150 G2 Server,https://www.vertexnetworking.co.uk/storage/product_images/67791567914a9_Optical-Drives-Gen.webp,$100.00,399404-001,https://www.vertexnetworking.co.uk/product/399404-001-hp-ide-32x-cd-rw-16x-dvd-rom-optical-drive-for-proliant-ml150-g2-server.html
Vertex Networking,J3276A - HP SureStore CD/DVD-ROM Optical Drive,J3276A - HP SureStore CD/DVD-ROM Optical Drive,https://www.vertexnetworking.co.uk/storage/product_images/67791568435d7_Optical-Drives-Gen.webp,$505.00,J3276A,https://www.vertexnetworking.co.uk/product/j3276a-hp-surestore-cd-dvd-rom-optical-drive.html
Vertex Networking,MCR3230AP - Fujitsu MCR3230AP Magneto Optical Drive - Magneto Optical Drive - 2.3GB - 2048 BpS - 1 x 40-pin IDC Ultra ATA/33 (ATA-4) IDE/EIDE - 3.5 Int,MCR3230AP - Fujitsu MCR3230AP Magneto Optical Drive - Magneto Optical Drive - 2.3GB - 2048 BpS - 1 x 40-pin IDC Ultra ATA/33 (ATA-4) IDE/EIDE - 3.5 Int Product Condition: Refurbished Miscellaneous,https://www.vertexnetworking.co.uk/storage/product_images/6779156851157_Optical-Drives-Gen.webp,$196.00,MCR3230AP,https://www.vertexnetworking.co.uk/product/mcr3230ap-fujitsu-mcr3230ap-magneto-optical-drive-magneto-optical-drive-2-3gb-2048-bps-1-x-40-pin-idc-ultra-ata-33-ata-4-ide-eide-3-5-int.html
Vertex Networking,158729-001 - HP 8x ATAPI IDE DVD-ROM Optical Drive Miscellaneous,158729-001 - HP 8x ATAPI IDE DVD-ROM Optical Drive Miscellaneous,https://www.vertexnetworking.co.uk/storage/product_images/677915687aeae_Optical-Drives-Gen.webp,$100.00,158729-001,https://www.vertexnetworking.co.uk/product/158729-001-hp-8x-atapi-ide-dvd-rom-optical-drive.html
Vertex Networking,390849-002 - HP 16X Speed IDE DVD ROM Optical Drive Miscellaneous,390849-002 - HP 16X Speed IDE DVD ROM Optical Drive Miscellaneous,https://www.vertexnetworking.co.uk/storage/product_images/677915685f30c_Optical-Drives-Gen.webp,$102.00,390849-002,https://www.vertexnetworking.co.uk/product/390849-002-hp-16x-speed-ide-dvd-rom-optical-drive.html
Vertex Networking,SMO-S501A-11 - Sony 650MB External Magneto Optical Drive,SMO-S501A-11 - Sony 650MB External Magneto Optical Drive,https://www.vertexnetworking.co.uk/storage/product_images/67791568e1f1e_Optical-Drives-Gen.webp,$255.00,SMO-S501A-11,https://www.vertexnetworking.co.uk/product/smo-s501a-11-sony-650mb-external-magneto-optical-drive.html
Vertex Networking,Asus SDRW-08U7M-U/BLK/G/AS 8X USB2.0 DVD+/-RW Slim External Drive (Black),Asus SDRW-08U7M-U/BLK/G/AS 8X USB2.0 DVD+/-RW Slim External Drive (Black) Product Condition: New Miscellaneous,https://www.vertexnetworking.co.uk/storage/product_images/67791564bbc35_Optical-Drives-Gen.webp,$89.29,SDRW-08U7M-U/BLK/G/AS,https://www.vertexnetworking.co.uk/product/sdrw-08u7m-u-blk-g-as-asus-sdrw-08u7m-u-blk-g-as-8x-usb2-0-dvd-rw-slim-external-drive-blacks.html
Vertex Networking,HP 578599-H30 ProLiant DL360 Slim SATA DVD-ROM Drive Miscellaneous,HP 578599-H30 ProLiant DL360 Slim SATA DVD-ROM Drive Miscellaneous,https://www.vertexnetworking.co.uk/storage/product_images/67791564ad930_Optical-Drives-Gen.webp,$90.00,578599-H30,https://www.vertexnetworking.co.uk/product/578599-h30-hp-proliant-dl360-slim-sata-dvd-rom-drives.html
Vertex Networking,Asus SDRW-08D2S-U/WHT/G/AS 8X USB2.0 DVD+/-RW Slim External Writer (White),Asus SDRW-08D2S-U/WHT/G/AS 8X USB2.0 DVD+/-RW Slim External Writer (White) Product Condition: New,https://www.vertexnetworking.co.uk/storage/product_images/67791566de321_Optical-Drives-Gen.webp,$81.65,SDRW-08D2S-U/WHT/G/AS,https://www.vertexnetworking.co.uk/product/sdrw-08d2s-u-wht-g-as-asus-sdrw-08d2s-u-wht-g-as-8x-usb2-0-dvd-rw-slim-external-writer-whites.html
Vertex Networking,TS-TB23L - HP 2nd HDD SSD Hard Drive Caddy Adapter for Envy 17t-2100 17-2090NR,TS-TB23L - HP 2nd HDD SSD Hard Drive Caddy Adapter for Envy 17t-2100 17-2090NR,https://www.vertexnetworking.co.uk/storage/product_images/6779156747021_Hard-drive-tray-gen.webp,$50.00,TS-TB23L,https://www.vertexnetworking.co.uk/product/ts-tb23l-hp-2nd-hdd-ssd-hard-drive-caddy-adapter-for-envy-17t-2100-17-2090nr.html
Vertex Networking,231196-001 - HP 16x/40X Speed IDE DVD ROM Optical Drive,231196-001 - HP 16x/40X Speed IDE DVD ROM Optical Drive,https://www.vertexnetworking.co.uk/storage/product_images/6779156755cce_Optical-Drives-Gen.webp,$95.00,231196-001,https://www.vertexnetworking.co.uk/product/231196-001-hp-16x-40x-speed-ide-dvd-rom-optical-drive.html
Vertex Networking,SE-208BW/AMBS - Samsung SE-208BW Smart Hub Wireless DVD/Video Streamer for Tablets (Refurbished),SE-208BW/AMBS - Samsung SE-208BW Smart Hub Wireless DVD/Video Streamer for Tablets (Refurbished),https://www.vertexnetworking.co.uk/storage/product_images/677915652efde_Optical-Drives-Gen.webp,Get a Quote for price,SE-208BW/AMBS,https://www.vertexnetworking.co.uk/product/samsung-se-208bw-smart-hub-wireless-dvd-video-streamer-for-tablets-refurbished-mfr-p-n-se-208bw-ambs.html
Vertex Networking,324782-001 - HP 48X Speed CD-RW /DVD ROM Optical Drive,324782-001 - HP 48X Speed CD-RW /DVD ROM Optical Drive,https://www.vertexnetworking.co.uk/storage/product_images/6779156772611_Optical-Drives-Gen.webp,$102.00,324782-001,https://www.vertexnetworking.co.uk/product/324782-001-hp-48x-speed-cd-rw-dvd-rom-optical-drive.html
Vertex Networking,331346-B21 - HP IDE / EIDE CD-RW/48x Speed DVD-ROM Optical Drive for ProLiant ML370 G4 Server,331346-B21 - HP IDE / EIDE CD-RW/48x Speed DVD-ROM Optical Drive for ProLiant ML370 G4 Server,https://www.vertexnetworking.co.uk/storage/product_images/6779156782ce8_Optical-Drives-Gen.webp,$102.00,331346-B21,https://www.vertexnetworking.co.uk/product/331346-b21-hp-ide-eide-cd-rw-48x-speed-dvd-rom-optical-drive-for-proliant-ml370-g4-server.html
Vertex Networking,JJ568 - Dell Media Base with 8X DVD-RW for Latitude D420 Notebook,JJ568 - Dell Media Base with 8X DVD-RW for Latitude D420 Notebook Product Condition: Refurbished,https://www.vertexnetworking.co.uk/storage/product_images/67791566cfce7_All-Docking-Station-%26-Replicators-Gen.webp,$286.00,JJ568,https://www.vertexnetworking.co.uk/product/jj568-dell-media-base-with-8x-dvd-rw-for-latitude-d420-notebook.html
Vertex Networking,HP 294766-9D1 24X Speed Slimline CD-RW/DVD-ROM Combo Optical Drive,HP 294766-9D1 24X Speed Slimline CD-RW/DVD-ROM Combo Optical Drive Product Condition: Refurbished,https://www.vertexnetworking.co.uk/storage/product_images/67791567373f9_Optical-Drives-Gen.webp,$66.62,294766-9D1,https://www.vertexnetworking.co.uk/product/294766-9d1-hp-24x-speed-slimline-cd-rw-dvd-rom-combo-optical-drives.html
Vertex Networking,Asus SDRW-08U9M-U/SIL USB2.0 Ultra Slim DVD+/-RW External Writer (Silver),Asus SDRW-08U9M-U/SIL USB2.0 Ultra Slim DVD+/-RW External Writer (Silver) Product Condition: New,https://www.vertexnetworking.co.uk/storage/product_images/677915653e09c_Optical-Drives-Gen.webp,$86.17,SDRW-08U9M-U/SIL,https://www.vertexnetworking.co.uk/product/sdrw-08u9m-u-sil-asus-sdrw-08u9m-u-sil-usb2-0-ultra-slim-dvd-rw-external-writer-silvers.html
Vertex Networking,"Asus DRW-24F1ST/BLK/B/GEN 24X SATA DVD+/-RW Internal Drive (Black),","Asus DRW-24F1ST/BLK/B/GEN 24X SATA DVD+/-RW Internal Drive (Black), Product Condition: New",https://www.vertexnetworking.co.uk/storage/product_images/67791566beb1e_Optical-Drives-Gen.webp,$68.87,DRW-24F1ST/BLK/B/GEN,https://www.vertexnetworking.co.uk/product/drw-24f1st-blk-b-gen-asus-drw-24f1st-blk-b-gen-24x-sata-dvd-rw-internal-drive-black-bulks.html
Vertex Networking,J49MN - Dell Latitude E4200 Media Base Dock With DVD-RW,J49MN - Dell Latitude E4200 Media Base Dock With DVD-RW Product Condition: Refurbished,https://www.vertexnetworking.co.uk/storage/product_images/67791566b05ca_J49MN-o.webp,$108.00,J49MN,https://www.vertexnetworking.co.uk/product/j49mn-dell-latitude-e4200-media-base-dock-with-dvd-rw.html
Vertex Networking,KJ410 - Dell Media Base with 8X DVD-RW,KJ410 - Dell Media Base with 8X DVD-RW Product Condition: Refurbished,https://www.vertexnetworking.co.uk/storage/product_images/6779156726ded_KJ410-o.webp,$67.00,KJ410,https://www.vertexnetworking.co.uk/product/kj410-dell-media-base-with-8x-dvd-rw.html
Vertex Networking,LG Electronics BH16NS40 16X SATA Blu-ray Internal Rewriter w/ 3D Playback & M-DISC Support,LG Electronics BH16NS40 16X SATA Blu-ray Internal Rewriter w/ 3D Playback & M-DISC Support Product Condition: New Miscellaneous,https://www.vertexnetworking.co.uk/storage/product_images/677915676413e_Optical-Drives-Gen.webp,$138.80,BH16NS40,https://www.vertexnetworking.co.uk/product/bh16ns40-lg-electronics-bh16ns40-16x-sata-blu-ray-internal-rewriter-w-3d-playback-m-disc-supports.html
Vertex Networking,"LG Electronics GS40N 8X SATA Slim Super-Multi DVD+/-RW Internal Drive,","LG Electronics GS40N 8X SATA Slim Super-Multi DVD+/-RW Internal Drive, Product Condition: New Miscellaneous",https://www.vertexnetworking.co.uk/storage/product_images/677915651f85e_Optical-Drives-Gen.webp,$91.43,GS40N,https://www.vertexnetworking.co.uk/product/gs40n-lg-electronics-gs40n-8x-sata-slim-super-multi-dvd-rw-internal-drive-bulks.html
Vertex Networking,"Asus DRW-24F1ST 24X SATA Internal DVD+/-RW Drive w/o Software, (Black)","Asus DRW-24F1ST 24X SATA Internal DVD+/-RW Drive w/o Software, (Black) Product Condition: New",https://www.vertexnetworking.co.uk/storage/product_images/6779156661e72_Optical-Drives-Gen.webp,$68.87,DRW-24F1ST/BLK/B/AS,https://www.vertexnetworking.co.uk/product/drw-24f1st-blk-b-as-asus-drw-24f1st-24x-sata-internal-dvd-rw-drive-w-o-software-bulk-blacks.html
Vertex Networking,"LG Electronics GH24NSC0B 24X SATA Super-Multi DVD Internal Rewriter,","LG Electronics GH24NSC0B 24X SATA Super-Multi DVD Internal Rewriter, Product Condition: New Miscellaneous",https://www.vertexnetworking.co.uk/storage/product_images/6779156502bd9_Optical-Drives-Gen.webp,$68.87,GH24NSC0B,https://www.vertexnetworking.co.uk/product/gh24nsc0b-lg-electronics-gh24nsc0b-24x-sata-super-multi-dvd-internal-rewriter-bulks.html
Vertex Networking,XM-4101BMY - IBM Cd Rom for ThinkPad Docking Station,XM-4101BMY - IBM Cd Rom for ThinkPad Docking Station,https://www.vertexnetworking.co.uk/storage/product_images/6779156551a72_All-Docking-Station-%26-Replicators-Gen.webp,$160.00,XM-4101BMY,https://www.vertexnetworking.co.uk/product/xm-4101bmy-ibm-cd-rom-for-thinkpad-docking-station.html
Vertex Networking,SDP72S - Toshiba SDP72S Portable dvd Player 6.9 TFT LCD dvd-R/RW CD-RW dvd Video CD-DA JPEG MP3 Playback Black (Refurbished),SDP72S - Toshiba SDP72S Portable dvd Player 6.9 TFT LCD dvd-R/RW CD-RW dvd Video CD-DA JPEG MP3 Playback Black (Refurbished),https://www.vertexnetworking.co.uk/storage/product_images/6779156511700_Optical-Drives-Gen.webp,Get a Quote for price,SDP72S,https://www.vertexnetworking.co.uk/product/toshiba-sdp72s-portable-dvd-player-6-9-tft-lcd-dvd-r-rw-cd-rw-dvd-video-cd-da-jpeg-mp3-playback-black-refurbished-mfr-p-n-sdp72s.html
Vertex Networking,Asus - 90DD027X-B10000 SDRW-08U1MT Internal DVD-Writer - Black,Asus - 90DD027X-B10000 SDRW-08U1MT Internal DVD-Writer - Black Product Condition: New Miscellaneous,https://www.vertexnetworking.co.uk/storage/product_images/67791563c8f03_Optical-Drives-Gen.webp,$74.14,90DD027X-B10000,https://www.vertexnetworking.co.uk/product/90dd027x-b10000-asus-sdrw-08u1mt-internal-dvd-writer-black.html
Vertex Networking,Asus SDRW-08D2S-U LITE External DVD-Writer,Asus SDRW-08D2S-U LITE External DVD-Writer Product Condition: New Miscellaneous,https://www.vertexnetworking.co.uk/storage/product_images/6779156412f58_Optical-Drives-Gen.webp,$86.17,90-DQ0435-UA221KZ,https://www.vertexnetworking.co.uk/product/asus-sdrw-08d2s-u-lite-external-dvd-writer.html
Vertex Networking,Asus 90DD01Y0-B20010 16x/48x/24x DVD+/-RW SATA Internal DVD-Writer,Product Condition: New Miscellaneous,https://www.vertexnetworking.co.uk/storage/product_images/677915639bb2d_Optical-Drives-Gen.webp,$71.13,90DD01Y0-B20010,https://www.vertexnetworking.co.uk/product/asus-90dd01y0-b20010-drw-24d5mt-sata-dvd-read-writer-black-optical-drive.html
Vertex Networking,Dell G567C Vostro 1510 IDE DVD+/- RW Optical Drive,Dell G567C Vostro 1510 IDE DVD+/- RW Optical Drive,https://www.vertexnetworking.co.uk/storage/product_images/677915647d997_Optical-Drives-Gen.webp,$108.00,G567C,https://www.vertexnetworking.co.uk/product/g567c-dell-vostro-1510-ide-dvd--rw-optical-drives.html
Vertex Networking,Asus DRW-24B3ST 24X Internal DVD+/- RW Drive (Black),Asus DRW-24B3ST 24X Internal DVD+/- RW Drive (Black) Product Condition: New,https://www.vertexnetworking.co.uk/storage/product_images/67791564d97f0_Optical-Drives-Gen.webp,$79.06,DRW-24B3ST/BLK/G/AS,https://www.vertexnetworking.co.uk/product/drw-24b3st-blk-g-as-asus-drw-24b3st-24x-internal-dvd-rw-drive-blacks.html
Vertex Networking,Dell 0HT141 XPS M1530 DVD-RW Optical Drive,Dell 0HT141 XPS M1530 DVD-RW Optical Drive,https://www.vertexnetworking.co.uk/storage/product_images/677915644d9a5_Optical-Drives-Gen.webp,$122.00,0HT141,https://www.vertexnetworking.co.uk/product/0ht141-dell-xps-m1530-dvd-rw-optical-drives.html
Vertex Networking,HP 461644-T30 12.7mm Internal Slim SATA DVD Drive,HP 461644-T30 12.7mm Internal Slim SATA DVD Drive,https://www.vertexnetworking.co.uk/storage/product_images/67791564e8734_Optical-Drives-Gen.webp,$95.00,461644-T30,https://www.vertexnetworking.co.uk/product/461644-t30-hp-12-7mm-internal-slim-sata-dvd-drives.html
Vertex Networking,294240-B21 - Compaq 4.3GB F3 Tht 80 PIN Sca,294240-B21 - Compaq 4.3GB F3 Tht 80 PIN Sca,https://www.vertexnetworking.co.uk/storage/product_images/6779156490466_Optical-Drives-Gen.webp,$88.00,294240-B21,https://www.vertexnetworking.co.uk/product/294240-b21-compaq-4-3gb-f3-tht-80-pin-sca.html
Vertex Networking,"LG Electronics WH16NS40 16X SATA Blu-ray Internal Rewriter, (Software Not Included)","LG Electronics WH16NS40 16X SATA Blu-ray Internal Rewriter, (Software Not Included) Product Condition: New Miscellaneous",https://www.vertexnetworking.co.uk/storage/product_images/677915646dc90_Optical-Drives-Gen.webp,$137.00,WH16NS40,https://www.vertexnetworking.co.uk/product/wh16ns40-lg-electronics-wh16ns40-16x-sata-blu-ray-internal-rewriter-bulk-software-not-includeds.html
Vertex Networking,0D420 - Dell Media Slice With Combo Drive,0D420 - Dell Media Slice With Combo Drive,https://www.vertexnetworking.co.uk/storage/product_images/67791563babde_Optical-Drives-Gen.webp,$72.00,0D420,https://www.vertexnetworking.co.uk/product/0d420-dell-media-slice-with-combo-drive.html
Vertex Networking,"Asus DRW-24B1STA 24X Internal DVD+/-RW Drive (Black), Miscellaneous","Asus DRW-24B1STA 24X Internal DVD+/-RW Drive (Black), Miscellaneous",https://www.vertexnetworking.co.uk/storage/product_images/67791563d68a9_Optical-Drives-Gen.webp,$102.00,DRW-24B1ST/BLK/B/AS,https://www.vertexnetworking.co.uk/product/drw-24b1st-blk-b-as-asus-drw-24b1sta-24x-internal-dvd-rw-drive-black-bulks.html
Vertex Networking,HP - F2B56ET External DVD-Writer - Black,HP - F2B56ET External DVD-Writer - Black Product Condition: New Miscellaneous,https://www.vertexnetworking.co.uk/storage/product_images/6779156431b84_Optical-Drives-Gen.webp,$113.98,F2B56ET,https://www.vertexnetworking.co.uk/product/f2b56et-hp-external-dvd-writer-black.html
Vertex Networking,Supermicro DVM-PLDS-DVDRW-SBT5 Philips Slim Black DVD-RW SATA Drive,Supermicro DVM-PLDS-DVDRW-SBT5 Philips Slim Black DVD-RW SATA Drive,https://www.vertexnetworking.co.uk/storage/product_images/677915642363f_Optical-Drives-Gen.webp,$132.00,DVM-PLDS-DVDRW-SBT5,https://www.vertexnetworking.co.uk/product/dvm-plds-dvdrw-sbt5-supermicro-dvm-plds-dvdrw-sbt5-philips-slim-black-dvd-rw-sata-drives.html
Vertex Networking,"IHAS124-14 Lite-On IHAS124-14 24X SATA Internal DVD+/-RW Drive, (Black)","IHAS124-14 Lite-On IHAS124-14 24X SATA Internal DVD+/-RW Drive, (Black)",https://www.vertexnetworking.co.uk/storage/product_images/677915643f9f2_Optical-Drives-Gen.webp,$108.00,IHAS124-14,https://www.vertexnetworking.co.uk/product/ihas124-14-lite-on-ihas124-14-24x-sata-internal-dvd-rw-drive-black.html
Vertex Networking,Asus - 90DD02A0-M29000 ZenDrive SDRW-08U9M-U DVD-Writer - Black,Asus - 90DD02A0-M29000 ZenDrive SDRW-08U9M-U DVD-Writer - Black Product Condition: New Miscellaneous,https://www.vertexnetworking.co.uk/storage/product_images/67791563e5a2f_Optical-Drives-Gen.webp,$98.95,90DD02A0-M29000,https://www.vertexnetworking.co.uk/product/90dd02a0-m29000-asus-zendrive-sdrw-08u9m-u-dvd-writer-black.html
Vertex Networking,HP 383696-002 24X Speed IDE Slimline CD-RW/DVD-ROM Combo Optical Drive,HP 383696-002 24X Speed IDE Slimline CD-RW/DVD-ROM Combo Optical Drive Product Condition: Refurbished Miscellaneous,https://www.vertexnetworking.co.uk/storage/product_images/677915649ea48_Optical-Drives-Gen.webp,$63.00,383696-002,https://www.vertexnetworking.co.uk/product/383696-002-hp-24x-speed-ide-slimline-cd-rw-dvd-rom-combo-optical-drives.html
Vertex Networking,LG GP65NS60 DVD±RW ±R DL DVD-RAM drive USB 2.0 external,Product Condition: New,https://www.vertexnetworking.co.uk/storage/product_images/67791563acbf9_Optical-Drives-Gen.webp,$81.42,GP65NS60,https://www.vertexnetworking.co.uk/product/gp65ns60-921032.html
Vertex Networking,Lite-On EBAU108-01 8X USB 2.0 Ultra Slim External DVD Writer (Black),Lite-On EBAU108-01 8X USB 2.0 Ultra Slim External DVD Writer (Black),https://www.vertexnetworking.co.uk/storage/product_images/67791563f3c90_Optical-Drives-Gen.webp,$125.00,EBAU108-11,https://www.vertexnetworking.co.uk/product/ebau108-11-lite-on-ebau108-01-8x-usb-2-0-ultra-slim-external-dvd-writer-blacks.html
Vertex Networking,Dell 0G567C Vostro 1510 IDE DVD+/- RW Optical Drive,Dell 0G567C Vostro 1510 IDE DVD+/- RW Optical Drive,https://www.vertexnetworking.co.uk/storage/product_images/677915645f70e_Optical-Drives-Gen.webp,$108.00,0G567C,https://www.vertexnetworking.co.uk/product/0g567c-dell-vostro-1510-ide-dvd--rw-optical-drives.html
Vertex Networking,"LG Electronics GTC0N 8X SATA Slim DVD Internal Drive w/ DVD Disc Playback & M-DISC Support, Miscellaneous","LG Electronics GTC0N 8X SATA Slim DVD Internal Drive w/ DVD Disc Playback & M-DISC Support, Miscellaneous",https://www.vertexnetworking.co.uk/storage/product_images/67791564ca818_Optical-Drives-Gen.webp,$92.00,GTC0N,https://www.vertexnetworking.co.uk/product/gtc0n-lg-electronics-gtc0n-8x-sata-slim-dvd-internal-drive-w-dvd-disc-playback-m-disc-support-bulks.html
Vertex Networking,Asus - 90DD01Y0-B10010 DRW-24D5MT Internal DVD-Writer - Black,Asus - 90DD01Y0-B10010 DRW-24D5MT Internal DVD-Writer - Black Product Condition: New Miscellaneous,https://www.vertexnetworking.co.uk/storage/product_images/677915637de6a_Optical-Drives-Gen.webp,$71.13,90DD01Y0-B10010,https://www.vertexnetworking.co.uk/product/90dd01y0-b10010-asus-drw-24d5mt-internal-dvd-writer-black.html
Vertex Networking,Vertax Networking is a leading computer hardware store offering top-quality server and PC components. Shop online for the latest innovations in technology and exceptional customer service.,Vertax Networking is a leading computer hardware store offering top-quality server and PC components. Shop online for the latest innovations in technology and exceptional customer service.,https://www.vertexnetworking.co.uk/storage/product_images/677915630b66d_Optical-Drives-Gen.webp,$130.00,784-BBBI,https://www.vertexnetworking.co.uk/product/dell-784-bbbi-usb-slim-dvd-drive-dw316-for-inspiron-chromebook-11-3181.html
Vertex Networking,Asus BW-16D1HT BDXL drive Serial ATA internal,Product Condition: New,https://www.vertexnetworking.co.uk/storage/product_images/67791562d43e0_Optical-Drives-Gen.webp,$146.32,BW-16D1HT,https://www.vertexnetworking.co.uk/product/bw-16d1ht-919395.html
Vertex Networking,Asus - 90DD01X2-M29000 SDRW-08U7M-U External DVD-Writer - Silver,Asus - 90DD01X2-M29000 SDRW-08U7M-U External DVD-Writer - Silver Product Condition: New Miscellaneous,https://www.vertexnetworking.co.uk/storage/product_images/6779156361bef_Optical-Drives-Gen.webp,$102.71,90DD01X2-M29000,https://www.vertexnetworking.co.uk/product/90dd01x2-m29000-asus-sdrw-08u7m-u-external-dvd-writer-silver.html
Vertex Networking,LG WP50NB40 BDXL drive USB 2.0 external,Product Condition: New,https://www.vertexnetworking.co.uk/storage/product_images/677915631975d_Optical-Drives-Gen.webp,$146.32,WP50NB40,https://www.vertexnetworking.co.uk/product/wp50nb40-921063.html
Vertex Networking,LG GP65NB60 DVD±RW ±R DL DVD-RAM drive USB 2.0 external,Product Condition: New,https://www.vertexnetworking.co.uk/storage/product_images/677915638cde8_Optical-Drives-Gen.webp,$81.42,GP65NB60,https://www.vertexnetworking.co.uk/product/gp65nb60-921030.html
Vertex Networking,LiteOn SOHD-16P9S 16x Speed DVD-Rom Optical Drive,LiteOn SOHD-16P9S 16x Speed DVD-Rom Optical Drive Product Condition: Refurbished,https://www.vertexnetworking.co.uk/storage/product_images/6779156353848_Optical-Drives-Gen.webp,$66.62,SOHD-16P9S,https://www.vertexnetworking.co.uk/product/sohd-16p9s-liteon-16x-speed-dvd-rom-optical-drives.html
Vertex Networking,Vertax Networking is a leading computer hardware store offering top-quality server and PC components. Shop online for the latest innovations in technology and exceptional customer service.,Vertax Networking is a leading computer hardware store offering top-quality server and PC components. Shop online for the latest innovations in technology and exceptional customer service.,https://www.vertexnetworking.co.uk/storage/product_images/677915632764c_Optical-Drives-Gen.webp,$92.00,GP57ES40.AHLE10B,https://www.vertexnetworking.co.uk/product/hitachi-gp57es40-ahle10b-lg-portable-dvd-writer-optical-drive.html
Vertex Networking,LG - GP60NB60.AUAE12B GP60NB60 Portable DVD-Writer - Black,LG - GP60NB60.AUAE12B GP60NB60 Portable DVD-Writer - Black,https://www.vertexnetworking.co.uk/storage/product_images/677915634403a_Optical-Drives-Gen.webp,$102.00,GP60NB60.AUAE12B,https://www.vertexnetworking.co.uk/product/gp60nb60-auae12b-lg-gp60nb60-portable-dvd-writer-black.html
Vertex Networking,Asus - 90DD0200-B20010 BW-16D1HT Internal Blu-ray Writer - Retail Pack - Black Miscellaneous,Asus - 90DD0200-B20010 BW-16D1HT Internal Blu-ray Writer - Retail Pack - Black Miscellaneous,https://www.vertexnetworking.co.uk/storage/product_images/6779156232bb1_Optical-Drives-Gen.webp,$328.00,90DD0200-B20010,https://www.vertexnetworking.co.uk/product/90dd0200-b20010-asus-bw-16d1ht-internal-blu-ray-writer-retail-pack-black.html
Vertex Networking,HP - K9Q83AA External DVD-Writer - Jack Black,HP - K9Q83AA External DVD-Writer - Jack Black Product Condition: New Miscellaneous,https://www.vertexnetworking.co.uk/storage/product_images/677915629862c_Optical-Drives-Gen.webp,$146.32,K9Q83AA,https://www.vertexnetworking.co.uk/product/k9q83aa-hp-external-dvd-writer-jack-black.html
Vertex Networking,Vertax Networking is a leading computer hardware store offering top-quality server and PC components. Shop online for the latest innovations in technology and exceptional customer service.,Vertax Networking is a leading computer hardware store offering top-quality server and PC components. Shop online for the latest innovations in technology and exceptional customer service.,https://www.vertexnetworking.co.uk/storage/product_images/677915628a059_Optical-Drives-Gen.webp,$112.00,SDRW-08U9M-U/SIL/G/AS/P2G,https://www.vertexnetworking.co.uk/product/asus-sdrw-08u9m-u-sil-g-as-p2g-zendrive-u9m-external-dvd-writer-silver-optical-drive.html
Vertex Networking,LG GP60NS50 DVD±RW ±R DL DVD-RAM drive USB 2.0 external,Product Condition: New,https://www.vertexnetworking.co.uk/storage/product_images/67791562b726a_Optical-Drives-Gen.webp,$80.15,GP60NS50,https://www.vertexnetworking.co.uk/product/gp60ns50-920902.html
Vertex Networking,Asus SDRW-08D2S-U/BLK/G/AS SDRW-08D2S-U DVD-RAM drive USB,Product Condition: New,https://www.vertexnetworking.co.uk/storage/product_images/67791562f12a7_Optical-Drives-Gen.webp,$80.15,SDRW-08D2S-U/BLK/G/AS,https://www.vertexnetworking.co.uk/product/sdrw-08d2s-ublkgas-919378.html
Vertex Networking,Dell 0K350J Qflix DVD Burner with CinemaNow Movie Download Inspiron/ Studio/ XPS Desktops / Studio/ Inspiron/ Studio/ XPS Laptops,Dell 0K350J Qflix DVD Burner with CinemaNow Movie Download Inspiron/ Studio/ XPS Desktops / Studio/ Inspiron/ Studio/ XPS Laptops,https://www.vertexnetworking.co.uk/storage/product_images/67791562a8f71_Optical-Drives-Gen.webp,$218.00,0K350J,https://www.vertexnetworking.co.uk/product/0k350j-dell-qflix-dvd-burner-with-cinemanow-movie-download-inspiron-studio-xps-desktops-studio-inspiron-studio-xps-laptopss.html
Vertex Networking,Asus SDRW-08U9M-U/BLK/G/AS/P2G ZenDrive U9M SDRW-08U9M-U DVD Drive,Product Condition: New,https://www.vertexnetworking.co.uk/storage/product_images/6779156336053_Optical-Drives-Gen.webp,$86.17,SDRW-08U9M-U/BLK/G/AS/P2G,https://www.vertexnetworking.co.uk/product/asus-sdrw-08u9m-u-blk-g-as-p2g-zendrive-u9m-ultra-slim-external-dvd-writer-black-optical-drive.html
Vertex Networking,MTT6M - Dell SATA 12.7mm Internal Slimline DVD+ RW Drive for PowerEdge R200 R210 R220 R300 Rack Server,MTT6M - Dell SATA 12.7mm Internal Slimline DVD+ RW Drive for PowerEdge R200 R210 R220 R300 Rack Server,https://www.vertexnetworking.co.uk/storage/product_images/67791562e2eed_Optical-Drives-Gen.webp,$125.00,MTT6M,https://www.vertexnetworking.co.uk/product/mtt6m-dell-sata-12-7mm-internal-slimline-dvd-rw-drive-for-poweredge-r200-r210-r220-r300-rack-server.html
Vertex Networking,LG GP60NB50 Super Multi DVD±RW ±R DL DVD-RAM drive USB,Product Condition: New,https://www.vertexnetworking.co.uk/storage/product_images/677915636fe59_Optical-Drives-Gen.webp,$82.99,GP60NB50,https://www.vertexnetworking.co.uk/product/gp60nb50-920901.html
Vertex Networking,Vertax Networking is a leading computer hardware store offering top-quality server and PC components. Shop online for the latest innovations in technology and exceptional customer service.,Vertax Networking is a leading computer hardware store offering top-quality server and PC components. Shop online for the latest innovations in technology and exceptional customer service.,https://www.vertexnetworking.co.uk/storage/product_images/67791562c6632_Optical-Drives-Gen.webp,$62.00,429-16715,https://www.vertexnetworking.co.uk/product/dell-429-16715-16x-dvd-rw-5-2-inch-disk-drive-for-optiplex-3020-precision.html
Vertex Networking,LG BH16NS40.ARAA10B Hitachi - Blu-Ray Writer Optical Drive Black,LG BH16NS40.ARAA10B Hitachi - Blu-Ray Writer Optical Drive Black,https://www.vertexnetworking.co.uk/storage/product_images/677915627bff7_Optical-Drives-Gen.webp,$188.00,BH16NS40.ARAA10B,https://www.vertexnetworking.co.uk/product/hitachi-bh16ns40-araa10b-lg-blu-ray-writer-optical-drive-black.html
Vertex Networking,Vertax Networking is a leading computer hardware store offering top-quality server and PC components. Shop online for the latest innovations in technology and exceptional customer service.,Vertax Networking is a leading computer hardware store offering top-quality server and PC components. Shop online for the latest innovations in technology and exceptional customer service.,https://www.vertexnetworking.co.uk/storage/product_images/677915624e1c1_Optical-Drives-Gen.webp,$215.00,90-DT20305-UA199KZ,https://www.vertexnetworking.co.uk/product/asus-90-dt20305-ua199kz-sbw-06d5h-u-ultra-slim-blue-ray-writer-black-optical-drive.html
Vertex Networking,LG GP65NW60 DVD±RW ±R DL DVD-RAM drive USB 2.0 external,Product Condition: New,https://www.vertexnetworking.co.uk/storage/product_images/67791561dd2aa_Optical-Drives-Gen.webp,$81.42,GP65NW60,https://www.vertexnetworking.co.uk/product/gp65nw60-921034.html
Vertex Networking,437577-B21 - HP BLc3000 DVD Drive,437577-B21 - HP BLc3000 DVD Drive,https://www.vertexnetworking.co.uk/storage/product_images/67791561896a9_Optical-Drives-Gen.webp,$145.00,437577-B21,https://www.vertexnetworking.co.uk/product/437577-b21-hp-blc3000-dvd-drive.html
Vertex Networking,Dell - 0ND504 - 16X DVD-RW IDE (Black Bezel) Firmware D108,Dell - 0ND504 - 16X DVD-RW IDE (Black Bezel) Firmware D108 Product Condition: Refurbished,https://www.vertexnetworking.co.uk/storage/product_images/67791561a4bbe_Optical-Drives-Gen.webp,$74.14,0ND504,https://www.vertexnetworking.co.uk/product/0nd504-dell-16x-dvd-rw-gwa-4164b-h-h-desktops.html
Vertex Networking,Asus - 90DD01L0-M69000 BW-16D1H-U PRO External Blu-ray Writer - Black,Asus - 90DD01L0-M69000 BW-16D1H-U PRO External Blu-ray Writer - Black,https://www.vertexnetworking.co.uk/storage/product_images/677915614f18c_Optical-Drives-Gen.webp,$162.00,90DD01L0-M69000,https://www.vertexnetworking.co.uk/product/90dd01l0-m69000-asus-bw-16d1h-u-pro-external-blu-ray-writer-black.html
Vertex Networking,LG BH16NS55.AHLU10B Hitachi - Blu-Ray Writer Optical Drive Black,LG BH16NS55.AHLU10B Hitachi - Blu-Ray Writer Optical Drive Black,https://www.vertexnetworking.co.uk/storage/product_images/677915625dfbf_Optical-Drives-Gen.webp,$205.00,BH16NS55.AHLU10B,https://www.vertexnetworking.co.uk/product/hitachi-bh16ns55-ahlu10b-lg-blu-ray-writer-optical-drive-black.html
Vertex Networking,Dell RN286 8x IDE DVD Rewritable Optical Drive for Precision/Latitude Series,Dell RN286 8x IDE DVD Rewritable Optical Drive for Precision/Latitude Series,https://www.vertexnetworking.co.uk/storage/product_images/6779156203e4f_Optical-Drives-Gen.webp,$122.00,RN286,https://www.vertexnetworking.co.uk/product/dell-rn286-8x-slimline-ide-internal-dvd-rw-drive-for-latitude-d-series.html
Vertex Networking,Dell 0HX871 16x DVD Player/ DVD-ROM (sata) for Vostro 200,Dell 0HX871 16x DVD Player/ DVD-ROM (sata) for Vostro 200 Product Condition: Refurbished,https://www.vertexnetworking.co.uk/storage/product_images/6779156140a01_Optical-Drives-Gen.webp,$74.14,0HX871,https://www.vertexnetworking.co.uk/product/0hx871-dell-16x-dvd-player-dvd-rom-sata-for-vostro-200s.html
Vertex Networking,Dell - 0N1192 - 48X32X IDE 5.25-Inch Internal CD-RW Drive,Dell - 0N1192 - 48X32X IDE 5.25-Inch Internal CD-RW Drive Product Condition: Refurbished,https://www.vertexnetworking.co.uk/storage/product_images/67791561c250a_Optical-Drives-Gen.webp,$66.62,0N1192,https://www.vertexnetworking.co.uk/product/0n1192-dell-48x32x-ide-5-25-inch-internal-cd-rw-drive-black-s.html
Vertex Networking,Dell 0FH495 48X Half Height CD-RW Drive for OptiPlex 210L,Dell 0FH495 48X Half Height CD-RW Drive for OptiPlex 210L Product Condition: Refurbished,https://www.vertexnetworking.co.uk/storage/product_images/67791560df385_Optical-Drives-Gen.webp,$66.62,0FH495,https://www.vertexnetworking.co.uk/product/0fh495-dell-48x-half-height-cd-rw-drive-for-optiplex-210ls.html
Vertex Networking,Dell - 0J239T - 16x DVDÃ‚Â±RW Dual Layer SATA Optical Drive,Dell - 0J239T - 16x DVDÃ‚Â±RW Dual Layer SATA Optical Drive Product Condition: Refurbished,https://www.vertexnetworking.co.uk/storage/product_images/677915615cdf8_Optical-Drives-Gen.webp,$66.62,0J239T,https://www.vertexnetworking.co.uk/product/0j239t-dell-16x-sata-dvd-rw-drives.html
Vertex Networking,Dell - 064EDM - 8X CD-RW and CD-ROM Unit,Dell - 064EDM - 8X CD-RW and CD-ROM Unit Product Condition: Refurbished,https://www.vertexnetworking.co.uk/storage/product_images/6779156178b10_Optical-Drives-Gen.webp,$96.69,064EDM,https://www.vertexnetworking.co.uk/product/064edm-dell-8x-cd-rw-and-cd-rom-units.html
Vertex Networking,Dell W637M Slimline DVD/CD-RW SATA Drive for PowerEdge Server,Dell W637M Slimline DVD/CD-RW SATA Drive for PowerEdge Server,https://www.vertexnetworking.co.uk/storage/product_images/6779156224006_Optical-Drives-Gen.webp,$105.00,W637M,https://www.vertexnetworking.co.uk/product/dell-w637m-slimline-dvd-cd-rw-sata-drive-for-poweredge-server.html
Vertex Networking,GT10N 8x DVD±RW Super-Multi Slim Drive - (Double-layer) - DVD-RAM/±R/±RW - 8x 8x 8x (DVD) - 24x 24x 24x (CD) - Serial ATA - Internal - Black - Bulk,GT10N 8x DVD±RW Super-Multi Slim Drive - (Double-layer) - DVD-RAM/±R/±RW - 8x 8x 8x (DVD) - 24x 24x 24x (CD) - Serial ATA - Internal - Black - Bulk,https://www.vertexnetworking.co.uk/storage/product_images/677915624064c_Optical-Drives-Gen.webp,$90.00,GT10N,https://www.vertexnetworking.co.uk/product/dell-gt10n-dvd-cd-rw-layer-2-sata-optical-drive.html
Vertex Networking,BU516AA - HP Mobile USB DVD RW Optical Drive,BU516AA - HP Mobile USB DVD RW Optical Drive,https://www.vertexnetworking.co.uk/storage/product_images/67791561b2c23_Optical-Drives-Gen.webp,$108.00,BU516AA,https://www.vertexnetworking.co.uk/product/bu516aa-hp-mobile-usb-dvd-rw-optical-drive.html
Vertex Networking,Vertax Networking is a leading computer hardware store offering top-quality server and PC components. Shop online for the latest innovations in technology and exceptional customer service.,Vertax Networking is a leading computer hardware store offering top-quality server and PC components. Shop online for the latest innovations in technology and exceptional customer service.,https://www.vertexnetworking.co.uk/storage/product_images/677915616aff5_Optical-Drives-Gen.webp,$115.00,DS-8A8SH,https://www.vertexnetworking.co.uk/product/dell-ds-8a8sh-dvd-rw-slimline-optical-drive-for-poweredge-r410.html
Vertex Networking,Asus - 90DD0200-B30000 BW-16D1HT Internal Blu-ray Writer - Bulk Pack - Black Miscellaneous,Asus - 90DD0200-B30000 BW-16D1HT Internal Blu-ray Writer - Bulk Pack - Black Miscellaneous,https://www.vertexnetworking.co.uk/storage/product_images/677915626cd7d_Optical-Drives-Gen.webp,$222.00,90DD0200-B30000,https://www.vertexnetworking.co.uk/product/90dd0200-b30000-asus-bw-16d1ht-internal-blu-ray-writer-bulk-pack-black.html
Vertex Networking,2ZK26AA - HP 9.5mm Slim DVD-Writer Drive,2ZK26AA - HP 9.5mm Slim DVD-Writer Drive,https://www.vertexnetworking.co.uk/storage/product_images/67791561eab7b_Optical-Drives-Gen.webp,$122.00,2ZK26AA,https://www.vertexnetworking.co.uk/product/2zk26aa-hp-9-5mm-slim-dvd-writer-drive.html
Vertex Networking,583250-001 - HP DVD-RW/+RW Super Multi Dual Layer Lightscribe SATA Optical Drive,583250-001 - HP DVD-RW/+RW Super Multi Dual Layer Lightscribe SATA Optical Drive,https://www.vertexnetworking.co.uk/storage/product_images/67791561cfcac_Optical-Drives-Gen.webp,$78.00,583250-001,https://www.vertexnetworking.co.uk/product/583250-001-hp-dvd-rw-rw-super-multi-dual-layer-lightscribe-sata-optical-drive.html
Vertex Networking,Asus SDRW-08D2S-U LITE External DVD-Writer - Black,Asus SDRW-08D2S-U LITE External DVD-Writer - Black,https://www.vertexnetworking.co.uk/storage/product_images/6779156211a73_Optical-Drives-Gen.webp,$112.00,SDRW-08D2S-U,https://www.vertexnetworking.co.uk/product/asus-sdrw-08d2s-u-lite-external-dvd-writer-black.html
Vertex Networking,Dell - 0H325T - 16x SATA DVD-RW Dual Layer Optical Drive,Dell - 0H325T - 16x SATA DVD-RW Dual Layer Optical Drive Product Condition: Refurbished,https://www.vertexnetworking.co.uk/storage/product_images/6779156107fa5_Optical-Drives-Gen.webp,$66.62,0H325T,https://www.vertexnetworking.co.uk/product/0h325t-dell-16x-sata-dvd-rw-dual-layer-optical-drives.html
Vertex Networking,Dell - 0MK723 - 24X CD-RW+DVD Combo Drive,Dell - 0MK723 - 24X CD-RW+DVD Combo Drive Product Condition: Refurbished,https://www.vertexnetworking.co.uk/storage/product_images/6779156072db4_Optical-Drives-Gen.webp,$149.32,0MK723,https://www.vertexnetworking.co.uk/product/0mk723-dell-24x-cd-rw-dvd-combo-drives.html
Vertex Networking,Dell 0M7704 8X DVD+/-RW,Dell 0M7704 8X DVD+/-RW Product Condition: Refurbished,https://www.vertexnetworking.co.uk/storage/product_images/6779156132945_Optical-Drives-Gen.webp,$61.35,0M7704,https://www.vertexnetworking.co.uk/product/0m7704-dell-8x-dvd-rws.html
Vertex Networking,Dell - 0P5266 - 48X IDE CD-RW 5.25-Inch Optical Drive,Dell - 0P5266 - 48X IDE CD-RW 5.25-Inch Optical Drive Product Condition: Refurbished,https://www.vertexnetworking.co.uk/storage/product_images/6779156055a9e_Optical-Drives-Gen.webp,$72.63,0P5266,https://www.vertexnetworking.co.uk/product/0p5266-dell-cd-rw-48x-ide-hh-01s.html
Vertex Networking,Dell - 09Y700 - Slimline 1.44MB Floppy Drive with Tray for PowerEdge 1750,Dell - 09Y700 - Slimline 1.44MB Floppy Drive with Tray for PowerEdge 1750 Product Condition: Refurbished,https://www.vertexnetworking.co.uk/storage/product_images/67791560644de_Optical-Drives-Gen.webp,$66.62,09Y700,https://www.vertexnetworking.co.uk/product/09y700-dell-1-44mb-floppy-drive-for-poweredge-1750s.html
Vertex Networking,Dell - 0MU184 - CD-RW DVD-ROM Disk Drive for PowerEdge R300,Dell - 0MU184 - CD-RW DVD-ROM Disk Drive for PowerEdge R300 Product Condition: Refurbished,https://www.vertexnetworking.co.uk/storage/product_images/6779156116175_Optical-Drives-Gen.webp,$66.62,0MU184,https://www.vertexnetworking.co.uk/product/0mu184-dell-cd-r-with-dvd-sata-drives.html
Vertex Networking,Dell - 0DKC2X - DVDRW/CDRW Combo for Latitude E6330/E6430,Dell - 0DKC2X - DVDRW/CDRW Combo for Latitude E6330/E6430 Product Condition: Refurbished,https://www.vertexnetworking.co.uk/storage/product_images/67791560c0d64_Optical-Drives-Gen.webp,$74.14,0DKC2X,https://www.vertexnetworking.co.uk/product/0dkc2x-dell-dvdrw-cdrw-combo-for-latitude-e6330-e6430.html
Vertex Networking,Dell - 05R212 - OptiPlex GX260 1.44MB Floppy Disk Drive,Dell - 05R212 - OptiPlex GX260 1.44MB Floppy Disk Drive Product Condition: Refurbished,https://www.vertexnetworking.co.uk/storage/product_images/67791560b3443_Optical-Drives-Gen.webp,$131.28,05R212,https://www.vertexnetworking.co.uk/product/05r212-dell-1-44mb-floppy-disk-drive-for-optiplex-gx260s.html
Vertex Networking,Dell - 05U692 - OptiPlex GX270 / 280 1.44MB 3.5-Inch Floppy Disk Drive,Dell - 05U692 - OptiPlex GX270 / 280 1.44MB 3.5-Inch Floppy Disk Drive Product Condition: Refurbished,https://www.vertexnetworking.co.uk/storage/product_images/67791561234d5_Optical-Drives-Gen.webp,$66.62,05U692,https://www.vertexnetworking.co.uk/product/05u692-dell-1-44mb-floppy-disk-drive-for-optiplex-gx270-280s.html
Vertex Networking,Dell - 08J278 - OptiPlex GX60 / GX260 Slimline 1.44MB 3.5-Inch Floppy Drive,Dell - 08J278 - OptiPlex GX60 / GX260 Slimline 1.44MB 3.5-Inch Floppy Drive Product Condition: Refurbished,https://www.vertexnetworking.co.uk/storage/product_images/6779155ff2a86_Optical-Drives-Gen.webp,$140.30,08J278,https://www.vertexnetworking.co.uk/product/08j278-dell-slimline-1-44mb-floppy-drive-for-optiplex-gx60-gx260s.html
Vertex Networking,Dell 0K2664 24X CD-R W/ DVD Combo Drive,Dell 0K2664 24X CD-R W/ DVD Combo Drive Product Condition: Refurbished,https://www.vertexnetworking.co.uk/storage/product_images/67791560ee06c_Optical-Drives-Gen.webp,$66.62,0K2664,https://www.vertexnetworking.co.uk/product/0k2664-dell-24x-cd-r-w-dvd-combo-drives.html
Vertex Networking,Dell 04XN9N 8x DVD+-RW / BD-ROM SATA Internal Drive for Aurora R3,Dell 04XN9N 8x DVD+-RW / BD-ROM SATA Internal Drive for Aurora R3 Product Condition: Refurbished,https://www.vertexnetworking.co.uk/storage/product_images/6779156029e37_Optical-Drives-Gen.webp,$119.25,04XN9N,https://www.vertexnetworking.co.uk/product/04xn9n-dell-8x-dvd-rw-bd-rom-sata-internal-drive-for-aurora-r3s.html
Vertex Networking,Dell 0D7810 CD-RW/DVD 48x32 Hh Hlds Mg V2,Dell 0D7810 CD-RW/DVD 48x32 Hh Hlds Mg V2 Product Condition: Refurbished,https://www.vertexnetworking.co.uk/storage/product_images/67791560a5b52_Optical-Drives-Gen.webp,$66.62,0D7810,https://www.vertexnetworking.co.uk/product/0d7810-dell-cd-rw-dvd-48x32-hh-hlds-mg-v2s.html
Vertex Networking,Dell - 0P6729 - 24X DVD/CD-RW Combo Drive for Inspiron 1200 Series,Dell - 0P6729 - 24X DVD/CD-RW Combo Drive for Inspiron 1200 Series Product Condition: Refurbished,https://www.vertexnetworking.co.uk/storage/product_images/6779156098553_Optical-Drives-Gen.webp,$108.72,0P6729,https://www.vertexnetworking.co.uk/product/0p6729-dell-24x-cdrw-dvd-combos.html
Vertex Networking,Dell 092X1G SATA Slim DVD-ROM Optical Drive for PowerEdge R620,Dell 092X1G SATA Slim DVD-ROM Optical Drive for PowerEdge R620 Product Condition: Refurbished,https://www.vertexnetworking.co.uk/storage/product_images/67791560cec65_Optical-Drives-Gen.webp,$66.62,092X1G,https://www.vertexnetworking.co.uk/product/092x1g-dell-sata-slim-dvd-rom-optical-drive-for-poweredge-r620s.html
Vertex Networking,Dell - 05T136 - 24X CD-ROM Unit and CD-RW Unit,Dell - 05T136 - 24X CD-ROM Unit and CD-RW Unit Product Condition: Refurbished,https://www.vertexnetworking.co.uk/storage/product_images/6779156047a71_Optical-Drives-Gen.webp,$151.58,05T136,https://www.vertexnetworking.co.uk/product/05t136-dell-24x-cd-rom-unit-and-cd-rw-units.html
Vertex Networking,Dell 08TVR1 DVDrw Latitude E6520,Dell 08TVR1 DVDrw Latitude E6520 Product Condition: New,https://www.vertexnetworking.co.uk/storage/product_images/677915601ae70_Optical-Drives-Gen.webp,$116.24,08TVR1,https://www.vertexnetworking.co.uk/product/08tvr1-dell-dvdrw-latitude-e6520s.html
Vertex Networking,Dell 0CPHDT DVDRW Assembly DVD+/-RW,Dell 0CPHDT DVDRW Assembly DVD+/-RW Product Condition: New,https://www.vertexnetworking.co.uk/storage/product_images/6779156081bb1_Optical-Drives-Gen.webp,$86.17,0CPHDT,https://www.vertexnetworking.co.uk/product/0cphdt-dell-dvdrw-assembly-dvd-rws.html
Vertex Networking,Dell 0FY13D 16x SATA DVD-RW Drive,Dell 0FY13D 16x SATA DVD-RW Drive Product Condition: Refurbished,https://www.vertexnetworking.co.uk/storage/product_images/677915600cd87_Optical-Drives-Gen.webp,$81.65,0FY13D,https://www.vertexnetworking.co.uk/product/0fy13d-dell-16x-sata-dvd-rw-drives.html
Vertex Networking,Dell - 0N5913 - 24X CDRW/DVD Combo Drive for Dell Latitude,Dell - 0N5913 - 24X CDRW/DVD Combo Drive for Dell Latitude Product Condition: Refurbished,https://www.vertexnetworking.co.uk/storage/product_images/6779156039b93_Optical-Drives-Gen.webp,$66.62,0N5913,https://www.vertexnetworking.co.uk/product/0n5913-dell-assembly-cdrw-dvd-24x-bpks.html
Vertex Networking,Dell - 05P012 - 40X CD-ROM Unit and CD-RW Unit,Dell - 05P012 - 40X CD-ROM Unit and CD-RW Unit Product Condition: Refurbished,https://www.vertexnetworking.co.uk/storage/product_images/6779155e9a1dc_Optical-Drives-Gen.webp,$149.32,05P012,https://www.vertexnetworking.co.uk/product/05p012-dell-40x-cd-rom-unit-and-cd-rw-units.html
Vertex Networking,0979NK - Dell 8X CD-RW and CD-ROM Unit,0979NK - Dell 8X CD-RW and CD-ROM Unit Product Condition: Refurbished,https://www.vertexnetworking.co.uk/storage/product_images/6779155e64935_Optical-Drives-Gen.webp,$74.14,0979NK,https://www.vertexnetworking.co.uk/product/0979nk-dell-8x-cd-rw-and-cd-rom-unit.html
Vertex Networking,Dell - 045UXR - 8x/4x/32x Speed CD-RW Optical Drive,Dell - 045UXR - 8x/4x/32x Speed CD-RW Optical Drive Product Condition: Refurbished,https://www.vertexnetworking.co.uk/storage/product_images/6779155eb59b8_Optical-Drives-Gen.webp,$149.32,045UXR,https://www.vertexnetworking.co.uk/product/045uxr-dell-8x-cd-rw-and-cd-rom-units.html
Vertex Networking,Dell 00T730 24X CD-ROM Unit and CD-RW Unit,Dell 00T730 24X CD-ROM Unit and CD-RW Unit Product Condition: Refurbished,https://www.vertexnetworking.co.uk/storage/product_images/6779155df2ffa_Optical-Drives-Gen.webp,$131.28,00T730,https://www.vertexnetworking.co.uk/product/00t730-dell-24x-cd-rom-unit-and-cd-rw-units.html
Vertex Networking,Dell - 02P509 - 40X CD-ROM Unit and CD-RW Unit,Dell - 02P509 - 40X CD-ROM Unit and CD-RW Unit Product Condition: Refurbished,https://www.vertexnetworking.co.uk/storage/product_images/6779155ed0157_Optical-Drives-Gen.webp,$149.32,02P509,https://www.vertexnetworking.co.uk/product/02p509-dell-40x-cd-rom-unit-and-cd-rw-units.html
Vertex Networking,Dell 0H7531 D Bay External Powered USB Media Drive Bay Housing WW,Dell 0H7531 D Bay External Powered USB Media Drive Bay Housing WW Product Condition: Refurbished,https://www.vertexnetworking.co.uk/storage/product_images/6779155e7e661_0H7531-o.webp,$80.15,0H7531,https://www.vertexnetworking.co.uk/product/0h7531-dell-d-bay-external-powered-usb-media-drive-bay-housing-wws.html
Vertex Networking,Dell - 096N9F - 16X DVD+/-RW Drive Dual Layer SATA Optical Drive Black Bezel,Dell - 096N9F - 16X DVD+/-RW Drive Dual Layer SATA Optical Drive Black Bezel Product Condition: Refurbished,https://www.vertexnetworking.co.uk/storage/product_images/6779155e53a2d_Optical-Drives-Gen.webp,$66.62,096N9F,https://www.vertexnetworking.co.uk/product/096n9f-dell-16x-dvd-rw-drive-dual-layer-sata-optical-drive-black-bezels.html
Vertex Networking,Dell 05K4C3 SATA DVD-ROM Ultra Slimline Drive for PowerEdge R620 Server,Dell 05K4C3 SATA DVD-ROM Ultra Slimline Drive for PowerEdge R620 Server Product Condition: Refurbished,https://www.vertexnetworking.co.uk/storage/product_images/6779155ec274a_Optical-Drives-Gen.webp,$66.62,05K4C3,https://www.vertexnetworking.co.uk/product/05k4c3-dell-sata-dvd-rom-ultra-slimline-drive-for-poweredge-r620-servers.html
Vertex Networking,Dell - 0YYCRW - Slim 9.5MM DVD/RW Optical Drive for OptiPlex 7040,Dell - 0YYCRW - Slim 9.5MM DVD/RW Optical Drive for OptiPlex 7040 Product Condition: Refurbished,https://www.vertexnetworking.co.uk/storage/product_images/6779155fb9a92_0YYCRW-o.webp,$66.62,0YYCRW,https://www.vertexnetworking.co.uk/product/0yycrw-dell-slim-9-5mm-dvd-rw-optical-drive-for-optiplex-7040s.html
Vertex Networking,Dell - 02YD8R - 16x DVD+/-RW 5.25-Inch Internal DVD-Writer Drive,Dell - 02YD8R - 16x DVD+/-RW 5.25-Inch Internal DVD-Writer Drive Product Condition: Refurbished,https://www.vertexnetworking.co.uk/storage/product_images/6779155fc7aba_Optical-Drives-Gen.webp,$81.65,02YD8R,https://www.vertexnetworking.co.uk/product/02yd8r-dell-sata-black-dvd-rw-drives.html
Vertex Networking,Dell - 00H58R - 8x DVD-RW Slimline SATA Drive for OptiPlex 990 USFF,Dell - 00H58R - 8x DVD-RW Slimline SATA Drive for OptiPlex 990 USFF Product Condition: Refurbished,https://www.vertexnetworking.co.uk/storage/product_images/6779155fe3a9a_Optical-Drives-Gen.webp,$81.65,00H58R,https://www.vertexnetworking.co.uk/product/00h58r-dell-8x-dvd-rw-slim-line-drive-for-optiplex-990-usffs.html
Vertex Networking,Dell - 07YNX2 - 16x DVDÃ‚Â±RW SATA Internal Optical Drive,Dell - 07YNX2 - 16x DVDÃ‚Â±RW SATA Internal Optical Drive Product Condition: Refurbished,https://www.vertexnetworking.co.uk/storage/product_images/6779155eeaf58_Optical-Drives-Gen.webp,$66.62,07YNX2,https://www.vertexnetworking.co.uk/product/07ynx2-dell-16x-dvd-rw-drives.html
Vertex Networking,Dell - 00Y757 - 16X/48X/24X/48X IDE CD-RW/DVD-ROM Drive Black Bezel,Dell - 00Y757 - 16X/48X/24X/48X IDE CD-RW/DVD-ROM Drive Black Bezel Product Condition: Refurbished,https://www.vertexnetworking.co.uk/storage/product_images/6779155ea839b_Optical-Drives-Gen.webp,$66.62,00Y757,https://www.vertexnetworking.co.uk/product/00y757-dell-16x-48x-24x-48x-ide-cd-rw-dvd-rom-combo-drive-black-s.html
Vertex Networking,Dell 07GX16 Cd-rw/DVD+RW Drive SATA,Dell 07GX16 Cd-rw/DVD+RW Drive SATA Product Condition: Refurbished,https://www.vertexnetworking.co.uk/storage/product_images/6779155fd5a7f_Optical-Drives-Gen.webp,$66.62,07GX16,https://www.vertexnetworking.co.uk/product/07gx16-dell-cd-rw-dvd-rw-drive-satas.html
Vertex Networking,Dell - 0UC793 - External CD/DVD Rewritable Combo Drive for Latitude,Dell - 0UC793 - External CD/DVD Rewritable Combo Drive for Latitude Product Condition: Refurbished,https://www.vertexnetworking.co.uk/storage/product_images/6779155f61eb2_UC793-o.webp,$66.62,0UC793,https://www.vertexnetworking.co.uk/product/0uc793-dell-bay-external-powered-usb-media-drive-bay-housings.html
Vertex Networking,Dell 09X723 48X CD-RW and DVD Combo,Dell 09X723 48X CD-RW and DVD Combo Product Condition: Refurbished,https://www.vertexnetworking.co.uk/storage/product_images/6779155e71bff_Optical-Drives-Gen.webp,$149.32,09X723,https://www.vertexnetworking.co.uk/product/09x723-dell-48x-cd-rw-and-dvd-combos.html
Vertex Networking,Dell - 00K898 - Slimline 1.44MB 3.5-Inch Floppy Disk Drive F3 Vz for PowerEdge 2600 / 2650,Dell - 00K898 - Slimline 1.44MB 3.5-Inch Floppy Disk Drive F3 Vz for PowerEdge 2600 / 2650 Product Condition: Refurbished,https://www.vertexnetworking.co.uk/storage/product_images/6779155e8c20b_Optical-Drives-Gen.webp,$74.14,00K898,https://www.vertexnetworking.co.uk/product/00k898-dell-slimline-1-44mb-3-5-inch-floppy-disk-drive-f3-vz-for-poweredge-2600-2650s.html
Vertex Networking,Dell 0GC253 24X CD-RW/DVD Combo Drive (RoHS),Dell 0GC253 24X CD-RW/DVD Combo Drive (RoHS) Product Condition: Refurbished,https://www.vertexnetworking.co.uk/storage/product_images/6779155e1b893_Optical-Drives-Gen.webp,$66.62,0GC253,https://www.vertexnetworking.co.uk/product/0gc253-dell-24x-cd-rw-dvd-combo-drive-rohs-s.html
Vertex Networking,Dell 01X764 48X CD-ROM Unit and CD-RW Unit,Dell 01X764 48X CD-ROM Unit and CD-RW Unit Product Condition: Refurbished,https://www.vertexnetworking.co.uk/storage/product_images/6779155f72687_Optical-Drives-Gen.webp,$108.72,01X764,https://www.vertexnetworking.co.uk/product/01x764-dell-48x-cd-rom-unit-and-cd-rw-units.html
Vertex Networking,Dell - 0RC221 - 24X 4G CD-RW/DVD IDE ROM Drive,Dell - 0RC221 - 24X 4G CD-RW/DVD IDE ROM Drive Product Condition: Refurbished,https://www.vertexnetworking.co.uk/storage/product_images/6779155edde2e_Optical-Drives-Gen.webp,$66.62,0RC221,https://www.vertexnetworking.co.uk/product/0rc221-dell-cd-rw-dvd-4g-24x-ide-drives.html
Vertex Networking,Dell 00U827 24X CD-ROM Unit and CD-RW Unit,Dell 00U827 24X CD-ROM Unit and CD-RW Unit Product Condition: Refurbished,https://www.vertexnetworking.co.uk/storage/product_images/6779155d584e6_Optical-Drives-Gen.webp,$74.14,00U827,https://www.vertexnetworking.co.uk/product/00u827-dell-24x-cd-rom-unit-and-cd-rw-units.html
Vertex Networking,Dell 0H2606 8X SATA Slimline CD-RW/DVD Combo Drive (Black),Dell 0H2606 8X SATA Slimline CD-RW/DVD Combo Drive (Black) Product Condition: Refurbished,https://www.vertexnetworking.co.uk/storage/product_images/6779155cec5b7_Optical-Drives-Gen.webp,$74.14,0H2606,https://www.vertexnetworking.co.uk/product/0h2606-dell-8x-sata-slimline-cd-rw-dvd-combo-drive-black-s.html
Vertex Networking,Dell - 0H8074 - OptiPlex GX270 Slimline 1.44MB Floppy Drive,Dell - 0H8074 - OptiPlex GX270 Slimline 1.44MB Floppy Drive Product Condition: Refurbished,https://www.vertexnetworking.co.uk/storage/product_images/6779155d9e6bb_Optical-Drives-Gen.webp,$66.62,0H8074,https://www.vertexnetworking.co.uk/product/0h8074-dell-slimline-1-44mb-floppy-drives.html
Vertex Networking,Dell 01KH35 Inspiron 5040 SATA DVD-RW Drive,Dell 01KH35 Inspiron 5040 SATA DVD-RW Drive Product Condition: Refurbished,https://www.vertexnetworking.co.uk/storage/product_images/6779155d73e82_Optical-Drives-Gen.webp,$66.62,01KH35,https://www.vertexnetworking.co.uk/product/01kh35-dell-inspiron-5040-sata-dvd-rw-drives.html
Vertex Networking,Dell 013CFY 4X CD-RW Drive for Laptop,Dell 013CFY 4X CD-RW Drive for Laptop Product Condition: Refurbished,https://www.vertexnetworking.co.uk/storage/product_images/6779155d3bea4_Optical-Drives-Gen.webp,$66.62,013CFY,https://www.vertexnetworking.co.uk/product/013cfy-dell-4x-cd-rw-drive-for-laptops.html
Vertex Networking,Dell 01J322 DVD+RW 4.7G IDE 5.25-inch Form Factor Drive,Dell 01J322 DVD+RW 4.7G IDE 5.25-inch Form Factor Drive Product Condition: Refurbished,https://www.vertexnetworking.co.uk/storage/product_images/6779155d05e6b_Optical-Drives-Gen.webp,$102.71,01J322,https://www.vertexnetworking.co.uk/product/01j322-dell-dvd-rw-4-7g-ide-5-25-inch-form-factor-drives.html
Vertex Networking,Dell 0H426H Assembly DVD+/-rwbare Toshiba,Dell 0H426H Assembly DVD+/-rwbare Toshiba Product Condition: Refurbished,https://www.vertexnetworking.co.uk/storage/product_images/6779155d49c44_Optical-Drives-Gen.webp,$101.20,0H426H,https://www.vertexnetworking.co.uk/product/0h426h-dell-assembly-dvd-rwbare-toshibas.html
Vertex Networking,Dell 007FJM SFF Slim line SATA DVD-RW Drive,Dell 007FJM SFF Slim line SATA DVD-RW Drive Product Condition: Refurbished,https://www.vertexnetworking.co.uk/storage/product_images/6779155db933e_Optical-Drives-Gen.webp,$72.63,007FJM,https://www.vertexnetworking.co.uk/product/007fjm-dell-sff-slim-line-sata-dvd-rw-drives.html
Vertex Networking,Dell 00TT2M 8x SATA DVD-RW Dual Layer Drive for Inspiron N7110 17,Dell 00TT2M 8x SATA DVD-RW Dual Layer Drive for Inspiron N7110 17 Product Condition: Refurbished,https://www.vertexnetworking.co.uk/storage/product_images/6779155e29ac0_Optical-Drives-Gen.webp,$66.62,00TT2M,https://www.vertexnetworking.co.uk/product/00tt2m-dell-8x-sata-dvd-rw-dual-layer-drive-for-inspiron-n7110-17s.html
Vertex Networking,Dell 0HH273 8X DVD-RW Drive Includes Sled and SATA Interposer,Dell 0HH273 8X DVD-RW Drive Includes Sled and SATA Interposer Product Condition: Refurbished,https://www.vertexnetworking.co.uk/storage/product_images/6779155d8256a_Optical-Drives-Gen.webp,$102.71,0HH273,https://www.vertexnetworking.co.uk/product/0hh273-dell-8x-dvd-rw-drive-includes-sled-and-sata-interposers.html
Vertex Networking,Dell 0GX800 8X IDE DVD+/ -RW Drive for Inspiron1520 1521 1720 1721,Dell 0GX800 8X IDE DVD+/ -RW Drive for Inspiron1520 1521 1720 1721 Product Condition: Refurbished,https://www.vertexnetworking.co.uk/storage/product_images/6779155e448f5_Optical-Drives-Gen.webp,$72.63,0GX800,https://www.vertexnetworking.co.uk/product/0gx800-dell-8x-ide-dvd-rw-drive-for-inspiron1520-1521-1720-1721s.html
Vertex Networking,Dell 0H7246 4X DVD + RW Drive for Latitude D Series,Dell 0H7246 4X DVD + RW Drive for Latitude D Series Product Condition: Refurbished,https://www.vertexnetworking.co.uk/storage/product_images/6779155d660e3_Optical-Drives-Gen.webp,$66.62,0H7246,https://www.vertexnetworking.co.uk/product/0h7246-dell-4x-dvd-rw-drive-for-latitude-d-seriess.html
Vertex Networking,Dell 0G4057 CD-RW/DVD 48x32 IDE Hh Hlds Mg,Dell 0G4057 CD-RW/DVD 48x32 IDE Hh Hlds Mg Product Condition: Refurbished,https://www.vertexnetworking.co.uk/storage/product_images/6779155dab992_Optical-Drives-Gen.webp,$66.62,0G4057,https://www.vertexnetworking.co.uk/product/0g4057-dell-cd-rw-dvd-48x32-ide-hh-hlds-mgs.html
Vertex Networking,Dell 00G150 8X CD-RW Drive for Latitude C Series and Inspiron Series,Dell 00G150 8X CD-RW Drive for Latitude C Series and Inspiron Series Product Condition: Refurbished,https://www.vertexnetworking.co.uk/storage/product_images/6779155dd6ac2_Optical-Drives-Gen.webp,$66.62,00G150,https://www.vertexnetworking.co.uk/product/00g150-dell-8x-cd-rw-drive-for-latitude-c-series-and-inspiron-seriess.html
Vertex Networking,Dell - 0H2YKY - 8x CD DVD-RW Slimline Optical Drive,Dell - 0H2YKY - 8x CD DVD-RW Slimline Optical Drive Product Condition: Refurbished,https://www.vertexnetworking.co.uk/storage/product_images/6779155d13628_Optical-Drives-Gen.webp,$74.14,0H2YKY,https://www.vertexnetworking.co.uk/product/0h2yky-dell-optical-slim-dvd-rw-drives.html
Vertex Networking,Dell 0G9051 24X CD-RW/DVD Combo Drive,Dell 0G9051 24X CD-RW/DVD Combo Drive Product Condition: Refurbished,https://www.vertexnetworking.co.uk/storage/product_images/6779155de4412_Optical-Drives-Gen.webp,$66.62,0G9051,https://www.vertexnetworking.co.uk/product/0g9051-dell-24x-cd-rw-dvd-combo-drives.html
Vertex Networking,Dell 0GJ920 Assembly DVD+/-rw16xidenec01,Dell 0GJ920 Assembly DVD+/-rw16xidenec01 Product Condition: Refurbished,https://www.vertexnetworking.co.uk/storage/product_images/6779155e37304_Optical-Drives-Gen.webp,$86.17,0GJ920,https://www.vertexnetworking.co.uk/product/0gj920-dell-assembly-dvd-rw16xidenec01s.html
Vertex Networking,Dell 01W579 24X CD-ROM Unit and CD-RW Unit Side Unit,Dell 01W579 24X CD-ROM Unit and CD-RW Unit Side Unit Product Condition: Refurbished,https://www.vertexnetworking.co.uk/storage/product_images/6779155d20fc5_Optical-Drives-Gen.webp,$66.62,01W579,https://www.vertexnetworking.co.uk/product/01w579-dell-24x-cd-rom-unit-and-cd-rw-unit-side-units.html
Vertex Networking,Dell 0G7307 8X Slimline Internal DVD-RW Drive (Black),Dell 0G7307 8X Slimline Internal DVD-RW Drive (Black) Product Condition: Refurbished,https://www.vertexnetworking.co.uk/storage/product_images/6779155dc6c90_Optical-Drives-Gen.webp,$66.62,0G7307,https://www.vertexnetworking.co.uk/product/0g7307-dell-8x-slimline-internal-dvd-rw-drive-black-s.html
Vertex Networking,Dell 0FH991 Assembly CD 48X HH HLDS Black,Dell 0FH991 Assembly CD 48X HH HLDS Black Product Condition: Refurbished,https://www.vertexnetworking.co.uk/storage/product_images/6779155d900bf_Optical-Drives-Gen.webp,$80.15,0FH991,https://www.vertexnetworking.co.uk/product/0fh991-dell-assembly-cd-48x-hh-hlds-blacks.html
Vertex Networking,Dell 096FCD Inspiron 2000 8X DVD Module,Dell 096FCD Inspiron 2000 8X DVD Module Product Condition: Refurbished,https://www.vertexnetworking.co.uk/storage/product_images/6779155bad502_Optical-Drives-Gen.webp,$91.43,096FCD,https://www.vertexnetworking.co.uk/product/096fcd-dell-inspiron-2000-8x-dvd-modules.html
Vertex Networking,Dell 0462DU 4x CD-RW Module,Dell 0462DU 4x CD-RW Module Product Condition: Refurbished,https://www.vertexnetworking.co.uk/storage/product_images/6779155bc82b8_Optical-Drives-Gen.webp,$66.62,0462DU,https://www.vertexnetworking.co.uk/product/0462du-dell-4x-cd-rw-modules.html
Vertex Networking,Dell 05M401 8X CDRW/DVD Combo C-Module,Dell 05M401 8X CDRW/DVD Combo C-Module Product Condition: Refurbished,https://www.vertexnetworking.co.uk/storage/product_images/6779155c7b314_Optical-Drives-Gen.webp,$66.62,05M401,https://www.vertexnetworking.co.uk/product/05m401-dell-8x-cdrw-dvd-combo-c-modules.html
Vertex Networking,Dell - 0UH650 - 1.44MB 3.5-Inch Internal Black Floppy Drive,Dell - 0UH650 - 1.44MB 3.5-Inch Internal Black Floppy Drive Product Condition: Refurbished,https://www.vertexnetworking.co.uk/storage/product_images/6779155cc198f_Optical-Drives-Gen.webp,$74.14,0UH650,https://www.vertexnetworking.co.uk/product/0uh650-dell-1-44mb-black-floppy-drives.html
Vertex Networking,09P439 - Dell 8X CD-RW Drive,09P439 - Dell 8X CD-RW Drive Product Condition: Refurbished,https://www.vertexnetworking.co.uk/storage/product_images/6779155c51cb5_Optical-Drives-Gen.webp,$66.62,09P439,https://www.vertexnetworking.co.uk/product/09p439-dell-8x-cd-rw-drive.html
Vertex Networking,Dell 0CG4R9 DVDrw for Latitude E6400 E6500,Dell 0CG4R9 DVDrw for Latitude E6400 E6500 Product Condition: Refurbished,https://www.vertexnetworking.co.uk/storage/product_images/6779155c88fe3_Optical-Drives-Gen.webp,$66.62,0CG4R9,https://www.vertexnetworking.co.uk/product/0cg4r9-dell-dvdrw-for-latitude-e6400-e6500s.html
Vertex Networking,Dell 04P011 40X CD-ROM Unit and CD-RW Unit,Dell 04P011 40X CD-ROM Unit and CD-RW Unit Product Condition: Refurbished,https://www.vertexnetworking.co.uk/storage/product_images/6779155c27d36_Optical-Drives-Gen.webp,$66.62,04P011,https://www.vertexnetworking.co.uk/product/04p011-dell-40x-cd-rom-unit-and-cd-rw-units.html
Vertex Networking,Dell - 0CC773 - 24X CD-RW DVD SFF Combo Drive,Dell - 0CC773 - 24X CD-RW DVD SFF Combo Drive Product Condition: Refurbished,https://www.vertexnetworking.co.uk/storage/product_images/6779155ca4c45_Optical-Drives-Gen.webp,$86.17,0CC773,https://www.vertexnetworking.co.uk/product/0cc773-dell-24x-cd-rw-dvd-combo-drive.html
Vertex Networking,Dell 096FRM 8x SATA DVD+/-RW Drive,Dell 096FRM 8x SATA DVD+/-RW Drive Product Condition: Refurbished,https://www.vertexnetworking.co.uk/storage/product_images/6779155bd5f3f_Optical-Drives-Gen.webp,$66.62,096FRM,https://www.vertexnetworking.co.uk/product/096frm-dell-8x-sata-dvd-rw-drives.html
Vertex Networking,Dell 06T941 24X CD-ROM Unit and CD-RW Unit,Dell 06T941 24X CD-ROM Unit and CD-RW Unit Product Condition: Refurbished,https://www.vertexnetworking.co.uk/storage/product_images/6779155cb491d_Optical-Drives-Gen.webp,$71.13,06T941,https://www.vertexnetworking.co.uk/product/06t941-dell-24x-cd-rom-unit-and-cd-rw-units.html
Vertex Networking,Dell 04X454 48x CD-RW Drive for Dimension 2400,Dell 04X454 48x CD-RW Drive for Dimension 2400 Product Condition: Refurbished,https://www.vertexnetworking.co.uk/storage/product_images/6779155c439ca_Optical-Drives-Gen.webp,$66.62,04X454,https://www.vertexnetworking.co.uk/product/04x454-dell-48x-cd-rw-drive-for-dimension-2400s.html
Vertex Networking,Dell 06F855 8X4X24X IDE CD-RW Drive (Black),Dell 06F855 8X4X24X IDE CD-RW Drive (Black) Product Condition: Refurbished,https://www.vertexnetworking.co.uk/storage/product_images/6779155c97ad0_Optical-Drives-Gen.webp,$66.62,06F855,https://www.vertexnetworking.co.uk/product/06f855-dell-8x4x24x-ide-cd-rw-drive-black-s.html
Vertex Networking,Dell 04C585 12X CD-RW Unit CD Burner,Dell 04C585 12X CD-RW Unit CD Burner Product Condition: Refurbished,https://www.vertexnetworking.co.uk/storage/product_images/6779155c0c46f_Optical-Drives-Gen.webp,$144.06,04C585,https://www.vertexnetworking.co.uk/product/04c585-dell-12x-cd-rw-unit-cd-burners.html
Vertex Networking,Dell 09J323 8X4X24X CD-RW Internal Combo Drive,Dell 09J323 8X4X24X CD-RW Internal Combo Drive Product Condition: Refurbished,https://www.vertexnetworking.co.uk/storage/product_images/6779155c1a676_Optical-Drives-Gen.webp,$66.62,09J323,https://www.vertexnetworking.co.uk/product/09j323-dell-8x4x24x-cd-rw-internal-combo-drives.html
Vertex Networking,Dell 07C287 8X CD-RW C-Module,Dell 07C287 8X CD-RW C-Module Product Condition: Refurbished,https://www.vertexnetworking.co.uk/storage/product_images/6779155ccf3fe_Optical-Drives-Gen.webp,$149.32,07C287,https://www.vertexnetworking.co.uk/product/07c287-dell-8x-cd-rw-c-modules.html
Vertex Networking,Dell 020YNG 12X IDE 5.25-inch CD-RW Drive,Dell 020YNG 12X IDE 5.25-inch CD-RW Drive Product Condition: Refurbished,https://www.vertexnetworking.co.uk/storage/product_images/6779155cdd455_Optical-Drives-Gen.webp,$74.14,020YNG,https://www.vertexnetworking.co.uk/product/020yng-dell-12x-ide-5-25-inch-cd-rw-drives.html
Vertex Networking,Dell 05K990 16X CD-ROM Unit and CD-RW Unit,Dell 05K990 16X CD-ROM Unit and CD-RW Unit Product Condition: Refurbished,https://www.vertexnetworking.co.uk/storage/product_images/6779155c5f991_Optical-Drives-Gen.webp,$74.14,05K990,https://www.vertexnetworking.co.uk/product/05k990-dell-16x-cd-rom-unit-and-cd-rw-units.html
Vertex Networking,Dell 0C7487 48X CD-RW/DVD Drive,Dell 0C7487 48X CD-RW/DVD Drive Product Condition: Refurbished,https://www.vertexnetworking.co.uk/storage/product_images/6779155c6d3f5_Optical-Drives-Gen.webp,$108.72,0C7487,https://www.vertexnetworking.co.uk/product/0c7487-dell-48x-cd-rw-dvd-drives.html
Vertex Networking,09J331 - Dell 8X4X24X IDE Slim CD-RW Drive,09J331 - Dell 8X4X24X IDE Slim CD-RW Drive Product Condition: Refurbished,https://www.vertexnetworking.co.uk/storage/product_images/6779155c35a9b_Optical-Drives-Gen.webp,$66.62,09J331,https://www.vertexnetworking.co.uk/product/09j331-dell-8x-4x-24x-ide-slim-cd-rw-drive.html
Vertex Networking,Dell 0H344R DVD+/-RW SATA Dual Layer 16x,Dell 0H344R DVD+/-RW SATA Dual Layer 16x Product Condition: Refurbished,https://www.vertexnetworking.co.uk/storage/product_images/6779155d2e864_Optical-Drives-Gen.webp,$140.30,0H344R,https://www.vertexnetworking.co.uk/product/0h344r-dell-dvd-rw-sata-dual-layer-16xs.html
Vertex Networking,Dell 03J682 24X CD-ROM Unit & CD-RW Unit,Dell 03J682 24X CD-ROM Unit & CD-RW Unit Product Condition: Refurbished,https://www.vertexnetworking.co.uk/storage/product_images/6779155b0d83c_Optical-Drives-Gen.webp,$102.71,03J682,https://www.vertexnetworking.co.uk/product/03j682-dell-24x-cd-rom-unit-cd-rw-units.html
Vertex Networking,Dell - 07T326 - 1.44MB Floppy Disk Drive for PowerEdge 1400SC,Dell - 07T326 - 1.44MB Floppy Disk Drive for PowerEdge 1400SC Product Condition: Refurbished,https://www.vertexnetworking.co.uk/storage/product_images/6779155a8b843_Optical-Drives-Gen.webp,$149.92,07T326,https://www.vertexnetworking.co.uk/product/07t326-dell-1-44mb-floppy-disk-drive-for-poweredge-1400scs.html
Vertex Networking,Dell 06J420 CD-W216E 16X CD-RW Drive,Dell 06J420 CD-W216E 16X CD-RW Drive Product Condition: Refurbished,https://www.vertexnetworking.co.uk/storage/product_images/6779155ad754c_Optical-Drives-Gen.webp,$102.68,06J420,https://www.vertexnetworking.co.uk/product/06j420-dell-cd-w216e-16x-cd-rw-drives.html
Vertex Networking,Dell - 05GTT7 - DVD-RW USB Slim Multi Recorder Drive External (Black),Dell - 05GTT7 - DVD-RW USB Slim Multi Recorder Drive External (Black) Product Condition: Refurbished,https://www.vertexnetworking.co.uk/storage/product_images/6779155aca1f2_Optical-Drives-Gen.webp,$110.55,05GTT7,https://www.vertexnetworking.co.uk/product/05gtt7-dell-dvd-rw-usb-slim-multi-recorder-drive-external-black-s.html
Vertex Networking,Dell 0996NF 8X CD-RW Drive for Inspiron 3800/4000/8000,Dell 0996NF 8X CD-RW Drive for Inspiron 3800/4000/8000 Product Condition: Refurbished,https://www.vertexnetworking.co.uk/storage/product_images/6779155bf2b36_Optical-Drives-Gen.webp,$149.32,0996NF,https://www.vertexnetworking.co.uk/product/0996nf-dell-8x-cd-rw-drive-for-inspiron-3800-4000-8000s.html
Vertex Networking,Dell 07F442 8X CD-RW CD-ROM Unit,Dell 07F442 8X CD-RW CD-ROM Unit Product Condition: Refurbished,https://www.vertexnetworking.co.uk/storage/product_images/6779155af3ef5_Optical-Drives-Gen.webp,$66.62,07F442,https://www.vertexnetworking.co.uk/product/07f442-dell-8x-cd-rw-cd-rom-units.html
Vertex Networking,Dell 048YFV 4x4x20x Laptop CD-RW Drive,Dell 048YFV 4x4x20x Laptop CD-RW Drive Product Condition: Refurbished,https://www.vertexnetworking.co.uk/storage/product_images/6779155be409e_Optical-Drives-Gen.webp,$72.63,048YFV,https://www.vertexnetworking.co.uk/product/048yfv-dell-4x4x20x-laptop-cd-rw-drives.html
Vertex Networking,08N722 - Dell 40X CD-ROM Unit and CD-RW Unit,08N722 - Dell 40X CD-ROM Unit and CD-RW Unit Product Condition: Refurbished,https://www.vertexnetworking.co.uk/storage/product_images/6779155b91b0d_Optical-Drives-Gen.webp,$80.15,08N722,https://www.vertexnetworking.co.uk/product/08n722-dell-40x-cd-rom-unit-and-cd-rw-unit.html
Vertex Networking,07J385 - Dell 24X CD-ROM Unit and CD-RW Unit,07J385 - Dell 24X CD-ROM Unit and CD-RW Unit Product Condition: Refurbished,https://www.vertexnetworking.co.uk/storage/product_images/6779155b1c216_Optical-Drives-Gen.webp,$66.62,07J385,https://www.vertexnetworking.co.uk/product/07j385-dell-24x-cd-rom-unit-and-cd-rw-unit.html
Vertex Networking,Dell 086UEF Dimension 8100 12x DVD Drive IDE Black,Dell 086UEF Dimension 8100 12x DVD Drive IDE Black Product Condition: Refurbished,https://www.vertexnetworking.co.uk/storage/product_images/6779155b384eb_Optical-Drives-Gen.webp,$74.14,086UEF,https://www.vertexnetworking.co.uk/product/086uef-dell-dimension-8100-12x-dvd-drive-ide-blacks.html
Vertex Networking,Dell 03D527 6X CD-RW Unit DVD Player Combo,Dell 03D527 6X CD-RW Unit DVD Player Combo Product Condition: Refurbished,https://www.vertexnetworking.co.uk/storage/product_images/6779155a9b1e9_Optical-Drives-Gen.webp,$81.42,03D527,https://www.vertexnetworking.co.uk/product/03d527-dell-6x-cd-rw-unit-dvd-player-combos.html
Vertex Networking,Dell 03U613 24X CD-RW Drive for Latitude X200,Dell 03U613 24X CD-RW Drive for Latitude X200 Product Condition: Refurbished,https://www.vertexnetworking.co.uk/storage/product_images/6779155b631ff_Optical-Drives-Gen.webp,$66.62,03U613,https://www.vertexnetworking.co.uk/product/03u613-dell-24x-cd-rw-drive-for-latitude-x200s.html
Vertex Networking,Dell - 03T608 - 24X10X24X Slim CD-RW Drive for Inspiron 8000,Dell - 03T608 - 24X10X24X Slim CD-RW Drive for Inspiron 8000 Product Condition: Refurbished,https://www.vertexnetworking.co.uk/storage/product_images/6779155b2a061_Optical-Drives-Gen.webp,$66.62,03T608,https://www.vertexnetworking.co.uk/product/03t608-dell-24x10x24x-slim-cd-rw-drive-for-inspiron-8000s.html
Vertex Networking,Dell 07DTM5 8X SFF SATA DVD-RW Drive,Dell 07DTM5 8X SFF SATA DVD-RW Drive Product Condition: Refurbished,https://www.vertexnetworking.co.uk/storage/product_images/6779155ae52b7_Optical-Drives-Gen.webp,$93.68,07DTM5,https://www.vertexnetworking.co.uk/product/07dtm5-dell-8x-sff-sata-dvd-rw-drives.html
Vertex Networking,Dell 043HXK Super Multi 8X DVD-RW Dual Layer 24X CD-RW Writer 9.5mm SATA Optical Drive,Dell 043HXK Super Multi 8X DVD-RW Dual Layer 24X CD-RW Writer 9.5mm SATA Optical Drive Product Condition: Refurbished,https://www.vertexnetworking.co.uk/storage/product_images/6779155b9f9f3_Optical-Drives-Gen.webp,$81.65,043HXK,https://www.vertexnetworking.co.uk/product/043hxk-dell-super-multi-8x-dvd-rw-dual-layer-24x-cd-rw-writer-9-5mm-sata-optical-drives.html
Vertex Networking,Dell 08MJHX 16x DVD-RW Drive Assembly,Dell 08MJHX 16x DVD-RW Drive Assembly Product Condition: Refurbished,https://www.vertexnetworking.co.uk/storage/product_images/6779155aaf0d2_Optical-Drives-Gen.webp,$76.69,08MJHX,https://www.vertexnetworking.co.uk/product/08mjhx-dell-16x-dvd-rw-drive-assemblys.html
Vertex Networking,08K592 - Dell 16X CD-ROM Unit and CD-RW Unit,08K592 - Dell 16X CD-ROM Unit and CD-RW Unit Product Condition: Refurbished,https://www.vertexnetworking.co.uk/storage/product_images/6779155b7117c_Optical-Drives-Gen.webp,$66.62,08K592,https://www.vertexnetworking.co.uk/product/08k592-dell-16x-cd-rom-unit-and-cd-rw-unit.html
Vertex Networking,Dell - 03TNRP - 16x SATA DVD+/-RW Internal Optical Burner Drive,Dell - 03TNRP - 16x SATA DVD+/-RW Internal Optical Burner Drive Product Condition: Refurbished,https://www.vertexnetworking.co.uk/storage/product_images/6779155b4707b_Optical-Drives-Gen.webp,$86.17,03TNRP,https://www.vertexnetworking.co.uk/product/03tnrp-dell-20x-dvd-rw-dl-sata-drive-w-lightscribe-black-s.html
Vertex Networking,Dell 08D254 Latitude C800 8X CD-RW CD-ROM Unit,Dell 08D254 Latitude C800 8X CD-RW CD-ROM Unit Product Condition: Refurbished,https://www.vertexnetworking.co.uk/storage/product_images/6779155b5502a_Optical-Drives-Gen.webp,$66.62,08D254,https://www.vertexnetworking.co.uk/product/08d254-dell-latitude-c800-8x-cd-rw-cd-rom-units.html
Vertex Networking,Dell 03W833 CD-RW and DVD Drive,Dell 03W833 CD-RW and DVD Drive Product Condition: Refurbished,https://www.vertexnetworking.co.uk/storage/product_images/6779155b8243b_Optical-Drives-Gen.webp,$108.72,03W833,https://www.vertexnetworking.co.uk/product/03w833-dell-cd-rw-and-dvd-drives.html
Vertex Networking,Dell - 06C134 - 1.44MB 3.5-Inch Floppy Drive,Dell - 06C134 - 1.44MB 3.5-Inch Floppy Drive Product Condition: Refurbished,https://www.vertexnetworking.co.uk/storage/product_images/67791559d4709_Optical-Drives-Gen.webp,$149.92,06C134,https://www.vertexnetworking.co.uk/product/06c134-dell-1-44mb-3-5-inch-floppy-drives.html
Vertex Networking,Dell 05Y218 CD-RW DVD Drive,Dell 05Y218 CD-RW DVD Drive Product Condition: Refurbished,https://www.vertexnetworking.co.uk/storage/product_images/67791559b9527_Optical-Drives-Gen.webp,$67.24,05Y218,https://www.vertexnetworking.co.uk/product/05y218-dell-cd-rw-dvd-drives.html
Vertex Networking,Dell 0DC642 Assembly Cdrw/dvd Sony Dmod Nfi,Dell 0DC642 Assembly Cdrw/dvd Sony Dmod Nfi,https://www.vertexnetworking.co.uk/storage/product_images/6779155990b35_Optical-Drives-Gen.webp,$92.00,0DC642,https://www.vertexnetworking.co.uk/product/0dc642-dell-assembly-cdrw-dvd-sony-dmod-nfis.html
Vertex Networking,Dell 0RJ2VR Black SATA 5.25in DVD-RW Drive Internal Optical for Desktop,Dell 0RJ2VR Black SATA 5.25in DVD-RW Drive Internal Optical for Desktop,https://www.vertexnetworking.co.uk/storage/product_images/67791559e27cc_Optical-Drives-Gen.webp,$115.00,0RJ2VR,https://www.vertexnetworking.co.uk/product/0rj2vr-dell-black-sata-5-25in-dvd-rw-drive-internal-optical-for-desktops.html
Vertex Networking,Dell 05R378 24X CD-RW DVD Unit Side Unit,Dell 05R378 24X CD-RW DVD Unit Side Unit Product Condition: Refurbished,https://www.vertexnetworking.co.uk/storage/product_images/677915599e52f_Optical-Drives-Gen.webp,$90.87,05R378,https://www.vertexnetworking.co.uk/product/05r378-dell-24x-cd-rw-dvd-unit-side-units.html
Vertex Networking,Dell 00H195 Latitude C800 6X CD-RW Unit DVD Player Combo,Dell 00H195 Latitude C800 6X CD-RW Unit DVD Player Combo Product Condition: Refurbished,https://www.vertexnetworking.co.uk/storage/product_images/6779155a26398_Optical-Drives-Gen.webp,$94.80,00H195,https://www.vertexnetworking.co.uk/product/00h195-dell-latitude-c800-6x-cd-rw-unit-dvd-player-combos.html
Vertex Networking,Dell 00T20N Disk Drive CD-RW / DVD-ROM combo 24x internal 5.25-inch Slim Line,Dell 00T20N Disk Drive CD-RW / DVD-ROM combo 24x internal 5.25-inch Slim Line Product Condition: Refurbished,https://www.vertexnetworking.co.uk/storage/product_images/6779155a3452b_Optical-Drives-Gen.webp,$71.18,00T20N,https://www.vertexnetworking.co.uk/product/00t20n-dell-disk-drive-cd-rw-dvd-rom-combo-24x-internal-5-25-inch-slim-lines.html
Vertex Networking,Dell 09J615 24X CD-ROM Unit and CD-RW Unit,Dell 09J615 24X CD-ROM Unit and CD-RW Unit Product Condition: Refurbished,https://www.vertexnetworking.co.uk/storage/product_images/67791559f0706_Optical-Drives-Gen.webp,$155.43,09J615,https://www.vertexnetworking.co.uk/product/09j615-dell-24x-cd-rom-unit-and-cd-rw-units.html
Vertex Networking,Dell 0042DX Latitude C600 4X CD-ROM Unit CD-RW Unit,Dell 0042DX Latitude C600 4X CD-ROM Unit CD-RW Unit Product Condition: Refurbished,https://www.vertexnetworking.co.uk/storage/product_images/6779155a18317_Optical-Drives-Gen.webp,$71.18,0042DX,https://www.vertexnetworking.co.uk/product/0042dx-dell-latitude-c600-4x-cd-rom-unit-cd-rw-units.html
Vertex Networking,Dell 00W5VX 8X SATA DVD-RW Drive,Dell 00W5VX 8X SATA DVD-RW Drive Product Condition: Refurbished,https://www.vertexnetworking.co.uk/storage/product_images/6779155a52726_Optical-Drives-Gen.webp,$98.74,00W5VX,https://www.vertexnetworking.co.uk/product/00w5vx-dell-8x-sata-dvd-rw-drives.html
Vertex Networking,Dell 0264WC Inspiron 3800 4X CD-ROM Unit and CD-RW Unit,Dell 0264WC Inspiron 3800 4X CD-ROM Unit and CD-RW Unit Product Condition: Refurbished,https://www.vertexnetworking.co.uk/storage/product_images/6779155a60e71_Optical-Drives-Gen.webp,$84.57,0264WC,https://www.vertexnetworking.co.uk/product/0264wc-dell-inspiron-3800-4x-cd-rom-unit-and-cd-rw-units.html
Vertex Networking,Dell 038DGC DVDrw for E4300 E4310,Dell 038DGC DVDrw for E4300 E4310 Product Condition: Refurbished,https://www.vertexnetworking.co.uk/storage/product_images/6779155a7d911_Optical-Drives-Gen.webp,$110.55,038DGC,https://www.vertexnetworking.co.uk/product/038dgc-dell-dvdrw-for-e4300-e4310s.html
Vertex Networking,Dell - 09H570 - OptiPlex GX280 Slimline 1.44MB Floppy Drive,Dell - 09H570 - OptiPlex GX280 Slimline 1.44MB Floppy Drive Product Condition: Refurbished,https://www.vertexnetworking.co.uk/storage/product_images/6779155a0a21b_Optical-Drives-Gen.webp,$163.31,09H570,https://www.vertexnetworking.co.uk/product/09h570-dell-slimline-1-44mb-floppy-drive-for-optiplex-gx280s.html
Vertex Networking,Dell 0C3039 24X CD-RW/DVD Combo Drive,Dell 0C3039 24X CD-RW/DVD Combo Drive,https://www.vertexnetworking.co.uk/storage/product_images/677915594d874_Optical-Drives-Gen.webp,$100.00,0C3039,https://www.vertexnetworking.co.uk/product/0c3039-dell-24x-cd-rw-dvd-combo-drives.html
Vertex Networking,Dell 0G151T 16X Half-Height Dvd+Rw Sata Internal Drive With Cyberlink Power DVD And Roxio Digital Creator 9.0 For (OptiPlex),Dell 0G151T 16X Half-Height Dvd+Rw Sata Internal Drive With Cyberlink Power DVD And Roxio Digital Creator 9.0 For (OptiPlex),https://www.vertexnetworking.co.uk/storage/product_images/67791559c6cc2_Optical-Drives-Gen.webp,$92.00,0G151T,https://www.vertexnetworking.co.uk/product/0g151t-dell-16x-half-height-dvd-rw-sata-internal-drive-with-cyberlink-power-dvd-and-roxio-digital-creator-9-0-for-optiplex-s.html
Vertex Networking,Dell 07K034 Inspiron 8200 CD-RW DVD Drive Side Unit,Dell 07K034 Inspiron 8200 CD-RW DVD Drive Side Unit Product Condition: Refurbished,https://www.vertexnetworking.co.uk/storage/product_images/6779155a6f097_Optical-Drives-Gen.webp,$118.43,07K034,https://www.vertexnetworking.co.uk/product/07k034-dell-inspiron-8200-cd-rw-dvd-drive-side-units.html
Vertex Networking,Dell 08R986 24X/10X/24X CD-RW and 8X DVD-ROM Internal/External Combo Drive for Latitude C-Series Notebooks,Dell 08R986 24X/10X/24X CD-RW and 8X DVD-ROM Internal/External Combo Drive for Latitude C-Series Notebooks Product Condition: Refurbished,https://www.vertexnetworking.co.uk/storage/product_images/6779155abc992_Optical-Drives-Gen.webp,$102.68,08R986,https://www.vertexnetworking.co.uk/product/08r986-dell-24x-10x-24x-cd-rw-and-8x-dvd-rom-internal-external-combo-drive-for-latitude-c-series-notebookss.html
Vertex Networking,Dell 0G036D 48X Half-Height SATA Internal CD-RW/DVD Combo Drive for XPS 630 Desktop,Dell 0G036D 48X Half-Height SATA Internal CD-RW/DVD Combo Drive for XPS 630 Desktop,https://www.vertexnetworking.co.uk/storage/product_images/67791559ac033_Optical-Drives-Gen.webp,$88.00,0G036D,https://www.vertexnetworking.co.uk/product/0g036d-dell-48x-half-height-sata-internal-cd-rw-dvd-combo-drive-for-xps-630-desktops.html
Vertex Networking,Dell 02064P 24X CD-ROM Unit CD-RW Unit,Dell 02064P 24X CD-ROM Unit CD-RW Unit Product Condition: Refurbished,https://www.vertexnetworking.co.uk/storage/product_images/6779155a42ca2_Optical-Drives-Gen.webp,$126.30,02064P,https://www.vertexnetworking.co.uk/product/02064p-dell-24x-cd-rom-unit-cd-rw-units.html
Vertex Networking,Dell 0HF1FM Dvd Super-Multi Drive STUDIO 1555,Dell 0HF1FM Dvd Super-Multi Drive STUDIO 1555,https://www.vertexnetworking.co.uk/storage/product_images/677915595b4ef_Optical-Drives-Gen.webp,$140.00,0HF1FM,https://www.vertexnetworking.co.uk/product/0hf1fm-dell-dvd-super-multi-drive-studio-1555s.html
Vertex Networking,Dell 05P668 Cdrw/Cd-Rom Drive Face Plate (Bezel),Dell 05P668 Cdrw/Cd-Rom Drive Face Plate (Bezel) Product Condition: Refurbished,https://www.vertexnetworking.co.uk/storage/product_images/6779155983318_Optical-Drives-Gen.webp,$79.06,05P668,https://www.vertexnetworking.co.uk/product/05p668-dell-cdrw-cd-rom-drive-face-plate-bezel-s.html
Vertex Networking,Dell 0C3080 4X DVD+RW,Dell 0C3080 4X DVD+RW,https://www.vertexnetworking.co.uk/storage/product_images/6779155968ce6_Optical-Drives-Gen.webp,$100.00,0C3080,https://www.vertexnetworking.co.uk/product/0c3080-dell-4x-dvd-rws.html
Vertex Networking,Dell 0H73PN DVD-RW Assembled Silver/Black Bezel for E5400 Series,Dell 0H73PN DVD-RW Assembled Silver/Black Bezel for E5400 Series,https://www.vertexnetworking.co.uk/storage/product_images/67791558c0b40_Optical-Drives-Gen.webp,$172.00,0H73PN,https://www.vertexnetworking.co.uk/product/0h73pn-dell-dvd-rw-assembled-silver-black-bezel-for-e5400-seriess.html
Vertex Networking,Dell 0H600K Assembly Compact Disk Read Write/Digital Video Disk Drive Combo 24 SATA HLDS A86,Dell 0H600K Assembly Compact Disk Read Write/Digital Video Disk Drive Combo 24 SATA HLDS A86,https://www.vertexnetworking.co.uk/storage/product_images/677915586f22c_Optical-Drives-Gen.webp,$142.00,0H600K,https://www.vertexnetworking.co.uk/product/0h600k-dell-assembly-compact-disk-read-write-digital-video-disk-drive-combo-24-sata-hlds-a86s.html
Vertex Networking,Dell 09D532 12X10X32 IDE CD-RW Drive,Dell 09D532 12X10X32 IDE CD-RW Drive,https://www.vertexnetworking.co.uk/storage/product_images/677915587d29d_Optical-Drives-Gen.webp,$142.00,09D532,https://www.vertexnetworking.co.uk/product/09d532-dell-12x10x32-ide-cd-rw-drives.html
Vertex Networking,Dell 0H902D 16X Half-Height SATA Internal DVD+RW Drive,Dell 0H902D 16X Half-Height SATA Internal DVD+RW Drive,https://www.vertexnetworking.co.uk/storage/product_images/677915591f611_Optical-Drives-Gen.webp,$165.00,0H902D,https://www.vertexnetworking.co.uk/product/0h902d-dell-16x-half-height-sata-internal-dvd-rw-drives.html
Vertex Networking,Dell 094JY1 DVD-RW Assembled Silver/Black Bezel for E5400 Series,Dell 094JY1 DVD-RW Assembled Silver/Black Bezel for E5400 Series,https://www.vertexnetworking.co.uk/storage/product_images/677915580f335_Optical-Drives-Gen.webp,$110.00,094JY1,https://www.vertexnetworking.co.uk/product/094jy1-dell-dvd-rw-assembled-silver-black-bezel-for-e5400-seriess.html
Vertex Networking,Dell 0GS20N 8X Ultra Slim SATA DVD-RW,Dell 0GS20N 8X Ultra Slim SATA DVD-RW,https://www.vertexnetworking.co.uk/storage/product_images/67791558b3b81_Optical-Drives-Gen.webp,$122.00,0GS20N,https://www.vertexnetworking.co.uk/product/0gs20n-dell-8x-ultra-slim-sata-dvd-rws.html
Vertex Networking,Dell 09D172 8X DVD-ROM /24X CD-ROM Internal/External DVD-ROM for Latitude C-Series Notebooks,Dell 09D172 8X DVD-ROM /24X CD-ROM Internal/External DVD-ROM for Latitude C-Series Notebooks,https://www.vertexnetworking.co.uk/storage/product_images/6779155860b9f_Optical-Drives-Gen.webp,$112.00,09D172,https://www.vertexnetworking.co.uk/product/09d172-dell-8x-dvd-rom-24x-cd-rom-internal-external-dvd-rom-for-latitude-c-series-notebookss.html
Vertex Networking,Dell - 0H8M5R - DVD-RW DL for Inspiron 1750,Dell - 0H8M5R - DVD-RW DL for Inspiron 1750,https://www.vertexnetworking.co.uk/storage/product_images/6779155902528_Optical-Drives-Gen.webp,$125.00,0H8M5R,https://www.vertexnetworking.co.uk/product/0h8m5r-dell-dvdrw-dls.html
Vertex Networking,Dell 0C1733 24X CD-RW/DVD Combo Drive,Dell 0C1733 24X CD-RW/DVD Combo Drive,https://www.vertexnetworking.co.uk/storage/product_images/67791558e8d0c_Optical-Drives-Gen.webp,$105.00,0C1733,https://www.vertexnetworking.co.uk/product/0c1733-dell-24x-cd-rw-dvd-combo-drives.html
Vertex Networking,Dell 0C1731 24X CDRW/DVD Combo C-Module,Dell 0C1731 24X CDRW/DVD Combo C-Module,https://www.vertexnetworking.co.uk/storage/product_images/67791558cdc9c_Optical-Drives-Gen.webp,$92.00,0C1731,https://www.vertexnetworking.co.uk/product/0c1731-dell-24x-cdrw-dvd-combo-c-modules.html
Vertex Networking,Dell 0HR360 DVD-RW8x DVD+/-RW IDE Xps M1730 T7700 (632tsl),Dell 0HR360 DVD-RW8x DVD+/-RW IDE Xps M1730 T7700 (632tsl),https://www.vertexnetworking.co.uk/storage/product_images/6779155976201_Optical-Drives-Gen.webp,$100.00,0HR360,https://www.vertexnetworking.co.uk/product/0hr360-dell-dvd-rw8x-dvd-rw-ide-xps-m1730-t7700-632tsl-s.html
Vertex Networking,Dell 0C299P 8X SATA DVD+/-RW Drive for Inspiron / OptiPlex Desktops,Dell 0C299P 8X SATA DVD+/-RW Drive for Inspiron / OptiPlex Desktops,https://www.vertexnetworking.co.uk/storage/product_images/677915592f232_Optical-Drives-Gen.webp,$180.00,0C299P,https://www.vertexnetworking.co.uk/product/0c299p-dell-8x-sata-dvd-rw-drive-for-inspiron-optiplex-desktopss.html
Vertex Networking,Dell 0H697G DVD+/-RW 8x Precision M4300,Dell 0H697G DVD+/-RW 8x Precision M4300,https://www.vertexnetworking.co.uk/storage/product_images/67791558a5f2f_Optical-Drives-Gen.webp,$190.00,0H697G,https://www.vertexnetworking.co.uk/product/0h697g-dell-dvd-rw-8x-precision-m4300s.html
Vertex Networking,Dell 0C1FN7 DVD+/-RW SATA Dual Layer 16x,Dell 0C1FN7 DVD+/-RW SATA Dual Layer 16x,https://www.vertexnetworking.co.uk/storage/product_images/677915590fb4d_Optical-Drives-Gen.webp,$175.00,0C1FN7,https://www.vertexnetworking.co.uk/product/0c1fn7-dell-dvd-rw-sata-dual-layer-16xs.html
Vertex Networking,Dell 0H9295 Drcombo Bare Slimline DriveCD-RW/DVD Drcombo Drive for AInspiron L/m / 6000,Dell 0H9295 Drcombo Bare Slimline DriveCD-RW/DVD Drcombo Drive for AInspiron L/m / 6000,https://www.vertexnetworking.co.uk/storage/product_images/677915593e375_Optical-Drives-Gen.webp,$150.00,0H9295,https://www.vertexnetworking.co.uk/product/0h9295-dell-drcombo-bare-slimline-drivecd-rw-dvd-drcombo-drive-for-ainspiron-l-m-6000s.html
Vertex Networking,Dell 0H853D Assembly DVD+/-RW Blue Ray M1640,Dell 0H853D Assembly DVD+/-RW Blue Ray M1640,https://www.vertexnetworking.co.uk/storage/product_images/67791558db4b9_Optical-Drives-Gen.webp,$352.00,0H853D,https://www.vertexnetworking.co.uk/product/0h853d-dell-assembly-dvd-rw-blue-ray-m1640s.html
Vertex Networking,Dell 09F443 Inspiron 8100 CD-ROM RW CD Burner,Dell 09F443 Inspiron 8100 CD-ROM RW CD Burner,https://www.vertexnetworking.co.uk/storage/product_images/6779155898832_Optical-Drives-Gen.webp,$142.00,09F443,https://www.vertexnetworking.co.uk/product/09f443-dell-inspiron-8100-cd-rom-rw-cd-burners.html
Vertex Networking,Dell 0H653B Drive DVD+/-RW Black Ide,Dell 0H653B Drive DVD+/-RW Black Ide,https://www.vertexnetworking.co.uk/storage/product_images/677915588add8_Optical-Drives-Gen.webp,$205.00,0H653B,https://www.vertexnetworking.co.uk/product/0h653b-dell-drive-dvd-rw-black-ides.html
Vertex Networking,Dell 063VWD Optical Device Drive DVD+/-rw,Dell 063VWD Optical Device Drive DVD+/-rw,https://www.vertexnetworking.co.uk/storage/product_images/677915573a9f3_Optical-Drives-Gen.webp,$132.00,063VWD,https://www.vertexnetworking.co.uk/product/063vwd-dell-optical-device-drive-dvd-rws.html
Vertex Networking,Dell 0D598F SATA Internal DVD+RW Drive,Dell 0D598F SATA Internal DVD+RW Drive,https://www.vertexnetworking.co.uk/storage/product_images/677915572d614_Optical-Drives-Gen.webp,$165.00,0D598F,https://www.vertexnetworking.co.uk/product/0d598f-dell-sata-internal-dvd-rw-drives.html
Vertex Networking,Dell 09605U 6X DVD Module,Dell 09605U 6X DVD Module,https://www.vertexnetworking.co.uk/storage/product_images/67791558460ca_Optical-Drives-Gen.webp,$138.00,09605U,https://www.vertexnetworking.co.uk/product/09605u-dell-6x-dvd-modules.html
Vertex Networking,Dell 00P696 24X 650M CD-RW Drive,Dell 00P696 24X 650M CD-RW Drive,https://www.vertexnetworking.co.uk/storage/product_images/67791557c90cb_Optical-Drives-Gen.webp,$125.00,00P696,https://www.vertexnetworking.co.uk/product/00p696-dell-24x-650m-cd-rw-drives.html
Vertex Networking,Dell 0D702D SATA Laptop DVD-RW Drive,Dell 0D702D SATA Laptop DVD-RW Drive,https://www.vertexnetworking.co.uk/storage/product_images/67791557489f6_Optical-Drives-Gen.webp,Get a Quote for price,0D702D,https://www.vertexnetworking.co.uk/product/0d702d-dell-sata-laptop-dvd-rw-drives.html
Vertex Networking,Dell 0C3409 24x DVD/CDRW Combo Drive Unit,Dell 0C3409 24x DVD/CDRW Combo Drive Unit,https://www.vertexnetworking.co.uk/storage/product_images/6779155800033_Optical-Drives-Gen.webp,$92.00,0C3409,https://www.vertexnetworking.co.uk/product/0c3409-dell-24x-dvd-cdrw-combo-drive-units.html
Vertex Networking,Dell 0C353C Precision R5400 SATA DVD/cd-RW Slimline,Dell 0C353C Precision R5400 SATA DVD/cd-RW Slimline,https://www.vertexnetworking.co.uk/storage/product_images/677915581cbc6_Optical-Drives-Gen.webp,$92.00,0C353C,https://www.vertexnetworking.co.uk/product/0c353c-dell-precision-r5400-sata-dvd-cd-rw-slimlines.html
Vertex Networking,Dell 00P225 16X IDE Black DVD-RW Drive,Dell 00P225 16X IDE Black DVD-RW Drive,https://www.vertexnetworking.co.uk/storage/product_images/67791557ac8e2_Optical-Drives-Gen.webp,$92.00,00P225,https://www.vertexnetworking.co.uk/product/00p225-dell-16x-ide-black-dvd-rw-drives.html
Vertex Networking,Dell 00ND5H DVDrw/bd-rom 12.7 SATA Sno,Dell 00ND5H DVDrw/bd-rom 12.7 SATA Sno,https://www.vertexnetworking.co.uk/storage/product_images/6779155773fda_Optical-Drives-Gen.webp,$115.00,00ND5H,https://www.vertexnetworking.co.uk/product/00nd5h-dell-dvdrw-bd-rom-12-7-sata-snos.html
Vertex Networking,Dell 0913F4 24X SATA DVD-RW Drive,Dell 0913F4 24X SATA DVD-RW Drive,https://www.vertexnetworking.co.uk/storage/product_images/677915579edc6_Optical-Drives-Gen.webp,$102.00,0913F4,https://www.vertexnetworking.co.uk/product/0913f4-dell-24x-sata-dvd-rw-drives.html
Vertex Networking,"Dell 094WK9 DVD-RW Assembly,DVD+/-RW,8,SATA,TSST,RED","Dell 094WK9 DVD-RW Assembly,DVD+/-RW,8,SATA,TSST,RED",https://www.vertexnetworking.co.uk/storage/product_images/677915582a9a2_Optical-Drives-Gen.webp,$105.00,094WK9,https://www.vertexnetworking.co.uk/product/094wk9-dell-dvd-rw-assembly-dvd-rw-8-sata-tsst-reds.html
Vertex Networking,Dell 091JMG Bzl CD-RW Kme Sfx Gray L2,Dell 091JMG Bzl CD-RW Kme Sfx Gray L2,https://www.vertexnetworking.co.uk/storage/product_images/67791557bae0e_Optical-Drives-Gen.webp,$90.00,091JMG,https://www.vertexnetworking.co.uk/product/091jmg-dell-bzl-cd-rw-kme-sfx-gray-l2s.html
Vertex Networking,Dell 0D7734 DVD-RW- Gwa4040n4x DVD+R/RW Drive Assembly for,Dell 0D7734 DVD-RW- Gwa4040n4x DVD+R/RW Drive Assembly for,https://www.vertexnetworking.co.uk/storage/product_images/6779155781ba9_Optical-Drives-Gen.webp,$165.00,0D7734,https://www.vertexnetworking.co.uk/product/0d7734-dell-dvd-rw-gwa4040n4x-dvd-r-rw-drive-assembly-fors.html
Vertex Networking,Dell - 00NWN5 - Inspiron 14R (N4110) Optical Drive Bezel,Dell - 00NWN5 - Inspiron 14R (N4110) Optical Drive Bezel,https://www.vertexnetworking.co.uk/storage/product_images/677915578f579_Optical-Drives-Gen.webp,$135.00,00NWN5,https://www.vertexnetworking.co.uk/product/00nwn5-dell-inspiron-14r-n4110-8x-sata-dvd-rw-cd-rw-dual-layer-burner-drive-modules.html
Vertex Networking,"Dell 092JD2 DVD-RW Assembly,DVD+/-RW,8,SATA,HLDS,1320","Dell 092JD2 DVD-RW Assembly,DVD+/-RW,8,SATA,HLDS,1320",https://www.vertexnetworking.co.uk/storage/product_images/67791557e6c77_Optical-Drives-Gen.webp,$105.00,092JD2,https://www.vertexnetworking.co.uk/product/092jd2-dell-dvd-rw-assembly-dvd-rw-8-sata-hlds-1320s.html
Vertex Networking,Dell 0PY550 48X CD-RW / DVD Combo Drive for OptiPlex 740/ 745 Desktops / Mini-Tower Systems,Dell 0PY550 48X CD-RW / DVD Combo Drive for OptiPlex 740/ 745 Desktops / Mini-Tower Systems,https://www.vertexnetworking.co.uk/storage/product_images/67791557574c2_Optical-Drives-Gen.webp,$88.00,0PY550,https://www.vertexnetworking.co.uk/product/0py550-dell-48x-cd-rw-dvd-combo-drive-for-optiplex-740-745-desktops-mini-tower-systemss.html
Vertex Networking,Dell 0H552U Sansung Dvd Writer,Dell 0H552U Sansung Dvd Writer,https://www.vertexnetworking.co.uk/storage/product_images/6779155838388_Optical-Drives-Gen.webp,Get a Quote for price,0H552U,https://www.vertexnetworking.co.uk/product/0h552u-dell-sansung-dvd-writers.html
Vertex Networking,Dell 0C3200 2X DVD-RW Drive,Dell 0C3200 2X DVD-RW Drive,https://www.vertexnetworking.co.uk/storage/product_images/67791557d6ad4_Optical-Drives-Gen.webp,$212.00,0C3200,https://www.vertexnetworking.co.uk/product/0c3200-dell-2x-dvd-rw-drives.html
Vertex Networking,Dell 0H5647 48X32X IDE Combo Drive,Dell 0H5647 48X32X IDE Combo Drive,https://www.vertexnetworking.co.uk/storage/product_images/677915585363c_Optical-Drives-Gen.webp,$120.00,0H5647,https://www.vertexnetworking.co.uk/product/0h5647-dell-48x32x-ide-combo-drives.html
Vertex Networking,Dell 060WEJ 4X20X Internal CD-RW Drive for Latitude Cpi/CPx/LS/C410/C600/C610,Dell 060WEJ 4X20X Internal CD-RW Drive for Latitude Cpi/CPx/LS/C410/C600/C610,https://www.vertexnetworking.co.uk/storage/product_images/677915571fea0_Optical-Drives-Gen.webp,$118.00,060WEJ,https://www.vertexnetworking.co.uk/product/060wej-dell-4x20x-internal-cd-rw-drive-for-latitude-cpi-cpx-ls-c410-c600-c610s.html
Vertex Networking,Dell 0D6HDN 8X DVD SATA OPTIPLEX 760 Tower,Dell 0D6HDN 8X DVD SATA OPTIPLEX 760 Tower,https://www.vertexnetworking.co.uk/storage/product_images/6779155712b8e_Optical-Drives-Gen.webp,$100.00,0D6HDN,https://www.vertexnetworking.co.uk/product/0d6hdn-dell-8x-dvd-sata-optiplex-760-towers.html
Vertex Networking,Dell 05R515 Inspiron 2650 24X CD-RW DVD Unit,Dell 05R515 Inspiron 2650 24X CD-RW DVD Unit,https://www.vertexnetworking.co.uk/storage/product_images/67791555e5faa_Optical-Drives-Gen.webp,$205.00,05R515,https://www.vertexnetworking.co.uk/product/05r515-dell-inspiron-2650-24x-cd-rw-dvd-units.html
Vertex Networking,Dell 0D723N 2x SATA DVD-RW Blu-Ray Disc for Latitude E6400/ 600 ATG/ E6500 Laptops / Precision Mobile WorkStation M2400/ M4400,Dell 0D723N 2x SATA DVD-RW Blu-Ray Disc for Latitude E6400/ 600 ATG/ E6500 Laptops / Precision Mobile WorkStation M2400/ M4400,https://www.vertexnetworking.co.uk/storage/product_images/67791556cb462_Optical-Drives-Gen.webp,$665.00,0D723N,https://www.vertexnetworking.co.uk/product/0d723n-dell-2x-sata-dvd-rw-blu-ray-disc-for-latitude-e6400-600-atg-e6500-laptops-precision-mobile-workstation-m2400-m4400s.html
Vertex Networking,Dell 00R925 Latitude X200 CD-RW DVD Drive,Dell 00R925 Latitude X200 CD-RW DVD Drive,https://www.vertexnetworking.co.uk/storage/product_images/6779155677a97_Optical-Drives-Gen.webp,$172.00,00R925,https://www.vertexnetworking.co.uk/product/00r925-dell-latitude-x200-cd-rw-dvd-drives.html
Vertex Networking,Dell 00U414 32X 5.25-inch CD-RW/DVD ROM Combo Drive (Black),Dell 00U414 32X 5.25-inch CD-RW/DVD ROM Combo Drive (Black),https://www.vertexnetworking.co.uk/storage/product_images/677915569269b_Optical-Drives-Gen.webp,$160.00,00U414,https://www.vertexnetworking.co.uk/product/00u414-dell-32x-5-25-inch-cd-rw-dvd-rom-combo-drive-black-s.html
Vertex Networking,Dell 00V1TF 8x DVD-RW Slimline Internal SATA Black Drive,Dell 00V1TF 8x DVD-RW Slimline Internal SATA Black Drive,https://www.vertexnetworking.co.uk/storage/product_images/67791556af649_Optical-Drives-Gen.webp,$90.00,00V1TF,https://www.vertexnetworking.co.uk/product/00v1tf-dell-8x-dvd-rw-slimline-internal-sata-black-drives.html
Vertex Networking,Dell 05V9YX CD/DVD+RW Trayload Optical Multi-Format External USB Drive for Laptops,Dell 05V9YX CD/DVD+RW Trayload Optical Multi-Format External USB Drive for Laptops,https://www.vertexnetworking.co.uk/storage/product_images/67791556bd3f2_Optical-Drives-Gen.webp,Get a Quote for price,05V9YX,https://www.vertexnetworking.co.uk/product/05v9yx-dell-cd-dvd-rw-trayload-optical-multi-format-external-usb-drive-for-laptopss.html
Vertex Networking,Dell 05T116 8X CD-RW+DVD Combo Drive,Dell 05T116 8X CD-RW+DVD Combo Drive,https://www.vertexnetworking.co.uk/storage/product_images/677915564db82_Optical-Drives-Gen.webp,$125.00,05T116,https://www.vertexnetworking.co.uk/product/05t116-dell-8x-cd-rw-dvd-combo-drives.html
Vertex Networking,Dell 05V6K6 16X SATA Half-Height DVD+/-RW Drive for OptiPlex Desktops,Dell 05V6K6 16X SATA Half-Height DVD+/-RW Drive for OptiPlex Desktops,https://www.vertexnetworking.co.uk/storage/product_images/677915569fd43_Optical-Drives-Gen.webp,$105.00,05V6K6,https://www.vertexnetworking.co.uk/product/05v6k6-dell-16x-sata-half-height-dvd-rw-drive-for-optiplex-desktopss.html
Vertex Networking,Dell 05Y217 6X DVD/CD-RW Combo Drive for Inspiron,Dell 05Y217 6X DVD/CD-RW Combo Drive for Inspiron,https://www.vertexnetworking.co.uk/storage/product_images/67791556dc783_Optical-Drives-Gen.webp,$100.00,05Y217,https://www.vertexnetworking.co.uk/product/05y217-dell-6x-dvd-cd-rw-combo-drive-for-inspirons.html
Vertex Networking,Dell 00R113 24X CD-RW Assembly IDE Drive,Dell 00R113 24X CD-RW Assembly IDE Drive,https://www.vertexnetworking.co.uk/storage/product_images/6779155600d04_Optical-Drives-Gen.webp,$150.00,00R113,https://www.vertexnetworking.co.uk/product/00r113-dell-24x-cd-rw-assembly-ide-drives.html
Vertex Networking,Dell 00R708 6X DVD/CD-RW Combo Drive for Inspiron,Dell 00R708 6X DVD/CD-RW Combo Drive for Inspiron,https://www.vertexnetworking.co.uk/storage/product_images/677915563e9d5_Optical-Drives-Gen.webp,$100.00,00R708,https://www.vertexnetworking.co.uk/product/00r708-dell-6x-dvd-cd-rw-combo-drive-for-inspirons.html
Vertex Networking,Dell 0R964K SATA Laptop DVD-RW Drive,Dell 0R964K SATA Laptop DVD-RW Drive,https://www.vertexnetworking.co.uk/storage/product_images/67791555d80be_Optical-Drives-Gen.webp,$115.00,0R964K,https://www.vertexnetworking.co.uk/product/0r964k-dell-sata-laptop-dvd-rw-drives.html
Vertex Networking,Dell 05U492 24X CD-RW/DVD Combo Drive (Black),Dell 05U492 24X CD-RW/DVD Combo Drive (Black),https://www.vertexnetworking.co.uk/storage/product_images/677915566a083_Optical-Drives-Gen.webp,$148.00,05U492,https://www.vertexnetworking.co.uk/product/05u492-dell-24x-cd-rw-dvd-combo-drive-black-s.html
Vertex Networking,Dell 0D7289 24X CD-RW DVD Combo Drive,Dell 0D7289 24X CD-RW DVD Combo Drive,https://www.vertexnetworking.co.uk/storage/product_images/67791556eb36a_Optical-Drives-Gen.webp,$195.00,0D7289,https://www.vertexnetworking.co.uk/product/0d7289-dell-24x-cd-rw-dvd-combo-drives.html
Vertex Networking,Dell 05Y222 24X CD-RW/DVD Combo Drive,Dell 05Y222 24X CD-RW/DVD Combo Drive,https://www.vertexnetworking.co.uk/storage/product_images/677915570469b_Optical-Drives-Gen.webp,Get a Quote for price,05Y222,https://www.vertexnetworking.co.uk/product/05y222-dell-24x-cd-rw-dvd-combo-drives.html
Vertex Networking,Dell 05U825 24X CD-ROM RW CD Burner,Dell 05U825 24X CD-ROM RW CD Burner,https://www.vertexnetworking.co.uk/storage/product_images/6779155684d7d_Optical-Drives-Gen.webp,Get a Quote for price,05U825,https://www.vertexnetworking.co.uk/product/05u825-dell-24x-cd-rom-rw-cd-burners.html
Vertex Networking,Dell 05R596 Latitude D800 24X CD-RW DVD Unit,Dell 05R596 Latitude D800 24X CD-RW DVD Unit,https://www.vertexnetworking.co.uk/storage/product_images/677915560eab3_Optical-Drives-Gen.webp,$90.00,05R596,https://www.vertexnetworking.co.uk/product/05r596-dell-latitude-d800-24x-cd-rw-dvd-units.html
Vertex Networking,Dell 0D7732 4X DVD-RW Drive,Dell 0D7732 4X DVD-RW Drive,https://www.vertexnetworking.co.uk/storage/product_images/6779155765086_Optical-Drives-Gen.webp,$100.00,0D7732,https://www.vertexnetworking.co.uk/product/0d7732-dell-4x-dvd-rw-drives.html
Vertex Networking,Dell 00R710 CD-RW DVD Drive,Dell 00R710 CD-RW DVD Drive,https://www.vertexnetworking.co.uk/storage/product_images/677915565bef9_Optical-Drives-Gen.webp,$185.00,00R710,https://www.vertexnetworking.co.uk/product/00r710-dell-cd-rw-dvd-drives.html
Vertex Networking,Dell 0R508H Xps M1330 DVD+/-RW 8x Psnc 9.5 Slot,Dell 0R508H Xps M1330 DVD+/-RW 8x Psnc 9.5 Slot,https://www.vertexnetworking.co.uk/storage/product_images/67791555145e3_Optical-Drives-Gen.webp,Get a Quote for price,0R508H,https://www.vertexnetworking.co.uk/product/0r508h-dell-xps-m1330-dvd-rw-8x-psnc-9-5-slots.html
Vertex Networking,Dell 0R494C 8X SATA DVD+RW Drive for Precision Workstation R5400,Dell 0R494C 8X SATA DVD+RW Drive for Precision Workstation R5400,https://www.vertexnetworking.co.uk/storage/product_images/67791554cf499_Optical-Drives-Gen.webp,$100.00,0R494C,https://www.vertexnetworking.co.uk/product/0r494c-dell-8x-sata-dvd-rw-drive-for-precision-workstation-r5400s.html
Vertex Networking,Dell 0NG221 24X CD-RW/DVD Combo Drive (RoHS),Dell 0NG221 24X CD-RW/DVD Combo Drive (RoHS),https://www.vertexnetworking.co.uk/storage/product_images/6779155399a2e_Optical-Drives-Gen.webp,$148.00,0NG221,https://www.vertexnetworking.co.uk/product/0ng221-dell-24x-cd-rw-dvd-combo-drive-rohs-s.html
Vertex Networking,"Dell 0NVY7V DVD-RW Assembled Silver Bezel for Vostro 3400, 3500, 3700","Dell 0NVY7V DVD-RW Assembled Silver Bezel for Vostro 3400, 3500, 3700",https://www.vertexnetworking.co.uk/storage/product_images/67791554c1c2d_Optical-Drives-Gen.webp,$135.00,0NVY7V,https://www.vertexnetworking.co.uk/product/0nvy7v-dell-dvd-rw-assembled-silver-bezel-for-vostro-3400-3500-3700s.html
Vertex Networking,Dell 0R6478 DVD+/-rw8x Insp Stb,Dell 0R6478 DVD+/-rw8x Insp Stb,https://www.vertexnetworking.co.uk/storage/product_images/677915559d252_Optical-Drives-Gen.webp,$148.00,0R6478,https://www.vertexnetworking.co.uk/product/0r6478-dell-dvd-rw8x-insp-stbs.html
Vertex Networking,Dell 0R968K Assembly DVD+/-RW 8 12.7 SATA Sno,Dell 0R968K Assembly DVD+/-RW 8 12.7 SATA Sno,https://www.vertexnetworking.co.uk/storage/product_images/67791554b3517_Optical-Drives-Gen.webp,$90.00,0R968K,https://www.vertexnetworking.co.uk/product/0r968k-dell-assembly-dvd-rw-8-12-7-sata-snos.html
Vertex Networking,Dell 0N9399 16X DVD/RW Drive,Dell 0N9399 16X DVD/RW Drive,https://www.vertexnetworking.co.uk/storage/product_images/6779155347475_Optical-Drives-Gen.webp,$100.00,0N9399,https://www.vertexnetworking.co.uk/product/0n9399-dell-16x-dvd-rw-drives.html
Vertex Networking,Dell 0R5528 Inspiron 700m 24X CDRW/ DVD Combo,Dell 0R5528 Inspiron 700m 24X CDRW/ DVD Combo,https://www.vertexnetworking.co.uk/storage/product_images/6779155523c06_Optical-Drives-Gen.webp,$92.00,0R5528,https://www.vertexnetworking.co.uk/product/0r5528-dell-inspiron-700m-24x-cdrw-dvd-combos.html
Vertex Networking,Dell 0NX140 DVD-RWD400/d500/d600 Drive (532tsl) DVD-RW By Toshiba DVD Writer,Dell 0NX140 DVD-RWD400/d500/d600 Drive (532tsl) DVD-RW By Toshiba DVD Writer,https://www.vertexnetworking.co.uk/storage/product_images/677915538c3b3_Optical-Drives-Gen.webp,$78.00,0NX140,https://www.vertexnetworking.co.uk/product/0nx140-dell-dvd-rwd400-d500-d600-drive-532tsl-dvd-rw-by-toshiba-dvd-writers.html
Vertex Networking,Dell 0R930D 16X Half-Height SATA DVD+RW Drive,Dell 0R930D 16X Half-Height SATA DVD+RW Drive,https://www.vertexnetworking.co.uk/storage/product_images/67791555bb030_Optical-Drives-Gen.webp,$130.00,0R930D,https://www.vertexnetworking.co.uk/product/0r930d-dell-16x-half-height-sata-dvd-rw-drives.html
Vertex Networking,Dell 0NCCV6 Assembly DVD+/-RW SATA Toshiba,Dell 0NCCV6 Assembly DVD+/-RW SATA Toshiba,https://www.vertexnetworking.co.uk/storage/product_images/677915537e284_Optical-Drives-Gen.webp,$122.00,0NCCV6,https://www.vertexnetworking.co.uk/product/0nccv6-dell-assembly-dvd-rw-sata-toshibas.html
Vertex Networking,Dell 04P666 OptiPlex GX240 8X CD-RW CD-ROM Unit,Dell 04P666 OptiPlex GX240 8X CD-RW CD-ROM Unit,https://www.vertexnetworking.co.uk/storage/product_images/67791555c97a4_Optical-Drives-Gen.webp,$125.00,04P666,https://www.vertexnetworking.co.uk/product/04p666-dell-optiplex-gx240-8x-cd-rw-cd-rom-units.html
Vertex Networking,Dell 0R496H Optical Drive DVD-RW Latitude E5400,Dell 0R496H Optical Drive DVD-RW Latitude E5400,https://www.vertexnetworking.co.uk/storage/product_images/67791554ed2a1_Optical-Drives-Gen.webp,$145.00,0R496H,https://www.vertexnetworking.co.uk/product/0r496h-dell-optical-drive-dvd-rw-latitude-e5400s.html
Vertex Networking,Dell 05RWR5 E5410 DVD+/-RW SATA Drive,Dell 05RWR5 E5410 DVD+/-RW SATA Drive,https://www.vertexnetworking.co.uk/storage/product_images/677915562f9b3_Optical-Drives-Gen.webp,$110.00,05RWR5,https://www.vertexnetworking.co.uk/product/05rwr5-dell-e5410-dvd-rw-sata-drives.html
Vertex Networking,Dell 0NT634 8X DVD-RW Internal IDE Drive for OptiPlex 745 Ultra-Small Form Factor Desktop,Dell 0NT634 8X DVD-RW Internal IDE Drive for OptiPlex 745 Ultra-Small Form Factor Desktop,https://www.vertexnetworking.co.uk/storage/product_images/677915550653e_Optical-Drives-Gen.webp,$90.00,0NT634,https://www.vertexnetworking.co.uk/product/0nt634-dell-8x-dvd-rw-internal-ide-drive-for-optiplex-745-ultra-small-form-factor-desktops.html
Vertex Networking,Dell 0R396P Assembly DVD+/-RW 8 SATA 1735,Dell 0R396P Assembly DVD+/-RW 8 SATA 1735,https://www.vertexnetworking.co.uk/storage/product_images/6779155354d53_Optical-Drives-Gen.webp,$118.00,0R396P,https://www.vertexnetworking.co.uk/product/0r396p-dell-assembly-dvd-rw-8-sata-1735s.html
Vertex Networking,Dell 0R6185 8X DVD-RW Drive,Dell 0R6185 8X DVD-RW Drive,https://www.vertexnetworking.co.uk/storage/product_images/67791555ad100_Optical-Drives-Gen.webp,$108.00,0R6185,https://www.vertexnetworking.co.uk/product/0r6185-dell-8x-dvd-rw-drives.html
Vertex Networking,Dell 0NT522 8X DVD-RW for Precision M90,Dell 0NT522 8X DVD-RW for Precision M90,https://www.vertexnetworking.co.uk/storage/product_images/67791554dfb60_Optical-Drives-Gen.webp,$100.00,0NT522,https://www.vertexnetworking.co.uk/product/0nt522-dell-8x-dvd-rw-for-precision-m90s.html
Vertex Networking,Dell 0NXMNW 8X DVD+/-RW Drive for Inspiron N5110,Dell 0NXMNW 8X DVD+/-RW Drive for Inspiron N5110,https://www.vertexnetworking.co.uk/storage/product_images/677915558f17f_0NXMNW-o.webp,$122.00,0NXMNW,https://www.vertexnetworking.co.uk/product/0nxmnw-dell-8x-dvd-rw-drive-for-inspiron-n5110s.html
Vertex Networking,Dell 00R450 24X CD-ROM Unit CD-RW Unit Side Unit,Dell 00R450 24X CD-ROM Unit CD-RW Unit Side Unit,https://www.vertexnetworking.co.uk/storage/product_images/677915561d234_Optical-Drives-Gen.webp,Get a Quote for price,00R450,https://www.vertexnetworking.co.uk/product/00r450-dell-24x-cd-rom-unit-cd-rw-unit-side-units.html
Vertex Networking,Dell 01W597 48X CD-RW Drive for OptiPlex,Dell 01W597 48X CD-RW Drive for OptiPlex,https://www.vertexnetworking.co.uk/storage/product_images/677915526b9ef_Optical-Drives-Gen.webp,$145.00,01W597,https://www.vertexnetworking.co.uk/product/01w597-dell-48x-cd-rw-drive-for-optiplexs.html
Vertex Networking,Dell 0N890C 8X SATA DVD+RW Drive,Dell 0N890C 8X SATA DVD+RW Drive,https://www.vertexnetworking.co.uk/storage/product_images/677915532a293_Optical-Drives-Gen.webp,$100.00,0N890C,https://www.vertexnetworking.co.uk/product/0n890c-dell-8x-sata-dvd-rw-drives.html
Vertex Networking,Dell 01T739 Inspiron 5100 CD-RW and DVD Combo,Dell 01T739 Inspiron 5100 CD-RW and DVD Combo,https://www.vertexnetworking.co.uk/storage/product_images/67791551e6aa3_Optical-Drives-Gen.webp,$128.00,01T739,https://www.vertexnetworking.co.uk/product/01t739-dell-inspiron-5100-cd-rw-and-dvd-combos.html
Vertex Networking,Dell 0N8209 8X eSATA DVD+/-RW External Drive,Dell 0N8209 8X eSATA DVD+/-RW External Drive,https://www.vertexnetworking.co.uk/storage/product_images/67791552ba133_Optical-Drives-Gen.webp,$162.00,0N8209,https://www.vertexnetworking.co.uk/product/0n8209-dell-8x-esata-dvd-rw-external-drives.html
Vertex Networking,Dell 0R3972 CDRW/DVDR,Dell 0R3972 CDRW/DVDR,https://www.vertexnetworking.co.uk/storage/product_images/6779155370dce_Optical-Drives-Gen.webp,$100.00,0R3972,https://www.vertexnetworking.co.uk/product/0r3972-dell-cdrw-dvdrs.html
Vertex Networking,Dell 0R344G 16X Half-Height SATA Internal DVD+RW Drive,Dell 0R344G 16X Half-Height SATA Internal DVD+RW Drive,https://www.vertexnetworking.co.uk/storage/product_images/6779155337e8a_Optical-Drives-Gen.webp,$130.00,0R344G,https://www.vertexnetworking.co.uk/product/0r344g-dell-16x-half-height-sata-internal-dvd-rw-drives.html
Vertex Networking,Dell 01W099 CD-RW/ DVD Drive,Dell 01W099 CD-RW/ DVD Drive,https://www.vertexnetworking.co.uk/storage/product_images/677915524eff3_Optical-Drives-Gen.webp,$230.00,01W099,https://www.vertexnetworking.co.uk/product/01w099-dell-cd-rw-dvd-drives.html
Vertex Networking,Dell 0R9116 8X DVD-RW Drive,Dell 0R9116 8X DVD-RW Drive,https://www.vertexnetworking.co.uk/storage/product_images/677915531bf28_Optical-Drives-Gen.webp,$108.00,0R9116,https://www.vertexnetworking.co.uk/product/0r9116-dell-8x-dvd-rw-drives.html
Vertex Networking,Dell 0N820P Latitude Z600 External DVD-RW Drive,Dell 0N820P Latitude Z600 External DVD-RW Drive,https://www.vertexnetworking.co.uk/storage/product_images/677915530c94e_0N820P-o.webp,$155.00,0N820P,https://www.vertexnetworking.co.uk/product/0n820p-dell-latitude-z600-external-dvd-rw-drives.html
Vertex Networking,Dell 0N7856 8X DVD+/-RW,Dell 0N7856 8X DVD+/-RW,https://www.vertexnetworking.co.uk/storage/product_images/67791552973fa_Optical-Drives-Gen.webp,$108.00,0N7856,https://www.vertexnetworking.co.uk/product/0n7856-dell-8x-dvd-rws.html
Vertex Networking,Dell 01X479 24X CD-ROM Unit and CD-RW Unit,Dell 01X479 24X CD-ROM Unit and CD-RW Unit,https://www.vertexnetworking.co.uk/storage/product_images/6779155287f24_Optical-Drives-Gen.webp,$92.00,01X479,https://www.vertexnetworking.co.uk/product/01x479-dell-24x-cd-rom-unit-and-cd-rw-units.html
Vertex Networking,Dell 02J169 6X Internal CD-RW+DVD Combo Drive,Dell 02J169 6X Internal CD-RW+DVD Combo Drive,https://www.vertexnetworking.co.uk/storage/product_images/6779155200956_Optical-Drives-Gen.webp,$115.00,02J169,https://www.vertexnetworking.co.uk/product/02j169-dell-6x-internal-cd-rw-dvd-combo-drives.html
Vertex Networking,Dell 01W010 24X CDRW/DVD Combo Drive Internal,Dell 01W010 24X CDRW/DVD Combo Drive Internal,https://www.vertexnetworking.co.uk/storage/product_images/6779155231754_Optical-Drives-Gen.webp,$145.00,01W010,https://www.vertexnetworking.co.uk/product/01w010-dell-24x-cdrw-dvd-combo-drive-internals.html
Vertex Networking,Dell 0N7823 DVD-RW Drive Unit Face Plate (Bezel),Dell 0N7823 DVD-RW Drive Unit Face Plate (Bezel),https://www.vertexnetworking.co.uk/storage/product_images/6779155279e36_Optical-Drives-Gen.webp,$100.00,0N7823,https://www.vertexnetworking.co.uk/product/0n7823-dell-dvd-rw-drive-unit-face-plate-bezel-s.html
Vertex Networking,Dell 01Y414 Latitude D600 DVD Unit DVD plus RW Drive,Dell 01Y414 Latitude D600 DVD Unit DVD plus RW Drive,https://www.vertexnetworking.co.uk/storage/product_images/67791552a4f89_Optical-Drives-Gen.webp,$90.00,01Y414,https://www.vertexnetworking.co.uk/product/01y414-dell-latitude-d600-dvd-unit-dvd-plus-rw-drives.html
Vertex Networking,Dell 0NC9HV 8X SATA DVD-RW Drive,Dell 0NC9HV 8X SATA DVD-RW Drive,https://www.vertexnetworking.co.uk/storage/product_images/6779155363aaf_Optical-Drives-Gen.webp,$88.00,0NC9HV,https://www.vertexnetworking.co.uk/product/0nc9hv-dell-8x-sata-dvd-rw-drives.html
Vertex Networking,Dell 0N524D 16X Half-Height SATA Internal DVD+RW Drive for Vostro 410 Desktop (Clean pulls),Dell 0N524D 16X Half-Height SATA Internal DVD+RW Drive for Vostro 410 Desktop (Clean pulls),https://www.vertexnetworking.co.uk/storage/product_images/6779155240460_Optical-Drives-Gen.webp,$145.00,0N524D,https://www.vertexnetworking.co.uk/product/0n524d-dell-16x-half-height-sata-internal-dvd-rw-drive-for-vostro-410-desktop-clean-pulls-s.html
Vertex Networking,Dell 0N7572 Assembly CDRW/DVD 48X HH TSST ULD,Dell 0N7572 Assembly CDRW/DVD 48X HH TSST ULD,https://www.vertexnetworking.co.uk/storage/product_images/677915525d5b9_Optical-Drives-Gen.webp,$115.00,0N7572,https://www.vertexnetworking.co.uk/product/0n7572-dell-assembly-cdrw-dvd-48x-hh-tsst-ulds.html
Vertex Networking,Dell 0R853C Panasonic 8x Slot Loading DVD-RW Uj-876 for Vostro 1710,Dell 0R853C Panasonic 8x Slot Loading DVD-RW Uj-876 for Vostro 1710,https://www.vertexnetworking.co.uk/storage/product_images/67791552de62a_Optical-Drives-Gen.webp,$92.00,0R853C,https://www.vertexnetworking.co.uk/product/0r853c-dell-panasonic-8x-slot-loading-dvd-rw-uj-876-for-vostro-1710s.html
Vertex Networking,Dell 02F939 24X IDE CD-RW Drive,Dell 02F939 24X IDE CD-RW Drive,https://www.vertexnetworking.co.uk/storage/product_images/67791551d85c1_Optical-Drives-Gen.webp,$165.00,02F939,https://www.vertexnetworking.co.uk/product/02f939-dell-24x-ide-cd-rw-drives.html
Vertex Networking,Dell 021HHW 8X IDE 5.25-inch CD-RW Drive,Dell 021HHW 8X IDE 5.25-inch CD-RW Drive,https://www.vertexnetworking.co.uk/storage/product_images/67791550cc050_Optical-Drives-Gen.webp,$125.00,021HHW,https://www.vertexnetworking.co.uk/product/021hhw-dell-8x-ide-5-25-inch-cd-rw-drives.html
Vertex Networking,Dell 01U001 24x CD-RW Drive for Inspiron 8200,Dell 01U001 24x CD-RW Drive for Inspiron 8200,https://www.vertexnetworking.co.uk/storage/product_images/677915520f2f5_Optical-Drives-Gen.webp,$105.00,01U001,https://www.vertexnetworking.co.uk/product/01u001-dell-24x-cd-rw-drive-for-inspiron-8200s.html
Vertex Networking,Dell 01J248 DVD/CD-RW 4G IDE 5.25-inch Form Factor,Dell 01J248 DVD/CD-RW 4G IDE 5.25-inch Form Factor,https://www.vertexnetworking.co.uk/storage/product_images/677915513db18_Optical-Drives-Gen.webp,$88.00,01J248,https://www.vertexnetworking.co.uk/product/01j248-dell-dvd-cd-rw-4g-ide-5-25-inch-form-factors.html
Vertex Networking,Dell 02566V 8X SATA DVD-RW Drive,Dell 02566V 8X SATA DVD-RW Drive,https://www.vertexnetworking.co.uk/storage/product_images/677915510f810_Optical-Drives-Gen.webp,$192.00,02566V,https://www.vertexnetworking.co.uk/product/02566v-dell-8x-sata-dvd-rw-drives.html
Vertex Networking,Dell 01G487 6X DVD/CD-RW Combo Drive for Inspiron,Dell 01G487 6X DVD/CD-RW Combo Drive for Inspiron,https://www.vertexnetworking.co.uk/storage/product_images/6779155101d3b_Optical-Drives-Gen.webp,$100.00,01G487,https://www.vertexnetworking.co.uk/product/01g487-dell-6x-dvd-cd-rw-combo-drive-for-inspirons.html
Vertex Networking,Dell 01MCF9 8X DVD-RW Drive,Dell 01MCF9 8X DVD-RW Drive,https://www.vertexnetworking.co.uk/storage/product_images/6779155175a3f_Optical-Drives-Gen.webp,$192.00,01MCF9,https://www.vertexnetworking.co.uk/product/01mcf9-dell-8x-dvd-rw-drives.html
Vertex Networking,Dell 02M342 16X IDE 5.25-inch CD-RW Drive Midnight Gray,Dell 02M342 16X IDE 5.25-inch CD-RW Drive Midnight Gray,https://www.vertexnetworking.co.uk/storage/product_images/677915521d819_Optical-Drives-Gen.webp,$90.00,02M342,https://www.vertexnetworking.co.uk/product/02m342-dell-16x-ide-5-25-inch-cd-rw-drive-midnight-grays.html
Vertex Networking,Dell 02889T DVD 6X White,Dell 02889T DVD 6X White,https://www.vertexnetworking.co.uk/storage/product_images/6779155167c0f_Optical-Drives-Gen.webp,$105.00,02889T,https://www.vertexnetworking.co.uk/product/02889t-dell-dvd-6x-whites.html
Vertex Networking,Dell 02758U CD-RW Drive,Dell 02758U CD-RW Drive,https://www.vertexnetworking.co.uk/storage/product_images/677915512c604_Optical-Drives-Gen.webp,$160.00,02758U,https://www.vertexnetworking.co.uk/product/02758u-dell-cd-rw-drives.html
Vertex Networking,Dell 02D889 6X CD-RW/DVD for Inspiron,Dell 02D889 6X CD-RW/DVD for Inspiron,https://www.vertexnetworking.co.uk/storage/product_images/67791551bbe99_Optical-Drives-Gen.webp,$100.00,02D889,https://www.vertexnetworking.co.uk/product/02d889-dell-6x-cd-rw-dvd-for-inspirons.html
Vertex Networking,Dell 01G055 24X CD-RW/DVD Combo Drive for Inspiron,Dell 01G055 24X CD-RW/DVD Combo Drive for Inspiron,https://www.vertexnetworking.co.uk/storage/product_images/67791550db3d2_Optical-Drives-Gen.webp,$100.00,01G055,https://www.vertexnetworking.co.uk/product/01g055-dell-24x-cd-rw-dvd-combo-drive-for-inspirons.html
Vertex Networking,Dell 02878P Inspiron 2000 4X DVD Module,Dell 02878P Inspiron 2000 4X DVD Module,https://www.vertexnetworking.co.uk/storage/product_images/677915514c170_Optical-Drives-Gen.webp,$115.00,02878P,https://www.vertexnetworking.co.uk/product/02878p-dell-inspiron-2000-4x-dvd-modules.html
Vertex Networking,Dell 01N142 8X CD-RW/DVD for Latitude X200,Dell 01N142 8X CD-RW/DVD for Latitude X200,https://www.vertexnetworking.co.uk/storage/product_images/677915519165b_Optical-Drives-Gen.webp,$130.00,01N142,https://www.vertexnetworking.co.uk/product/01n142-dell-8x-cd-rw-dvd-for-latitude-x200s.html
Vertex Networking,Dell 01F651 Latitude C840 CD-ROM RW CD Burner Bezel,Dell 01F651 Latitude C840 CD-ROM RW CD Burner Bezel,https://www.vertexnetworking.co.uk/storage/product_images/67791550be700_Optical-Drives-Gen.webp,$142.00,01F651,https://www.vertexnetworking.co.uk/product/01f651-dell-latitude-c840-cd-rom-rw-cd-burner-bezels.html
Vertex Networking,Dell 029WYD 8X/4X/24X Slim Line CD-RW (Black),Dell 029WYD 8X/4X/24X Slim Line CD-RW (Black),https://www.vertexnetworking.co.uk/storage/product_images/6779155184152_Optical-Drives-Gen.webp,$98.00,029WYD,https://www.vertexnetworking.co.uk/product/029wyd-dell-8x-4x-24x-slim-line-cd-rw-black-s.html
Vertex Networking,Dell 01P930 8X IDE CD-RW Drive for Inspiron 8100/Latitude C810,Dell 01P930 8X IDE CD-RW Drive for Inspiron 8100/Latitude C810,https://www.vertexnetworking.co.uk/storage/product_images/67791551ae20c_Optical-Drives-Gen.webp,$125.00,01P930,https://www.vertexnetworking.co.uk/product/01p930-dell-8x-ide-cd-rw-drive-for-inspiron-8100-latitude-c810s.html
Vertex Networking,Dell 02C131 4X/24C CD-RW/DVD Combo Drive for Inspiron 8100,Dell 02C131 4X/24C CD-RW/DVD Combo Drive for Inspiron 8100,https://www.vertexnetworking.co.uk/storage/product_images/677915519e80f_Optical-Drives-Gen.webp,$148.00,02C131,https://www.vertexnetworking.co.uk/product/02c131-dell-4x-24c-cd-rw-dvd-combo-drive-for-inspiron-8100s.html
Vertex Networking,Dell 01R142 8X CD-RW and CD-ROM Unit Side Unit,Dell 01R142 8X CD-RW and CD-ROM Unit Side Unit,https://www.vertexnetworking.co.uk/storage/product_images/67791551ca527_Optical-Drives-Gen.webp,$175.00,01R142,https://www.vertexnetworking.co.uk/product/01r142-dell-8x-cd-rw-and-cd-rom-unit-side-units.html
Vertex Networking,Dell 01G847 12X DVD Drive and CD-RW Unit Side Unit,Dell 01G847 12X DVD Drive and CD-RW Unit Side Unit,https://www.vertexnetworking.co.uk/storage/product_images/677915511dc65_Optical-Drives-Gen.webp,$138.00,01G847,https://www.vertexnetworking.co.uk/product/01g847-dell-12x-dvd-drive-and-cd-rw-unit-side-units.html
Vertex Networking,Dell 01K936 8X16X10X24X CD-RW/DVD Combo Drive,Dell 01K936 8X16X10X24X CD-RW/DVD Combo Drive,https://www.vertexnetworking.co.uk/storage/product_images/6779155159ec3_Optical-Drives-Gen.webp,$95.00,01K936,https://www.vertexnetworking.co.uk/product/01k936-dell-8x16x10x24x-cd-rw-dvd-combo-drives.html
Vertex Networking,Dell 0PXFKN DVD Optical Drive EMOD E6400,Dell 0PXFKN DVD Optical Drive EMOD E6400 Product Condition: Refurbished,https://www.vertexnetworking.co.uk/storage/product_images/6779154fdd4b5_Optical-Drives-Gen.webp,$83.00,0PXFKN,https://www.vertexnetworking.co.uk/product/0pxfkn-dell-dvd-optical-drive-emod-e6400s.html
Vertex Networking,Dell 021WYK 8X SATA Slim Line DVD-RW Drive,Dell 021WYK 8X SATA Slim Line DVD-RW Drive,https://www.vertexnetworking.co.uk/storage/product_images/67791550e8840_Optical-Drives-Gen.webp,$85.00,021WYK,https://www.vertexnetworking.co.uk/product/021wyk-dell-8x-sata-slim-line-dvd-rw-drives.html
Vertex Networking,Dell 0NP359 48X Half-Height Black CD-RW/DVD Combo Drive (Black) for OptiPlex 330 Desktop,Dell 0NP359 48X Half-Height Black CD-RW/DVD Combo Drive (Black) for OptiPlex 330 Desktop,https://www.vertexnetworking.co.uk/storage/product_images/6779155032685_Optical-Drives-Gen.webp,$88.00,0NP359,https://www.vertexnetworking.co.uk/product/0np359-dell-48x-half-height-black-cd-rw-dvd-combo-drive-black-for-optiplex-330-desktops.html
Vertex Networking,Dell 0NJG4F Inspiron 15R (N5010)8x SATA DVD+RW / CD-RW Dual Layer Burner Drive Module,Dell 0NJG4F Inspiron 15R (N5010)8x SATA DVD+RW / CD-RW Dual Layer Burner Drive Module,https://www.vertexnetworking.co.uk/storage/product_images/6779155005c8a_Optical-Drives-Gen.webp,$212.00,0NJG4F,https://www.vertexnetworking.co.uk/product/0njg4f-dell-inspiron-15r-n5010-8x-sata-dvd-rw-cd-rw-dual-layer-burner-drive-modules.html
Vertex Networking,Dell 019FEM 12X8X32X CD-RW Drive for OptiPlex (White),Dell 019FEM 12X8X32X CD-RW Drive for OptiPlex (White),https://www.vertexnetworking.co.uk/storage/product_images/677915505ade0_Optical-Drives-Gen.webp,$158.00,019FEM,https://www.vertexnetworking.co.uk/product/019fem-dell-12x8x32x-cd-rw-drive-for-optiplex-white-s.html
Vertex Networking,Dell 0NP873 Assembly Cd 48x Hh Pbds IDE 05 Blk,Dell 0NP873 Assembly Cd 48x Hh Pbds IDE 05 Blk Product Condition: Refurbished,https://www.vertexnetworking.co.uk/storage/product_images/677915504cf18_Optical-Drives-Gen.webp,$92.00,0NP873,https://www.vertexnetworking.co.uk/product/0np873-dell-assembly-cd-48x-hh-pbds-ide-05-blks.html
Vertex Networking,Dell 0PU620 24X IDE CD-RW/DVD Combo Drive for Latitude D430/ D530/ D630/ D631/ D830 / Precision Mobile WorkStation M4300,Dell 0PU620 24X IDE CD-RW/DVD Combo Drive for Latitude D430/ D530/ D630/ D631/ D830 / Precision Mobile WorkStation M4300,https://www.vertexnetworking.co.uk/storage/product_images/6779154fa4ec7_Optical-Drives-Gen.webp,$135.00,0PU620,https://www.vertexnetworking.co.uk/product/0pu620-dell-24x-ide-cd-rw-dvd-combo-drive-for-latitude-d430-d530-d630-d631-d830-precision-mobile-workstation-m4300s.html
Vertex Networking,Dell 0NR0VR E4200 DVD+/-RW Cdrom,Dell 0NR0VR E4200 DVD+/-RW Cdrom,https://www.vertexnetworking.co.uk/storage/product_images/677915503fb89_Optical-Drives-Gen.webp,$100.00,0NR0VR,https://www.vertexnetworking.co.uk/product/0nr0vr-dell-e4200-dvd-rw-cdroms.html
Vertex Networking,Dell 01C180 24X CD-RW/DVD ROM Drive,Dell 01C180 24X CD-RW/DVD ROM Drive,https://www.vertexnetworking.co.uk/storage/product_images/6779155077f45_Optical-Drives-Gen.webp,$175.00,01C180,https://www.vertexnetworking.co.uk/product/01c180-dell-24x-cd-rw-dvd-rom-drives.html
Vertex Networking,Dell 01F569 8X/4X/24X CD-RW Drive,Dell 01F569 8X/4X/24X CD-RW Drive,https://www.vertexnetworking.co.uk/storage/product_images/67791550b0f2d_Optical-Drives-Gen.webp,$95.00,01F569,https://www.vertexnetworking.co.uk/product/01f569-dell-8x-4x-24x-cd-rw-drives.html
Vertex Networking,Dell 01D51J 8X SATA DVD-RW Drive for Studio XPS 1640/1645/1647,Dell 01D51J 8X SATA DVD-RW Drive for Studio XPS 1640/1645/1647,https://www.vertexnetworking.co.uk/storage/product_images/6779155088080_Optical-Drives-Gen.webp,$95.00,01D51J,https://www.vertexnetworking.co.uk/product/01d51j-dell-8x-sata-dvd-rw-drive-for-studio-xps-1640-1645-1647s.html
Vertex Networking,Dell 0P664Y Super Multi DVD Writer,Dell 0P664Y Super Multi DVD Writer,https://www.vertexnetworking.co.uk/storage/product_images/6779154fb2af8_Optical-Drives-Gen.webp,$92.00,0P664Y,https://www.vertexnetworking.co.uk/product/0p664y-dell-super-multi-dvd-writers.html
Vertex Networking,"Dell 0RD3GH 8X SATA DVD-RW Drive for Latitude E6400, 6410, 6500, 6510","Dell 0RD3GH 8X SATA DVD-RW Drive for Latitude E6400, 6410, 6500, 6510",https://www.vertexnetworking.co.uk/storage/product_images/6779155013df0_Optical-Drives-Gen.webp,$265.00,0RD3GH,https://www.vertexnetworking.co.uk/product/0rd3gh-dell-8x-sata-dvd-rw-drive-for-latitude-e6400-6410-6500-6510s.html
Vertex Networking,Dell 0PW002 24x CDRW/DVD Internal Drive for Inspiron 1525/1526,Dell 0PW002 24x CDRW/DVD Internal Drive for Inspiron 1525/1526,https://www.vertexnetworking.co.uk/storage/product_images/6779154fc0801_Optical-Drives-Gen.webp,$125.00,0PW002,https://www.vertexnetworking.co.uk/product/0pw002-dell-24x-cdrw-dvd-internal-drive-for-inspiron-1525-1526s.html
Vertex Networking,Dell 0RC90X 8x DVD+/-RW Slim-Line Super Drive,Dell 0RC90X 8x DVD+/-RW Slim-Line Super Drive,https://www.vertexnetworking.co.uk/storage/product_images/6779154febfa6_Optical-Drives-Gen.webp,$102.00,0RC90X,https://www.vertexnetworking.co.uk/product/0rc90x-dell-8x-dvd-rw-slim-line-super-drives.html
Vertex Networking,Dell 0P618C DVD+/-RW Inspiron 1535/1536/1735/1736,Dell 0P618C DVD+/-RW Inspiron 1535/1536/1735/1736,https://www.vertexnetworking.co.uk/storage/product_images/6779154f966a5_Optical-Drives-Gen.webp,$148.00,0P618C,https://www.vertexnetworking.co.uk/product/0p618c-dell-dvd-rw-inspiron-1535-1536-1735-1736s.html
Vertex Networking,Dell 01E618 Precision WorkStation 530 16X CD-ROM RW CD Burner,Dell 01E618 Precision WorkStation 530 16X CD-ROM RW CD Burner,https://www.vertexnetworking.co.uk/storage/product_images/6779155095fa1_Optical-Drives-Gen.webp,Get a Quote for price,01E618,https://www.vertexnetworking.co.uk/product/01e618-dell-precision-workstation-530-16x-cd-rom-rw-cd-burners.html
Vertex Networking,Dell 0NPK1Y 8X SATA DVD-RW Drive,Dell 0NPK1Y 8X SATA DVD-RW Drive,https://www.vertexnetworking.co.uk/storage/product_images/67791550684f5_Optical-Drives-Gen.webp,$175.00,0NPK1Y,https://www.vertexnetworking.co.uk/product/0npk1y-dell-8x-sata-dvd-rw-drives.html
Vertex Networking,Dell 0NH434 8X IDE DVD-RW Drive,Dell 0NH434 8X IDE DVD-RW Drive,https://www.vertexnetworking.co.uk/storage/product_images/67791550a392a_Optical-Drives-Gen.webp,$100.00,0NH434,https://www.vertexnetworking.co.uk/product/0nh434-dell-8x-ide-dvd-rw-drives.html
Vertex Networking,Dell 0NN332 16X Half-Height SATA Internal DVD+RW Drive for Vostro 410 Desktop,Dell 0NN332 16X Half-Height SATA Internal DVD+RW Drive for Vostro 410 Desktop,https://www.vertexnetworking.co.uk/storage/product_images/6779155024da7_Optical-Drives-Gen.webp,$145.00,0NN332,https://www.vertexnetworking.co.uk/product/0nn332-dell-16x-half-height-sata-internal-dvd-rw-drive-for-vostro-410-desktops.html
Vertex Networking,Dell 0P411K DVD/CD Rewritable Drive,Dell 0P411K DVD/CD Rewritable Drive,https://www.vertexnetworking.co.uk/storage/product_images/6779154f216db_Optical-Drives-Gen.webp,$145.00,0P411K,https://www.vertexnetworking.co.uk/product/0p411k-dell-dvd-cd-rewritable-drives.html
Vertex Networking,Dell 0J7X2N 16X SATA DVD-RW Drive,Dell 0J7X2N 16X SATA DVD-RW Drive Product Condition: Refurbished,https://www.vertexnetworking.co.uk/storage/product_images/6779154e5dcbc_Optical-Drives-Gen.webp,$74.00,0J7X2N,https://www.vertexnetworking.co.uk/product/0j7x2n-dell-16x-sata-dvd-rw-drives.html
Vertex Networking,Dell 0PK849 Dvd/Cd-RW Drive Combo for Vostro 1400 Laptop,Dell 0PK849 Dvd/Cd-RW Drive Combo for Vostro 1400 Laptop,https://www.vertexnetworking.co.uk/storage/product_images/6779154f2fb05_Optical-Drives-Gen.webp,$115.00,0PK849,https://www.vertexnetworking.co.uk/product/0pk849-dell-dvd-cd-rw-drive-combo-for-vostro-1400-laptops.html
Vertex Networking,Dell 0PU262 48X Half-Height Black CD-RW/DVD Combo Drive for OptiPlex 330 Mini-Tower System,Dell 0PU262 48X Half-Height Black CD-RW/DVD Combo Drive for OptiPlex 330 Mini-Tower System,https://www.vertexnetworking.co.uk/storage/product_images/6779154f88e57_Optical-Drives-Gen.webp,$88.00,0PU262,https://www.vertexnetworking.co.uk/product/0pu262-dell-48x-half-height-black-cd-rw-dvd-combo-drive-for-optiplex-330-mini-tower-systems.html
Vertex Networking,Dell 0P5421 Assembly DVD+RW 8X DMOD NFI,Dell 0P5421 Assembly DVD+RW 8X DMOD NFI,https://www.vertexnetworking.co.uk/storage/product_images/6779154f79e3b_Optical-Drives-Gen.webp,$90.00,0P5421,https://www.vertexnetworking.co.uk/product/0p5421-dell-assembly-dvd-rw-8x-dmod-nfis.html
Vertex Networking,Dell 0P36YR 16X SATA DVD-RW Drive,Dell 0P36YR 16X SATA DVD-RW Drive,https://www.vertexnetworking.co.uk/storage/product_images/6779154ebcbc9_Optical-Drives-Gen.webp,Get a Quote for price,0P36YR,https://www.vertexnetworking.co.uk/product/0p36yr-dell-16x-sata-dvd-rw-drives.html
Vertex Networking,"Dell 0PGGV3 DVD-RW Assembly, DVD+/-RW,8","Dell 0PGGV3 DVD-RW Assembly, DVD+/-RW,8",https://www.vertexnetworking.co.uk/storage/product_images/6779154ecb6fc_Optical-Drives-Gen.webp,$130.00,0PGGV3,https://www.vertexnetworking.co.uk/product/0pggv3-dell-dvd-rw-assembly-dvd-rw-8s.html
Vertex Networking,Dell - 0PT068 - 8x DVD+R/RW Super Multi Double-Layer LightScribe IDE Optical Drive,Dell - 0PT068 - 8x DVD+R/RW Super Multi Double-Layer LightScribe IDE Optical Drive,https://www.vertexnetworking.co.uk/storage/product_images/6779154f699bf_Optical-Drives-Gen.webp,$115.00,0PT068,https://www.vertexnetworking.co.uk/product/0pt068-dell-8x-dvd-r-rw-super-multi-double-layer-lightscribe-ide-optical-drives.html
Vertex Networking,Dell 0PT065 CD-RW/dvd24x Inspiron 1525/1526,Dell 0PT065 CD-RW/dvd24x Inspiron 1525/1526,https://www.vertexnetworking.co.uk/storage/product_images/6779154f4b503_Optical-Drives-Gen.webp,$80.00,0PT065,https://www.vertexnetworking.co.uk/product/0pt065-dell-cd-rw-dvd24x-inspiron-1525-1526s.html
Vertex Networking,Dell 0P5264 Inspiron 5100 Gray Cd-rw/DVD CD Burner/DVD Player B,Dell 0P5264 Inspiron 5100 Gray Cd-rw/DVD CD Burner/DVD Player B,https://www.vertexnetworking.co.uk/storage/product_images/6779154f5b99e_Optical-Drives-Gen.webp,Get a Quote for price,0P5264,https://www.vertexnetworking.co.uk/product/0p5264-dell-inspiron-5100-gray-cd-rw-dvd-cd-burner-dvd-player-bs.html
Vertex Networking,Dell 0PH310 8X DVD-RW Drive,Dell 0PH310 8X DVD-RW Drive,https://www.vertexnetworking.co.uk/storage/product_images/6779154ee6d65_Optical-Drives-Gen.webp,$100.00,0PH310,https://www.vertexnetworking.co.uk/product/0ph310-dell-8x-dvd-rw-drives.html
Vertex Networking,Dell - 0PHF8J - 16X Full-Height CD-RW/DVD-RW Optical Drive,Dell - 0PHF8J - 16X Full-Height CD-RW/DVD-RW Optical Drive,https://www.vertexnetworking.co.uk/storage/product_images/6779154f13241_Optical-Drives-Gen.webp,$112.00,0PHF8J,https://www.vertexnetworking.co.uk/product/0phf8j-dell-16x-full-height-cd-rw-dvd-rw-drives.html
Vertex Networking,Dell 0PG263 24x CD-RW/DVD D-mod Nfi,Dell 0PG263 24x CD-RW/DVD D-mod Nfi,https://www.vertexnetworking.co.uk/storage/product_images/6779154ea4537_Optical-Drives-Gen.webp,$92.00,0PG263,https://www.vertexnetworking.co.uk/product/0pg263-dell-24x-cd-rw-dvd-d-mod-nfis.html
Vertex Networking,Dell 0J822J 8X SATA DVD+RW Drive for Latitude E4300 Laptop,Dell 0J822J 8X SATA DVD+RW Drive for Latitude E4300 Laptop,https://www.vertexnetworking.co.uk/storage/product_images/6779154e7a80e_Optical-Drives-Gen.webp,$195.00,0J822J,https://www.vertexnetworking.co.uk/product/0j822j-dell-8x-sata-dvd-rw-drive-for-latitude-e4300-laptops.html
Vertex Networking,Dell 0P5226 48x32x CD-RW Black Drive,Dell 0P5226 48x32x CD-RW Black Drive,https://www.vertexnetworking.co.uk/storage/product_images/6779154f3d7b2_Optical-Drives-Gen.webp,$95.00,0P5226,https://www.vertexnetworking.co.uk/product/0p5226-dell-48x32x-cd-rw-black-drives.html
Vertex Networking,Dell 0NJ182 Sidvd+-rw16xidehhpnk,Dell 0NJ182 Sidvd+-rw16xidehhpnk,https://www.vertexnetworking.co.uk/storage/product_images/6779154fce6bc_Optical-Drives-Gen.webp,$118.00,0NJ182,https://www.vertexnetworking.co.uk/product/0nj182-dell-sidvd-rw16xidehhpnks.html
Vertex Networking,Dell 0P9MYJ Internal DVD-RW Slimline Optical Drive,Dell 0P9MYJ Internal DVD-RW Slimline Optical Drive,https://www.vertexnetworking.co.uk/storage/product_images/6779154e6c1ba_Optical-Drives-Gen.webp,$148.00,0P9MYJ,https://www.vertexnetworking.co.uk/product/0p9myj-dell-internal-dvd-rw-slimline-optical-drives.html
Vertex Networking,Dell 0P396F 8X SATA DVD+RW Drive (Blue),Dell 0P396F 8X SATA DVD+RW Drive (Blue),https://www.vertexnetworking.co.uk/storage/product_images/6779154f04a1a_Optical-Drives-Gen.webp,$100.00,0P396F,https://www.vertexnetworking.co.uk/product/0p396f-dell-8x-sata-dvd-rw-drive-blue-s.html
Vertex Networking,Dell 0P393F 8X SATA DVD+RW Drive (Red),Dell 0P393F 8X SATA DVD+RW Drive (Red),https://www.vertexnetworking.co.uk/storage/product_images/6779154ed9292_Optical-Drives-Gen.webp,$100.00,0P393F,https://www.vertexnetworking.co.uk/product/0p393f-dell-8x-sata-dvd-rw-drive-red-s.html
Vertex Networking,Dell 0PD585 8X/4X/4X DVD-RW / 24X/16X/24X CD-RW Combo Drive,Dell 0PD585 8X/4X/4X DVD-RW / 24X/16X/24X CD-RW Combo Drive,https://www.vertexnetworking.co.uk/storage/product_images/6779154e893be_Optical-Drives-Gen.webp,$90.00,0PD585,https://www.vertexnetworking.co.uk/product/0pd585-dell-8x-4x-4x-dvd-rw-24x-16x-24x-cd-rw-combo-drives.html
Vertex Networking,Dell 04K963 24X CD-ROM Unit and CD-RW Unit Side Unit,Dell 04K963 24X CD-ROM Unit and CD-RW Unit Side Unit,https://www.vertexnetworking.co.uk/storage/product_images/6779154d9c3b3_Optical-Drives-Gen.webp,$145.00,04K963,https://www.vertexnetworking.co.uk/product/04k963-dell-24x-cd-rom-unit-and-cd-rw-unit-side-units.html
Vertex Networking,Dell 0P88PN Inspiron 14r (N4010) 8x SATA DVD+Rw / CD-RW Dual Layer Burner Drive Module,Dell 0P88PN Inspiron 14r (N4010) 8x SATA DVD+Rw / CD-RW Dual Layer Burner Drive Module,https://www.vertexnetworking.co.uk/storage/product_images/6779154e17c65_Optical-Drives-Gen.webp,$95.00,0P88PN,https://www.vertexnetworking.co.uk/product/0p88pn-dell-inspiron-14r-n4010-8x-sata-dvd-rw-cd-rw-dual-layer-burner-drive-modules.html
Vertex Networking,Dell 04G906 8x CD-RW Drive,Dell 04G906 8x CD-RW Drive,https://www.vertexnetworking.co.uk/storage/product_images/6779154d57483_Optical-Drives-Gen.webp,$92.00,04G906,https://www.vertexnetworking.co.uk/product/04g906-dell-8x-cd-rw-drives.html
Vertex Networking,Dell 0J048R 4X External SATA DVD-RW/BD-ROM Combo Drive for Adamo XPS Laptops,Dell 0J048R 4X External SATA DVD-RW/BD-ROM Combo Drive for Adamo XPS Laptops,https://www.vertexnetworking.co.uk/storage/product_images/6779154d49feb_Optical-Drives-Gen.webp,$412.00,0J048R,https://www.vertexnetworking.co.uk/product/0j048r-dell-4x-external-sata-dvd-rw-bd-rom-combo-drive-for-adamo-xps-laptopss.html
Vertex Networking,Dell 0P3308 24X CD-RW/DVD Combo Drive,Dell 0P3308 24X CD-RW/DVD Combo Drive,https://www.vertexnetworking.co.uk/storage/product_images/6779154e96ca8_Optical-Drives-Gen.webp,$92.00,0P3308,https://www.vertexnetworking.co.uk/product/0p3308-dell-24x-cd-rw-dvd-combo-drives.html
Vertex Networking,Dell 04G834 DVD/CD-RW Combo Drive for Inspiron,Dell 04G834 DVD/CD-RW Combo Drive for Inspiron,https://www.vertexnetworking.co.uk/storage/product_images/6779154d3c2dc_Optical-Drives-Gen.webp,$100.00,04G834,https://www.vertexnetworking.co.uk/product/04g834-dell-dvd-cd-rw-combo-drive-for-inspirons.html
Vertex Networking,Dell 0J2907 4X DVD+RW,Dell 0J2907 4X DVD+RW,https://www.vertexnetworking.co.uk/storage/product_images/6779154dc59b3_Optical-Drives-Gen.webp,$100.00,0J2907,https://www.vertexnetworking.co.uk/product/0j2907-dell-4x-dvd-rws.html
Vertex Networking,Dell 0J5127 Inspiron 700m CD-RW/dvd,Dell 0J5127 Inspiron 700m CD-RW/dvd,https://www.vertexnetworking.co.uk/storage/product_images/6779154e276dd_Optical-Drives-Gen.webp,$92.00,0J5127,https://www.vertexnetworking.co.uk/product/0j5127-dell-inspiron-700m-cd-rw-dvds.html
Vertex Networking,Dell 04JNJW DVD+/-RW Toshiba 1440,Dell 04JNJW DVD+/-RW Toshiba 1440,https://www.vertexnetworking.co.uk/storage/product_images/6779154d739ea_Optical-Drives-Gen.webp,$165.00,04JNJW,https://www.vertexnetworking.co.uk/product/04jnjw-dell-dvd-rw-toshiba-1440s.html
Vertex Networking,Dell 0P985G 16X Half-Height SATA Internal DVD+RW Drive,Dell 0P985G 16X Half-Height SATA Internal DVD+RW Drive,https://www.vertexnetworking.co.uk/storage/product_images/6779154e5081a_Optical-Drives-Gen.webp,$115.00,0P985G,https://www.vertexnetworking.co.uk/product/0p985g-dell-16x-half-height-sata-internal-dvd-rw-drives.html
Vertex Networking,Dell 0P9467 8x DVD+/-RW SFF Gx620,Dell 0P9467 8x DVD+/-RW SFF Gx620,https://www.vertexnetworking.co.uk/storage/product_images/6779154e3588c_Optical-Drives-Gen.webp,$108.00,0P9467,https://www.vertexnetworking.co.uk/product/0p9467-dell-8x-dvd-rw-sff-gx620s.html
Vertex Networking,Dell 0P834C 8X Ultra Slim SATA DVD-RW,Dell 0P834C 8X Ultra Slim SATA DVD-RW,https://www.vertexnetworking.co.uk/storage/product_images/6779154dd4dc9_Optical-Drives-Gen.webp,$92.00,0P834C,https://www.vertexnetworking.co.uk/product/0p834c-dell-8x-ultra-slim-sata-dvd-rws.html
Vertex Networking,Dell 0J279M 8x DVD+/-RW 8x Spsyinsp1525,Dell 0J279M 8x DVD+/-RW 8x Spsyinsp1525,https://www.vertexnetworking.co.uk/storage/product_images/6779154daa4d1_Optical-Drives-Gen.webp,$95.00,0J279M,https://www.vertexnetworking.co.uk/product/0j279m-dell-8x-dvd-rw-8x-spsyinsp1525s.html
Vertex Networking,Dell 0J028D 16X Half-Height SATA DVD+RW Drive for Studio XPS 435 Desktop,Dell 0J028D 16X Half-Height SATA DVD+RW Drive for Studio XPS 435 Desktop,https://www.vertexnetworking.co.uk/storage/product_images/6779154d2d916_Optical-Drives-Gen.webp,$92.00,0J028D,https://www.vertexnetworking.co.uk/product/0j028d-dell-16x-half-height-sata-dvd-rw-drive-for-studio-xps-435-desktops.html
Vertex Networking,Dell 0P7864 48X CD-RW / DVD-ROM Internal IDE Combo Drive for PowerEdge 750/ 1600SC/ 800/ 1800/ 830/ 840 Servers,Dell 0P7864 48X CD-RW / DVD-ROM Internal IDE Combo Drive for PowerEdge 750/ 1600SC/ 800/ 1800/ 830/ 840 Servers,https://www.vertexnetworking.co.uk/storage/product_images/6779154db8276_Optical-Drives-Gen.webp,$88.00,0P7864,https://www.vertexnetworking.co.uk/product/0p7864-dell-48x-cd-rw-dvd-rom-internal-ide-combo-drive-for-poweredge-750-1600sc-800-1800-830-840-serverss.html
Vertex Networking,Dell 0J242F Assembly DVD+/-RW 8 9.5 SATA Plds,Dell 0J242F Assembly DVD+/-RW 8 9.5 SATA Plds,https://www.vertexnetworking.co.uk/storage/product_images/6779154d8ea23_Optical-Drives-Gen.webp,$152.00,0J242F,https://www.vertexnetworking.co.uk/product/0j242f-dell-assembly-dvd-rw-8-9-5-sata-pldss.html
Vertex Networking,Dell 0J49MN Latitude E4200 Media Base Dock With DVD-RW,Dell 0J49MN Latitude E4200 Media Base Dock With DVD-RW,https://www.vertexnetworking.co.uk/storage/product_images/6779154e0a49a_Optical-Drives-Gen.webp,$132.00,0J49MN,https://www.vertexnetworking.co.uk/product/0j49mn-dell-latitude-e4200-media-base-dock-with-dvd-rws.html
Vertex Networking,Dell 0J6910 Notebook DVD+RW Module,Dell 0J6910 Notebook DVD+RW Module,https://www.vertexnetworking.co.uk/storage/product_images/6779154de2081_Optical-Drives-Gen.webp,$140.00,0J6910,https://www.vertexnetworking.co.uk/product/0j6910-dell-notebook-dvd-rw-modules.html
Vertex Networking,Dell - 0P884G - R710 12x DVD-RW SATA Slimline Internal DVD-Writer Drive,Dell - 0P884G - R710 12x DVD-RW SATA Slimline Internal DVD-Writer Drive Product Condition: Refurbished,https://www.vertexnetworking.co.uk/storage/product_images/6779154df0c18_Optical-Drives-Gen.webp,$74.00,0P884G,https://www.vertexnetworking.co.uk/product/0p884g-dell-r710-dvdrw-sata-slim-r510s.html
Vertex Networking,Dell 0J589D 16x SATA-150 Internal DVD-RW Drive for Systems,Dell 0J589D 16x SATA-150 Internal DVD-RW Drive for Systems,https://www.vertexnetworking.co.uk/storage/product_images/6779154e431e3_Optical-Drives-Gen.webp,$188.00,0J589D,https://www.vertexnetworking.co.uk/product/0j589d-dell-16x-sata-150-internal-dvd-rw-drive-for-systemss.html
Vertex Networking,Dell 0RP231 DVD-RW Drive Sullivan/ Tobago,Dell 0RP231 DVD-RW Drive Sullivan/ Tobago,https://www.vertexnetworking.co.uk/storage/product_images/6779154c6163e_Optical-Drives-Gen.webp,$100.00,0RP231,https://www.vertexnetworking.co.uk/product/0rp231-dell-dvd-rw-drive-sullivan-tobagos.html
Vertex Networking,Dell 0J188F DVD-RW Slot Load,Dell 0J188F DVD-RW Slot Load,https://www.vertexnetworking.co.uk/storage/product_images/6779154c70161_Optical-Drives-Gen.webp,$160.00,0J188F,https://www.vertexnetworking.co.uk/product/0j188f-dell-dvd-rw-slot-loads.html
Vertex Networking,Dell 04M452 CD-RW/DVD-ROM Combo Drive for Laptop,Dell 04M452 CD-RW/DVD-ROM Combo Drive for Laptop,https://www.vertexnetworking.co.uk/storage/product_images/6779154c2f0d0_Optical-Drives-Gen.webp,Get a Quote for price,04M452,https://www.vertexnetworking.co.uk/product/04m452-dell-cd-rw-dvd-rom-combo-drive-for-laptops.html
Vertex Networking,Dell 0J406D Assembly Cdrw/DVD 24 Vostro 1710,Dell 0J406D Assembly Cdrw/DVD 24 Vostro 1710,https://www.vertexnetworking.co.uk/storage/product_images/6779154d6547d_Optical-Drives-Gen.webp,$110.00,0J406D,https://www.vertexnetworking.co.uk/product/0j406d-dell-assembly-cdrw-dvd-24-vostro-1710s.html
Vertex Networking,Dell 0RP382 Port Replicator with DVD-RW without ACDC for Latitude D420,Dell 0RP382 Port Replicator with DVD-RW without ACDC for Latitude D420 Product Condition: Refurbished,https://www.vertexnetworking.co.uk/storage/product_images/6779154ca1426_Miscellaneous-Gen.webp,$150.00,0RP382,https://www.vertexnetworking.co.uk/product/0rp382-dell-port-replicator-with-dvd-rw-without-acdc-for-latitude-d420s.html
Vertex Networking,Dell 0RR559 8x DVD-RW Drive W/Dbl Layer Write Capacity Vostro 1400,Dell 0RR559 8x DVD-RW Drive W/Dbl Layer Write Capacity Vostro 1400,https://www.vertexnetworking.co.uk/storage/product_images/6779154d049b9_Optical-Drives-Gen.webp,$148.00,0RR559,https://www.vertexnetworking.co.uk/product/0rr559-dell-8x-dvd-rw-drive-w-dbl-layer-write-capacity-vostro-1400s.html
Vertex Networking,Dell 0J2115 24X10X24X/8X CD-RW/DVD Combo Drive for Latitude C Series,Dell 0J2115 24X10X24X/8X CD-RW/DVD Combo Drive for Latitude C Series,https://www.vertexnetworking.co.uk/storage/product_images/6779154cea9b8_Optical-Drives-Gen.webp,$160.00,0J2115,https://www.vertexnetworking.co.uk/product/0j2115-dell-24x10x24x-8x-cd-rw-dvd-combo-drive-for-latitude-c-seriess.html
Vertex Networking,Dell 0RH447 24X CD-RW / DVD-ROM Internal IDE Combo Drive for Latitude D-Family Notebooks,Dell 0RH447 24X CD-RW / DVD-ROM Internal IDE Combo Drive for Latitude D-Family Notebooks,https://www.vertexnetworking.co.uk/storage/product_images/6779154c12f11_Optical-Drives-Gen.webp,$92.00,0RH447,https://www.vertexnetworking.co.uk/product/0rh447-dell-24x-cd-rw-dvd-rom-internal-ide-combo-drive-for-latitude-d-family-notebookss.html
Vertex Networking,Dell 0J2102 24X CD-RW/DVD Combo Drive,Dell 0J2102 24X CD-RW/DVD Combo Drive,https://www.vertexnetworking.co.uk/storage/product_images/6779154cccf99_Optical-Drives-Gen.webp,$135.00,0J2102,https://www.vertexnetworking.co.uk/product/0j2102-dell-24x-cd-rw-dvd-combo-drives.html
Vertex Networking,Dell 03F768 8X CD-RW and CD-ROM Unit Side Unit,Dell 03F768 8X CD-RW and CD-ROM Unit Side Unit,https://www.vertexnetworking.co.uk/storage/product_images/6779154c04bf7_03F768-o.webp,$130.00,03F768,https://www.vertexnetworking.co.uk/product/03f768-dell-8x-cd-rw-and-cd-rom-unit-side-units.html
Vertex Networking,Dell 0RR545 8x DVD-RW Drive for Data Storage Vostro 1500,Dell 0RR545 8x DVD-RW Drive for Data Storage Vostro 1500,https://www.vertexnetworking.co.uk/storage/product_images/6779154cdb01b_Optical-Drives-Gen.webp,$148.00,0RR545,https://www.vertexnetworking.co.uk/product/0rr545-dell-8x-dvd-rw-drive-for-data-storage-vostro-1500s.html
Vertex Networking,Dell - 0RVX09 - USB External Slim Slot DVD-RW Optical Drive,Dell - 0RVX09 - USB External Slim Slot DVD-RW Optical Drive,https://www.vertexnetworking.co.uk/storage/product_images/6779154d1ff22_Optical-Drives-Gen.webp,$185.00,0RVX09,https://www.vertexnetworking.co.uk/product/0rvx09-dell-external-usb-slim-dvdrw-drives.html
Vertex Networking,Dell 0J2117 CD-RW/DVD ROM Combo Drive for Latitude D-Series,Dell 0J2117 CD-RW/DVD ROM Combo Drive for Latitude D-Series,https://www.vertexnetworking.co.uk/storage/product_images/6779154d12514_Optical-Drives-Gen.webp,$98.00,0J2117,https://www.vertexnetworking.co.uk/product/0j2117-dell-cd-rw-dvd-rom-combo-drive-for-latitude-d-seriess.html
Vertex Networking,Dell 0RK891 Sony NEC 8x Slot Loading DVD-RW for Studio 1735 Laptop,Dell 0RK891 Sony NEC 8x Slot Loading DVD-RW for Studio 1735 Laptop,https://www.vertexnetworking.co.uk/storage/product_images/6779154c3cd0e_Optical-Drives-Gen.webp,$98.00,0RK891,https://www.vertexnetworking.co.uk/product/0rk891-dell-sony-nec-8x-slot-loading-dvd-rw-for-studio-1735-laptops.html
Vertex Networking,Dell - 0J2347 - Dimension 2400 48X CDR With DVD Combo,Dell - 0J2347 - Dimension 2400 48X CDR With DVD Combo,https://www.vertexnetworking.co.uk/storage/product_images/6779154caf85d_Optical-Drives-Gen.webp,$150.00,0J2347,https://www.vertexnetworking.co.uk/product/0j2347-dell-dimension-2400-48x-cdr-with-dvd-combos.html
Vertex Networking,Dell 0RP362 24X CD-RW+DVD Combo Drive,Dell 0RP362 24X CD-RW+DVD Combo Drive,https://www.vertexnetworking.co.uk/storage/product_images/6779154c7e3c7_Optical-Drives-Gen.webp,$155.00,0RP362,https://www.vertexnetworking.co.uk/product/0rp362-dell-24x-cd-rw-dvd-combo-drives.html
Vertex Networking,Dell 0RP561 DVD-CDRW COMBO 48X SATA Black LG DATA Storage Optiplex 745,Dell 0RP561 DVD-CDRW COMBO 48X SATA Black LG DATA Storage Optiplex 745,https://www.vertexnetworking.co.uk/storage/product_images/6779154cbe496_Optical-Drives-Gen.webp,$115.00,0RP561,https://www.vertexnetworking.co.uk/product/0rp561-dell-dvd-cdrw-combo-48x-sata-black-lg-data-storage-optiplex-745s.html
Vertex Networking,Dell 0J1664 DVD-ROM,Dell 0J1664 DVD-ROM,https://www.vertexnetworking.co.uk/storage/product_images/6779154c5100d_Optical-Drives-Gen.webp,$138.00,0J1664,https://www.vertexnetworking.co.uk/product/0j1664-dell-dvd-roms.html
Vertex Networking,Dell 0J1226 24X24X8 24X CD-RW/DVD Combo Drive,Dell 0J1226 24X24X8 24X CD-RW/DVD Combo Drive,https://www.vertexnetworking.co.uk/storage/product_images/6779154c8fadd_Optical-Drives-Gen.webp,$132.00,0J1226,https://www.vertexnetworking.co.uk/product/0j1226-dell-24x24x8-24x-cd-rw-dvd-combo-drives.html
Vertex Networking,Dell 03G005 6X DVD/CD-RW Combo Drive for Laptop,Dell 03G005 6X DVD/CD-RW Combo Drive for Laptop,https://www.vertexnetworking.co.uk/storage/product_images/6779154c20fb7_Optical-Drives-Gen.webp,$112.00,03G005,https://www.vertexnetworking.co.uk/product/03g005-dell-6x-dvd-cd-rw-combo-drive-for-laptops.html
Vertex Networking,Dell 03R062 24X/10X/24X IDE CD-RW Drive for Latitude C-Series Notebooks,Dell 03R062 24X/10X/24X IDE CD-RW Drive for Latitude C-Series Notebooks,https://www.vertexnetworking.co.uk/storage/product_images/6779154a36f2f_Optical-Drives-Gen.webp,$112.00,03R062,https://www.vertexnetworking.co.uk/product/03r062-dell-24x-10x-24x-ide-cd-rw-drive-for-latitude-c-series-notebookss.html
Vertex Networking,Dell 0RF660 Assembly DVD+/-RW 16x Nec 05 SATA,Dell 0RF660 Assembly DVD+/-RW 16x Nec 05 SATA,https://www.vertexnetworking.co.uk/storage/product_images/6779154b83591_Optical-Drives-Gen.webp,$92.00,0RF660,https://www.vertexnetworking.co.uk/product/0rf660-dell-assembly-dvd-rw-16x-nec-05-satas.html
Vertex Networking,Dell - 03TD2H - BD-ROM Super Multi DVDÃ‚Â±RW SATA Optical Drive for Xps 8100,Dell - 03TD2H - BD-ROM Super Multi DVDÃ‚Â±RW SATA Optical Drive for Xps 8100,https://www.vertexnetworking.co.uk/storage/product_images/6779154b11e93_Optical-Drives-Gen.webp,$198.00,03TD2H,https://www.vertexnetworking.co.uk/product/03td2h-dell-xps-8100-bluray-dvd-rws.html
Vertex Networking,Dell 02Y358 48X IDE 5.25-inch CD-RW/DVD Combo Drive for PowerEdge 1600SC,Dell 02Y358 48X IDE 5.25-inch CD-RW/DVD Combo Drive for PowerEdge 1600SC,https://www.vertexnetworking.co.uk/storage/product_images/6779154a7eb0b_Optical-Drives-Gen.webp,$155.00,02Y358,https://www.vertexnetworking.co.uk/product/02y358-dell-48x-ide-5-25-inch-cd-rw-dvd-combo-drive-for-poweredge-1600scs.html
Vertex Networking,Dell 03T598 24x CD-RW-DVD Combo Drive,Dell 03T598 24x CD-RW-DVD Combo Drive,https://www.vertexnetworking.co.uk/storage/product_images/6779154aeaa26_03T598-o.webp,$95.00,03T598,https://www.vertexnetworking.co.uk/product/03t598-dell-24x-cd-rw-dvd-combo-drives.html
Vertex Networking,Dell 03E573 Dimension 4400 16X CD-ROM Unit and CD-RW Unit,Dell 03E573 Dimension 4400 16X CD-ROM Unit and CD-RW Unit,https://www.vertexnetworking.co.uk/storage/product_images/6779154b75f30_Optical-Drives-Gen.webp,$132.00,03E573,https://www.vertexnetworking.co.uk/product/03e573-dell-dimension-4400-16x-cd-rom-unit-and-cd-rw-units.html
Vertex Networking,Dell 0358UK Assembly Bracket Sheet Metal for Cd/dvd/CD-RW,Dell 0358UK Assembly Bracket Sheet Metal for Cd/dvd/CD-RW,https://www.vertexnetworking.co.uk/storage/product_images/6779154b3b208_Optical-Drives-Gen.webp,$100.00,0358UK,https://www.vertexnetworking.co.uk/product/0358uk-dell-assembly-bracket-sheet-metal-for-cd-dvd-cd-rws.html
Vertex Networking,Dell - 02Y310 - 24X CD-RW/DVD Combo Drive for Latitude D Series,Dell - 02Y310 - 24X CD-RW/DVD Combo Drive for Latitude D Series,https://www.vertexnetworking.co.uk/storage/product_images/6779154a28d0f_Optical-Drives-Gen.webp,$108.00,02Y310,https://www.vertexnetworking.co.uk/product/02y310-dell-24x-cd-rw-dvd-combo-drive-for-latitude-d-seriess.html
Vertex Networking,Dell 02Y319 Inspiron 8200 CD-RW DVD Drive,Dell 02Y319 Inspiron 8200 CD-RW DVD Drive,https://www.vertexnetworking.co.uk/storage/product_images/6779154a46391_Optical-Drives-Gen.webp,$195.00,02Y319,https://www.vertexnetworking.co.uk/product/02y319-dell-inspiron-8200-cd-rw-dvd-drives.html
Vertex Networking,Dell 0334WN 4X CD-ROM Unit and CD-RW Unit,Dell 0334WN 4X CD-ROM Unit and CD-RW Unit,https://www.vertexnetworking.co.uk/storage/product_images/6779154b1f3f0_Optical-Drives-Gen.webp,$145.00,0334WN,https://www.vertexnetworking.co.uk/product/0334wn-dell-4x-cd-rom-unit-and-cd-rw-units.html
Vertex Networking,Dell 03U614 24X CD-ROM Unit CD-RW Unit,Dell 03U614 24X CD-ROM Unit CD-RW Unit,https://www.vertexnetworking.co.uk/storage/product_images/6779154b2d445_Optical-Drives-Gen.webp,$112.00,03U614,https://www.vertexnetworking.co.uk/product/03u614-dell-24x-cd-rom-unit-cd-rw-units.html
Vertex Networking,Dell 0312VE CD-RW Unit,Dell 0312VE CD-RW Unit,https://www.vertexnetworking.co.uk/storage/product_images/6779154b04210_Optical-Drives-Gen.webp,$110.00,0312VE,https://www.vertexnetworking.co.uk/product/0312ve-dell-cd-rw-units.html
Vertex Networking,Dell 03F591 8x CD-RW C-Module,Dell 03F591 8x CD-RW C-Module,https://www.vertexnetworking.co.uk/storage/product_images/6779154b907fe_Optical-Drives-Gen.webp,$90.00,03F591,https://www.vertexnetworking.co.uk/product/03f591-dell-8x-cd-rw-c-modules.html
Vertex Networking,Dell 03C5HR 16X DVD+/-RW SATA Drive for OptiPlex 780/ 780 Mini-Tower Desktops,Dell 03C5HR 16X DVD+/-RW SATA Drive for OptiPlex 780/ 780 Mini-Tower Desktops,https://www.vertexnetworking.co.uk/storage/product_images/6779154b57076_Optical-Drives-Gen.webp,$105.00,03C5HR,https://www.vertexnetworking.co.uk/product/03c5hr-dell-16x-dvd-rw-sata-drive-for-optiplex-780-780-mini-tower-desktopss.html
Vertex Networking,Dell 03R122 24X CDRW/ 8X DVD Combo Drive,Dell 03R122 24X CDRW/ 8X DVD Combo Drive,https://www.vertexnetworking.co.uk/storage/product_images/6779154a70b89_Optical-Drives-Gen.webp,$128.00,03R122,https://www.vertexnetworking.co.uk/product/03r122-dell-24x-cdrw-8x-dvd-combo-drives.html
Vertex Networking,Dell 03U626 24X CD-ROM Unit CD-RW Unit Side Unit,Dell 03U626 24X CD-ROM Unit CD-RW Unit Side Unit,https://www.vertexnetworking.co.uk/storage/product_images/6779154b49c91_Optical-Drives-Gen.webp,$95.00,03U626,https://www.vertexnetworking.co.uk/product/03u626-dell-24x-cd-rom-unit-cd-rw-unit-side-units.html
Vertex Networking,Dell 0RF681 G5 Assembly 8x IDE DVD-RW,Dell 0RF681 G5 Assembly 8x IDE DVD-RW,https://www.vertexnetworking.co.uk/storage/product_images/6779154b9f784_Optical-Drives-Gen.webp,$100.00,0RF681,https://www.vertexnetworking.co.uk/product/0rf681-dell-g5-assembly-8x-ide-dvd-rws.html
Vertex Networking,Dell 0NH428 24X CD-RW+DVD Combo Drive,Dell 0NH428 24X CD-RW+DVD Combo Drive,https://www.vertexnetworking.co.uk/storage/product_images/6779154b67a6e_Optical-Drives-Gen.webp,$90.00,0NH428,https://www.vertexnetworking.co.uk/product/0nh428-dell-24x-cd-rw-dvd-combo-drives.html
Vertex Networking,Dell 030DWM 8X CD-RW and CD-ROM Unit,Dell 030DWM 8X CD-RW and CD-ROM Unit,https://www.vertexnetworking.co.uk/storage/product_images/6779154a9ea92_Optical-Drives-Gen.webp,$100.00,030DWM,https://www.vertexnetworking.co.uk/product/030dwm-dell-8x-cd-rw-and-cd-rom-units.html
Vertex Networking,Dell 03T514 DVD-RW Drive 4.7GB IDE (Midnight Gray),Dell 03T514 DVD-RW Drive 4.7GB IDE (Midnight Gray),https://www.vertexnetworking.co.uk/storage/product_images/6779154a8cd82_Optical-Drives-Gen.webp,$175.00,03T514,https://www.vertexnetworking.co.uk/product/03t514-dell-dvd-rw-drive-4-7gb-ide-midnight-gray-s.html
Vertex Networking,Dell 02Y308 24x CD-RW Dvd Unit,Dell 02Y308 24x CD-RW Dvd Unit,https://www.vertexnetworking.co.uk/storage/product_images/6779154a0c43f_Optical-Drives-Gen.webp,$90.00,02Y308,https://www.vertexnetworking.co.uk/product/02y308-dell-24x-cd-rw-dvd-units.html
Vertex Networking,Dell 03G594 24X CD-RW unit,Dell 03G594 24X CD-RW unit,https://www.vertexnetworking.co.uk/storage/product_images/6779154991fbe_Optical-Drives-Gen.webp,$98.00,03G594,https://www.vertexnetworking.co.uk/product/03g594-dell-24x-cd-rw-units.html
Vertex Networking,Dell 03H6WT Cd-rw/DVD+RW Drive SATA,Dell 03H6WT Cd-rw/DVD+RW Drive SATA,https://www.vertexnetworking.co.uk/storage/product_images/67791549af0d7_Optical-Drives-Gen.webp,$92.00,03H6WT,https://www.vertexnetworking.co.uk/product/03h6wt-dell-cd-rw-dvd-rw-drive-satas.html
Vertex Networking,Dell 0M282J 8X SATA DVD+RW Drive for Latitude E4300 Laptop,Dell 0M282J 8X SATA DVD+RW Drive for Latitude E4300 Laptop,https://www.vertexnetworking.co.uk/storage/product_images/677915493c569_Optical-Drives-Gen.webp,$152.00,0M282J,https://www.vertexnetworking.co.uk/product/0m282j-dell-8x-sata-dvd-rw-drive-for-latitude-e4300-laptops.html
Vertex Networking,Dell 02N416 Inspiron 2600 8X CD-ROM RW CD Burner,Dell 02N416 Inspiron 2600 8X CD-ROM RW CD Burner,https://www.vertexnetworking.co.uk/storage/product_images/6779154910227_Optical-Drives-Gen.webp,$142.00,02N416,https://www.vertexnetworking.co.uk/product/02n416-dell-inspiron-2600-8x-cd-rom-rw-cd-burners.html
Vertex Networking,Dell 02U820 Bzl Plstcfrtcdrw/dvdpsncm2,Dell 02U820 Bzl Plstcfrtcdrw/dvdpsncm2,https://www.vertexnetworking.co.uk/storage/product_images/67791549829fb_Optical-Drives-Gen.webp,$90.00,02U820,https://www.vertexnetworking.co.uk/product/02u820-dell-bzl-plstcfrtcdrw-dvdpsncm2s.html
Vertex Networking,Dell 02Y320 24X CD-RW/DVD Combo Drive for Inspiron 8500,Dell 02Y320 24X CD-RW/DVD Combo Drive for Inspiron 8500,https://www.vertexnetworking.co.uk/storage/product_images/6779154a623e1_Optical-Drives-Gen.webp,$100.00,02Y320,https://www.vertexnetworking.co.uk/product/02y320-dell-24x-cd-rw-dvd-combo-drive-for-inspiron-8500s.html
Vertex Networking,Dell 03H788 8X/4X/24X CD-RW Drive for Inspiron,Dell 03H788 8X/4X/24X CD-RW Drive for Inspiron,https://www.vertexnetworking.co.uk/storage/product_images/67791549cb322_Optical-Drives-Gen.webp,$98.00,03H788,https://www.vertexnetworking.co.uk/product/03h788-dell-8x-4x-24x-cd-rw-drive-for-inspirons.html
Vertex Networking,Dell 02X143 24X CD-ROM Unit and CD-RW Unit,Dell 02X143 24X CD-ROM Unit and CD-RW Unit,https://www.vertexnetworking.co.uk/storage/product_images/67791549bd21b_Optical-Drives-Gen.webp,Get a Quote for price,02X143,https://www.vertexnetworking.co.uk/product/02x143-dell-24x-cd-rom-unit-and-cd-rw-units.html
Vertex Networking,Dell 03K812 6X DVD/CD-RW Combo Drive for Inspiron,Dell 03K812 6X DVD/CD-RW Combo Drive for Inspiron,https://www.vertexnetworking.co.uk/storage/product_images/67791549f28f1_Optical-Drives-Gen.webp,$100.00,03K812,https://www.vertexnetworking.co.uk/product/03k812-dell-6x-dvd-cd-rw-combo-drive-for-inspirons.html
Vertex Networking,Dell 03R111 24X CD-RW/DVD Combo Drive,Dell 03R111 24X CD-RW/DVD Combo Drive,https://www.vertexnetworking.co.uk/storage/product_images/6779154a54100_Optical-Drives-Gen.webp,$100.00,03R111,https://www.vertexnetworking.co.uk/product/03r111-dell-24x-cd-rw-dvd-combo-drives.html
Vertex Networking,Dell 0M2175 4X DVD-RW Drive,Dell 0M2175 4X DVD-RW Drive,https://www.vertexnetworking.co.uk/storage/product_images/677915490248f_Optical-Drives-Gen.webp,$135.00,0M2175,https://www.vertexnetworking.co.uk/product/0m2175-dell-4x-dvd-rw-drives.html
Vertex Networking,Dell 02X513 24X CD-RW/DVD Internal Drive for Precision 250N,Dell 02X513 24X CD-RW/DVD Internal Drive for Precision 250N,https://www.vertexnetworking.co.uk/storage/product_images/67791549e2854_Optical-Drives-Gen.webp,$142.00,02X513,https://www.vertexnetworking.co.uk/product/02x513-dell-24x-cd-rw-dvd-internal-drive-for-precision-250ns.html
Vertex Networking,Dell 02R156 8X CD-RW DVD Drive Internal,Dell 02R156 8X CD-RW DVD Drive Internal,https://www.vertexnetworking.co.uk/storage/product_images/677915494a73f_Optical-Drives-Gen.webp,$202.00,02R156,https://www.vertexnetworking.co.uk/product/02r156-dell-8x-cd-rw-dvd-drive-internals.html
Vertex Networking,Dell 0M5231 24X/24X/24X CD-RW / 8X DVD-ROM ATAPI Slimline Combo Drive for Inspiron 6000/ 6400/ E1505 Notebooks,Dell 0M5231 24X/24X/24X CD-RW / 8X DVD-ROM ATAPI Slimline Combo Drive for Inspiron 6000/ 6400/ E1505 Notebooks,https://www.vertexnetworking.co.uk/storage/product_images/67791549586c7_Optical-Drives-Gen.webp,$175.00,0M5231,https://www.vertexnetworking.co.uk/product/0m5231-dell-24x-24x-24x-cd-rw-8x-dvd-rom-atapi-slimline-combo-drive-for-inspiron-6000-6400-e1505-notebookss.html
Vertex Networking,Dell 0M6933 DVD/CD-RW Combo Drive Face Plate,Dell 0M6933 DVD/CD-RW Combo Drive Face Plate,https://www.vertexnetworking.co.uk/storage/product_images/67791548e7ca1_Optical-Drives-Gen.webp,$148.00,0M6933,https://www.vertexnetworking.co.uk/product/0m6933-dell-dvd-cd-rw-combo-drive-face-plates.html
Vertex Networking,Dell 02R158 8x CD-RW Drive Internal,Dell 02R158 8x CD-RW Drive Internal,https://www.vertexnetworking.co.uk/storage/product_images/6779154966b5c_Optical-Drives-Gen.webp,$165.00,02R158,https://www.vertexnetworking.co.uk/product/02r158-dell-8x-cd-rw-drive-internals.html
Vertex Networking,Dell 03R055 Inspiron 2650 24X CD-ROM CD-RW Unit,Dell 03R055 Inspiron 2650 24X CD-ROM CD-RW Unit,https://www.vertexnetworking.co.uk/storage/product_images/6779154a1a8d1_Optical-Drives-Gen.webp,$165.00,03R055,https://www.vertexnetworking.co.uk/product/03r055-dell-inspiron-2650-24x-cd-rom-cd-rw-units.html
Vertex Networking,Dell 03G151 6X DVD/CD-RW Combo Drive for Inspiron,Dell 03G151 6X DVD/CD-RW Combo Drive for Inspiron,https://www.vertexnetworking.co.uk/storage/product_images/67791549746a2_Optical-Drives-Gen.webp,$100.00,03G151,https://www.vertexnetworking.co.uk/product/03g151-dell-6x-dvd-cd-rw-combo-drive-for-inspirons.html
Vertex Networking,Dell 02U839 24X CD-RW and DVD Unit Side Unit,Dell 02U839 24X CD-RW and DVD Unit Side Unit,https://www.vertexnetworking.co.uk/storage/product_images/67791549a0d84_Optical-Drives-Gen.webp,$100.00,02U839,https://www.vertexnetworking.co.uk/product/02u839-dell-24x-cd-rw-and-dvd-unit-side-units.html
Vertex Networking,Dell 0KR499 SATA DVD-RW Drive,Dell 0KR499 SATA DVD-RW Drive Product Condition: New,https://www.vertexnetworking.co.uk/storage/product_images/67791547bb486_Optical-Drives-Gen.webp,$140.00,0KR499,https://www.vertexnetworking.co.uk/product/0kr499-dell-sata-dvd-rw-drives.html
Vertex Networking,Dell 0M0547 DVD+ RW Drive for Latitude D Series,Dell 0M0547 DVD+ RW Drive for Latitude D Series,https://www.vertexnetworking.co.uk/storage/product_images/67791548d3081_Optical-Drives-Gen.webp,$90.00,0M0547,https://www.vertexnetworking.co.uk/product/0m0547-dell-dvd-rw-drive-for-latitude-d-seriess.html
Vertex Networking,Dell 0M0063 DVD Unit and DVD RW Drive,Dell 0M0063 DVD Unit and DVD RW Drive,https://www.vertexnetworking.co.uk/storage/product_images/6779154897327_Optical-Drives-Gen.webp,$130.00,0M0063,https://www.vertexnetworking.co.uk/product/0m0063-dell-dvd-unit-and-dvd-rw-drives.html
Vertex Networking,Dell 0L632H DVD-RW,Dell 0L632H DVD-RW,https://www.vertexnetworking.co.uk/storage/product_images/6779154820f79_Optical-Drives-Gen.webp,$358.00,0L632H,https://www.vertexnetworking.co.uk/product/0l632h-dell-dvd-rws.html
Vertex Networking,Dell 0M5619 Inspiron 700m 24X CD-RW DVD Combo,Dell 0M5619 Inspiron 700m 24X CD-RW DVD Combo,https://www.vertexnetworking.co.uk/storage/product_images/67791547e844b_Optical-Drives-Gen.webp,$92.00,0M5619,https://www.vertexnetworking.co.uk/product/0m5619-dell-inspiron-700m-24x-cd-rw-dvd-combos.html
Vertex Networking,Dell 0G0V0C DVD+/-RW 8x SATA 12.7t Plds,Dell 0G0V0C DVD+/-RW 8x SATA 12.7t Plds,https://www.vertexnetworking.co.uk/storage/product_images/6779154752f80_Optical-Drives-Gen.webp,$155.00,0G0V0C,https://www.vertexnetworking.co.uk/product/0g0v0c-dell-dvd-rw-8x-sata-12-7t-pldss.html
Vertex Networking,Dell 0KP258 24x Dvd/Cd-RW IDE Combo Drive,Dell 0KP258 24x Dvd/Cd-RW IDE Combo Drive,https://www.vertexnetworking.co.uk/storage/product_images/6779154744b02_Optical-Drives-Gen.webp,$90.00,0KP258,https://www.vertexnetworking.co.uk/product/0kp258-dell-24x-dvd-cd-rw-ide-combo-drives.html
Vertex Networking,Dell 0M598C Panasonic 8x Slot Loading DVD-RW Uj-876 for Xps M1530,Dell 0M598C Panasonic 8x Slot Loading DVD-RW Uj-876 for Xps M1530,https://www.vertexnetworking.co.uk/storage/product_images/6779154812e27_Optical-Drives-Gen.webp,$115.00,0M598C,https://www.vertexnetworking.co.uk/product/0m598c-dell-panasonic-8x-slot-loading-dvd-rw-uj-876-for-xps-m1530s.html
Vertex Networking,Dell 0M5583 24X CD-RW/DVD IDE Combo Drive for Latitude D400 D500 D505 D600 D800 Inspiron M/600M,Dell 0M5583 24X CD-RW/DVD IDE Combo Drive for Latitude D400 D500 D505 D600 D800 Inspiron M/600M,https://www.vertexnetworking.co.uk/storage/product_images/67791547cb78f_Optical-Drives-Gen.webp,$125.00,0M5583,https://www.vertexnetworking.co.uk/product/0m5583-dell-24x-cd-rw-dvd-ide-combo-drive-for-latitude-d400-d500-d505-d600-d800-inspiron-m-600ms.html
Vertex Networking,Dell 0M6786 8X DVD-RW Optical Drive,Dell 0M6786 8X DVD-RW Optical Drive,https://www.vertexnetworking.co.uk/storage/product_images/67791548a5942_Optical-Drives-Gen.webp,$100.00,0M6786,https://www.vertexnetworking.co.uk/product/0m6786-dell-8x-dvd-rw-optical-drives.html
Vertex Networking,Dell 0KR0Y0 CD-RW/DVD Drcombo Drive for AInspiron 1100 115,Dell 0KR0Y0 CD-RW/DVD Drcombo Drive for AInspiron 1100 115,https://www.vertexnetworking.co.uk/storage/product_images/677915479caed_Optical-Drives-Gen.webp,$142.00,0KR0Y0,https://www.vertexnetworking.co.uk/product/0kr0y0-dell-cd-rw-dvd-drcombo-drive-for-ainspiron-1100-115s.html
Vertex Networking,Dell 0KP283 24X Internal CD-RW/DVD Drive for Precision M65 Mobile WorkStation,Dell 0KP283 24X Internal CD-RW/DVD Drive for Precision M65 Mobile WorkStation,https://www.vertexnetworking.co.uk/storage/product_images/6779154761fe8_Optical-Drives-Gen.webp,$165.00,0KP283,https://www.vertexnetworking.co.uk/product/0kp283-dell-24x-internal-cd-rw-dvd-drive-for-precision-m65-mobile-workstations.html
Vertex Networking,Dell 0KY050 Assembly CD-RW/dvd24xspsysony,Dell 0KY050 Assembly CD-RW/dvd24xspsysony,https://www.vertexnetworking.co.uk/storage/product_images/67791547d9d36_Optical-Drives-Gen.webp,$92.00,0KY050,https://www.vertexnetworking.co.uk/product/0ky050-dell-assembly-cd-rw-dvd24xspsysonys.html
Vertex Networking,Dell 0KY052 Drdvrw-gsat21n Bare Drive,Dell 0KY052 Drdvrw-gsat21n Bare Drive,https://www.vertexnetworking.co.uk/storage/product_images/67791548038c3_Optical-Drives-Gen.webp,$110.00,0KY052,https://www.vertexnetworking.co.uk/product/0ky052-dell-drdvrw-gsat21n-bare-drives.html
Vertex Networking,Dell 0M2505 4G 48X IDE CD-RW/DVD ROM Drive,Dell 0M2505 4G 48X IDE CD-RW/DVD ROM Drive,https://www.vertexnetworking.co.uk/storage/product_images/677915491da6a_Optical-Drives-Gen.webp,$90.00,0M2505,https://www.vertexnetworking.co.uk/product/0m2505-dell-4g-48x-ide-cd-rw-dvd-rom-drives.html
Vertex Networking,Dell 02R059 Inspiron 8200 24X CD-ROM Unit CD-RW Unit Side Unit,Dell 02R059 Inspiron 8200 24X CD-ROM Unit CD-RW Unit Side Unit,https://www.vertexnetworking.co.uk/storage/product_images/677915492c4ac_Optical-Drives-Gen.webp,$170.00,02R059,https://www.vertexnetworking.co.uk/product/02r059-dell-inspiron-8200-24x-cd-rom-unit-cd-rw-unit-side-units.html
Vertex Networking,Dell 0M5F6V Slotload DVD+/-rw,Dell 0M5F6V Slotload DVD+/-rw,https://www.vertexnetworking.co.uk/storage/product_images/6779154888d25_Optical-Drives-Gen.webp,$118.00,0M5F6V,https://www.vertexnetworking.co.uk/product/0m5f6v-dell-slotload-dvd-rws.html
Vertex Networking,Dell 0M6790 8X DVD/RW IDE for Inspiron 5160,Dell 0M6790 8X DVD/RW IDE for Inspiron 5160,https://www.vertexnetworking.co.uk/storage/product_images/67791548c5483_Optical-Drives-Gen.webp,$100.00,0M6790,https://www.vertexnetworking.co.uk/product/0m6790-dell-8x-dvd-rw-ide-for-inspiron-5160s.html
Vertex Networking,Dell 0M041J 16X DVD-RW Drive,Dell 0M041J 16X DVD-RW Drive,https://www.vertexnetworking.co.uk/storage/product_images/67791548b6b65_Optical-Drives-Gen.webp,$115.00,0M041J,https://www.vertexnetworking.co.uk/product/0m041j-dell-16x-dvd-rw-drives.html
Vertex Networking,Dell 0M5576 DVD/CD-RW Combo Drive for Inspiron 9100,Dell 0M5576 DVD/CD-RW Combo Drive for Inspiron 9100,https://www.vertexnetworking.co.uk/storage/product_images/67791547ac1dd_Optical-Drives-Gen.webp,$92.00,0M5576,https://www.vertexnetworking.co.uk/product/0m5576-dell-dvd-cd-rw-combo-drive-for-inspiron-9100s.html
Vertex Networking,Dell 0G085J 24X SATA CD-RW DVD Combo Drive,Dell 0G085J 24X SATA CD-RW DVD Combo Drive,https://www.vertexnetworking.co.uk/storage/product_images/6779154736b49_Optical-Drives-Gen.webp,$92.00,0G085J,https://www.vertexnetworking.co.uk/product/0g085j-dell-24x-sata-cd-rw-dvd-combo-drives.html
Vertex Networking,Dell 0KJ410 Media Base with 8X DVD-RW,Dell 0KJ410 Media Base with 8X DVD-RW Product Condition: Refurbished,https://www.vertexnetworking.co.uk/storage/product_images/67791546db339_Optical-Drives-Gen.webp,$67.00,0KJ410,https://www.vertexnetworking.co.uk/product/0kj410-dell-media-base-with-8x-dvd-rws.html
Vertex Networking,"Dell 0D7H7C DVD-RW Assembled Silver Bezel for Vostro 3400, 3500, 3700","Dell 0D7H7C DVD-RW Assembled Silver Bezel for Vostro 3400, 3500, 3700",https://www.vertexnetworking.co.uk/storage/product_images/677915478e2b6_Optical-Drives-Gen.webp,$172.00,0D7H7C,https://www.vertexnetworking.co.uk/product/0d7h7c-dell-dvd-rw-assembled-silver-bezel-for-vostro-3400-3500-3700s.html
Vertex Networking,Dell 0D7D66 8X DVD-RW Drive,Dell 0D7D66 8X DVD-RW Drive,https://www.vertexnetworking.co.uk/storage/product_images/67791547717d5_Optical-Drives-Gen.webp,$182.00,0D7D66,https://www.vertexnetworking.co.uk/product/0d7d66-dell-8x-dvd-rw-drives.html
Vertex Networking,Dell 0JM423 24X Internal IDE CD-RW/DVD-ROM Combo Drive for PowerEdge 2970 Server,Dell 0JM423 24X Internal IDE CD-RW/DVD-ROM Combo Drive for PowerEdge 2970 Server,https://www.vertexnetworking.co.uk/storage/product_images/677915461a4fd_Optical-Drives-Gen.webp,$92.00,0JM423,https://www.vertexnetworking.co.uk/product/0jm423-dell-24x-internal-ide-cd-rw-dvd-rom-combo-drive-for-poweredge-2970-servers.html
Vertex Networking,Dell 0KK941 Assembly CD-RW/DVD 24x Tsst M1210,Dell 0KK941 Assembly CD-RW/DVD 24x Tsst M1210,https://www.vertexnetworking.co.uk/storage/product_images/6779154707212_Optical-Drives-Gen.webp,$95.00,0KK941,https://www.vertexnetworking.co.uk/product/0kk941-dell-assembly-cd-rw-dvd-24x-tsst-m1210s.html
Vertex Networking,Dell 0KH158 CD-RW/DVD 48 Tsst SATA Blk Opti 745 Mini Tower,Dell 0KH158 CD-RW/DVD 48 Tsst SATA Blk Opti 745 Mini Tower,https://www.vertexnetworking.co.uk/storage/product_images/677915467fe13_Optical-Drives-Gen.webp,$172.00,0KH158,https://www.vertexnetworking.co.uk/product/0kh158-dell-cd-rw-dvd-48-tsst-sata-blk-opti-745-mini-towers.html
Vertex Networking,Dell 0K978C 24X SATA CD-RW/DVD Combo Drive for Latitude E5500 Laptop,Dell 0K978C 24X SATA CD-RW/DVD Combo Drive for Latitude E5500 Laptop,https://www.vertexnetworking.co.uk/storage/product_images/6779154629b0a_Optical-Drives-Gen.webp,$165.00,0K978C,https://www.vertexnetworking.co.uk/product/0k978c-dell-24x-sata-cd-rw-dvd-combo-drive-for-latitude-e5500-laptops.html
Vertex Networking,Dell 0K1033 24x CDRW/DVD Combo Drive Module,Dell 0K1033 24x CDRW/DVD Combo Drive Module,https://www.vertexnetworking.co.uk/storage/product_images/6779154716692_Optical-Drives-Gen.webp,$92.00,0K1033,https://www.vertexnetworking.co.uk/product/0k1033-dell-24x-cdrw-dvd-combo-drive-modules.html
Vertex Networking,Dell 0KH605 8X DVD-RW Drive,Dell 0KH605 8X DVD-RW Drive,https://www.vertexnetworking.co.uk/storage/product_images/67791546bc4f3_Optical-Drives-Gen.webp,$100.00,0KH605,https://www.vertexnetworking.co.uk/product/0kh605-dell-8x-dvd-rw-drives.html
Vertex Networking,Dell 0JY450 8x IDE Internal DVD+/CDRW Drive for Latitude D430,Dell 0JY450 8x IDE Internal DVD+/CDRW Drive for Latitude D430,https://www.vertexnetworking.co.uk/storage/product_images/67791546ca689_Optical-Drives-Gen.webp,$180.00,0JY450,https://www.vertexnetworking.co.uk/product/0jy450-dell-8x-ide-internal-dvd-cdrw-drive-for-latitude-d430s.html
Vertex Networking,Dell 0KP569 8X DVD-RW Drive for Precision M65 WorkStation,Dell 0KP569 8X DVD-RW Drive for Precision M65 WorkStation,https://www.vertexnetworking.co.uk/storage/product_images/677915477f98d_Optical-Drives-Gen.webp,$188.00,0KP569,https://www.vertexnetworking.co.uk/product/0kp569-dell-8x-dvd-rw-drive-for-precision-m65-workstations.html
Vertex Networking,Dell 0KM038 8x Dvdrw Rom Drive for Latitude D420,Dell 0KM038 8x Dvdrw Rom Drive for Latitude D420,https://www.vertexnetworking.co.uk/storage/product_images/6779154727e8e_Optical-Drives-Gen.webp,$135.00,0KM038,https://www.vertexnetworking.co.uk/product/0km038-dell-8x-dvdrw-rom-drive-for-latitude-d420s.html
Vertex Networking,Dell 0K1022 Latitude C840 24X CD R W DVD Combo Side Unit,Dell 0K1022 Latitude C840 24X CD R W DVD Combo Side Unit,https://www.vertexnetworking.co.uk/storage/product_images/67791546ec5bd_Optical-Drives-Gen.webp,$92.00,0K1022,https://www.vertexnetworking.co.uk/product/0k1022-dell-latitude-c840-24x-cd-r-w-dvd-combo-side-units.html
Vertex Networking,Dell 0JY229 24X Internal IDE CD-RW/DVD Drive for Precision Mobile WorkStation M4300,Dell 0JY229 24X Internal IDE CD-RW/DVD Drive for Precision Mobile WorkStation M4300,https://www.vertexnetworking.co.uk/storage/product_images/67791546abe28_Optical-Drives-Gen.webp,$185.00,0JY229,https://www.vertexnetworking.co.uk/product/0jy229-dell-24x-internal-ide-cd-rw-dvd-drive-for-precision-mobile-workstation-m4300s.html
Vertex Networking,Dell 0JR784 8X IDE DVD-RW Drive for Latitude Laptops,Dell 0JR784 8X IDE DVD-RW Drive for Latitude Laptops,https://www.vertexnetworking.co.uk/storage/product_images/6779154671dde_Optical-Drives-Gen.webp,$90.00,0JR784,https://www.vertexnetworking.co.uk/product/0jr784-dell-8x-ide-dvd-rw-drive-for-latitude-laptopss.html
Vertex Networking,Dell 0KDPJ0 8X SATA DVD-RW Drive,Dell 0KDPJ0 8X SATA DVD-RW Drive,https://www.vertexnetworking.co.uk/storage/product_images/67791546630b3_Optical-Drives-Gen.webp,$192.00,0KDPJ0,https://www.vertexnetworking.co.uk/product/0kdpj0-dell-8x-sata-dvd-rw-drives.html
Vertex Networking,Dell 0K937C Xps1530 DVD+/-RW Cdr,Dell 0K937C Xps1530 DVD+/-RW Cdr,https://www.vertexnetworking.co.uk/storage/product_images/6779154608084_Optical-Drives-Gen.webp,$125.00,0K937C,https://www.vertexnetworking.co.uk/product/0k937c-dell-xps1530-dvd-rw-cdrs.html
Vertex Networking,Dell 0KH604 24X CD-RW+DVD Combo Drive,Dell 0KH604 24X CD-RW+DVD Combo Drive,https://www.vertexnetworking.co.uk/storage/product_images/677915469db7e_Optical-Drives-Gen.webp,$92.00,0KH604,https://www.vertexnetworking.co.uk/product/0kh604-dell-24x-cd-rw-dvd-combo-drives.html
Vertex Networking,Dell 0JX152 CD-RW/DVD Combo Slim Pe 2950,Dell 0JX152 CD-RW/DVD Combo Slim Pe 2950,https://www.vertexnetworking.co.uk/storage/product_images/677915468e6b5_Optical-Drives-Gen.webp,$92.00,0JX152,https://www.vertexnetworking.co.uk/product/0jx152-dell-cd-rw-dvd-combo-slim-pe-2950s.html
Vertex Networking,"Dell 0JKN9H 8X DVD+/-RW SATA Drive for Latitude E6400, 6410, 6500, 6510","Dell 0JKN9H 8X DVD+/-RW SATA Drive for Latitude E6400, 6410, 6500, 6510",https://www.vertexnetworking.co.uk/storage/product_images/67791545cb19d_Optical-Drives-Gen.webp,$238.00,0JKN9H,https://www.vertexnetworking.co.uk/product/0jkn9h-dell-8x-dvd-rw-sata-drive-for-latitude-e6400-6410-6500-6510s.html
Vertex Networking,Dell 0JM037 48X Half-Height Black CD-RW/DVD Combo Drive (Black) for Precision Workstation T3400,Dell 0JM037 48X Half-Height Black CD-RW/DVD Combo Drive (Black) for Precision Workstation T3400,https://www.vertexnetworking.co.uk/storage/product_images/67791545ec43f_Optical-Drives-Gen.webp,$88.00,0JM037,https://www.vertexnetworking.co.uk/product/0jm037-dell-48x-half-height-black-cd-rw-dvd-combo-drive-black-for-precision-workstation-t3400s.html
Vertex Networking,Dell 0F0835 DVD Unit and DVD Plus RW Drive,Dell 0F0835 DVD Unit and DVD Plus RW Drive,https://www.vertexnetworking.co.uk/storage/product_images/67791544de630_Optical-Drives-Gen.webp,$100.00,0F0835,https://www.vertexnetworking.co.uk/product/0f0835-dell-dvd-unit-and-dvd-plus-rw-drives.html
Vertex Networking,Dell 0JK262 24X CD-RW / DVD-ROM Internal IDE Combo Drive for Optiplex GX520/ GX620 Small Form Factor Desktop Systems,Dell 0JK262 24X CD-RW / DVD-ROM Internal IDE Combo Drive for Optiplex GX520/ GX620 Small Form Factor Desktop Systems,https://www.vertexnetworking.co.uk/storage/product_images/67791545aefc3_Optical-Drives-Gen.webp,$92.00,0JK262,https://www.vertexnetworking.co.uk/product/0jk262-dell-24x-cd-rw-dvd-rom-internal-ide-combo-drive-for-optiplex-gx520-gx620-small-form-factor-desktop-systemss.html
Vertex Networking,Dell 0KD987 24X CD-RW/DVD Combo Drive,Dell 0KD987 24X CD-RW/DVD Combo Drive,https://www.vertexnetworking.co.uk/storage/product_images/6779154645d99_Optical-Drives-Gen.webp,$92.00,0KD987,https://www.vertexnetworking.co.uk/product/0kd987-dell-24x-cd-rw-dvd-combo-drives.html
Vertex Networking,Dell 0JJ568 Media Base with 8X DVD-RW for Latitude D420 Notebook,Dell 0JJ568 Media Base with 8X DVD-RW for Latitude D420 Notebook Product Condition: Refurbished,https://www.vertexnetworking.co.uk/storage/product_images/677915457634c_Optical-Drives-Gen.webp,$286.00,0JJ568,https://www.vertexnetworking.co.uk/product/0jj568-dell-media-base-with-8x-dvd-rw-for-latitude-d420-notebooks.html
Vertex Networking,Dell 0JH966 24X CD-RW+DVD Combo Drive,Dell 0JH966 24X CD-RW+DVD Combo Drive,https://www.vertexnetworking.co.uk/storage/product_images/677915454b8b1_Optical-Drives-Gen.webp,$92.00,0JH966,https://www.vertexnetworking.co.uk/product/0jh966-dell-24x-cd-rw-dvd-combo-drives.html
Vertex Networking,Dell 0K645J 24x CD-RW/DVD Assembly Emod,Dell 0K645J 24x CD-RW/DVD Assembly Emod,https://www.vertexnetworking.co.uk/storage/product_images/67791545bcb00_Optical-Drives-Gen.webp,$92.00,0K645J,https://www.vertexnetworking.co.uk/product/0k645j-dell-24x-cd-rw-dvd-assembly-emods.html
Vertex Networking,Dell 0F199K Latitude E4300 8x SATA DVD+RW / CD-RW Dual Layer Burner Slim Drive Module (RED),Dell 0F199K Latitude E4300 8x SATA DVD+RW / CD-RW Dual Layer Burner Slim Drive Module (RED),https://www.vertexnetworking.co.uk/storage/product_images/6779154559335_Optical-Drives-Gen.webp,$195.00,0F199K,https://www.vertexnetworking.co.uk/product/0f199k-dell-latitude-e4300-8x-sata-dvd-rw-cd-rw-dual-layer-burner-slim-drive-module-red-s.html
Vertex Networking,Dell 0JH724 24X CD-RW/DVD Combo Drive,Dell 0JH724 24X CD-RW/DVD Combo Drive,https://www.vertexnetworking.co.uk/storage/product_images/677915452f828_Optical-Drives-Gen.webp,$85.00,0JH724,https://www.vertexnetworking.co.uk/product/0jh724-dell-24x-cd-rw-dvd-combo-drives.html
Vertex Networking,Dell 0JR376 48X Half-Height SATA CD-RW/DVD Combo Drive for Precision Workstation T5500,Dell 0JR376 48X Half-Height SATA CD-RW/DVD Combo Drive for Precision Workstation T5500,https://www.vertexnetworking.co.uk/storage/product_images/6779154637d4a_Optical-Drives-Gen.webp,$165.00,0JR376,https://www.vertexnetworking.co.uk/product/0jr376-dell-48x-half-height-sata-cd-rw-dvd-combo-drive-for-precision-workstation-t5500s.html
Vertex Networking,Dell 0D503F 16X DVD+/ -RW Dual Layer SATA for Studio 540S,Dell 0D503F 16X DVD+/ -RW Dual Layer SATA for Studio 540S,https://www.vertexnetworking.co.uk/storage/product_images/6779154585a23_Optical-Drives-Gen.webp,$118.00,0D503F,https://www.vertexnetworking.co.uk/product/0d503f-dell-16x-dvd-rw-dual-layer-sata-for-studio-540ss.html
Vertex Networking,Dell 0K636K Assembly DVD+/-RW 8x SATA 1735,Dell 0K636K Assembly DVD+/-RW 8x SATA 1735,https://www.vertexnetworking.co.uk/storage/product_images/67791545a1a7f_Optical-Drives-Gen.webp,$98.00,0K636K,https://www.vertexnetworking.co.uk/product/0k636k-dell-assembly-dvd-rw-8x-sata-1735s.html
Vertex Networking,Dell 0JR733 8X DVD-RW IDE Internal Drive for Latitude XT Tablet PC,Dell 0JR733 8X DVD-RW IDE Internal Drive for Latitude XT Tablet PC,https://www.vertexnetworking.co.uk/storage/product_images/67791546539c9_Optical-Drives-Gen.webp,$300.00,0JR733,https://www.vertexnetworking.co.uk/product/0jr733-dell-8x-dvd-rw-ide-internal-drive-for-latitude-xt-tablet-pcs.html
Vertex Networking,Dell 0JK005 RMSD Carrier Assembly SC1435,Dell 0JK005 RMSD Carrier Assembly SC1435,https://www.vertexnetworking.co.uk/storage/product_images/6779154593a80_Optical-Drives-Gen.webp,$132.00,0JK005,https://www.vertexnetworking.co.uk/product/0jk005-dell-rmsd-carrier-assembly-sc1435s.html
Vertex Networking,"Dell 0D7NFT DVD-RW Assembly,DVD+/-Rw,8,Sata,Hlds,1520","Dell 0D7NFT DVD-RW Assembly,DVD+/-Rw,8,Sata,Hlds,1520",https://www.vertexnetworking.co.uk/storage/product_images/6779154567aea_Optical-Drives-Gen.webp,$165.00,0D7NFT,https://www.vertexnetworking.co.uk/product/0d7nft-dell-dvd-rw-assembly-dvd-rw-8-sata-hlds-1520s.html
Vertex Networking,Dell 0JFHJ0 SATA DVD-RW Drive Assembly,Dell 0JFHJ0 SATA DVD-RW Drive Assembly,https://www.vertexnetworking.co.uk/storage/product_images/677915449afd3_Optical-Drives-Gen.webp,$155.00,0JFHJ0,https://www.vertexnetworking.co.uk/product/0jfhj0-dell-sata-dvd-rw-drive-assemblys.html
Vertex Networking,Dell 0F104H DVD-RW Ad7580a-or Tsl632 Etc./,Dell 0F104H DVD-RW Ad7580a-or Tsl632 Etc./,https://www.vertexnetworking.co.uk/storage/product_images/6779154521dc8_Optical-Drives-Gen.webp,$190.00,0F104H,https://www.vertexnetworking.co.uk/product/0f104h-dell-dvd-rw-ad7580a-or-tsl632-etc-s.html
Vertex Networking,Dell 0F1163 DVD-RW Drive,Dell 0F1163 DVD-RW Drive,https://www.vertexnetworking.co.uk/storage/product_images/677915453d65a_Optical-Drives-Gen.webp,$165.00,0F1163,https://www.vertexnetworking.co.uk/product/0f1163-dell-dvd-rw-drives.html
Vertex Networking,Dell 0K75FD CD/DVD Writer USB Slotload External Multi Format Optical Drive for Systems,Dell 0K75FD CD/DVD Writer USB Slotload External Multi Format Optical Drive for Systems,https://www.vertexnetworking.co.uk/storage/product_images/67791545dcc36_Optical-Drives-Gen.webp,Get a Quote for price,0K75FD,https://www.vertexnetworking.co.uk/product/0k75fd-dell-cd-dvd-writer-usb-slotload-external-multi-format-optical-drive-for-systemss.html
Vertex Networking,Cisco CTS-MIC-TABL20-RF Telepresence Table 20 Microphone,Cisco CTS-MIC-TABL20-RF Telepresence Table 20 Microphone,https://www.vertexnetworking.co.uk/storage/product_images/6779a081d7cd7_microphones.webp,Get a Quote for price,CTS-MIC-TABL20-RF,https://www.vertexnetworking.co.uk/product/cts-mic-tabl20-rf-1703632.html
Vertex Networking,HPE P10330-001 InfiniBand HDR PCIe3 Auxiliary Card with 150mm Cable Kit,HPE P10330-001 InfiniBand HDR PCIe3 Auxiliary Card with 150mm Cable Kit Product Condition: New,https://www.vertexnetworking.co.uk/storage/product_images/6779a08651703_P10330-001.webp,$301.95,P10330-001,https://www.vertexnetworking.co.uk/product/hpe-p10330-001-infiniband-hdr-pcie3-auxiliary-card-with-150mm-cable-kit-p10330-001.html
Vertex Networking,Cisco CP-HS-WL-562-S-US 562 Wireless DUAL Headset,Cisco CP-HS-WL-562-S-US 562 Wireless DUAL Headset Product Condition: Refurbished,https://www.vertexnetworking.co.uk/storage/product_images/6779a080d99ef_headphoneheadsets.webp,$155.00,CP-HS-WL-562-S-US,https://www.vertexnetworking.co.uk/product/cisco-cp-hs-wl-562-s-us-562-wireless-dual-headset-cp-hs-wl-562-s-us.html
Vertex Networking,Cisco CP-7937-MIC-KIT 2pk Microphone Kit For 7937g Conference station,Cisco CP-7937-MIC-KIT 2pk Microphone Kit For 7937g Conference station Product Condition: Refurbished Miscellaneous,https://www.vertexnetworking.co.uk/storage/product_images/6779a08258a53_CP-7937-MIC-KIT.webp,$97.20,CP-7937-MIC-KIT,https://www.vertexnetworking.co.uk/product/cisco-cp-7937-mic-kit-2pk-microphone-kit-for-7937g-conference-station-cp-7937-mic-kit.html
Vertex Networking,Dell TFM86 Mellanox PCIe Auxiliary Card and Cable for C4140 Server,Dell TFM86 Mellanox PCIe Auxiliary Card and Cable for C4140 Server Product Condition: New,https://www.vertexnetworking.co.uk/storage/product_images/6779a087640f9_TFM86.webp,$262.11,TFM86,https://www.vertexnetworking.co.uk/product/dell-tfm86-mellanox-pcie-auxiliary-card-and-cable-for-c4140-server-tfm86.html
Vertex Networking,Dell 2FR79 Silicom PCIe Auxiliary card and cable for C6400 Server,Dell 2FR79 Silicom PCIe Auxiliary card and cable for C6400 Server Product Condition: New,https://www.vertexnetworking.co.uk/storage/product_images/6779a087bc6c9_2FR79.webp,$262.11,2FR79,https://www.vertexnetworking.co.uk/product/dell-2fr79-silicom-pcie-auxiliary-card-and-cable-for-c6400-server-2fr79.html
Vertex Networking,Cisco HS-WL-730-BUNAS-C 730 Wireless Dual On-Ear Headset with Stand,Product Condition: New,https://www.vertexnetworking.co.uk/storage/product_images/6779a0810e3d8_headphoneheadsets.webp,$354.36,HS-WL-730-BUNAS-C,https://www.vertexnetworking.co.uk/product/cisco-hs-wl-730-bunas-c-730-wireless-dual-on-ear-headset-with-stand-usb-a-bundle-carbo.html
Vertex Networking,Cisco CP-MIC-WIRED-S Wired Microphone Kit For Cisco 8831 Phone,Cisco CP-MIC-WIRED-S Wired Microphone Kit For Cisco 8831 Phone Product Condition: Refurbished,https://www.vertexnetworking.co.uk/storage/product_images/6779a0821a7c6_CP-MIC-WIRED-S.webp,$80.00,CP-MIC-WIRED-S,https://www.vertexnetworking.co.uk/product/cisco-cp-mic-wired-s-wired-microphone-kit-for-cisco-8831-phone-cp-mic-wired-s.html
Vertex Networking,Cisco CP-8832-MIC-WIRED Microphone PACK OF 2,Cisco CP-8832-MIC-WIRED Microphone PACK OF 2 Product Condition: New,https://www.vertexnetworking.co.uk/storage/product_images/6779a08446fb9_CP-8832-MIC-WIRED.webp,$179.91,CP-8832-MIC-WIRED,https://www.vertexnetworking.co.uk/product/cisco-cp-8832-mic-wired-microphone-pack-of-2-cp-8832-mic-wired.html
Vertex Networking,Cisco CS-MIC-TABLE-E= Table Microphone for TelePresence MX700,Product Condition: New,https://www.vertexnetworking.co.uk/storage/product_images/6779a084588e7_microphones.webp,$322.77,CS-MIC-TABLE-E,https://www.vertexnetworking.co.uk/product/cisco-cs-mic-table-e-table-microphone-with-euroblock-plug-spare.html
Vertex Networking,Cisco - CP-MIC-WRLS-S-US= Systems Single Spare -Wireless Microph One with US Dect Frequency,Cisco - CP-MIC-WRLS-S-US= Systems Single Spare -Wireless Microph One with US Dect Frequency Product Condition: New,https://www.vertexnetworking.co.uk/storage/product_images/6779a080b0e0d_CP-MIC-WRLS-S-US%3D-o.webp,$173.91,CP-MIC-WRLS-S-US,https://www.vertexnetworking.co.uk/product/cisco-systems-single-spare-wireless-microph-one-with-us-dect-frequency.html
Vertex Networking,HPE MTMK0011 InfiniBand HDR PCIe3 Auxiliary Card with 150mm Cable Kit,HPE MTMK0011 InfiniBand HDR PCIe3 Auxiliary Card with 150mm Cable Kit Product Condition: New,https://www.vertexnetworking.co.uk/storage/product_images/6779a0850c2e0_MTMK0011.webp,$301.95,MTMK0011,https://www.vertexnetworking.co.uk/product/hpe-mtmk0011-infiniband-hdr-pcie3-auxiliary-card-with-150mm-cable-kit-mtmk0011.html
Vertex Networking,HPE P10234-001 InfiniBand HDR PCIe3 Auxiliary Card with 150mm Cable Kit,HPE P10234-001 InfiniBand HDR PCIe3 Auxiliary Card with 150mm Cable Kit Product Condition: New,https://www.vertexnetworking.co.uk/storage/product_images/6779a08597d31_P10234-001.webp,$301.95,P10234-001,https://www.vertexnetworking.co.uk/product/hpe-p10234-001-infiniband-hdr-pcie3-auxiliary-card-with-150mm-cable-kit-p10234-001.html
Vertex Networking,Dell WH3022 Pro Stereo Headset for Latitude 5421 / Optiplex 3090 / Precision 7560 / Vostro 15 7510,Dell WH3022 Pro Stereo Headset for Latitude 5421 / Optiplex 3090 / Precision 7560 / Vostro 15 7510,https://www.vertexnetworking.co.uk/storage/product_images/6779a0818c648_headphoneheadsets.webp,$138.00,WH3022,https://www.vertexnetworking.co.uk/product/dell-wh3022-usb-type-a-headset-with-control-panel.html
Vertex Networking,209745-201 - HP C3220 POLY Blackwire Headset,209745-201 - HP C3220 POLY Blackwire Headset,https://www.vertexnetworking.co.uk/storage/product_images/6779a0812096b_headphoneheadsets.webp,Get a Quote for price,209745-201,https://www.vertexnetworking.co.uk/product/209745-201-hp-c3220-poly-blackwire-headset.html
Vertex Networking,Cisco - CS-MIC-TABLE-E Table Microphone w/Euroblock connector,Cisco - CS-MIC-TABLE-E Table Microphone w/Euroblock connector Product Condition: New,https://www.vertexnetworking.co.uk/storage/product_images/6779a0840ab9b_CS-MIC-TABLE-E-o.webp,$312.99,CS-MIC-TABLE-E,https://www.vertexnetworking.co.uk/product/cs-mic-table-e-cisco-table-microphone-w-euroblock-connector.html
Vertex Networking,HPE MTMK0012 Infiniband HDR PCIe3 Auxiliary Card with 350mm Cable Kit,HPE MTMK0012 Infiniband HDR PCIe3 Auxiliary Card with 350mm Cable Kit Product Condition: Refurbished,https://www.vertexnetworking.co.uk/storage/product_images/6779a0881d09e_MTMK0012.webp,$185.41,MTMK0012,https://www.vertexnetworking.co.uk/product/hpe-mtmk0012-infiniband-hdr-pcie3-auxiliary-card-with-350mm-cable-kit-mtmk0012.html
Vertex Networking,Cisco - CTS-MIC-TABL20 TelePresence Table Mic 20 Microphone,Cisco - CTS-MIC-TABL20 TelePresence Table Mic 20 Microphone,https://www.vertexnetworking.co.uk/storage/product_images/6779a083c4575_CTS-MIC-TABL20-o.webp,Get a Quote for price,CTS-MIC-TABL20,https://www.vertexnetworking.co.uk/product/cts-mic-tabl20-cisco-telepresence-table-mic-20-microphone.html
Vertex Networking,HPE TMK00 InfiniBand HDR PCIe3 Auxiliary Card with 150mm Cable Kit,HPE TMK00 InfiniBand HDR PCIe3 Auxiliary Card with 150mm Cable Kit Product Condition: New,https://www.vertexnetworking.co.uk/storage/product_images/6779a08700f97_TMK00.webp,$301.95,TMK00,https://www.vertexnetworking.co.uk/product/hpe-tmk00-infiniband-hdr-pcie3-auxiliary-card-with-150mm-cable-kit-tmk00.html
Vertex Networking,Cisco HS-WL-730-BUNA-C 730 Wireless Dual On-Ear USB-A Headset,Product Condition: New,https://www.vertexnetworking.co.uk/storage/product_images/6779a080eef31_headphoneheadsets.webp,$322.03,HS-WL-730-BUNA-C,https://www.vertexnetworking.co.uk/product/cisco-hs-wl-730-buna-c-730-binaural-wireless-headset-carbon-black.html
Vertex Networking,Cisco HS-WL-980-BUNA-L B&O 980 Wireless Bluetooth 5.1 Adaptive,Product Condition: New,https://www.vertexnetworking.co.uk/storage/product_images/6779a0803c154_headphones-gen_bhqaiprp46kyh2ww.webp,$416.02,HS-WL-980-BUNA-L,https://www.vertexnetworking.co.uk/product/cisco-hs-wl-980-buna-l-980-bang-olufsen-anc-3-5-mm-jack-bluetooth-usb-headset-for-cisco-ip-phone-8800-webex-desk-pro.html
Vertex Networking,Apple A1221 Iphone Bluetooth Headset,"Apple A1221 Iphone Bluetooth Headset Product Condition: Refurbished General Information Product Type AC Adapter Technical Information Universal Adapter/Charger Yes Changeable Output Voltage Yes Miscellaneous Compliance Standards WEEE,RoHS Eco Friendly Yes",https://www.vertexnetworking.co.uk/storage/product_images/6779a07f21d65_1C9J6AA-ABU-Gen.webp,$56.00,A1221,https://www.vertexnetworking.co.uk/product/a1221-apple-85-watts-18-5v-4-6a-100-240v-magsafe-2-power-adapter.html
Vertex Networking,Western Digital - PV3707UMXK Blue PC Mobile 320GB SATA 6Gb/s Hard Drive,Western Digital - PV3707UMXK Blue PC Mobile 320GB SATA 6Gb/s Hard Drive Product Condition: Refurbished General Information Product Line Blue Product Type Hard Drive Technical Information Storage Capacity 320 GB Drive Type Internal Interfaces/Ports Drive Interface SATA Interface Standard 6Gb/s SATA Miscellaneous Assembly Required Yes Eco Friendly Yes Compliance Standards WEEE,https://www.vertexnetworking.co.uk/storage/product_images/6779a08077451_headphones-gen_5uezcm9g1ddi1eqe.webp,Get a Quote for price,PV3707UMXK,https://www.vertexnetworking.co.uk/product/pv3707umxk-western-digital-blue-pc-mobile-320gb-sata-6gb-s-hard-drive.html
Vertex Networking,Plantronics C054A Wireless Headset With Headset Base Stand & Charger,Plantronics C054A Wireless Headset With Headset Base Stand & Charger,https://www.vertexnetworking.co.uk/storage/product_images/6779a07f81bda_headphoneheadsets.webp,Get a Quote for price,C054A,https://www.vertexnetworking.co.uk/product/c054a-1479647.html
Vertex Networking,Cisco HS-WL-730-BUNA-P 730 Wireless Dual On-EarUSB-A Headset Bundle,Product Condition: New,https://www.vertexnetworking.co.uk/storage/product_images/6779a0802255f_headphones-gen_bhqaiprp46kyh2ww.webp,$322.03,HS-WL-730-BUNA-P,https://www.vertexnetworking.co.uk/product/cisco-hs-wl-730-buna-p-730-binaural-wireless-headset.html
Vertex Networking,Cisco - CP-8832-MIC-WIRED= 8832 Wired Microphones Kit for Worldwide,Cisco - CP-8832-MIC-WIRED= 8832 Wired Microphones Kit for Worldwide Product Condition: New,https://www.vertexnetworking.co.uk/storage/product_images/6779a07fd43fc_cp-8832-mic-wired_-o.webp,$261.88,CP-8832-MIC-WIRED,https://www.vertexnetworking.co.uk/product/cp-8832-mic-wired-cisco-8832-wired-microphones-kit-for-worldwide.html
Vertex Networking,ZJA-00047 - Microsoft Arc Mouse Laser Wireless Radio Frequency White USB Scroll Wheel Symmetrical,"ZJA-00047 - Microsoft Arc Mouse Laser Wireless Radio Frequency White USB Scroll Wheel Symmetrical Product Condition: Refurbished General Information Product Line Arc Product Type Mouse Technical Information Pointing Device Connectivity Technology Wireless Pointing Device Wireless Technology Radio Frequency Wireless Operating Frequency 2.4  GHz Movement Detection Laser Movement Resolution 10000 Number of Total Buttons 4 Scroller Type Scroll Wheel Ergonomic Fit Symmetrical Host Interface USB Quantity of Batteries 2 Battery Included No Size of Battery AAA Physical Characteristics Height 4.44 Inches Width 2.32 Inches Depth 1.44 Inches Miscellaneous Package Content 1 x Mouse 1 x RF Dongle 2 x AAA Alkaline Batteries Operating System Supported Mac OS,Windows XP Professional,Windows Vista Sidebar",https://www.vertexnetworking.co.uk/storage/product_images/6779a0e7ea107_ZJA-00047.webp,$130.00,ZJA-00047,https://www.vertexnetworking.co.uk/product/microsoft-arc-mouse-laser-wireless-radio-frequency-white-usb-scroll-wheel-symmetrical-refurbished-mfr-p-n-zja-00047.html
Vertex Networking,DY651A - HP 3-Buttons USB Wired Optical Mouse,DY651A - HP 3-Buttons USB Wired Optical Mouse Product Condition: Refurbished,https://www.vertexnetworking.co.uk/storage/product_images/6779a0e7ac96c_mouse.webp,$132.00,DY651A,https://www.vertexnetworking.co.uk/product/dy651a-hp-xw-series-optical-3-button-usb-mouse.html
Vertex Networking,GX30K79402 - Lenovo 300 1000 dpi Compact Wireless Mouse,GX30K79402 - Lenovo 300 1000 dpi Compact Wireless Mouse Product Condition: New,https://www.vertexnetworking.co.uk/storage/product_images/6779a0e5cce90_Wireless-Laser-Mouse-Gen.webp,$62.62,GX30K79402,https://www.vertexnetworking.co.uk/product/gx30k79402-lenovo-300-1000-dpi-compact-wireless-mouse.html
Vertex Networking,11D3V - Dell 3-Button Scroll USB Optical Mouse Black,11D3V - Dell 3-Button Scroll USB Optical Mouse Black Product Condition: New,https://www.vertexnetworking.co.uk/storage/product_images/6779a0e619406_wired-optical-Mouse-black-Gen.webp,$62.62,11D3V,https://www.vertexnetworking.co.uk/product/11d3v-dell-3-button-scroll-usb-optcal-mouse-black.html
Vertex Networking,Logitech M510 Wireless 2.4GHz Laser Mouse (Silver),Logitech M510 Wireless 2.4GHz Laser Mouse (Silver) Product Condition: New,https://www.vertexnetworking.co.uk/storage/product_images/6779a0e831b5d_910-001822.webp,$91.19,910-001822,https://www.vertexnetworking.co.uk/product/910-001822-logitech-m510-wireless-2-4ghz-laser-mouse-silvers.html
Vertex Networking,Apple A1152 USB Wired Optical Mouse,Product Condition: Refurbished,https://www.vertexnetworking.co.uk/storage/product_images/6779a0e847df5_mouse.webp,$62.62,A1152,https://www.vertexnetworking.co.uk/product/apple-a1152-2-buttons-wired-usb-mouse-white.html
Vertex Networking,QY777AT - HP USB Optical Scroll Mouse,QY777AT - HP USB Optical Scroll Mouse Product Condition: New,https://www.vertexnetworking.co.uk/storage/product_images/6779a0e5f37b3_wired-optical-Mouse-black-Gen.webp,$72.39,QY777AT,https://www.vertexnetworking.co.uk/product/qy777at-hp-usb-optical-scroll-mouse.html
Vertex Networking,H4B81AA - HP 3-Buttons USB Laser Mouse,H4B81AA - HP 3-Buttons USB Laser Mouse Product Condition: New,https://www.vertexnetworking.co.uk/storage/product_images/6779a0e5d9237_wired-Mouse-Laser-USB-Gen.webp,$79.91,H4B81AA,https://www.vertexnetworking.co.uk/product/h4b81aa-hp-3-button-usb-laser-mouse-laser-cable-usb-1000-dpi-scroll-wheel-3-button-s-symmetrical.html
Vertex Networking,4X30M56887 - Lenovo ThinkPad Essential USB Wireless Mouse,4X30M56887 - Lenovo ThinkPad Essential USB Wireless Mouse Product Condition: New,https://www.vertexnetworking.co.uk/storage/product_images/6779a0e5bd2b7_Wireless-Laser-Mouse-Gen.webp,$62.62,4X30M56887,https://www.vertexnetworking.co.uk/product/4x30m56887-lenovo-thinkpad-essential-usb-wireless-mouse.html
Vertex Networking,06P4069 - Lenovo USB Optical Wheel Mouse,06P4069 - Lenovo USB Optical Wheel Mouse Product Condition: New,https://www.vertexnetworking.co.uk/storage/product_images/6779a0e60bfe0_wired-optical-Mouse-black-Gen.webp,$62.62,06P4069,https://www.vertexnetworking.co.uk/product/06p4069-lenovo-usb-optical-wheel-mouse.html
Vertex Networking,JT14J - Dell 6-Button 1600 dpi USB Wired Laser Optical Mouse,JT14J - Dell 6-Button 1600 dpi USB Wired Laser Optical Mouse Product Condition: New,https://www.vertexnetworking.co.uk/storage/product_images/6779a0e59c234_wired-optical-Mouse-black-Gen.webp,$64.87,JT14J,https://www.vertexnetworking.co.uk/product/jt14j-dell-6-button-1600-dpi-usb-wired-laser-optical-mouse.html
Vertex Networking,QY777AA - HP 3-Buttons 800dpi Scroll Wheel USB Optical Mouse,QY777AA - HP 3-Buttons 800dpi Scroll Wheel USB Optical Mouse Product Condition: New,https://www.vertexnetworking.co.uk/storage/product_images/6779a0e5e5a90_wired-optical-Mouse-black-Gen.webp,$62.62,QY777AA,https://www.vertexnetworking.co.uk/product/qy777aa-hp-3-buttons-scroll-wheel-usb-optical-mouse-800dpi.html
Vertex Networking,4X30H56886 - Lenovo Professional Wireless Laser Mouse,4X30H56886 - Lenovo Professional Wireless Laser Mouse Product Condition: New Miscellaneous,https://www.vertexnetworking.co.uk/storage/product_images/6779a0e5ab784_Wireless-Laser-Mouse-Gen.webp,$76.15,4X30H56886,https://www.vertexnetworking.co.uk/product/4x30h56886-lenovo-professional-wireless-laser-mouse.html
Vertex Networking,GGX8M - Dell WM326 Black RF 1000 dpi Wireless Optical Mouse,GGX8M - Dell WM326 Black RF 1000 dpi Wireless Optical Mouse Product Condition: New,https://www.vertexnetworking.co.uk/storage/product_images/6779a0e58f000_Wireless-Optical-Mouse-Gen.webp,$98.71,GGX8M,https://www.vertexnetworking.co.uk/product/ggx8m-dell-wm326-black-rf-1000-dpi-wireless-optical-mouse.html
Vertex Networking,HP AZ885AR TFT7600 G2 17.3-inch Rack-mountable KVM Console Keyboard and Monitor,HP AZ885AR TFT7600 G2 17.3-inch Rack-mountable KVM Console Keyboard and Monitor,https://www.vertexnetworking.co.uk/storage/product_images/6779a0e8b062a_AZ885AR-o.webp,Get a Quote for price,AZ885AR,https://www.vertexnetworking.co.uk/product/az885ar-1474383.html
Vertex Networking,Dell MS5120W Pro Wireless Mouse Long Life Battery with Bluetooth Connection,Dell MS5120W Pro Wireless Mouse Long Life Battery with Bluetooth Connection Product Condition: Refurbished,https://www.vertexnetworking.co.uk/storage/product_images/6779a0e86ec03_mouse.webp,$90.00,MS5120W,https://www.vertexnetworking.co.uk/product/dell-ms5120w-wireless-computer-mouse-with-bluetooth.html
Vertex Networking,149998-006 - HP 2-Button Optical Mouse,149998-006 - HP 2-Button Optical Mouse Product Condition: Refurbished,https://www.vertexnetworking.co.uk/storage/product_images/6779a0e559457_wired-optical-Mouse-black-Gen.webp,$62.62,149998-006,https://www.vertexnetworking.co.uk/product/149998-006-hp-2-button-optical-mouse.html
Vertex Networking,590509-002 - HP 2-Button USB Optical Mouse,590509-002 - HP 2-Button USB Optical Mouse Product Condition: Refurbished,https://www.vertexnetworking.co.uk/storage/product_images/6779a0e799402_mouse.webp,$45.00,590509-002,https://www.vertexnetworking.co.uk/product/590509-002-hp-2-button-usb-optical-mouse.html
Vertex Networking,Dell WM126 3 Buttons Long Life Battery Wireless Optical Mouse Black,Dell WM126 3 Buttons Long Life Battery Wireless Optical Mouse Black Product Condition: Refurbished,https://www.vertexnetworking.co.uk/storage/product_images/6779a0e85b580_mouse.webp,$65.00,WM126,https://www.vertexnetworking.co.uk/product/dell-wm126-wirless-black-mouse.html
Vertex Networking,9RRC7 - Dell 2-Buttons USB Optical Mouse,9RRC7 - Dell 2-Buttons USB Optical Mouse Product Condition: Refurbished,https://www.vertexnetworking.co.uk/storage/product_images/6779a0e4ceaf2_wired-optical-Mouse-black-Gen.webp,$62.62,9RRC7,https://www.vertexnetworking.co.uk/product/9rrc7-dell-2-button-usb-optical-mouse.html
Vertex Networking,G1K28AA#ABA - HP 3-Buttons Scrolling wheel USB Travel Mouse,G1K28AA#ABA - HP 3-Buttons Scrolling wheel USB Travel Mouse Product Condition: New,https://www.vertexnetworking.co.uk/storage/product_images/6779a0e4b2c55_wired-optical-Mouse-black-Gen.webp,$62.62,G1K28AA,https://www.vertexnetworking.co.uk/product/g1k28aa-aba-hp-3-buttons-scrolling-wheel-usb-travel-mouse.html
Vertex Networking,Dell 51CHY 101 Keys Backlight Keyboard for Inspiron 15 (3542 / 3543) / 17 (5748) Laptop,Dell 51CHY 101 Keys Backlight Keyboard for Inspiron 15 (3542 / 3543) / 17 (5748) Laptop Product Condition: Refurbished General Information Product Type Keyboard Technical Information Number of Keys 101 Hot Keys Windows Key Keys Layout QWERTY Pointing Device Type Optical Keyboard Localization English (US) Miscellaneous Compliance Standards RoHS Assembly Required No Eco Friendly Yes OS Platform Windows,https://www.vertexnetworking.co.uk/storage/product_images/6779a0e3941eb_keyboards.webp,$105.00,51CHY,https://www.vertexnetworking.co.uk/product/dell-51chy-101-keys-backlit-keyboard-english-international.html
Vertex Networking,265986-011 - HP USB 2 Button Optical Mouse,265986-011 - HP USB 2 Button Optical Mouse Product Condition: New Miscellaneous,https://www.vertexnetworking.co.uk/storage/product_images/6779a0e5050b4_wired-optical-Mouse-black-Gen.webp,$62.62,265986-011,https://www.vertexnetworking.co.uk/product/265986-011-hp-usb-2-button-optical-mouse.html
Vertex Networking,Dell T5M02 Black US Keyboard Inspiron M5040 / M5050 / N5040 / XPS 15 L502X,Dell T5M02 Black US Keyboard Inspiron M5040 / M5050 / N5040 / XPS 15 L502X Product Condition: Refurbished General Information Product Type Keyboard Technical Information Number of Keys 104 Hot Keys Windows Key Keys Layout QWERTY Keyboard Localization English (US) Miscellaneous Compliance Standards RoHS Assembly Required No Eco Friendly Yes OS Platform Windows,https://www.vertexnetworking.co.uk/storage/product_images/6779a0e324cfd_keyboards.webp,$138.00,T5M02,https://www.vertexnetworking.co.uk/product/dell-t5m02-keyboard-english-for-laptop.html
Vertex Networking,Dell GGVTH Backlit Keyboard for Inspiron 17 7773 / 7779 / 7778,Dell GGVTH Backlit Keyboard for Inspiron 17 7773 / 7779 / 7778 Product Condition: Refurbished General Information Product Type Keyboard Technical Information Number of Keys 104 Hot Keys Windows Key Keys Layout QZERTY Keyboard Localization English (US) Miscellaneous Compliance Standards RoHS Assembly Required No Eco Friendly Yes OS Platform Windows,https://www.vertexnetworking.co.uk/storage/product_images/6779a0e34cfb2_keyboards.webp,$95.00,GGVTH,https://www.vertexnetworking.co.uk/product/dell-ggvth-101-keys-keyboard-backlit-us-for-inspiron-7566-7567-7577-7786.html
Vertex Networking,434548-001 - HP USB Optical Travel Mouse,434548-001 - HP USB Optical Travel Mouse Product Condition: New Miscellaneous,https://www.vertexnetworking.co.uk/storage/product_images/6779a0e4a624e_wired-optical-Mouse-black-Gen.webp,$62.62,434548-001,https://www.vertexnetworking.co.uk/product/434548-001-hp-usb-optical-travel-mouse.html
Vertex Networking,Dell 0JYP58 101 Keys US Black Keyboard for Inspiron 15 3541 / 3543,Dell 0JYP58 101 Keys US Black Keyboard for Inspiron 15 3541 / 3543 Product Condition: Refurbished General Information Product Type Keyboard Technical Information Number of Keys 101 Hot Keys Windows Key Keys Layout QWERTY Pointing Device Type Optical Keyboard Localization English (US) Miscellaneous Compliance Standards RoHS Assembly Required No Eco Friendly Yes OS Platform Windows,https://www.vertexnetworking.co.uk/storage/product_images/6779a0e373256_keyboards.webp,$118.00,0JYP58,https://www.vertexnetworking.co.uk/product/dell-0jyp58-keyboard-us-black-for-inspiron-15-3541-3543.html
Vertex Networking,Dell JYP58 101 Keys US Black Keyboard for Inspiron 15 3541 / 3543,Dell JYP58 101 Keys US Black Keyboard for Inspiron 15 3541 / 3543 Product Condition: Refurbished General Information Product Type Keyboard Technical Information Number of Keys 101 Hot Keys Windows Key Keys Layout QWERTY Pointing Device Type Optical Keyboard Localization English (US) Miscellaneous Compliance Standards RoHS Assembly Required No Eco Friendly Yes OS Platform Windows,https://www.vertexnetworking.co.uk/storage/product_images/6779a0e35ee35_keyboards.webp,$80.00,JYP58,https://www.vertexnetworking.co.uk/product/dell-jyp58-101-keys-keyboard-english-international-for-laptop.html
Vertex Networking,265986-007 - HP 2 Button Optical Mouse,265986-007 - HP 2 Button Optical Mouse Product Condition: Refurbished Miscellaneous,https://www.vertexnetworking.co.uk/storage/product_images/6779a0e4eccfd_wired-optical-Mouse-black-Gen.webp,$70.14,265986-007,https://www.vertexnetworking.co.uk/product/265986-007-hp-2-button-optical-mouse.html
Vertex Networking,40K9200 - IBM 2 Button Optical Wheel USB Mouse,40K9200 - IBM 2 Button Optical Wheel USB Mouse Product Condition: New,https://www.vertexnetworking.co.uk/storage/product_images/6779a0e41da2d_wired-optical-Mouse-black-Gen.webp,$62.62,40K9200,https://www.vertexnetworking.co.uk/product/ibm-40k9200-2-button-optical-wheel-mouse-optical-usb-mfr-p-n-40k9200.html
Vertex Networking,C3751-60201 - HP 2 Button PS/2 Mouse for tc2100 Server,C3751-60201 - HP 2 Button PS/2 Mouse for tc2100 Server Product Condition: New,https://www.vertexnetworking.co.uk/storage/product_images/6779a0e4e0098_wired-Mouse-Laser-USB-Gen.webp,$82.17,C3751-60201,https://www.vertexnetworking.co.uk/product/c3751-60201-hp-2-button-ps-2-mouse-for-tc2100-server.html
Vertex Networking,317863-001 - HP / Compaq 3 Button Inteli Scroll Mouse with 1.83m Cable,317863-001 - HP / Compaq 3 Button Inteli Scroll Mouse with 1.83m Cable Product Condition: Refurbished,https://www.vertexnetworking.co.uk/storage/product_images/6779a0e499b5c_wired-optical-Mouse-black-Gen.webp,$62.62,317863-001,https://www.vertexnetworking.co.uk/product/317863-001-hp-compaq-3-button-inteli-scroll-mouse-with-1-83m-cable.html
Vertex Networking,607781-001 - HP USB washable Mouse,607781-001 - HP USB washable Mouse Product Condition: Refurbished,https://www.vertexnetworking.co.uk/storage/product_images/6779a0e45624c_wired-Mouse-Laser-USB-Gen.webp,$145.32,607781-001,https://www.vertexnetworking.co.uk/product/607781-001-hp-usb-washable-mouse.html
Vertex Networking,01YP708 - Lenovo Keyboard for ThinkPad P52 Notebook,01YP708 - Lenovo Keyboard for ThinkPad P52 Notebook Product Condition: Refurbished General Information Product Type Keyboard Technical Information Number of Keys 104 Hot Keys Windows Key Keys Layout QZERTY Pointing Device Type Optical Keyboard Localization English (UK) Miscellaneous Compliance Standards RoHS Assembly Required No Eco Friendly Yes OS Platform Windows,https://www.vertexnetworking.co.uk/storage/product_images/6779a0e300b9b_keyboards.webp,$92.00,01YP708,https://www.vertexnetworking.co.uk/product/01yp708-lenovo-keyboard-for-thinkpad-p52-notebook.html
Vertex Networking,04W2852 - Lenovo U.S English Mobile Keyboard for ThinkPad T430U,04W2852 - Lenovo U.S English Mobile Keyboard for ThinkPad T430U Product Condition: Refurbished General Information Product Type Keyboard Technical Information Number of Keys 104 Hot Keys Windows Key Keys Layout QZERTY Pointing Device Type Optical Keyboard Localization English (US) Miscellaneous Compliance Standards RoHS Assembly Required No Eco Friendly Yes OS Platform Windows,https://www.vertexnetworking.co.uk/storage/product_images/6779a0e3d11b6_04W2852.webp,$118.00,04W2852,https://www.vertexnetworking.co.uk/product/04w2852-lenovo-u-s-english-mobile-keyboard-for-thinkpad-t430u.html
Vertex Networking,Dell 4XVX6 104 Keys US Black Backlit Keyboard for XPS 13 9343 / 9350 / 9360,Dell 4XVX6 104 Keys US Black Backlit Keyboard for XPS 13 9343 / 9350 / 9360 Product Condition: Refurbished General Information Product Type Keyboard Technical Information Number of Keys 104 Hot Keys Windows Key Keys Layout QWERTY Keyboard Localization English (US) Miscellaneous Compliance Standards RoHS Assembly Required No Eco Friendly Yes OS Platform Windows,https://www.vertexnetworking.co.uk/storage/product_images/6779a0e33ae3d_keyboards.webp,$85.00,4XVX6,https://www.vertexnetworking.co.uk/product/dell-4xvx6-keyboard-united-states-international-for-laptop.html
Vertex Networking,Dell 4JPX1 Dual Point German Backlit Keyboard for Latitude E5450 / E5470 / 5480 / 5490,Dell 4JPX1 Dual Point German Backlit Keyboard for Latitude E5450 / E5470 / 5480 / 5490 Product Condition: Refurbished General Information Product Type Keyboard Technical Information Number of Keys 104 Hot Keys Windows Key Keys Layout QWERTY Pointing Device Type Dualpoint Keyboard Localization German Miscellaneous Compliance Standards RoHS Assembly Required No Eco Friendly Yes OS Platform Windows,https://www.vertexnetworking.co.uk/storage/product_images/6779a0e312dce_keyboards.webp,$87.67,4JPX1,https://www.vertexnetworking.co.uk/product/dell-4jpx1-83-keys-backlit-german-keyboard-for-latitude-14-5480-e5490.html
Vertex Networking,801527-001 - HP Merapi 2-Button Scroll USB Wired Optical Mouse,801527-001 - HP Merapi 2-Button Scroll USB Wired Optical Mouse Product Condition: New,https://www.vertexnetworking.co.uk/storage/product_images/6779a0e4bf4de_wired-optical-Mouse-black-Gen.webp,$62.62,801527-001,https://www.vertexnetworking.co.uk/product/801527-001-hp-merapi-2-button-scroll-usb-wired-optical-mouse.html
Vertex Networking,Dell - KB216 - Multimedia Black USB KeyBoard,Dell - KB216 - Multimedia Black USB KeyBoard Product Condition: Refurbished General Information Product Type Keyboard Technical Information Host Interface USB Keyboard/Keypad Connectivity Technology Cable Number of Keys 104 Hot Keys Windows Key Keys Layout QWERTY Battery Included Yes Quantity of Batteries Supported 4 Keyboard Localization German Miscellaneous Compliance Standards RoHS Assembly Required No Eco Friendly Yes OS Platform Windows,https://www.vertexnetworking.co.uk/storage/product_images/6779a0e2de25b_keyboards.webp,$65.00,KB216,https://www.vertexnetworking.co.uk/product/dell-kb216-multimedia-black-usb-keyboard.html
Vertex Networking,Dell N7N16 99 Keys US Keyboard for Latitude 5520 / 5521 / 5530 / Precision 3560 / 3561,Dell N7N16 99 Keys US Keyboard for Latitude 5520 / 5521 / 5530 / Precision 3560 / 3561 Product Condition: Refurbished General Information Product Type Keyboard Technical Information Number of Keys 99 Hot Keys Windows Key Keys Layout QWERTY Keyboard Localization English (US) Miscellaneous Compliance Standards RoHS Assembly Required No Eco Friendly Yes OS Platform Windows,https://www.vertexnetworking.co.uk/storage/product_images/6779a0e13eb99_keyboards.webp,$105.00,N7N16,https://www.vertexnetworking.co.uk/product/dell-n7n16-keyboard-backlit-us-for-latitude-5520-5521.html
Vertex Networking,Dell TF5M0 106 Keys Backlight US Keyboard for Latitude E5550 / Precision 15 3510 / 7510,Dell TF5M0 106 Keys Backlight US Keyboard for Latitude E5550 / Precision 15 3510 / 7510 Product Condition: Refurbished General Information Product Type Keyboard Technical Information Number of Keys 106 Hot Keys Windows Key Keys Layout QWERTY Keyboard Localization English (US) Miscellaneous Compliance Standards RoHS Assembly Required No Eco Friendly Yes OS Platform Windows,https://www.vertexnetworking.co.uk/storage/product_images/6779a0e2b2c90_keyboards.webp,$90.00,TF5M0,https://www.vertexnetworking.co.uk/product/dell-tf5m0-106-keys-backlit-keyboard-english-international-for-laptop.html
Vertex Networking,Dell 4PTC5 83 Keys Swedish Finnish Layout Keyboard for Latitude 5480 / E5470 / 5490,Dell 4PTC5 83 Keys Swedish Finnish Layout Keyboard for Latitude 5480 / E5470 / 5490 Product Condition: Refurbished General Information Product Type Keyboard Technical Information Number of Keys 83 Hot Keys Windows Key Keys Layout QWERTY Keyboard Localization Swedish Miscellaneous Compliance Standards RoHS Assembly Required No Eco Friendly Yes OS Platform Windows,https://www.vertexnetworking.co.uk/storage/product_images/6779a0e1d4123_keyboards.webp,$85.00,4PTC5,https://www.vertexnetworking.co.uk/product/dell-4ptc5-83-keys-keyboard-swedish-finnish-for-laptop.html
Vertex Networking,Dell T9RCN 107 Keys French Keyboard for Precision 7710 / 3510,Dell T9RCN 107 Keys French Keyboard for Precision 7710 / 3510 Product Condition: Refurbished General Information Product Type Keyboard Technical Information Number of Keys 107 Hot Keys Windows Key Keys Layout QWERTY Keyboard Localization French Miscellaneous Compliance Standards RoHS Assembly Required No Eco Friendly Yes OS Platform Windows,https://www.vertexnetworking.co.uk/storage/product_images/6779a0e2a1aa7_keyboards.webp,$65.00,T9RCN,https://www.vertexnetworking.co.uk/product/dell-t9rcn-107-keys-non-backlit-keyboard-french-for-laptop.html
Vertex Networking,QY776AA - HP USB Keyboard for 260 G1 Desktop,QY776AA - HP USB Keyboard for 260 G1 Desktop Product Condition: Refurbished General Information Product Type Keyboard Technical Information Host Interface USB Keyboard/Keypad Connectivity Technology Wired/Wireless Keyboard/Keypad Wireless Operating Distance 5 ft Number of Keys 104 Hot Keys Windows Key Keys Layout QZERTY Keyboard Localization English (US) Miscellaneous Compliance Standards RoHS Assembly Required No Eco Friendly Yes OS Platform Windows,https://www.vertexnetworking.co.uk/storage/product_images/6779a0e11d16c_keyboards.webp,Get a Quote for price,QY776AA,https://www.vertexnetworking.co.uk/product/qy776aa-hp-usb-keyboard-for-260-g1-desktop.html
Vertex Networking,Dell 30FVP 83 Keys Qwerty Backlit Keyboard for Latitude 7280 / 7290 / 7380 / 7389 / 7390,Dell 30FVP 83 Keys Qwerty Backlit Keyboard for Latitude 7280 / 7290 / 7380 / 7389 / 7390 Product Condition: Refurbished General Information Product Type Keyboard Technical Information Number of Keys 83 Hot Keys Windows Key Keys Layout QWERTY Keyboard Localization English (UK) Miscellaneous Compliance Standards RoHS Assembly Required No Eco Friendly Yes OS Platform Windows,https://www.vertexnetworking.co.uk/storage/product_images/6779a0e20dafe_keyboards.webp,$95.00,30FVP,https://www.vertexnetworking.co.uk/product/dell-30fvp-83-keys-keyboard-backlit-nordic-for-latitude-7280-7290-7380-7389-7390.html
Vertex Networking,Dell 0RX6RM Multimedia UK QWERTY Wired Keyboard Black,Product Condition: Refurbished General Information Product Type Keyboard Technical Information Host Interface USB Keyboard/Keypad Connectivity Technology Cable Number of Keys 104 Hot Keys Windows Key Keys Layout QWERTY Battery Included Yes Quantity of Batteries Supported 4 Keyboard Localization English (UK) Miscellaneous Compliance Standards RoHS Assembly Required No Eco Friendly Yes OS Platform Windows,https://www.vertexnetworking.co.uk/storage/product_images/6779a0e170554_keyboards.webp,$66.62,0RX6RM,https://www.vertexnetworking.co.uk/product/dell-0rx6rm-uk-qwerty-wired-usb-black-keyboard.html
Vertex Networking,Dell WCKVN Keyboard French 107T Backlit For Latitude E5550 / E5570 / 5580,Dell WCKVN Keyboard French 107T Backlit For Latitude E5550 / E5570 / 5580 Product Condition: Refurbished General Information Product Type Keyboard Technical Information Number of Keys 104 Hot Keys Windows Key Keys Layout QWERTY Keyboard Localization French Miscellaneous Compliance Standards RoHS Assembly Required No Eco Friendly Yes OS Platform Windows,https://www.vertexnetworking.co.uk/storage/product_images/6779a0e243982_keyboards.webp,$119.25,WCKVN,https://www.vertexnetworking.co.uk/product/dell-wckvn-107-keys-backlit-keyboard-french-for-laptop.html
Vertex Networking,Dell 186TV US-English Backlit Black Keyboard for Latitude 12 Rugged Extreme 7204,Dell 186TV US-English Backlit Black Keyboard for Latitude 12 Rugged Extreme 7204 Product Condition: Refurbished General Information Product Type Keyboard Technical Information Number of Keys 104 Hot Keys Windows Key Keys Layout QWERTY Keyboard Localization English (US) Miscellaneous Compliance Standards RoHS Assembly Required No Eco Friendly Yes OS Platform Windows,https://www.vertexnetworking.co.uk/storage/product_images/6779a0e12dbc3_keyboards.webp,$83.00,186TV,https://www.vertexnetworking.co.uk/product/dell-186tv-keyboard-backlit-for-latitude-14-rugged-e5404.html
Vertex Networking,Dell X98D4 83 Keys UK Keyboard for Latitude 3180 / 3189 / 3380 Series,Dell X98D4 83 Keys UK Keyboard for Latitude 3180 / 3189 / 3380 Series Product Condition: Refurbished General Information Product Type Keyboard Technical Information Number of Keys 83 Hot Keys Windows Key Keys Layout QWERTY Keyboard Localization English (UK) Miscellaneous Compliance Standards RoHS Assembly Required No Eco Friendly Yes OS Platform Windows,https://www.vertexnetworking.co.uk/storage/product_images/6779a0e1c35e5_keyboards.webp,$62.00,X98D4,https://www.vertexnetworking.co.uk/product/dell-x98d4-qwerty-laptop-keyboard-uk-for-latitude-3380.html
Vertex Networking,Dell 44K3X 83 Keys Qwerty UK Backlit Keyboard for Latitude E5270,Dell 44K3X 83 Keys Qwerty UK Backlit Keyboard for Latitude E5270 Product Condition: New General Information Product Type Keyboard Technical Information Number of Keys 83 Hot Keys Windows Key Keys Layout QWERTY Keyboard Localization English (UK) Miscellaneous Compliance Standards RoHS Assembly Required No Eco Friendly Yes OS Platform Windows,https://www.vertexnetworking.co.uk/storage/product_images/6779a0e1ef3f4_keyboards.webp,$93.68,44K3X,https://www.vertexnetworking.co.uk/product/dell-44k3x-83-keys-backlit-singlepoint-keyboard-united-kingdom-for-laptop.html
Vertex Networking,Dell 9170J 83 Keys Dual Point Qwerty Backlit UK Keyboard for Latitude 5490 / 7490 / 5495,Dell 9170J 83 Keys Dual Point Qwerty Backlit UK Keyboard for Latitude 5490 / 7490 / 5495 Product Condition: Refurbished General Information Product Type Keyboard Technical Information Number of Keys 83 Hot Keys Windows Key Keys Layout QWERTY Keyboard Localization English (UK) Miscellaneous Compliance Standards RoHS Assembly Required No Eco Friendly Yes OS Platform Windows,https://www.vertexnetworking.co.uk/storage/product_images/6779a0e21ff0f_keyboards.webp,$79.06,9170J,https://www.vertexnetworking.co.uk/product/dell-9170j-83-keys-backlight-keyboard-uk-for-latitude-e5450.html
Vertex Networking,Dell GDT9F 80 Keys US Backlit Keyboard for XPS 9550 / 9560 / 9570,Dell GDT9F 80 Keys US Backlit Keyboard for XPS 9550 / 9560 / 9570 Product Condition: Refurbished General Information Product Type Keyboard Technical Information Number of Keys 80 Hot Keys Windows Key Keys Layout QWERTY Keyboard Localization English (US) Miscellaneous Compliance Standards RoHS Assembly Required No Eco Friendly Yes OS Platform Windows,https://www.vertexnetworking.co.uk/storage/product_images/6779a0e2791df_keyboards.webp,$95.00,GDT9F,https://www.vertexnetworking.co.uk/product/dell-gdt9f-keyboard-united-states-english.html
Vertex Networking,Dell 3J9FC Qwerty Backlit US Keyboard for Latitude 7400,Product Condition: Refurbished General Information Product Type Keyboard Technical Information Number of Keys 104 Hot Keys Windows Key Keys Layout QWERTY Keyboard Localization English (US) Miscellaneous Compliance Standards RoHS Assembly Required No Eco Friendly Yes OS Platform Windows,https://www.vertexnetworking.co.uk/storage/product_images/6779a0e159e43_keyboards.webp,$87.00,3J9FC,https://www.vertexnetworking.co.uk/product/dell-3j9fc-keyboard-dual-point-backlit-for-latitude-5410-5401-5400.html
Vertex Networking,Dell 6C1VG 83 Keys Swiss European Layout Backlit Keyboard for Latitude E5470,Dell 6C1VG 83 Keys Swiss European Layout Backlit Keyboard for Latitude E5470 Product Condition: Refurbished General Information Product Type Keyboard Technical Information Number of Keys 83 Hot Keys Windows Key Keys Layout QWERTY Keyboard Localization English (Europe) Miscellaneous Compliance Standards RoHS Assembly Required No Eco Friendly Yes OS Platform Windows,https://www.vertexnetworking.co.uk/storage/product_images/6779a0e1b0a02_keyboards.webp,$90.00,6C1VG,https://www.vertexnetworking.co.uk/product/dell-6c1vg-83-keys-backlit-keyboard-swiss-for-laptop.html
Vertex Networking,Dell 343NN 82 Keys US Black Keyboard for Latitude 3180 / 3189 / 3380,Dell 343NN 82 Keys US Black Keyboard for Latitude 3180 / 3189 / 3380 Product Condition: Refurbished General Information Product Type Keyboard Technical Information Number of Keys 82 Hot Keys Windows Key Keys Layout QWERTY Keyboard Localization English (US) Miscellaneous Compliance Standards RoHS Assembly Required No Eco Friendly Yes OS Platform Windows,https://www.vertexnetworking.co.uk/storage/product_images/6779a0e23150d_keyboards.webp,$62.00,343NN,https://www.vertexnetworking.co.uk/product/dell-343nn-keyboard-english-us-for-latitude-3180-3189.html
Vertex Networking,Dell 46MX5 80 Keys US Backlit Keyboard for Inspiron 13 7386 / 15 7586,Dell 46MX5 80 Keys US Backlit Keyboard for Inspiron 13 7386 / 15 7586 Product Condition: Refurbished General Information Product Type Keyboard Technical Information Number of Keys 80 Hot Keys Windows Key Keys Layout QWERTY Keyboard Localization English (US) Miscellaneous Compliance Standards RoHS Assembly Required No Eco Friendly Yes OS Platform Windows,https://www.vertexnetworking.co.uk/storage/product_images/6779a0e29110e_keyboards.webp,$95.00,46MX5,https://www.vertexnetworking.co.uk/product/dell-46mx5-keyboard-backlit-us-internation-for-inspiron-14-5485.html
Vertex Networking,00XH726 - Lenovo Preferred Pro II USB Keyboard,00XH726 - Lenovo Preferred Pro II USB Keyboard Product Condition: Refurbished General Information Product Type Keyboard Technical Information Host Interface USB Keyboard/Keypad Connectivity Technology Wired/Wireless Keyboard/Keypad Wireless Operating Distance 5 mm Number of Keys 104 Hot Keys Windows Key Keys Layout QZERTY Keyboard Localization English Miscellaneous Compliance Standards RoHS Assembly Required No Eco Friendly Yes OS Platform Windows,https://www.vertexnetworking.co.uk/storage/product_images/6779a0e253cd1_keyboards.webp,$55.00,00XH726,https://www.vertexnetworking.co.uk/product/00xh726-lenovo-preferred-pro-ii-usb-keyboard.html
Vertex Networking,Dell RX6RM Multimedia UK QWERTY Wired Keyboard Black,Product Condition: Refurbished General Information Product Type Keyboard Technical Information Host Interface USB Keyboard/Keypad Connectivity Technology Cable Number of Keys 104 Hot Keys Windows Key Keys Layout QWERTY Battery Included Yes Quantity of Batteries Supported 4 Keyboard Localization English (UK) Miscellaneous Compliance Standards RoHS Assembly Required No Eco Friendly Yes OS Platform Windows,https://www.vertexnetworking.co.uk/storage/product_images/6779a0e19f7ee_keyboards.webp,$66.62,RX6RM,https://www.vertexnetworking.co.uk/product/dell-rx6rm-uk-qwerty-wired-usb-black-keyboard.html
Vertex Networking,Dell 383D7 106 Keys Laptop Keyboard with Stick Pointer Backlight for Latitude E5550 / Precision 17 (7710),Dell 383D7 106 Keys Laptop Keyboard with Stick Pointer Backlight for Latitude E5550 / Precision 17 (7710) Product Condition: New General Information Product Type Keyboard Technical Information Number of Keys 106 Hot Keys Windows Key Keys Layout QWERTY Keyboard Localization English (US) Miscellaneous Compliance Standards RoHS Assembly Required No Eco Friendly Yes OS Platform Windows,https://www.vertexnetworking.co.uk/storage/product_images/6779a0e2c7fe2_keyboards.webp,$119.25,383D7,https://www.vertexnetworking.co.uk/product/dell-383d7-106-keys-backlit-keyboard-english-united-states-for-laptop.html
Vertex Networking,IBM 42T0326 15.4-Inch 1280x800 WXGA LCD Screen,IBM 42T0326 15.4-Inch 1280x800 WXGA LCD Screen,https://www.vertexnetworking.co.uk/storage/product_images/6779a5e5189d3_LCD-Panel-Gen.webp,$112.00,42T0326,https://www.vertexnetworking.co.uk/product/42t0326-ibm-lenovo-15-4-inch-1280-x-800-wxga-lcd-panel.html
Vertex Networking,IBM 42T0316 15.4-Inch 1280x800 WXGA LCD Screen,IBM 42T0316 15.4-Inch 1280x800 WXGA LCD Screen,https://www.vertexnetworking.co.uk/storage/product_images/6779a5e4b711a_LCD-Panel-Gen.webp,$95.00,42T0316,https://www.vertexnetworking.co.uk/product/42t0316-ibm-lenovo-15-4-inch-1280-x-800-wxga-lcd-panel.html
Vertex Networking,IBM 42T0415 15.4-Inch 1280x800 WXGA LCD Screen,IBM 42T0415 15.4-Inch 1280x800 WXGA LCD Screen,https://www.vertexnetworking.co.uk/storage/product_images/6779a5e56453c_LCD-Panel-Gen.webp,$112.00,42T0415,https://www.vertexnetworking.co.uk/product/42t0415-ibm-lenovo-15-4-inch-1280-x-800-wxga-lcd-panel.html
Vertex Networking,IBM 42T0318 15.4-Inch 1280x800 WXGA LCD Screen,IBM 42T0318 15.4-Inch 1280x800 WXGA LCD Screen,https://www.vertexnetworking.co.uk/storage/product_images/6779a5e4d50ce_LCD-Panel-Gen.webp,$95.00,42T0318,https://www.vertexnetworking.co.uk/product/42t0318-ibm-lenovo-15-4-inch-1280-x-800-wxga-lcd-panel.html
Vertex Networking,IBM 13N7143 15.4-Inch 1280x800 WXGA LCD Screen,IBM 13N7143 15.4-Inch 1280x800 WXGA LCD Screen,https://www.vertexnetworking.co.uk/storage/product_images/6779a5e460ac3_LCD-Panel-Gen.webp,$112.00,13N7143,https://www.vertexnetworking.co.uk/product/13n7143-ibm-lenovo-15-4-inch-1280-x-800-wxga-lcd-panel.html
Vertex Networking,IBM 42T0317 15.4-Inch 1280x800 WXGA LCD Screen,IBM 42T0317 15.4-Inch 1280x800 WXGA LCD Screen,https://www.vertexnetworking.co.uk/storage/product_images/6779a5e4c4d5f_LCD-Panel-Gen.webp,$95.00,42T0317,https://www.vertexnetworking.co.uk/product/42t0317-ibm-lenovo-15-4-inch-1280-x-800-wxga-lcd-panel.html
Vertex Networking,IBM 42T0320 15.4-Inch 1280x800 WXGA LCD Screen,IBM 42T0320 15.4-Inch 1280x800 WXGA LCD Screen,https://www.vertexnetworking.co.uk/storage/product_images/6779a5e4f124a_LCD-Panel-Gen.webp,$95.00,42T0320,https://www.vertexnetworking.co.uk/product/42t0320-ibm-lenovo-15-4-inch-1280-x-800-wxga-lcd-panel.html
Vertex Networking,IBM 42T0136 15.4-Inch 1280x800 WXGA LCD Screen,IBM 42T0136 15.4-Inch 1280x800 WXGA LCD Screen,https://www.vertexnetworking.co.uk/storage/product_images/6779a5e47d593_LCD-Panel-Gen.webp,$112.00,42T0136,https://www.vertexnetworking.co.uk/product/42t0136-ibm-lenovo-15-4-inch-1280-x-800-wxga-lcd-panel.html
Vertex Networking,IBM 13N7145 15.4-Inch 1280x800 WXGA LCD Screen,IBM 13N7145 15.4-Inch 1280x800 WXGA LCD Screen,https://www.vertexnetworking.co.uk/storage/product_images/6779a5e46f32e_LCD-Panel-Gen.webp,$112.00,13N7145,https://www.vertexnetworking.co.uk/product/13n7145-ibm-lenovo-15-4-inch-1280-x-800-wxga-lcd-panel.html
Vertex Networking,IBM 42T0314 15.4-Inch 1280x800 WXGA LCD Screen,IBM 42T0314 15.4-Inch 1280x800 WXGA LCD Screen,https://www.vertexnetworking.co.uk/storage/product_images/6779a5e49a047_LCD-Panel-Gen.webp,$112.00,42T0314,https://www.vertexnetworking.co.uk/product/42t0314-ibm-lenovo-15-4-inch-1280-x-800-wxga-lcd-panel.html
Vertex Networking,IBM 42T0330 15.4-Inch 1280x800 WXGA LCD Screen,IBM 42T0330 15.4-Inch 1280x800 WXGA LCD Screen,https://www.vertexnetworking.co.uk/storage/product_images/6779a5e528ccc_LCD-Panel-Gen.webp,$112.00,42T0330,https://www.vertexnetworking.co.uk/product/42t0330-ibm-lenovo-15-4-inch-1280-x-800-wxga-lcd-panel.html
Vertex Networking,IBM 42T0331 15.4-Inch 1280x800 WXGA LCD Screen,IBM 42T0331 15.4-Inch 1280x800 WXGA LCD Screen,https://www.vertexnetworking.co.uk/storage/product_images/6779a5e536cc7_LCD-Panel-Gen.webp,$112.00,42T0331,https://www.vertexnetworking.co.uk/product/42t0331-ibm-lenovo-15-4-inch-1280-x-800-wxga-lcd-panel.html
Vertex Networking,Dell 0DYVCV DVD+/-RW 8x SATA Slot 1569,Dell 0DYVCV DVD+/-RW 8x SATA Slot 1569,https://www.vertexnetworking.co.uk/storage/product_images/677915440bcbf_Optical-Drives-Gen.webp,$185.00,0DYVCV,https://www.vertexnetworking.co.uk/product/0dyvcv-dell-dvd-rw-8x-sata-slot-1569s.html
Vertex Networking,Dell 0JH498 8X DVD-RW for XPS M1710 Notebooks,Dell 0JH498 8X DVD-RW for XPS M1710 Notebooks,https://www.vertexnetworking.co.uk/storage/product_images/677915451427d_Optical-Drives-Gen.webp,$100.00,0JH498,https://www.vertexnetworking.co.uk/product/0jh498-dell-8x-dvd-rw-for-xps-m1710-notebookss.html
Vertex Networking,Dell 0F063F 8X SATA DVD+/-RW Drive,Dell 0F063F 8X SATA DVD+/-RW Drive,https://www.vertexnetworking.co.uk/storage/product_images/677915446f127_Optical-Drives-Gen.webp,$100.00,0F063F,https://www.vertexnetworking.co.uk/product/0f063f-dell-8x-sata-dvd-rw-drives.html
Vertex Networking,Dell 0JC8N0 16X SATA Half-Height DVD-RW Drive,Dell 0JC8N0 16X SATA Half-Height DVD-RW Drive,https://www.vertexnetworking.co.uk/storage/product_images/677915444393e_Optical-Drives-Gen.webp,$165.00,0JC8N0,https://www.vertexnetworking.co.uk/product/0jc8n0-dell-16x-sata-half-height-dvd-rw-drives.html
Vertex Networking,Dell 0HK240 48x32CD-RW/DVD Combosatahldsblk,Dell 0HK240 48x32CD-RW/DVD Combosatahldsblk,https://www.vertexnetworking.co.uk/storage/product_images/6779154391b83_Optical-Drives-Gen.webp,$145.00,0HK240,https://www.vertexnetworking.co.uk/product/0hk240-dell-48x32cd-rw-dvd-combosatahldsblks.html
Vertex Networking,0JD760 - Dell Slim Optical CD-RWDVD-ROM Combo Drive,0JD760 - Dell Slim Optical CD-RWDVD-ROM Combo Drive,https://www.vertexnetworking.co.uk/storage/product_images/6779154460f3d_Optical-Drives-Gen.webp,$115.00,0JD760,https://www.vertexnetworking.co.uk/product/0jd760-dell-slim-optical-cd-rw-dvd-rom-combo-drive.html
Vertex Networking,Dell 0J995M Studio 1647 Dvd Writer,Dell 0J995M Studio 1647 Dvd Writer,https://www.vertexnetworking.co.uk/storage/product_images/67791543f284e_Optical-Drives-Gen.webp,$218.00,0J995M,https://www.vertexnetworking.co.uk/product/0j995m-dell-studio-1647-dvd-writers.html
Vertex Networking,Dell 0F0275 24X CD-RW D Module,Dell 0F0275 24X CD-RW D Module,https://www.vertexnetworking.co.uk/storage/product_images/6779154419ec2_Optical-Drives-Gen.webp,$92.00,0F0275,https://www.vertexnetworking.co.uk/product/0f0275-dell-24x-cd-rw-d-modules.html
Vertex Networking,Dell 0F0277 Inspiron 300m 24X CD-RW DVD Combo D Module,Dell 0F0277 Inspiron 300m 24X CD-RW DVD Combo D Module,https://www.vertexnetworking.co.uk/storage/product_images/6779154435e8e_Optical-Drives-Gen.webp,$92.00,0F0277,https://www.vertexnetworking.co.uk/product/0f0277-dell-inspiron-300m-24x-cd-rw-dvd-combo-d-modules.html
Vertex Networking,Dell 0F2084 24x Slim Combo Drv Gx240 60 80,Dell 0F2084 24x Slim Combo Drv Gx240 60 80,https://www.vertexnetworking.co.uk/storage/product_images/67791543d6dd3_Optical-Drives-Gen.webp,$128.00,0F2084,https://www.vertexnetworking.co.uk/product/0f2084-dell-24x-slim-combo-drv-gx240-60-80s.html
Vertex Networking,Dell 0F040J 8X DVD+/-RW Assembly EMOD NFI,Dell 0F040J 8X DVD+/-RW Assembly EMOD NFI,https://www.vertexnetworking.co.uk/storage/product_images/677915445345f_Optical-Drives-Gen.webp,$90.00,0F040J,https://www.vertexnetworking.co.uk/product/0f040j-dell-8x-dvd-rw-assembly-emod-nfis.html
Vertex Networking,Dell 0JH248 DVD+/-RW D-mod Feet,Dell 0JH248 DVD+/-RW D-mod Feet Product Condition: Refurbished,https://www.vertexnetworking.co.uk/storage/product_images/67791544ebcb6_Optical-Drives-Gen.webp,$74.00,0JH248,https://www.vertexnetworking.co.uk/product/0jh248-dell-dvd-rw-d-mod-feets.html
Vertex Networking,Dell 0J997M 8X DVD Rewriter for XPS STUDIO 1737,Dell 0J997M 8X DVD Rewriter for XPS STUDIO 1737,https://www.vertexnetworking.co.uk/storage/product_images/6779154427621_Optical-Drives-Gen.webp,$130.00,0J997M,https://www.vertexnetworking.co.uk/product/0j997m-dell-8x-dvd-rewriter-for-xps-studio-1737s.html
Vertex Networking,Dell 0DW514 8X DVD-RW USB 2.0 Eexternal Drive,Dell 0DW514 8X DVD-RW USB 2.0 Eexternal Drive Product Condition: Refurbished,https://www.vertexnetworking.co.uk/storage/product_images/6779154383e2d_Optical-Drives-Gen.webp,$118.43,0DW514,https://www.vertexnetworking.co.uk/product/0dw514-dell-8x-dvd-rw-usb-2-0-eexternal-drives.html
Vertex Networking,Dell 0DX565 16X Half-Height Black DVD-RW Combo Drive (Black) for OptiPlex 330 Desktop,Dell 0DX565 16X Half-Height Black DVD-RW Combo Drive (Black) for OptiPlex 330 Desktop,https://www.vertexnetworking.co.uk/storage/product_images/677915439f6ed_Optical-Drives-Gen.webp,$92.00,0DX565,https://www.vertexnetworking.co.uk/product/0dx565-dell-16x-half-height-black-dvd-rw-combo-drive-black-for-optiplex-330-desktops.html
Vertex Networking,Dell 0F0836 2X DVD-RW Drive,Dell 0F0836 2X DVD-RW Drive,https://www.vertexnetworking.co.uk/storage/product_images/6779154505a8e_Optical-Drives-Gen.webp,$185.00,0F0836,https://www.vertexnetworking.co.uk/product/0f0836-dell-2x-dvd-rw-drives.html
Vertex Networking,Dell 0DXJCN 8X SATA DVD+/-RW Drive,Dell 0DXJCN 8X SATA DVD+/-RW Drive,https://www.vertexnetworking.co.uk/storage/product_images/67791543e459c_Optical-Drives-Gen.webp,$190.00,0DXJCN,https://www.vertexnetworking.co.uk/product/0dxjcn-dell-8x-sata-dvd-rw-drives.html
Vertex Networking,Dell 0HM229 DVD+/-RW 8x Hlds,Dell 0HM229 DVD+/-RW 8x Hlds,https://www.vertexnetworking.co.uk/storage/product_images/67791543adafd_Optical-Drives-Gen.webp,$190.00,0HM229,https://www.vertexnetworking.co.uk/product/0hm229-dell-dvd-rw-8x-hldss.html
Vertex Networking,Dell 0JF948 Assembly Cdrw/DVD 24x Philips Mlka,Dell 0JF948 Assembly Cdrw/DVD 24x Philips Mlka,https://www.vertexnetworking.co.uk/storage/product_images/677915447f2d5_Optical-Drives-Gen.webp,$165.00,0JF948,https://www.vertexnetworking.co.uk/product/0jf948-dell-assembly-cdrw-dvd-24x-philips-mlkas.html
Vertex Networking,Dell 0F0824 DVD/CD-RW,Dell 0F0824 DVD/CD-RW,https://www.vertexnetworking.co.uk/storage/product_images/677915448d3e0_Optical-Drives-Gen.webp,$182.00,0F0824,https://www.vertexnetworking.co.uk/product/0f0824-dell-dvd-cd-rws.html
Vertex Networking,Dell 0F203K Dvd Rw Drive,Dell 0F203K Dvd Rw Drive,https://www.vertexnetworking.co.uk/storage/product_images/67791543bb83f_Optical-Drives-Gen.webp,$185.00,0F203K,https://www.vertexnetworking.co.uk/product/0f203k-dell-dvd-rw-drives.html
Vertex Networking,Dell 0DX878 16X DVD-RW SATA Drive for Vostro 200/ 400 Desktops,Dell 0DX878 16X DVD-RW SATA Drive for Vostro 200/ 400 Desktops,https://www.vertexnetworking.co.uk/storage/product_images/67791543c8cd9_Optical-Drives-Gen.webp,$88.00,0DX878,https://www.vertexnetworking.co.uk/product/0dx878-dell-16x-dvd-rw-sata-drive-for-vostro-200-400-desktopss.html
Vertex Networking,Dell 0HF524 Insp 700 CD-RW/DVD Cdr,Dell 0HF524 Insp 700 CD-RW/DVD Cdr,https://www.vertexnetworking.co.uk/storage/product_images/67791542db9c5_Optical-Drives-Gen.webp,$165.00,0HF524,https://www.vertexnetworking.co.uk/product/0hf524-dell-insp-700-cd-rw-dvd-cdrs.html
Vertex Networking,Dell 0DM697 Assembly DVD+/-rw8xide1420hlds,Dell 0DM697 Assembly DVD+/-rw8xide1420hlds,https://www.vertexnetworking.co.uk/storage/product_images/677915428b51b_Optical-Drives-Gen.webp,$95.00,0DM697,https://www.vertexnetworking.co.uk/product/0dm697-dell-assembly-dvd-rw8xide1420hldss.html
Vertex Networking,Dell 0HHVGT 8X SATA DVD-RW Slimline (Black) Drive,Dell 0HHVGT 8X SATA DVD-RW Slimline (Black) Drive,https://www.vertexnetworking.co.uk/storage/product_images/6779154339f5a_Optical-Drives-Gen.webp,$132.00,0HHVGT,https://www.vertexnetworking.co.uk/product/0hhvgt-dell-8x-sata-dvd-rw-slimline-black-drives.html
Vertex Networking,Dell 0DU070 Assembly Cdrw/DVD 24x IDE M1210,Dell 0DU070 Assembly Cdrw/DVD 24x IDE M1210,https://www.vertexnetworking.co.uk/storage/product_images/677915432b82b_Optical-Drives-Gen.webp,$165.00,0DU070,https://www.vertexnetworking.co.uk/product/0du070-dell-assembly-cdrw-dvd-24x-ide-m1210s.html
Vertex Networking,Dell 0DU235 8X DVD-RW Drive for OptiPlex 745 Desktop,Dell 0DU235 8X DVD-RW Drive for OptiPlex 745 Desktop,https://www.vertexnetworking.co.uk/storage/product_images/67791543483ce_Optical-Drives-Gen.webp,$90.00,0DU235,https://www.vertexnetworking.co.uk/product/0du235-dell-8x-dvd-rw-drive-for-optiplex-745-desktops.html
Vertex Networking,Dell 0HH279 Cd-Rwith DVD Drive Face Plate (Bezel),Dell 0HH279 Cd-Rwith DVD Drive Face Plate (Bezel),https://www.vertexnetworking.co.uk/storage/product_images/677915431e4b9_Optical-Drives-Gen.webp,$205.00,0HH279,https://www.vertexnetworking.co.uk/product/0hh279-dell-cd-rwith-dvd-drive-face-plate-bezel-s.html
Vertex Networking,Dell 0HK118 48X CD-RW/DVD-ROM Drive,Dell 0HK118 48X CD-RW/DVD-ROM Drive,https://www.vertexnetworking.co.uk/storage/product_images/6779154357bc4_Optical-Drives-Gen.webp,$88.00,0HK118,https://www.vertexnetworking.co.uk/product/0hk118-dell-48x-cd-rw-dvd-rom-drives.html
Vertex Networking,Dell 0D337R Vostro 3550 Multi DVD Rewriter SATA Drive,Dell 0D337R Vostro 3550 Multi DVD Rewriter SATA Drive,https://www.vertexnetworking.co.uk/storage/product_images/67791542b4912_Optical-Drives-Gen.webp,$138.00,0D337R,https://www.vertexnetworking.co.uk/product/0d337r-dell-vostro-3550-multi-dvd-rewriter-sata-drives.html
Vertex Networking,Dell 0HH055 48X IDE Internal CD-RW Drive (Black),Dell 0HH055 48X IDE Internal CD-RW Drive (Black) Product Condition: Refurbished,https://www.vertexnetworking.co.uk/storage/product_images/67791543030dd_Optical-Drives-Gen.webp,$129.00,0HH055,https://www.vertexnetworking.co.uk/product/0hh055-dell-48x-ide-internal-cd-rw-drive-black-s.html
Vertex Networking,Dell 0DM867 8X DVD+/-RW Drive Inspiron 1420,Dell 0DM867 8X DVD+/-RW Drive Inspiron 1420,https://www.vertexnetworking.co.uk/storage/product_images/67791542a7098_Optical-Drives-Gen.webp,$190.00,0DM867,https://www.vertexnetworking.co.uk/product/0dm867-dell-8x-dvd-rw-drive-inspiron-1420s.html
Vertex Networking,Dell 0HK165 24X Internal IDE CD-RW/DVD Combo Drive for Optiplex GX620 Ultra Small Form Factor System,Dell 0HK165 24X Internal IDE CD-RW/DVD Combo Drive for Optiplex GX620 Ultra Small Form Factor System,https://www.vertexnetworking.co.uk/storage/product_images/677915437674d_Optical-Drives-Gen.webp,$92.00,0HK165,https://www.vertexnetworking.co.uk/product/0hk165-dell-24x-internal-ide-cd-rw-dvd-combo-drive-for-optiplex-gx620-ultra-small-form-factor-systems.html
Vertex Networking,Dell 0DR870 CD-RW/DVD Combo Drive D Series,Dell 0DR870 CD-RW/DVD Combo Drive D Series,https://www.vertexnetworking.co.uk/storage/product_images/6779154310a68_Optical-Drives-Gen.webp,$92.00,0DR870,https://www.vertexnetworking.co.uk/product/0dr870-dell-cd-rw-dvd-combo-drive-d-seriess.html
Vertex Networking,Dell 0DVKX3 DVD+/-RW 8x SATA Slot Hitachi,Dell 0DVKX3 DVD+/-RW 8x SATA Slot Hitachi,https://www.vertexnetworking.co.uk/storage/product_images/6779154366f93_Optical-Drives-Gen.webp,$190.00,0DVKX3,https://www.vertexnetworking.co.uk/product/0dvkx3-dell-dvd-rw-8x-sata-slot-hitachis.html
Vertex Networking,Dell 0DM912 24X IDE CD-RW/DVD Combo Drive for Precision Mobile WorkStation M6300,Dell 0DM912 24X IDE CD-RW/DVD Combo Drive for Precision Mobile WorkStation M6300,https://www.vertexnetworking.co.uk/storage/product_images/67791542ce0da_Optical-Drives-Gen.webp,$185.00,0DM912,https://www.vertexnetworking.co.uk/product/0dm912-dell-24x-ide-cd-rw-dvd-combo-drive-for-precision-mobile-workstation-m6300s.html
Vertex Networking,Dell 0D288Y 8X SATA DVD-RW Drive,Dell 0D288Y 8X SATA DVD-RW Drive,https://www.vertexnetworking.co.uk/storage/product_images/6779154247e00_Optical-Drives-Gen.webp,$90.00,0D288Y,https://www.vertexnetworking.co.uk/product/0d288y-dell-8x-sata-dvd-rw-drives.html
Vertex Networking,Dell 0D3317 DVD-RW for Latitude E6400,Dell 0D3317 DVD-RW for Latitude E6400,https://www.vertexnetworking.co.uk/storage/product_images/6779154299a5f_Optical-Drives-Gen.webp,$175.00,0D3317,https://www.vertexnetworking.co.uk/product/0d3317-dell-dvd-rw-for-latitude-e6400s.html
Vertex Networking,Dell 0DM685 8X SATA Slim DVD-RW Drive,Dell 0DM685 8X SATA Slim DVD-RW Drive,https://www.vertexnetworking.co.uk/storage/product_images/67791542552eb_Optical-Drives-Gen.webp,$198.00,0DM685,https://www.vertexnetworking.co.uk/product/0dm685-dell-8x-sata-slim-dvd-rw-drives.html
Vertex Networking,Dell - 0DP886 - DVD-CDRW Combo Drive with Bezel,Dell - 0DP886 - DVD-CDRW Combo Drive with Bezel,https://www.vertexnetworking.co.uk/storage/product_images/67791542e9236_Optical-Drives-Gen.webp,$125.00,0DP886,https://www.vertexnetworking.co.uk/product/0dp886-dell-dvd-cd-rw-combo-drives.html
Vertex Networking,Dell 0D2160 Dimension 4600C 24X CDR With DVD Combo,Dell 0D2160 Dimension 4600C 24X CDR With DVD Combo,https://www.vertexnetworking.co.uk/storage/product_images/677915422b95e_Optical-Drives-Gen.webp,$92.00,0D2160,https://www.vertexnetworking.co.uk/product/0d2160-dell-dimension-4600c-24x-cdr-with-dvd-combos.html
Vertex Networking,Dell 0D327J 8x DVD+/-RW Assembly Emod Nfi,Dell 0D327J 8x DVD+/-RW Assembly Emod Nfi,https://www.vertexnetworking.co.uk/storage/product_images/677915427d46a_Optical-Drives-Gen.webp,Get a Quote for price,0D327J,https://www.vertexnetworking.co.uk/product/0d327j-dell-8x-dvd-rw-assembly-emod-nfis.html
Vertex Networking,Dell - 0GPK9C - Super Multi DVD-RW Slot Load with Bezel,Dell - 0GPK9C - Super Multi DVD-RW Slot Load with Bezel,https://www.vertexnetworking.co.uk/storage/product_images/67791541774ed_Optical-Drives-Gen.webp,$178.00,0GPK9C,https://www.vertexnetworking.co.uk/product/0gpk9c-dell-super-multi-dvd-rw-slot-load-w-bezels.html
Vertex Networking,Dell 0D0727 24X CD-ROM RW CD Burner,Dell 0D0727 24X CD-ROM RW CD Burner,https://www.vertexnetworking.co.uk/storage/product_images/6779154164564_Optical-Drives-Gen.webp,Get a Quote for price,0D0727,https://www.vertexnetworking.co.uk/product/0d0727-dell-24x-cd-rom-rw-cd-burners.html
Vertex Networking,Dell 0DM089 24x Dvd-Cdrw Combo Drive,Dell 0DM089 24x Dvd-Cdrw Combo Drive,https://www.vertexnetworking.co.uk/storage/product_images/677915423979d_Optical-Drives-Gen.webp,$115.00,0DM089,https://www.vertexnetworking.co.uk/product/0dm089-dell-24x-dvd-cdrw-combo-drives.html
Vertex Networking,Dell 0HM438 Dvd/CD-RW for Optiplex 740/745/755,Dell 0HM438 Dvd/CD-RW for Optiplex 740/745/755,https://www.vertexnetworking.co.uk/storage/product_images/67791541bceea_Optical-Drives-Gen.webp,$172.00,0HM438,https://www.vertexnetworking.co.uk/product/0hm438-dell-dvd-cd-rw-for-optiplex-740-745-755s.html
Vertex Networking,Dell 0D1822 Latitude X200 CD-RW DVD Drive,Dell 0D1822 Latitude X200 CD-RW DVD Drive,https://www.vertexnetworking.co.uk/storage/product_images/67791541ca539_Optical-Drives-Gen.webp,$115.00,0D1822,https://www.vertexnetworking.co.uk/product/0d1822-dell-latitude-x200-cd-rw-dvd-drives.html
Vertex Networking,Dell 0D302D 48X Half-Height SATA Internal CD-RW/DVD Combo Drive for XPS 630 Desktop,Dell 0D302D 48X Half-Height SATA Internal CD-RW/DVD Combo Drive for XPS 630 Desktop,https://www.vertexnetworking.co.uk/storage/product_images/677915426273b_Optical-Drives-Gen.webp,$88.00,0D302D,https://www.vertexnetworking.co.uk/product/0d302d-dell-48x-half-height-sata-internal-cd-rw-dvd-combo-drive-for-xps-630-desktops.html
Vertex Networking,Dell 0HR067 48X CD-RW/DVD SATA Internal Combo Drive for Optiplex 755 Energy Smart Mini-Tower,Dell 0HR067 48X CD-RW/DVD SATA Internal Combo Drive for Optiplex 755 Energy Smart Mini-Tower,https://www.vertexnetworking.co.uk/storage/product_images/677915421c27e_Optical-Drives-Gen.webp,$88.00,0HR067,https://www.vertexnetworking.co.uk/product/0hr067-dell-48x-cd-rw-dvd-sata-internal-combo-drive-for-optiplex-755-energy-smart-mini-towers.html
Vertex Networking,Dell 0DM686 8x DVD-RW Dribe for Inspiron 6000,Dell 0DM686 8x DVD-RW Dribe for Inspiron 6000,https://www.vertexnetworking.co.uk/storage/product_images/677915426fd5c_Optical-Drives-Gen.webp,$172.00,0DM686,https://www.vertexnetworking.co.uk/product/0dm686-dell-8x-dvd-rw-dribe-for-inspiron-6000s.html
Vertex Networking,Dell 0HP303 Assembly DVD+/-RW 24x Hlds 9.5mm,Dell 0HP303 Assembly DVD+/-RW 24x Hlds 9.5mm,https://www.vertexnetworking.co.uk/storage/product_images/67791541d7dcf_Optical-Drives-Gen.webp,$185.00,0HP303,https://www.vertexnetworking.co.uk/product/0hp303-dell-assembly-dvd-rw-24x-hlds-9-5mms.html
Vertex Networking,Dell 0D1361 Latitude C840 24X CD R W DVD Combo Side Unit,Dell 0D1361 Latitude C840 24X CD R W DVD Combo Side Unit,https://www.vertexnetworking.co.uk/storage/product_images/67791541a0768_Optical-Drives-Gen.webp,$92.00,0D1361,https://www.vertexnetworking.co.uk/product/0d1361-dell-latitude-c840-24x-cd-r-w-dvd-combo-side-units.html
Vertex Networking,Dell 0D1260 CD-RW/DVD Combo Drive SFF (Black),Dell 0D1260 CD-RW/DVD Combo Drive SFF (Black),https://www.vertexnetworking.co.uk/storage/product_images/6779154184f91_Optical-Drives-Gen.webp,$132.00,0D1260,https://www.vertexnetworking.co.uk/product/0d1260-dell-cd-rw-dvd-combo-drive-sff-black-s.html
Vertex Networking,Dell 0CX828 Optical Drive CD-RW/DVD Latitude D Series,Dell 0CX828 Optical Drive CD-RW/DVD Latitude D Series,https://www.vertexnetworking.co.uk/storage/product_images/677915410b9c7_Optical-Drives-Gen.webp,$140.00,0CX828,https://www.vertexnetworking.co.uk/product/0cx828-dell-optical-drive-cd-rw-dvd-latitude-d-seriess.html
Vertex Networking,Dell 0D1823 24X CD-RW/DVD Combo Drive,Dell 0D1823 24X CD-RW/DVD Combo Drive,https://www.vertexnetworking.co.uk/storage/product_images/67791541e54ab_Optical-Drives-Gen.webp,$92.00,0D1823,https://www.vertexnetworking.co.uk/product/0d1823-dell-24x-cd-rw-dvd-combo-drives.html
Vertex Networking,Dell 0HP426 DVD+/-RW 8 12.7 SATA Tray Plds,Dell 0HP426 DVD+/-RW 8 12.7 SATA Tray Plds,https://www.vertexnetworking.co.uk/storage/product_images/67791541f3c7d_Optical-Drives-Gen.webp,$135.00,0HP426,https://www.vertexnetworking.co.uk/product/0hp426-dell-dvd-rw-8-12-7-sata-tray-pldss.html
Vertex Networking,Dell 0GP278 Assembly DVD+/-rw8xidem1730sno(RoHS),Dell 0GP278 Assembly DVD+/-rw8xidem1730sno(RoHS),https://www.vertexnetworking.co.uk/storage/product_images/6779154155f47_Optical-Drives-Gen.webp,$100.00,0GP278,https://www.vertexnetworking.co.uk/product/0gp278-dell-assembly-dvd-rw8xidem1730sno-rohs-s.html
Vertex Networking,Dell 0D2152 CD-RW and DVD Drive Combo,Dell 0D2152 CD-RW and DVD Drive Combo,https://www.vertexnetworking.co.uk/storage/product_images/677915420db5c_Optical-Drives-Gen.webp,Get a Quote for price,0D2152,https://www.vertexnetworking.co.uk/product/0d2152-dell-cd-rw-and-dvd-drive-combos.html
Vertex Networking,Dell 0CR585 16x DVD-RW Drive,Dell 0CR585 16x DVD-RW Drive,https://www.vertexnetworking.co.uk/storage/product_images/67791541aeda0_Optical-Drives-Gen.webp,$100.00,0CR585,https://www.vertexnetworking.co.uk/product/0cr585-dell-16x-dvd-rw-drives.html
Vertex Networking,Dell 0CR1HC Vostro 13208x SATA DVD+Rw / CD-RW Dual Layer Burner Drive Module,Dell 0CR1HC Vostro 13208x SATA DVD+Rw / CD-RW Dual Layer Burner Drive Module,https://www.vertexnetworking.co.uk/storage/product_images/6779154192830_Optical-Drives-Gen.webp,$165.00,0CR1HC,https://www.vertexnetworking.co.uk/product/0cr1hc-dell-vostro-13208x-sata-dvd-rw-cd-rw-dual-layer-burner-drive-modules.html
Vertex Networking,Dell 0GA10N DVD-RW Drive Slot Load for Studio 1735 1535 1536,Dell 0GA10N DVD-RW Drive Slot Load for Studio 1735 1535 1536,https://www.vertexnetworking.co.uk/storage/product_images/6779153f9a7ff_Optical-Drives-Gen.webp,$118.00,0GA10N,https://www.vertexnetworking.co.uk/product/0ga10n-dell-dvd-rw-drive-slot-load-for-studio-1735-1535-1536s.html
Vertex Networking,Dell 0CU179 16x Half-Height SATA Internal DVD-RW Drive for Precision WorkStation T5400,Dell 0CU179 16x Half-Height SATA Internal DVD-RW Drive for Precision WorkStation T5400,https://www.vertexnetworking.co.uk/storage/product_images/677915408b21a_Optical-Drives-Gen.webp,$92.00,0CU179,https://www.vertexnetworking.co.uk/product/0cu179-dell-16x-half-height-sata-internal-dvd-rw-drive-for-precision-workstation-t5400s.html
Vertex Networking,Dell 0CU416 48x CD-RW/DVD Combo SATA Internal Drive for XPS 420 Desktop,Dell 0CU416 48x CD-RW/DVD Combo SATA Internal Drive for XPS 420 Desktop,https://www.vertexnetworking.co.uk/storage/product_images/67791540a6fe1_Optical-Drives-Gen.webp,$155.00,0CU416,https://www.vertexnetworking.co.uk/product/0cu416-dell-48x-cd-rw-dvd-combo-sata-internal-drive-for-xps-420-desktops.html
Vertex Networking,Dell 0GH979 DVD-RW Assembled Silver/Black Bezel for E5400 Series,Dell 0GH979 DVD-RW Assembled Silver/Black Bezel for E5400 Series,https://www.vertexnetworking.co.uk/storage/product_images/6779154098fea_Optical-Drives-Gen.webp,$100.00,0GH979,https://www.vertexnetworking.co.uk/product/0gh979-dell-dvd-rw-assembled-silver-black-bezel-for-e5400-seriess.html
Vertex Networking,Dell 0CU013 48X Half-Height SATA Internal CD-RW/DVD Combo Drive for Precision WorkStation T5400,Dell 0CU013 48X Half-Height SATA Internal CD-RW/DVD Combo Drive for Precision WorkStation T5400,https://www.vertexnetworking.co.uk/storage/product_images/677915406dbc0_Optical-Drives-Gen.webp,$88.00,0CU013,https://www.vertexnetworking.co.uk/product/0cu013-dell-48x-half-height-sata-internal-cd-rw-dvd-combo-drive-for-precision-workstation-t5400s.html
Vertex Networking,Dell 0CY132 24X SATA CD-RW/DVD Combo Drive for OptiPlex 760/960 Desktop,Dell 0CY132 24X SATA CD-RW/DVD Combo Drive for OptiPlex 760/960 Desktop,https://www.vertexnetworking.co.uk/storage/product_images/67791541275ab_Optical-Drives-Gen.webp,$165.00,0CY132,https://www.vertexnetworking.co.uk/product/0cy132-dell-24x-sata-cd-rw-dvd-combo-drive-for-optiplex-760-960-desktops.html
Vertex Networking,Dell 0GN592 Assembly CD-RW/DVD 24 SATA Hlds,Dell 0GN592 Assembly CD-RW/DVD 24 SATA Hlds,https://www.vertexnetworking.co.uk/storage/product_images/6779154135693_Optical-Drives-Gen.webp,$105.00,0GN592,https://www.vertexnetworking.co.uk/product/0gn592-dell-assembly-cd-rw-dvd-24-sata-hldss.html
Vertex Networking,Dell 0GJ498 16X CD-RW/DVD-RW Internal Combo Drive,Dell 0GJ498 16X CD-RW/DVD-RW Internal Combo Drive,https://www.vertexnetworking.co.uk/storage/product_images/67791540b68b1_Optical-Drives-Gen.webp,$92.00,0GJ498,https://www.vertexnetworking.co.uk/product/0gj498-dell-16x-cd-rw-dvd-rw-internal-combo-drives.html
Vertex Networking,Dell 0GH410 8x DVD R/RW Super Multi Dual Layer LightScribe SATA Optical Drive,Dell 0GH410 8x DVD R/RW Super Multi Dual Layer LightScribe SATA Optical Drive,https://www.vertexnetworking.co.uk/storage/product_images/677915407d2c0_Optical-Drives-Gen.webp,$172.00,0GH410,https://www.vertexnetworking.co.uk/product/0gh410-dell-8x-dvd-r-rw-super-multi-dual-layer-lightscribe-sata-optical-drives.html
Vertex Networking,Dell 0GM690 Assembly CD-RW/dvd24xteacm1210,Dell 0GM690 Assembly CD-RW/dvd24xteacm1210,https://www.vertexnetworking.co.uk/storage/product_images/6779154119a2e_Optical-Drives-Gen.webp,$165.00,0GM690,https://www.vertexnetworking.co.uk/product/0gm690-dell-assembly-cd-rw-dvd24xteacm1210s.html
Vertex Networking,Dell 0CX790 8X DVD-RW for Precision M2300 Mobile Workstation,Dell 0CX790 8X DVD-RW for Precision M2300 Mobile Workstation,https://www.vertexnetworking.co.uk/storage/product_images/67791540e15ef_Optical-Drives-Gen.webp,$100.00,0CX790,https://www.vertexnetworking.co.uk/product/0cx790-dell-8x-dvd-rw-for-precision-m2300-mobile-workstations.html
Vertex Networking,Dell 09R007 24X CD-ROM Unit and CD-RW Unit Side Unit,Dell 09R007 24X CD-ROM Unit and CD-RW Unit Side Unit,https://www.vertexnetworking.co.uk/storage/product_images/6779153fe80ca_Optical-Drives-Gen.webp,$95.00,09R007,https://www.vertexnetworking.co.uk/product/09r007-dell-24x-cd-rom-unit-and-cd-rw-unit-side-units.html
Vertex Networking,Dell 0GCC42 CD-RW/DVD 24x Side C800 C810 C840,Dell 0GCC42 CD-RW/DVD 24x Side C800 C810 C840,https://www.vertexnetworking.co.uk/storage/product_images/6779154043a23_Optical-Drives-Gen.webp,$175.00,0GCC42,https://www.vertexnetworking.co.uk/product/0gcc42-dell-cd-rw-dvd-24x-side-c800-c810-c840s.html
Vertex Networking,"Dell 0GKV7W DVD-RW Assembled Silver Bezel for Vostro 3400, 3500, 3700","Dell 0GKV7W DVD-RW Assembled Silver Bezel for Vostro 3400, 3500, 3700",https://www.vertexnetworking.co.uk/storage/product_images/67791540d32e8_Optical-Drives-Gen.webp,$172.00,0GKV7W,https://www.vertexnetworking.co.uk/product/0gkv7w-dell-dvd-rw-assembled-silver-bezel-for-vostro-3400-3500-3700s.html
Vertex Networking,Dell 0CTYDR 8X External USB DVD-RW Drive,Dell 0CTYDR 8X External USB DVD-RW Drive Product Condition: Refurbished,https://www.vertexnetworking.co.uk/storage/product_images/6779154051b38_Optical-Drives-Gen.webp,$96.00,0CTYDR,https://www.vertexnetworking.co.uk/product/0ctydr-dell-8x-external-usb-dvd-rw-drives.html
Vertex Networking,Dell 0GM042 48X SATA Internal CD-RW/DVD Combo Drive,Dell 0GM042 48X SATA Internal CD-RW/DVD Combo Drive,https://www.vertexnetworking.co.uk/storage/product_images/67791540f16ea_Optical-Drives-Gen.webp,$165.00,0GM042,https://www.vertexnetworking.co.uk/product/0gm042-dell-48x-sata-internal-cd-rw-dvd-combo-drives.html
Vertex Networking,Dell - 0D0115 - Slimline 24x CD-RW & DVD Combo Drive,Dell - 0D0115 - Slimline 24x CD-RW & DVD Combo Drive,https://www.vertexnetworking.co.uk/storage/product_images/6779154143604_Optical-Drives-Gen.webp,$125.00,0D0115,https://www.vertexnetworking.co.uk/product/0d0115-dell-24x-cd-rw-dvd-combos.html
Vertex Networking,Dell 0CT333 Assembly DVD 8x Hlds 9.5mm,Dell 0CT333 Assembly DVD 8x Hlds 9.5mm,https://www.vertexnetworking.co.uk/storage/product_images/6779154035e85_Optical-Drives-Gen.webp,$92.00,0CT333,https://www.vertexnetworking.co.uk/product/0ct333-dell-assembly-dvd-8x-hlds-9-5mms.html
Vertex Networking,Dell 0CU514 8X DVD-RW for Latitude XT Tablet PC,Dell 0CU514 8X DVD-RW for Latitude XT Tablet PC,https://www.vertexnetworking.co.uk/storage/product_images/67791540c46c8_Optical-Drives-Gen.webp,$300.00,0CU514,https://www.vertexnetworking.co.uk/product/0cu514-dell-8x-dvd-rw-for-latitude-xt-tablet-pcs.html
Vertex Networking,Dell 0GH401 24X CD-RW+DVD Combo Drive Includes Sled and SATA Interposer,Dell 0GH401 24X CD-RW+DVD Combo Drive Includes Sled and SATA Interposer,https://www.vertexnetworking.co.uk/storage/product_images/6779154060556_Optical-Drives-Gen.webp,$172.00,0GH401,https://www.vertexnetworking.co.uk/product/0gh401-dell-24x-cd-rw-dvd-combo-drive-includes-sled-and-sata-interposers.html
Vertex Networking,Dell 09J327 8X CD-RW Drive for Latitude C Series and Inspiron Series,Dell 09J327 8X CD-RW Drive for Latitude C Series and Inspiron Series,https://www.vertexnetworking.co.uk/storage/product_images/6779153ed8295_Optical-Drives-Gen.webp,$148.00,09J327,https://www.vertexnetworking.co.uk/product/09j327-dell-8x-cd-rw-drive-for-latitude-c-series-and-inspiron-seriess.html
Vertex Networking,Dell 0G9048 24X CDRW/DVD Combo NFI,Dell 0G9048 24X CDRW/DVD Combo NFI,https://www.vertexnetworking.co.uk/storage/product_images/6779153f2b5e9_Optical-Drives-Gen.webp,$155.00,0G9048,https://www.vertexnetworking.co.uk/product/0g9048-dell-24x-cdrw-dvd-combo-nfis.html
Vertex Networking,Dell 0G264C 8X DVD+RW SATAStudio Hybrid 140g,Dell 0G264C 8X DVD+RW SATAStudio Hybrid 140g,https://www.vertexnetworking.co.uk/storage/product_images/6779153e3b035_Optical-Drives-Gen.webp,$108.00,0G264C,https://www.vertexnetworking.co.uk/product/0g264c-dell-8x-dvd-rw-satastudio-hybrid-140gs.html
Vertex Networking,Dell 0FY363 Assembly DVD+/-rw8xidelnvzsno,Dell 0FY363 Assembly DVD+/-rw8xidelnvzsno,https://www.vertexnetworking.co.uk/storage/product_images/6779153e81606_Optical-Drives-Gen.webp,$115.00,0FY363,https://www.vertexnetworking.co.uk/product/0fy363-dell-assembly-dvd-rw8xidelnvzsnos.html
Vertex Networking,Dell 09N622 16X CD+RW/DVD Drive Unit,Dell 09N622 16X CD+RW/DVD Drive Unit,https://www.vertexnetworking.co.uk/storage/product_images/6779153fa905d_Optical-Drives-Gen.webp,$190.00,09N622,https://www.vertexnetworking.co.uk/product/09n622-dell-16x-cd-rw-dvd-drive-units.html
Vertex Networking,Dell 0G9P3H 8X SATA DVD+RW Drive for PowerEdge Server,Dell 0G9P3H 8X SATA DVD+RW Drive for PowerEdge Server,https://www.vertexnetworking.co.uk/storage/product_images/6779153f7c272_Optical-Drives-Gen.webp,$180.00,0G9P3H,https://www.vertexnetworking.co.uk/product/0g9p3h-dell-8x-sata-dvd-rw-drive-for-poweredge-servers.html
Vertex Networking,Dell 0G729H Assembly DVD+/-RW 8x SATA Plds,Dell 0G729H Assembly DVD+/-RW 8x SATA Plds,https://www.vertexnetworking.co.uk/storage/product_images/6779153f0e1ee_Optical-Drives-Gen.webp,$115.00,0G729H,https://www.vertexnetworking.co.uk/product/0g729h-dell-assembly-dvd-rw-8x-sata-pldss.html
Vertex Networking,Dell 0G5584 Latitude E6400 E6410 E6500 E6510 / Precision M2400 M4400 8x SATA DVD+RW / CD-RW Dual Layer Burner Ultra Slim Drive Module (RED),Dell 0G5584 Latitude E6400 E6410 E6500 E6510 / Precision M2400 M4400 8x SATA DVD+RW / CD-RW Dual Layer Burner Ultra Slim Drive Module (RED),https://www.vertexnetworking.co.uk/storage/product_images/6779153eca3e6_Optical-Drives-Gen.webp,$195.00,0G5584,https://www.vertexnetworking.co.uk/product/0g5584-dell-latitude-e6400-e6410-e6500-e6510-precision-m2400-m4400-8x-sata-dvd-rw-cd-rw-dual-layer-burner-ultra-slim-drive-module-red-s.html
Vertex Networking,Dell 0G0426 24X CD-RW+DVD Combo Drive,Dell 0G0426 24X CD-RW+DVD Combo Drive,https://www.vertexnetworking.co.uk/storage/product_images/6779153ebb333_Optical-Drives-Gen.webp,$92.00,0G0426,https://www.vertexnetworking.co.uk/product/0g0426-dell-24x-cd-rw-dvd-combo-drives.html
Vertex Networking,Dell 0G4048 24X CD-RW/DVD Combo Drive,Dell 0G4048 24X CD-RW/DVD Combo Drive,https://www.vertexnetworking.co.uk/storage/product_images/6779153e9184f_Optical-Drives-Gen.webp,$92.00,0G4048,https://www.vertexnetworking.co.uk/product/0g4048-dell-24x-cd-rw-dvd-combo-drives.html
Vertex Networking,Dell 09J332 8X CD-RW Drive,Dell 09J332 8X CD-RW Drive,https://www.vertexnetworking.co.uk/storage/product_images/6779153ef3abe_Optical-Drives-Gen.webp,$90.00,09J332,https://www.vertexnetworking.co.uk/product/09j332-dell-8x-cd-rw-drives.html
Vertex Networking,Dell 09J343 8X CD-RW and CD-ROM Unit Side Unit,Dell 09J343 8X CD-RW and CD-ROM Unit Side Unit,https://www.vertexnetworking.co.uk/storage/product_images/6779153f1d807_Optical-Drives-Gen.webp,$135.00,09J343,https://www.vertexnetworking.co.uk/product/09j343-dell-8x-cd-rw-and-cd-rom-unit-side-units.html
Vertex Networking,Dell 0GA11N 8x DVD/RW Super Multi SATA Internal Drive,Dell 0GA11N 8x DVD/RW Super Multi SATA Internal Drive Product Condition: Refurbished,https://www.vertexnetworking.co.uk/storage/product_images/6779153fbb0cd_Optical-Drives-Gen.webp,$85.00,0GA11N,https://www.vertexnetworking.co.uk/product/0ga11n-dell-8x-dvd-rw-super-multi-sata-internal-drives.html
Vertex Networking,Dell 0FY720 Teac 8x Slot Loading DVD-RW Dv-w28sl for M1530,Dell 0FY720 Teac 8x Slot Loading DVD-RW Dv-w28sl for M1530,https://www.vertexnetworking.co.uk/storage/product_images/6779153e9fbe0_Optical-Drives-Gen.webp,$170.00,0FY720,https://www.vertexnetworking.co.uk/product/0fy720-dell-teac-8x-slot-loading-dvd-rw-dv-w28sl-for-m1530s.html
Vertex Networking,Dell 0GA31N 8X SATA DVD-RW Drive,Dell 0GA31N 8X SATA DVD-RW Drive,https://www.vertexnetworking.co.uk/storage/product_images/6779153fd84a0_Optical-Drives-Gen.webp,$95.00,0GA31N,https://www.vertexnetworking.co.uk/product/0ga31n-dell-8x-sata-dvd-rw-drives.html
Vertex Networking,Dell 09J649 16X 680MB CD-RW Drive,Dell 09J649 16X 680MB CD-RW Drive,https://www.vertexnetworking.co.uk/storage/product_images/6779153f6e5dd_Optical-Drives-Gen.webp,$90.00,09J649,https://www.vertexnetworking.co.uk/product/09j649-dell-16x-680mb-cd-rw-drives.html
Vertex Networking,Dell 09K017 16X CD-RW for Laptop,Dell 09K017 16X CD-RW for Laptop,https://www.vertexnetworking.co.uk/storage/product_images/6779153f8c237_Optical-Drives-Gen.webp,Get a Quote for price,09K017,https://www.vertexnetworking.co.uk/product/09k017-dell-16x-cd-rw-for-laptops.html
Vertex Networking,Dell 0G569C Sony 8x Slot Loading DVD-RW Ad-760a for Vostro,Dell 0G569C Sony 8x Slot Loading DVD-RW Ad-760a for Vostro,https://www.vertexnetworking.co.uk/storage/product_images/6779153ee5fd0_Optical-Drives-Gen.webp,$100.00,0G569C,https://www.vertexnetworking.co.uk/product/0g569c-dell-sony-8x-slot-loading-dvd-rw-ad-760a-for-vostros.html
Vertex Networking,Dell 0G556T 16X SATA Half-Height DVD+/-RW Drive for OptiPlex 780/ 780 Mini-Tower Desktops,Dell 0G556T 16X SATA Half-Height DVD+/-RW Drive for OptiPlex 780/ 780 Mini-Tower Desktops,https://www.vertexnetworking.co.uk/storage/product_images/6779153eadbed_Optical-Drives-Gen.webp,$92.00,0G556T,https://www.vertexnetworking.co.uk/product/0g556t-dell-16x-sata-half-height-dvd-rw-drive-for-optiplex-780-780-mini-tower-desktopss.html
Vertex Networking,Dell 09P403 24X IDE CD-RW Drive for OptiPlex GX150 SMT/GX50SD,Dell 09P403 24X IDE CD-RW Drive for OptiPlex GX150 SMT/GX50SD,https://www.vertexnetworking.co.uk/storage/product_images/6779153fca52e_Optical-Drives-Gen.webp,$170.00,09P403,https://www.vertexnetworking.co.uk/product/09p403-dell-24x-ide-cd-rw-drive-for-optiplex-gx150-smt-gx50sds.html
Vertex Networking,Dell 09W341 Inspiron 8200 CD-RW DVD Drive Side Unit,Dell 09W341 Inspiron 8200 CD-RW DVD Drive Side Unit,https://www.vertexnetworking.co.uk/storage/product_images/6779153dcf5ad_Optical-Drives-Gen.webp,$185.00,09W341,https://www.vertexnetworking.co.uk/product/09w341-dell-inspiron-8200-cd-rw-dvd-drive-side-units.html
Vertex Networking,Dell 08W76M 8X SATA DVD-RW Slimline (Black) Drive,Dell 08W76M 8X SATA DVD-RW Slimline (Black) Drive,https://www.vertexnetworking.co.uk/storage/product_images/6779153d0272f_Optical-Drives-Gen.webp,$90.00,08W76M,https://www.vertexnetworking.co.uk/product/08w76m-dell-8x-sata-dvd-rw-slimline-black-drives.html
Vertex Networking,Dell 0FX456 48X Half-Height SATA Internal CD-RW/DVD Combo Drive for Vostro 410 Desktop,Dell 0FX456 48X Half-Height SATA Internal CD-RW/DVD Combo Drive for Vostro 410 Desktop,https://www.vertexnetworking.co.uk/storage/product_images/6779153e4998e_Optical-Drives-Gen.webp,$165.00,0FX456,https://www.vertexnetworking.co.uk/product/0fx456-dell-48x-half-height-sata-internal-cd-rw-dvd-combo-drive-for-vostro-410-desktops.html
Vertex Networking,Dell 0C0XPY Super Multi DVD-RW Drive,Dell 0C0XPY Super Multi DVD-RW Drive Product Condition: Refurbished,https://www.vertexnetworking.co.uk/storage/product_images/6779153dec3d1_Optical-Drives-Gen.webp,$74.00,0C0XPY,https://www.vertexnetworking.co.uk/product/0c0xpy-dell-super-multi-dvd-rw-drives.html
Vertex Networking,Dell 0G312J 8X SATA DVD+/-RW Drive,Dell 0G312J 8X SATA DVD+/-RW Drive,https://www.vertexnetworking.co.uk/storage/product_images/6779153e73437_Optical-Drives-Gen.webp,$90.00,0G312J,https://www.vertexnetworking.co.uk/product/0g312j-dell-8x-sata-dvd-rw-drives.html
Vertex Networking,Dell 0C1294 24X CD-RW+DVD Combo Drive,Dell 0C1294 24X CD-RW+DVD Combo Drive,https://www.vertexnetworking.co.uk/storage/product_images/6779153e151cf_Optical-Drives-Gen.webp,Get a Quote for price,0C1294,https://www.vertexnetworking.co.uk/product/0c1294-dell-24x-cd-rw-dvd-combo-drives.html
Vertex Networking,08N123 - Dell 24X CD-ROM Unit CD-RW Unit,08N123 - Dell 24X CD-ROM Unit CD-RW Unit,https://www.vertexnetworking.co.uk/storage/product_images/6779153d820b8_Optical-Drives-Gen.webp,$62.00,08N123,https://www.vertexnetworking.co.uk/product/08n123-dell-24x-cd-rom-unit-cd-rw-unit.html
Vertex Networking,Dell 0FU041 24x Cdrw/dvd CoMBo 1525/1526,Dell 0FU041 24x Cdrw/dvd CoMBo 1525/1526,https://www.vertexnetworking.co.uk/storage/product_images/6779153d726ec_Optical-Drives-Gen.webp,$92.00,0FU041,https://www.vertexnetworking.co.uk/product/0fu041-dell-24x-cdrw-dvd-combo-1525-1526s.html
Vertex Networking,Dell 0F9168 CD-RW/DVD Combo Drive for Inspiron L/M/6000,Dell 0F9168 CD-RW/DVD Combo Drive for Inspiron L/M/6000,https://www.vertexnetworking.co.uk/storage/product_images/6779153d6436d_Optical-Drives-Gen.webp,$92.00,0F9168,https://www.vertexnetworking.co.uk/product/0f9168-dell-cd-rw-dvd-combo-drive-for-inspiron-l-m-6000s.html
Vertex Networking,Dell 0FU194 24X CD-RW/DVD Combo Drive for Latitude D420,Dell 0FU194 24X CD-RW/DVD Combo Drive for Latitude D420,https://www.vertexnetworking.co.uk/storage/product_images/6779153dc16bf_Optical-Drives-Gen.webp,$92.00,0FU194,https://www.vertexnetworking.co.uk/product/0fu194-dell-24x-cd-rw-dvd-combo-drive-for-latitude-d420s.html
Vertex Networking,Dell 0FU042 8x DVD-RW Drive for Inspiron 1525,Dell 0FU042 8x DVD-RW Drive for Inspiron 1525,https://www.vertexnetworking.co.uk/storage/product_images/6779153d9780e_Optical-Drives-Gen.webp,$115.00,0FU042,https://www.vertexnetworking.co.uk/product/0fu042-dell-8x-dvd-rw-drive-for-inspiron-1525s.html
Vertex Networking,Dell 0FY360 8X IDE DVD-RW Drive,Dell 0FY360 8X IDE DVD-RW Drive,https://www.vertexnetworking.co.uk/storage/product_images/6779153e655c7_Optical-Drives-Gen.webp,$90.00,0FY360,https://www.vertexnetworking.co.uk/product/0fy360-dell-8x-ide-dvd-rw-drives.html
Vertex Networking,Dell 0FW733 8X IDE DVD+/ -RW Drive for Inspiron1520 1521 1720 1721,Dell 0FW733 8X IDE DVD+/ -RW Drive for Inspiron1520 1521 1720 1721,https://www.vertexnetworking.co.uk/storage/product_images/6779153e06084_Optical-Drives-Gen.webp,$88.00,0FW733,https://www.vertexnetworking.co.uk/product/0fw733-dell-8x-ide-dvd-rw-drive-for-inspiron1520-1521-1720-1721s.html
Vertex Networking,Dell 09U650 24X CD-RW/DVD Combo Drive for Inspiron,Dell 09U650 24X CD-RW/DVD Combo Drive for Inspiron,https://www.vertexnetworking.co.uk/storage/product_images/6779153db3d1c_Optical-Drives-Gen.webp,$110.00,09U650,https://www.vertexnetworking.co.uk/product/09u650-dell-24x-cd-rw-dvd-combo-drive-for-inspirons.html
Vertex Networking,Dell 0FW002 Optical Drive CD-RW/DVD 24x Xps M1710,Dell 0FW002 Optical Drive CD-RW/DVD 24x Xps M1710,https://www.vertexnetworking.co.uk/storage/product_images/6779153dddb03_Optical-Drives-Gen.webp,$92.00,0FW002,https://www.vertexnetworking.co.uk/product/0fw002-dell-optical-drive-cd-rw-dvd-24x-xps-m1710s.html
Vertex Networking,Dell 08P495 8X CD-RW and CD-ROM Unit,Dell 08P495 8X CD-RW and CD-ROM Unit,https://www.vertexnetworking.co.uk/storage/product_images/6779153da5329_Optical-Drives-Gen.webp,$100.00,08P495,https://www.vertexnetworking.co.uk/product/08p495-dell-8x-cd-rw-and-cd-rom-units.html
Vertex Networking,Dell 0G2971 2X DVD-RW Drive,Dell 0G2971 2X DVD-RW Drive,https://www.vertexnetworking.co.uk/storage/product_images/6779153e57a01_Optical-Drives-Gen.webp,$210.00,0G2971,https://www.vertexnetworking.co.uk/product/0g2971-dell-2x-dvd-rw-drives.html
Vertex Networking,Dell 0FPYDC 8X DVD+RW SATA Drive,Dell 0FPYDC 8X DVD+RW SATA Drive,https://www.vertexnetworking.co.uk/storage/product_images/6779153d567a9_Optical-Drives-Gen.webp,$100.00,0FPYDC,https://www.vertexnetworking.co.uk/product/0fpydc-dell-8x-dvd-rw-sata-drives.html
Vertex Networking,Dell 0F706M 8X External Slot Load DVD+/-RW Drive,Dell 0F706M 8X External Slot Load DVD+/-RW Drive,https://www.vertexnetworking.co.uk/storage/product_images/6779153d0ffae_Optical-Drives-Gen.webp,Get a Quote for price,0F706M,https://www.vertexnetworking.co.uk/product/0f706m-dell-8x-external-slot-load-dvd-rw-drives.html
Vertex Networking,Dell 0FX265 CD-RW/DVD Drive for Optiplex GX520,Dell 0FX265 CD-RW/DVD Drive for Optiplex GX520,https://www.vertexnetworking.co.uk/storage/product_images/6779153e2cdf1_Optical-Drives-Gen.webp,$128.00,0FX265,https://www.vertexnetworking.co.uk/product/0fx265-dell-cd-rw-dvd-drive-for-optiplex-gx520s.html
Vertex Networking,Dell 0F485R 8X eSATA DVD+/-RW External Drive,Dell 0F485R 8X eSATA DVD+/-RW External Drive,https://www.vertexnetworking.co.uk/storage/product_images/6779153c48bcc_Optical-Drives-Gen.webp,$205.00,0F485R,https://www.vertexnetworking.co.uk/product/0f485r-dell-8x-esata-dvd-rw-external-drives.html
Vertex Networking,Dell 08R427 DVD Combo Drive,Dell 08R427 DVD Combo Drive,https://www.vertexnetworking.co.uk/storage/product_images/6779153c74c41_Optical-Drives-Gen.webp,$100.00,08R427,https://www.vertexnetworking.co.uk/product/08r427-dell-dvd-combo-drives.html
Vertex Networking,Dell 0F4GM8 24X SATA DVD-RW Drive,Dell 0F4GM8 24X SATA DVD-RW Drive Product Condition: Refurbished,https://www.vertexnetworking.co.uk/storage/product_images/6779153c655f4_Optical-Drives-Gen.webp,$80.00,0F4GM8,https://www.vertexnetworking.co.uk/product/0f4gm8-dell-24x-sata-dvd-rw-drives.html
Vertex Networking,Dell 0F7665 Inspiron 5160 4X DVD Plus RW SFX,Dell 0F7665 Inspiron 5160 4X DVD Plus RW SFX,https://www.vertexnetworking.co.uk/storage/product_images/6779153d48ab9_Optical-Drives-Gen.webp,$100.00,0F7665,https://www.vertexnetworking.co.uk/product/0f7665-dell-inspiron-5160-4x-dvd-plus-rw-sfxs.html
Vertex Networking,Dell 08Y566 48X CD-RW/DVD Drive for Precision,Dell 08Y566 48X CD-RW/DVD Drive for Precision,https://www.vertexnetworking.co.uk/storage/product_images/6779153d3a728_Optical-Drives-Gen.webp,$92.00,08Y566,https://www.vertexnetworking.co.uk/product/08y566-dell-48x-cd-rw-dvd-drive-for-precisions.html
Vertex Networking,Dell 07G124 Latitude C610 CD-RW DVD Drive,Dell 07G124 Latitude C610 CD-RW DVD Drive,https://www.vertexnetworking.co.uk/storage/product_images/6779153bf1727_Optical-Drives-Gen.webp,$115.00,07G124,https://www.vertexnetworking.co.uk/product/07g124-dell-latitude-c610-cd-rw-dvd-drives.html
Vertex Networking,Dell 0F6408 CD-RW/DVD 48x32 IDE Hh Sc,Dell 0F6408 CD-RW/DVD 48x32 IDE Hh Sc,https://www.vertexnetworking.co.uk/storage/product_images/6779153cae909_Optical-Drives-Gen.webp,$145.00,0F6408,https://www.vertexnetworking.co.uk/product/0f6408-dell-cd-rw-dvd-48x32-ide-hh-scs.html
Vertex Networking,Dell 0855RN 8X CD-RW and CD-ROM Unit,Dell 0855RN 8X CD-RW and CD-ROM Unit,https://www.vertexnetworking.co.uk/storage/product_images/6779153be3a0d_Optical-Drives-Gen.webp,$308.00,0855RN,https://www.vertexnetworking.co.uk/product/0855rn-dell-8x-cd-rw-and-cd-rom-units.html
Vertex Networking,Dell 08T345 OptiPlex SX270 CD-RW DVD Drive,Dell 08T345 OptiPlex SX270 CD-RW DVD Drive,https://www.vertexnetworking.co.uk/storage/product_images/6779153ca05ee_Optical-Drives-Gen.webp,$180.00,08T345,https://www.vertexnetworking.co.uk/product/08t345-dell-optiplex-sx270-cd-rw-dvd-drives.html
Vertex Networking,Dell 0F671M DVDRWLaptop,Dell 0F671M DVDRWLaptop,https://www.vertexnetworking.co.uk/storage/product_images/6779153cca7c1_Optical-Drives-Gen.webp,$88.00,0F671M,https://www.vertexnetworking.co.uk/product/0f671m-dell-dvdrwlaptops.html
Vertex Networking,Dell 07G828 8X IDE CD-RW Drive for Inspiron/Latitude,Dell 07G828 8X IDE CD-RW Drive for Inspiron/Latitude,https://www.vertexnetworking.co.uk/storage/product_images/6779153c1a0cb_Optical-Drives-Gen.webp,$90.00,07G828,https://www.vertexnetworking.co.uk/product/07g828-dell-8x-ide-cd-rw-drive-for-inspiron-latitudes.html
Vertex Networking,08U354 - Dell 48X CD-ROM Unit and CD-RW Unit,08U354 - Dell 48X CD-ROM Unit and CD-RW Unit,https://www.vertexnetworking.co.uk/storage/product_images/6779153cbc53c_Optical-Drives-Gen.webp,$75.00,08U354,https://www.vertexnetworking.co.uk/product/08u354-dell-48x-cd-rom-unit-and-cd-rw-unit.html
Vertex Networking,Dell 0F5462 4X DVD-RW Drive,Dell 0F5462 4X DVD-RW Drive,https://www.vertexnetworking.co.uk/storage/product_images/6779153c839f3_Optical-Drives-Gen.webp,$195.00,0F5462,https://www.vertexnetworking.co.uk/product/0f5462-dell-4x-dvd-rw-drives.html
Vertex Networking,Dell 0F3503 DVD Combo Drive,Dell 0F3503 DVD Combo Drive,https://www.vertexnetworking.co.uk/storage/product_images/6779153c0b4ec_Optical-Drives-Gen.webp,$160.00,0F3503,https://www.vertexnetworking.co.uk/product/0f3503-dell-dvd-combo-drives.html
Vertex Networking,Dell 08Y556 8X4X32X8 IDE CD-RW/DVD ROM Combo Internal Drive,Dell 08Y556 8X4X32X8 IDE CD-RW/DVD ROM Combo Internal Drive,https://www.vertexnetworking.co.uk/storage/product_images/6779153d1df8d_Optical-Drives-Gen.webp,Get a Quote for price,08Y556,https://www.vertexnetworking.co.uk/product/08y556-dell-8x4x32x8-ide-cd-rw-dvd-rom-combo-internal-drives.html
Vertex Networking,Dell 08P711 24X CD-ROM Unit and CD-RW Unit,Dell 08P711 24X CD-ROM Unit and CD-RW Unit,https://www.vertexnetworking.co.uk/storage/product_images/6779153c5702b_Optical-Drives-Gen.webp,$120.00,08P711,https://www.vertexnetworking.co.uk/product/08p711-dell-24x-cd-rom-unit-and-cd-rw-units.html
Vertex Networking,Dell 08U358 Inspiron 8500 24X CD-RW DVD Unit,Dell 08U358 Inspiron 8500 24X CD-RW DVD Unit,https://www.vertexnetworking.co.uk/storage/product_images/6779153cd89ee_Optical-Drives-Gen.webp,$125.00,08U358,https://www.vertexnetworking.co.uk/product/08u358-dell-inspiron-8500-24x-cd-rw-dvd-units.html
Vertex Networking,Dell 0F707M 2X SATA DVD-RW/BD-ROM External Combo Drive for Adamo 13 Laptop,Dell 0F707M 2X SATA DVD-RW/BD-ROM External Combo Drive for Adamo 13 Laptop,https://www.vertexnetworking.co.uk/storage/product_images/6779153d2bc70_Optical-Drives-Gen.webp,$422.00,0F707M,https://www.vertexnetworking.co.uk/product/0f707m-dell-2x-sata-dvd-rw-bd-rom-external-combo-drive-for-adamo-13-laptops.html
Vertex Networking,Dell 08R990 24X/10X/24X CD-RW and 8X DVD-ROM Internal Combo Drive for Inspiron 4100/4150/8200,Dell 08R990 24X/10X/24X CD-RW and 8X DVD-ROM Internal Combo Drive for Inspiron 4100/4150/8200,https://www.vertexnetworking.co.uk/storage/product_images/6779153c92282_Optical-Drives-Gen.webp,$100.00,08R990,https://www.vertexnetworking.co.uk/product/08r990-dell-24x-10x-24x-cd-rw-and-8x-dvd-rom-internal-combo-drive-for-inspiron-4100-4150-8200s.html
Vertex Networking,Dell 0F6RP4 8X SATA DVD-RW Drive,Dell 0F6RP4 8X SATA DVD-RW Drive,https://www.vertexnetworking.co.uk/storage/product_images/6779153ce87e0_Optical-Drives-Gen.webp,$102.00,0F6RP4,https://www.vertexnetworking.co.uk/product/0f6rp4-dell-8x-sata-dvd-rw-drives.html
Vertex Networking,Dell 07T744 24X CD-ROM CD-RW Unit,Dell 07T744 24X CD-ROM CD-RW Unit,https://www.vertexnetworking.co.uk/storage/product_images/6779153af3ee2_Optical-Drives-Gen.webp,$148.00,07T744,https://www.vertexnetworking.co.uk/product/07t744-dell-24x-cd-rom-cd-rw-units.html
Vertex Networking,Dell 07C285 8X CD-RW C-Module,Dell 07C285 8X CD-RW C-Module,https://www.vertexnetworking.co.uk/storage/product_images/6779153b0e48e_Optical-Drives-Gen.webp,$100.00,07C285,https://www.vertexnetworking.co.uk/product/07c285-dell-8x-cd-rw-c-modules.html
Vertex Networking,Dell 0F3505 DVD-RW Drive,Dell 0F3505 DVD-RW Drive,https://www.vertexnetworking.co.uk/storage/product_images/6779153c28d32_Optical-Drives-Gen.webp,$165.00,0F3505,https://www.vertexnetworking.co.uk/product/0f3505-dell-dvd-rw-drives.html
Vertex Networking,Dell 07R004 Inspiron 2650 CD-RW/DVD Drive,Dell 07R004 Inspiron 2650 CD-RW/DVD Drive,https://www.vertexnetworking.co.uk/storage/product_images/6779153abb752_Optical-Drives-Gen.webp,$98.00,07R004,https://www.vertexnetworking.co.uk/product/07r004-dell-inspiron-2650-cd-rw-dvd-drives.html
Vertex Networking,Dell 077CUJ Inspiron 5000E 8X CD-RW CD-ROM Unit,Dell 077CUJ Inspiron 5000E 8X CD-RW CD-ROM Unit,https://www.vertexnetworking.co.uk/storage/product_images/6779153aad2b1_Optical-Drives-Gen.webp,$90.00,077CUJ,https://www.vertexnetworking.co.uk/product/077cuj-dell-inspiron-5000e-8x-cd-rw-cd-rom-units.html
Vertex Networking,Dell 07G120 Precision WorkStation M50 CD-RW DVD Drive,Dell 07G120 Precision WorkStation M50 CD-RW DVD Drive,https://www.vertexnetworking.co.uk/storage/product_images/6779153bd57e8_Optical-Drives-Gen.webp,$185.00,07G120,https://www.vertexnetworking.co.uk/product/07g120-dell-precision-workstation-m50-cd-rw-dvd-drives.html
Vertex Networking,Dell 084UHK 8X CD-RW Drive,Dell 084UHK 8X CD-RW Drive,https://www.vertexnetworking.co.uk/storage/product_images/6779153bc78c5_Optical-Drives-Gen.webp,$150.00,084UHK,https://www.vertexnetworking.co.uk/product/084uhk-dell-8x-cd-rw-drives.html
Vertex Networking,Dell 080TDW Studio XPS 1640 Super Multi DVD Rewriter,Dell 080TDW Studio XPS 1640 Super Multi DVD Rewriter,https://www.vertexnetworking.co.uk/storage/product_images/6779153ba5b82_Optical-Drives-Gen.webp,$145.00,080TDW,https://www.vertexnetworking.co.uk/product/080tdw-dell-studio-xps-1640-super-multi-dvd-rewriters.html
Vertex Networking,Dell 07W039 DVD+RW Drive Module,Dell 07W039 DVD+RW Drive Module,https://www.vertexnetworking.co.uk/storage/product_images/6779153b6c0f5_Optical-Drives-Gen.webp,$90.00,07W039,https://www.vertexnetworking.co.uk/product/07w039-dell-dvd-rw-drive-modules.html
Vertex Networking,"Dell 073JYN DVD-RW Assembled Silver Bezel for Vostro 3400, 3500, 3700","Dell 073JYN DVD-RW Assembled Silver Bezel for Vostro 3400, 3500, 3700",https://www.vertexnetworking.co.uk/storage/product_images/6779153a8f183_Optical-Drives-Gen.webp,$110.00,073JYN,https://www.vertexnetworking.co.uk/product/073jyn-dell-dvd-rw-assembled-silver-bezel-for-vostro-3400-3500-3700s.html
Vertex Networking,Dell 08P708 8X4X24 IDE CD-RW ROM Drive for Inspiron/Latitude Series,Dell 08P708 8X4X24 IDE CD-RW ROM Drive for Inspiron/Latitude Series,https://www.vertexnetworking.co.uk/storage/product_images/6779153c366bd_Optical-Drives-Gen.webp,$135.00,08P708,https://www.vertexnetworking.co.uk/product/08p708-dell-8x4x24-ide-cd-rw-rom-drive-for-inspiron-latitude-seriess.html
Vertex Networking,Dell 07C039 6X CDRW/DVD Combo C-Module,Dell 07C039 6X CDRW/DVD Combo C-Module,https://www.vertexnetworking.co.uk/storage/product_images/6779153ae57ee_Optical-Drives-Gen.webp,$100.00,07C039,https://www.vertexnetworking.co.uk/product/07c039-dell-6x-cdrw-dvd-combo-c-modules.html
Vertex Networking,Dell 07C390 6X CDRW/DVD Combo C-Module,Dell 07C390 6X CDRW/DVD Combo C-Module,https://www.vertexnetworking.co.uk/storage/product_images/6779153b7978e_Optical-Drives-Gen.webp,$100.00,07C390,https://www.vertexnetworking.co.uk/product/07c390-dell-6x-cdrw-dvd-combo-c-modules.html
Vertex Networking,Dell 07U887 Latitude C640 24x CDRW/DVD Unit,Dell 07U887 Latitude C640 24x CDRW/DVD Unit,https://www.vertexnetworking.co.uk/storage/product_images/6779153b1c3bb_Optical-Drives-Gen.webp,$115.00,07U887,https://www.vertexnetworking.co.uk/product/07u887-dell-latitude-c640-24x-cdrw-dvd-units.html
Vertex Networking,Dell 07W257 32X IDE 5.25-inch CD-RW+DVD Combbo Drive (Pearl White),Dell 07W257 32X IDE 5.25-inch CD-RW+DVD Combbo Drive (Pearl White),https://www.vertexnetworking.co.uk/storage/product_images/6779153b897e9_Optical-Drives-Gen.webp,$90.00,07W257,https://www.vertexnetworking.co.uk/product/07w257-dell-32x-ide-5-25-inch-cd-rw-dvd-combbo-drive-pearl-white-s.html
Vertex Networking,"Dell 07P746 24x10x24x Internal IDE CD-RW Drive for Latitude C Series, Inspiron 4000, 4100, 4150","Dell 07P746 24x10x24x Internal IDE CD-RW Drive for Latitude C Series, Inspiron 4000, 4100, 4150",https://www.vertexnetworking.co.uk/storage/product_images/6779153a9f6a5_Optical-Drives-Gen.webp,$92.00,07P746,https://www.vertexnetworking.co.uk/product/07p746-dell-24x10x24x-internal-ide-cd-rw-drive-for-latitude-c-series-inspiron-4000-4100-4150s.html
Vertex Networking,Dell 07G067 8X CD-RW and CD-ROM Unit,Dell 07G067 8X CD-RW and CD-ROM Unit,https://www.vertexnetworking.co.uk/storage/product_images/6779153bb66e3_Optical-Drives-Gen.webp,$90.00,07G067,https://www.vertexnetworking.co.uk/product/07g067-dell-8x-cd-rw-and-cd-rom-units.html
Vertex Networking,Dell 07C340 Inspiron 4000 6X CD-RW Unit and DVD Player Combo,Dell 07C340 Inspiron 4000 6X CD-RW Unit and DVD Player Combo,https://www.vertexnetworking.co.uk/storage/product_images/6779153b29a4c_Optical-Drives-Gen.webp,Get a Quote for price,07C340,https://www.vertexnetworking.co.uk/product/07c340-dell-inspiron-4000-6x-cd-rw-unit-and-dvd-player-combos.html
Vertex Networking,Dell 07G052 8X CDRW/DVD Combo C-Module,Dell 07G052 8X CDRW/DVD Combo C-Module,https://www.vertexnetworking.co.uk/storage/product_images/6779153b97568_Optical-Drives-Gen.webp,$100.00,07G052,https://www.vertexnetworking.co.uk/product/07g052-dell-8x-cdrw-dvd-combo-c-modules.html
Vertex Networking,Dell 07T4J9 Vostro 1320 Blu-Ray Disc CoMBo (DVD+/-RW + Bd-Rom) Drive Module,Dell 07T4J9 Vostro 1320 Blu-Ray Disc CoMBo (DVD+/-RW + Bd-Rom) Drive Module,https://www.vertexnetworking.co.uk/storage/product_images/6779153ad7c83_Optical-Drives-Gen.webp,$175.00,07T4J9,https://www.vertexnetworking.co.uk/product/07t4j9-dell-vostro-1320-blu-ray-disc-combo-dvd-rw-bd-rom-drive-modules.html
Vertex Networking,"Dell 06VR77 DVD-RW -Gt30n-RED-Assembly,DVD+/-RW,8X,HLDS,RED,1520","Dell 06VR77 DVD-RW -Gt30n-RED-Assembly,DVD+/-RW,8X,HLDS,RED,1520",https://www.vertexnetworking.co.uk/storage/product_images/6779153a3c242_Optical-Drives-Gen.webp,$105.00,06VR77,https://www.vertexnetworking.co.uk/product/06vr77-dell-dvd-rw-gt30n-red-assembly-dvd-rw-8x-hlds-red-1520s.html
Vertex Networking,Dell 06F865 12X DVD Drive CD-RW Unit,Dell 06F865 12X DVD Drive CD-RW Unit,https://www.vertexnetworking.co.uk/storage/product_images/677915397af8a_Optical-Drives-Gen.webp,$218.00,06F865,https://www.vertexnetworking.co.uk/product/06f865-dell-12x-dvd-drive-cd-rw-units.html
Vertex Networking,Dell 07H923 Inspiron 8100 Side BAY HLDS 8X CD RW,Dell 07H923 Inspiron 8100 Side BAY HLDS 8X CD RW,https://www.vertexnetworking.co.uk/storage/product_images/6779153a2e2fb_Optical-Drives-Gen.webp,$142.00,07H923,https://www.vertexnetworking.co.uk/product/07h923-dell-inspiron-8100-side-bay-hlds-8x-cd-rws.html
Vertex Networking,Dell 07M667 12X DVD Drive and CD-RW Unit,Dell 07M667 12X DVD Drive and CD-RW Unit,https://www.vertexnetworking.co.uk/storage/product_images/6779153a66a57_Optical-Drives-Gen.webp,$100.00,07M667,https://www.vertexnetworking.co.uk/product/07m667-dell-12x-dvd-drive-and-cd-rw-units.html
Vertex Networking,Dell 06U569 CD-RW DVD Drive,Dell 06U569 CD-RW DVD Drive,https://www.vertexnetworking.co.uk/storage/product_images/6779153a04503_Optical-Drives-Gen.webp,$180.00,06U569,https://www.vertexnetworking.co.uk/product/06u569-dell-cd-rw-dvd-drives.html
Vertex Networking,Dell 06T964 DrCD-RW-dell-sidebay-or Reassembled CD-RW Side Bay Fixed Bay,Dell 06T964 DrCD-RW-dell-sidebay-or Reassembled CD-RW Side Bay Fixed Bay,https://www.vertexnetworking.co.uk/storage/product_images/67791539a4686_Optical-Drives-Gen.webp,$95.00,06T964,https://www.vertexnetworking.co.uk/product/06t964-dell-drcd-rw-dell-sidebay-or-reassembled-cd-rw-side-bay-fixed-bays.html
Vertex Networking,Dell 0D447F DVD+/-RW 8 Slot 1318 Teac,Dell 0D447F DVD+/-RW 8 Slot 1318 Teac,https://www.vertexnetworking.co.uk/storage/product_images/677915396c6e0_Optical-Drives-Gen.webp,$172.00,0D447F,https://www.vertexnetworking.co.uk/product/0d447f-dell-dvd-rw-8-slot-1318-teacs.html
Vertex Networking,Dell 06U247 24X CD-RW/DVD Combo Drive,Dell 06U247 24X CD-RW/DVD Combo Drive,https://www.vertexnetworking.co.uk/storage/product_images/67791539dc736_Optical-Drives-Gen.webp,$82.00,06U247,https://www.vertexnetworking.co.uk/product/06u247-dell-24x-cd-rw-dvd-combo-drives.html
Vertex Networking,Dell 06WFGH 16X DVD+/-RW SATA Half-Height Drive for XPS Desktops / OptiPlex / Precision WorkStations,Dell 06WFGH 16X DVD+/-RW SATA Half-Height Drive for XPS Desktops / OptiPlex / Precision WorkStations,https://www.vertexnetworking.co.uk/storage/product_images/6779153a58927_Optical-Drives-Gen.webp,$105.00,06WFGH,https://www.vertexnetworking.co.uk/product/06wfgh-dell-16x-dvd-rw-sata-half-height-drive-for-xps-desktops-optiplex-precision-workstationss.html
Vertex Networking,Dell 00W178 Inspiron 2650 24X CD-RW DVD Unit,Dell 00W178 Inspiron 2650 24X CD-RW DVD Unit,https://www.vertexnetworking.co.uk/storage/product_images/67791539ce8ee_Optical-Drives-Gen.webp,$195.00,00W178,https://www.vertexnetworking.co.uk/product/00w178-dell-inspiron-2650-24x-cd-rw-dvd-units.html
Vertex Networking,Dell 07H491 Inspiron 2600 CD-RW/ DVD Drive,Dell 07H491 Inspiron 2600 CD-RW/ DVD Drive,https://www.vertexnetworking.co.uk/storage/product_images/67791539ea5c6_Optical-Drives-Gen.webp,$185.00,07H491,https://www.vertexnetworking.co.uk/product/07h491-dell-inspiron-2600-cd-rw-dvd-drives.html
Vertex Networking,Dell - 06U937 - 24X CD-ROM Unit CD-RW Unit External Unit,Dell - 06U937 - 24X CD-ROM Unit CD-RW Unit External Unit,https://www.vertexnetworking.co.uk/storage/product_images/6779153a2047c_Optical-Drives-Gen.webp,$150.00,06U937,https://www.vertexnetworking.co.uk/product/06u937-dell-24x-cd-rom-unit-cd-rw-unit-external-units.html
Vertex Networking,Dell - 071PXH - 1.44MB 3.5-Inch Floppy Drive for Inspiron 4000,Dell - 071PXH - 1.44MB 3.5-Inch Floppy Drive for Inspiron 4000 Product Condition: Refurbished,https://www.vertexnetworking.co.uk/storage/product_images/6779153a74476_Optical-Drives-Gen.webp,$66.00,071PXH,https://www.vertexnetworking.co.uk/product/071pxh-dell-1-44mb-3-5-inch-floppy-drive-for-inspiron-4000s.html
Vertex Networking,Dell 06F857 8X CD-RW and CD-ROM Unit,Dell 06F857 8X CD-RW and CD-ROM Unit,https://www.vertexnetworking.co.uk/storage/product_images/677915395e4b7_Optical-Drives-Gen.webp,$182.00,06F857,https://www.vertexnetworking.co.uk/product/06f857-dell-8x-cd-rw-and-cd-rom-units.html
Vertex Networking,Dell 06U244 Inspiron 4150 24X CD-RW DVD Unit,Dell 06U244 Inspiron 4150 24X CD-RW DVD Unit,https://www.vertexnetworking.co.uk/storage/product_images/67791539c017f_Optical-Drives-Gen.webp,$100.00,06U244,https://www.vertexnetworking.co.uk/product/06u244-dell-inspiron-4150-24x-cd-rw-dvd-units.html
Vertex Networking,Dell 0785EE 8X CD-RW and CD-ROM Unit,Dell 0785EE 8X CD-RW and CD-ROM Unit,https://www.vertexnetworking.co.uk/storage/product_images/6779153ac98b1_Optical-Drives-Gen.webp,$258.00,0785EE,https://www.vertexnetworking.co.uk/product/0785ee-dell-8x-cd-rw-and-cd-rom-units.html
Vertex Networking,Dell 00W177 24X CDR/DVD Combo Drive for Inspiron 8200,Dell 00W177 24X CDR/DVD Combo Drive for Inspiron 8200,https://www.vertexnetworking.co.uk/storage/product_images/67791539b2592_Optical-Drives-Gen.webp,$105.00,00W177,https://www.vertexnetworking.co.uk/product/00w177-dell-24x-cdr-dvd-combo-drive-for-inspiron-8200s.html
Vertex Networking,Dell 07P543 OptiPlex GX240 40X CD-ROM Unit CD-RW Unit,Dell 07P543 OptiPlex GX240 40X CD-ROM Unit CD-RW Unit,https://www.vertexnetworking.co.uk/storage/product_images/6779153a817b6_Optical-Drives-Gen.webp,$205.00,07P543,https://www.vertexnetworking.co.uk/product/07p543-dell-optiplex-gx240-40x-cd-rom-unit-cd-rw-units.html
Vertex Networking,Dell 07K888 8X CD-RW Drive,Dell 07K888 8X CD-RW Drive,https://www.vertexnetworking.co.uk/storage/product_images/6779153a49538_Optical-Drives-Gen.webp,$150.00,07K888,https://www.vertexnetworking.co.uk/product/07k888-dell-8x-cd-rw-drives.html
Vertex Networking,Dell 07H921 8X Internal CD-RW Drive,Dell 07H921 8X Internal CD-RW Drive,https://www.vertexnetworking.co.uk/storage/product_images/6779153a1259e_Optical-Drives-Gen.webp,$150.00,07H921,https://www.vertexnetworking.co.uk/product/07h921-dell-8x-internal-cd-rw-drives.html
Vertex Networking,Dell 00L463 Disk Drive CD-RW / DVD-ROM combo 24x internal 5.25-inch Slim Line,Dell 00L463 Disk Drive CD-RW / DVD-ROM combo 24x internal 5.25-inch Slim Line,https://www.vertexnetworking.co.uk/storage/product_images/6779153832dcf_Optical-Drives-Gen.webp,$92.00,00L463,https://www.vertexnetworking.co.uk/product/00l463-dell-disk-drive-cd-rw-dvd-rom-combo-24x-internal-5-25-inch-slim-lines.html
Vertex Networking,Dell 0123KN DVD-RW SATA Internal Optical Drive,Dell 0123KN DVD-RW SATA Internal Optical Drive,https://www.vertexnetworking.co.uk/storage/product_images/67791538d2c96_Optical-Drives-Gen.webp,$170.00,0123KN,https://www.vertexnetworking.co.uk/product/0123kn-dell-dvd-rw-sata-internal-optical-drives.html
Vertex Networking,Dell 06C900 Dimension L cxe 12X CD-RW Unit Cd Burner,Dell 06C900 Dimension L cxe 12X CD-RW Unit Cd Burner,https://www.vertexnetworking.co.uk/storage/product_images/67791538a7788_Optical-Drives-Gen.webp,Get a Quote for price,06C900,https://www.vertexnetworking.co.uk/product/06c900-dell-dimension-l-cxe-12x-cd-rw-unit-cd-burners.html
Vertex Networking,Dell - 0WX053 - Optical Drive Tray for OptiPlex GX740 GX745 GX755 GX760,Dell - 0WX053 - Optical Drive Tray for OptiPlex GX740 GX745 GX755 GX760 Product Condition: Refurbished,https://www.vertexnetworking.co.uk/storage/product_images/6779153988be5_Server-Accessories-Gen.webp,$68.82,0WX053,https://www.vertexnetworking.co.uk/product/0wx053-dell-tray-for-optiplex-gx740-gx745-gx755-gx760-sffs.html
Vertex Networking,Dell 00X790 48X IDE CD-RW Drive,Dell 00X790 48X IDE CD-RW Drive Product Condition: Refurbished,https://www.vertexnetworking.co.uk/storage/product_images/67791538b5cc4_Optical-Drives-Gen.webp,$172.00,00X790,https://www.vertexnetworking.co.uk/product/00x790-dell-48x-ide-cd-rw-drives.html
Vertex Networking,Dell 06F545 8X4X24 IDE CD-RW 3.5-inch Drive,Dell 06F545 8X4X24 IDE CD-RW 3.5-inch Drive,https://www.vertexnetworking.co.uk/storage/product_images/6779153943013_Optical-Drives-Gen.webp,Get a Quote for price,06F545,https://www.vertexnetworking.co.uk/product/06f545-dell-8x4x24-ide-cd-rw-3-5-inch-drives.html
Vertex Networking,Dell 06C266 8X CD-RW CD-ROM Unit,Dell 06C266 8X CD-RW CD-ROM Unit,https://www.vertexnetworking.co.uk/storage/product_images/677915388b5d5_Optical-Drives-Gen.webp,$90.00,06C266,https://www.vertexnetworking.co.uk/product/06c266-dell-8x-cd-rw-cd-rom-units.html
Vertex Networking,Dell 06D738 20/48x CD-ROM Drive,Dell 06D738 20/48x CD-ROM Drive,https://www.vertexnetworking.co.uk/storage/product_images/6779153908da7_Optical-Drives-Gen.webp,$90.00,06D738,https://www.vertexnetworking.co.uk/product/06d738-dell-20-48x-cd-rom-drives.html
Vertex Networking,Dell 06J545 DVD/CD-RW Combo Drive for Inspiron,Dell 06J545 DVD/CD-RW Combo Drive for Inspiron,https://www.vertexnetworking.co.uk/storage/product_images/6779153996bdd_Optical-Drives-Gen.webp,$100.00,06J545,https://www.vertexnetworking.co.uk/product/06j545-dell-dvd-cd-rw-combo-drive-for-inspirons.html
Vertex Networking,Dell 018KWY DVD+/-RW SATA INTERNAL for PowerEdge R510/ R610/ R710 Server,Dell 018KWY DVD+/-RW SATA INTERNAL for PowerEdge R510/ R610/ R710 Server,https://www.vertexnetworking.co.uk/storage/product_images/67791539350a6_Optical-Drives-Gen.webp,$105.00,018KWY,https://www.vertexnetworking.co.uk/product/018kwy-dell-dvd-rw-sata-internal-for-poweredge-r510-r610-r710-servers.html
Vertex Networking,Dell 00X327 Precision WorkStation 450 DVD plus R RW,Dell 00X327 Precision WorkStation 450 DVD plus R RW,https://www.vertexnetworking.co.uk/storage/product_images/677915386eb6a_Optical-Drives-Gen.webp,$148.00,00X327,https://www.vertexnetworking.co.uk/product/00x327-dell-precision-workstation-450-dvd-plus-r-rws.html
Vertex Networking,Dell 0D4392 24x DVD/CD-RW Combo Drive for Inspiron 5150,Dell 0D4392 24x DVD/CD-RW Combo Drive for Inspiron 5150,https://www.vertexnetworking.co.uk/storage/product_images/6779153950599_Optical-Drives-Gen.webp,$95.00,0D4392,https://www.vertexnetworking.co.uk/product/0d4392-dell-24x-dvd-cd-rw-combo-drive-for-inspiron-5150s.html
Vertex Networking,Dell 017DCF CD-RW 680m I F5 12x Sony,Dell 017DCF CD-RW 680m I F5 12x Sony,https://www.vertexnetworking.co.uk/storage/product_images/6779153917043_Optical-Drives-Gen.webp,$90.00,017DCF,https://www.vertexnetworking.co.uk/product/017dcf-dell-cd-rw-680m-i-f5-12x-sonys.html
Vertex Networking,Dell 06D733 Side BAY 8X CD-RW Drive,Dell 06D733 Side BAY 8X CD-RW Drive,https://www.vertexnetworking.co.uk/storage/product_images/67791538e09b5_Optical-Drives-Gen.webp,$112.00,06D733,https://www.vertexnetworking.co.uk/product/06d733-dell-side-bay-8x-cd-rw-drives.html
Vertex Networking,"Dell 06CDVV DVD-RW Assembly,DVD+/-Rw,8,E4300,Tsst,Red","Dell 06CDVV DVD-RW Assembly,DVD+/-Rw,8,E4300,Tsst,Red",https://www.vertexnetworking.co.uk/storage/product_images/67791538c49a0_Optical-Drives-Gen.webp,$105.00,06CDVV,https://www.vertexnetworking.co.uk/product/06cdvv-dell-dvd-rw-assembly-dvd-rw-8-e4300-tsst-reds.html
Vertex Networking,Dell 013IMP CD-RW/DVD Combo Drive for Inspiron1000,Dell 013IMP CD-RW/DVD Combo Drive for Inspiron1000,https://www.vertexnetworking.co.uk/storage/product_images/67791538eecf5_Optical-Drives-Gen.webp,$170.00,013IMP,https://www.vertexnetworking.co.uk/product/013imp-dell-cd-rw-dvd-combo-drive-for-inspiron1000s.html
Vertex Networking,Dell 06F069 Inspiron 8200 8X CD-RW CD-ROM Unit,Dell 06F069 Inspiron 8200 8X CD-RW CD-ROM Unit,https://www.vertexnetworking.co.uk/storage/product_images/6779153924e96_Optical-Drives-Gen.webp,$148.00,06F069,https://www.vertexnetworking.co.uk/product/06f069-dell-inspiron-8200-8x-cd-rw-cd-rom-units.html
Vertex Networking,Dell 067TMX 8X/4X/24X IDE CD-RW Drive,Dell 067TMX 8X/4X/24X IDE CD-RW Drive,https://www.vertexnetworking.co.uk/storage/product_images/677915387cc86_Optical-Drives-Gen.webp,$152.00,067TMX,https://www.vertexnetworking.co.uk/product/067tmx-dell-8x-4x-24x-ide-cd-rw-drives.html
Vertex Networking,Dell 00X644 Inspiron 5100 24X CD-RW and DVD Combo Unit,Dell 00X644 Inspiron 5100 24X CD-RW and DVD Combo Unit,https://www.vertexnetworking.co.uk/storage/product_images/67791538993e5_Optical-Drives-Gen.webp,$75.00,00X644,https://www.vertexnetworking.co.uk/product/00x644-dell-inspiron-5100-24x-cd-rw-and-dvd-combo-units.html
Vertex Networking,Dell 05C573 Inspiron 2100 8X CD-RW and CD-ROM Unit,Dell 05C573 Inspiron 2100 8X CD-RW and CD-ROM Unit,https://www.vertexnetworking.co.uk/storage/product_images/6779153822f55_Optical-Drives-Gen.webp,$202.00,05C573,https://www.vertexnetworking.co.uk/product/05c573-dell-inspiron-2100-8x-cd-rw-and-cd-rom-units.html
Vertex Networking,Dell 0563YW 8X/4X/24X CD-RW Drive for Inspiron,Dell 0563YW 8X/4X/24X CD-RW Drive for Inspiron,https://www.vertexnetworking.co.uk/storage/product_images/67791537b82e3_Optical-Drives-Gen.webp,$120.00,0563YW,https://www.vertexnetworking.co.uk/product/0563yw-dell-8x-4x-24x-cd-rw-drive-for-inspirons.html
Vertex Networking,Dell 05C056 CD-RW/DVD-ROM Disk Drive,Dell 05C056 CD-RW/DVD-ROM Disk Drive,https://www.vertexnetworking.co.uk/storage/product_images/67791537d4ce8_Optical-Drives-Gen.webp,Get a Quote for price,05C056,https://www.vertexnetworking.co.uk/product/05c056-dell-cd-rw-dvd-rom-disk-drives.html
Vertex Networking,Dell 05G219 8X4X24 CD-RW Drive for Latitude C800,Dell 05G219 8X4X24 CD-RW Drive for Latitude C800,https://www.vertexnetworking.co.uk/storage/product_images/677915386087f_Optical-Drives-Gen.webp,$90.00,05G219,https://www.vertexnetworking.co.uk/product/05g219-dell-8x4x24-cd-rw-drive-for-latitude-c800s.html
Vertex Networking,Dell 00D420 Media Slice With Combo Drive,Dell 00D420 Media Slice With Combo Drive,https://www.vertexnetworking.co.uk/storage/product_images/67791536f24d2_Optical-Drives-Gen.webp,$105.00,00D420,https://www.vertexnetworking.co.uk/product/00d420-dell-media-slice-with-combo-drives.html
Vertex Networking,Dell 00K441 16X CD-RW Drive for 680M,Dell 00K441 16X CD-RW Drive for 680M,https://www.vertexnetworking.co.uk/storage/product_images/67791537e4a8f_Optical-Drives-Gen.webp,$125.00,00K441,https://www.vertexnetworking.co.uk/product/00k441-dell-16x-cd-rw-drive-for-680ms.html
Vertex Networking,Dell 04U599 DrCD-RW-dell-sidebay-or Reassembled CD-RW Side Bay Fixed Bay,Dell 04U599 DrCD-RW-dell-sidebay-or Reassembled CD-RW Side Bay Fixed Bay,https://www.vertexnetworking.co.uk/storage/product_images/677915370c008_Optical-Drives-Gen.webp,$95.00,04U599,https://www.vertexnetworking.co.uk/product/04u599-dell-drcd-rw-dell-sidebay-or-reassembled-cd-rw-side-bay-fixed-bays.html
Vertex Networking,Dell 05C672 6X IDE CD-RW/DVD Combo Drive,Dell 05C672 6X IDE CD-RW/DVD Combo Drive,https://www.vertexnetworking.co.uk/storage/product_images/677915384242c_Optical-Drives-Gen.webp,$135.00,05C672,https://www.vertexnetworking.co.uk/product/05c672-dell-6x-ide-cd-rw-dvd-combo-drives.html
Vertex Networking,Dell 053T72 Assembly DVD+/-RW SATA Emod,Dell 053T72 Assembly DVD+/-RW SATA Emod,https://www.vertexnetworking.co.uk/storage/product_images/6779153763670_Optical-Drives-Gen.webp,$125.00,053T72,https://www.vertexnetworking.co.uk/product/053t72-dell-assembly-dvd-rw-sata-emods.html
Vertex Networking,Dell 00G639 8X CD-RW and DVD Unit,Dell 00G639 8X CD-RW and DVD Unit,https://www.vertexnetworking.co.uk/storage/product_images/67791537542da_Optical-Drives-Gen.webp,$115.00,00G639,https://www.vertexnetworking.co.uk/product/00g639-dell-8x-cd-rw-and-dvd-units.html
Vertex Networking,Dell 00K436 24X CD External IEEE-1394,Dell 00K436 24X CD External IEEE-1394,https://www.vertexnetworking.co.uk/storage/product_images/67791537c5ab2_Optical-Drives-Gen.webp,$158.00,00K436,https://www.vertexnetworking.co.uk/product/00k436-dell-24x-cd-external-ieee-1394s.html
Vertex Networking,Dell 0563CD Assembly Rackcma,Dell 0563CD Assembly Rackcma,https://www.vertexnetworking.co.uk/storage/product_images/677915379a947_Optical-Drives-Gen.webp,$150.00,0563CD,https://www.vertexnetworking.co.uk/product/0563cd-dell-assembly-rackcmas.html
Vertex Networking,Dell 00K033 24X CD-RW DVD Combo Drive,Dell 00K033 24X CD-RW DVD Combo Drive,https://www.vertexnetworking.co.uk/storage/product_images/67791537a850c_Optical-Drives-Gen.webp,$90.00,00K033,https://www.vertexnetworking.co.uk/product/00k033-dell-24x-cd-rw-dvd-combo-drives.html
Vertex Networking,Dell 00J226 48x CDRW/DVD IDE Drive,Dell 00J226 48x CDRW/DVD IDE Drive,https://www.vertexnetworking.co.uk/storage/product_images/677915378d4c2_Optical-Drives-Gen.webp,$95.00,00J226,https://www.vertexnetworking.co.uk/product/00j226-dell-48x-cdrw-dvd-ide-drives.html
Vertex Networking,Dell 00H928 CD-ROM RW CD Burner,Dell 00H928 CD-ROM RW CD Burner,https://www.vertexnetworking.co.uk/storage/product_images/6779153771793_Optical-Drives-Gen.webp,Get a Quote for price,00H928,https://www.vertexnetworking.co.uk/product/00h928-dell-cd-rom-rw-cd-burners.html
Vertex Networking,Dell 05C476 8X4X24X CD-RW IDE Slim Drive,Dell 05C476 8X4X24X CD-RW IDE Slim Drive,https://www.vertexnetworking.co.uk/storage/product_images/67791538069a7_Optical-Drives-Gen.webp,$95.00,05C476,https://www.vertexnetworking.co.uk/product/05c476-dell-8x4x24x-cd-rw-ide-slim-drives.html
Vertex Networking,Dell 00K751 8X CDRW/DVD Combo Drive for GX150,Dell 00K751 8X CDRW/DVD Combo Drive for GX150,https://www.vertexnetworking.co.uk/storage/product_images/6779153814f5c_Optical-Drives-Gen.webp,$125.00,00K751,https://www.vertexnetworking.co.uk/product/00k751-dell-8x-cdrw-dvd-combo-drive-for-gx150s.html
Vertex Networking,Dell 0659RD 8X CD-RW Drive for Latitude C Series and Inspiron Series,Dell 0659RD 8X CD-RW Drive for Latitude C Series and Inspiron Series,https://www.vertexnetworking.co.uk/storage/product_images/6779153851df6_Optical-Drives-Gen.webp,$165.00,0659RD,https://www.vertexnetworking.co.uk/product/0659rd-dell-8x-cd-rw-drive-for-latitude-c-series-and-inspiron-seriess.html
Vertex Networking,Dell 04X204 32X IDE 5.25-inch Form Factor CD-RW+DVD-ROM Combo Drive (Midnight Gray),Dell 04X204 32X IDE 5.25-inch Form Factor CD-RW+DVD-ROM Combo Drive (Midnight Gray),https://www.vertexnetworking.co.uk/storage/product_images/6779153745f29_Optical-Drives-Gen.webp,$98.00,04X204,https://www.vertexnetworking.co.uk/product/04x204-dell-32x-ide-5-25-inch-form-factor-cd-rw-dvd-rom-combo-drive-midnight-gray-s.html
Vertex Networking,Dell 05548X Inspiron 2600 8X CD-ROM RW CD Burner,Dell 05548X Inspiron 2600 8X CD-ROM RW CD Burner,https://www.vertexnetworking.co.uk/storage/product_images/677915377f604_Optical-Drives-Gen.webp,$215.00,05548X,https://www.vertexnetworking.co.uk/product/05548x-dell-inspiron-2600-8x-cd-rom-rw-cd-burners.html
Vertex Networking,Dell 00DCVP DVD+/-RW 8x SATA 1440,Dell 00DCVP DVD+/-RW 8x SATA 1440,https://www.vertexnetworking.co.uk/storage/product_images/677915371bb53_Optical-Drives-Gen.webp,$170.00,00DCVP,https://www.vertexnetworking.co.uk/product/00dcvp-dell-dvd-rw-8x-sata-1440s.html
Vertex Networking,Dell 05J249 24X IDE 5.25-inch CD-RW Drive (Midnight Gray),Dell 05J249 24X IDE 5.25-inch CD-RW Drive (Midnight Gray),https://www.vertexnetworking.co.uk/storage/product_images/67791536608cd_Optical-Drives-Gen.webp,$165.00,05J249,https://www.vertexnetworking.co.uk/product/05j249-dell-24x-ide-5-25-inch-cd-rw-drive-midnight-gray-s.html
Vertex Networking,EDM600B - Sony 5.25 Magneto Optical Media - Rewritable - 600MB - 5.25 - 1x,EDM600B - Sony 5.25 Magneto Optical Media - Rewritable - 600MB - 5.25 - 1x Product Condition: New,https://www.vertexnetworking.co.uk/storage/product_images/6779153580404_Optical-Drives-Gen.webp,$86.17,EDM600B,https://www.vertexnetworking.co.uk/product/edm600b-sony-5-25-magneto-optical-media-rewritable-600mb-5-25-1x.html
Vertex Networking,Dell 04R557 24X CD-RW+DVD Combo Drive,Dell 04R557 24X CD-RW+DVD Combo Drive,https://www.vertexnetworking.co.uk/storage/product_images/67791536a7a6c_Optical-Drives-Gen.webp,$92.00,04R557,https://www.vertexnetworking.co.uk/product/04r557-dell-24x-cd-rw-dvd-combo-drives.html
Vertex Networking,Dell 04U581 CD-RW Slimline Black,Dell 04U581 CD-RW Slimline Black,https://www.vertexnetworking.co.uk/storage/product_images/67791536e3f90_Optical-Drives-Gen.webp,$90.00,04U581,https://www.vertexnetworking.co.uk/product/04u581-dell-cd-rw-slimline-blacks.html
Vertex Networking,Dell 04W017 Nd-1100a 4x DVD +rw 4.7 4x DVD+r 01 V2,Dell 04W017 Nd-1100a 4x DVD +rw 4.7 4x DVD+r 01 V2,https://www.vertexnetworking.co.uk/storage/product_images/6779153729d40_Optical-Drives-Gen.webp,$115.00,04W017,https://www.vertexnetworking.co.uk/product/04w017-dell-nd-1100a-4x-dvd-rw-4-7-4x-dvd-r-01-v2s.html
Vertex Networking,Dell 00D412 12X/10X/32X SCSI CD-RW Drive,Dell 00D412 12X/10X/32X SCSI CD-RW Drive,https://www.vertexnetworking.co.uk/storage/product_images/67791536d55cf_Optical-Drives-Gen.webp,Get a Quote for price,00D412,https://www.vertexnetworking.co.uk/product/00d412-dell-12x-10x-32x-scsi-cd-rw-drives.html
Vertex Networking,Dell 05J760 24X CD-ROM RW CD Burner,Dell 05J760 24X CD-ROM RW CD Burner,https://www.vertexnetworking.co.uk/storage/product_images/677915367e256_Optical-Drives-Gen.webp,Get a Quote for price,05J760,https://www.vertexnetworking.co.uk/product/05j760-dell-24x-cd-rom-rw-cd-burners.html
Vertex Networking,Dell 04R057 24X CD-RW/DVD Combo Drive,Dell 04R057 24X CD-RW/DVD Combo Drive,https://www.vertexnetworking.co.uk/storage/product_images/677915362fd15_Optical-Drives-Gen.webp,Get a Quote for price,04R057,https://www.vertexnetworking.co.uk/product/04r057-dell-24x-cd-rw-dvd-combo-drives.html
Vertex Networking,59H4786 - IBM 5.25 Magneto Optical Media - Rewritable - 5.2GB - 5.25 - 8x,59H4786 - IBM 5.25 Magneto Optical Media - Rewritable - 5.2GB - 5.25 - 8x Product Condition: New,https://www.vertexnetworking.co.uk/storage/product_images/677915358dd0f_Optical-Drives-Gen.webp,$119.25,59H4786,https://www.vertexnetworking.co.uk/product/59h4786-ibm-5-25-magneto-optical-media-rewritable-5-2gb-5-25-8x.html
Vertex Networking,Dell 05R304 DVD/Cd-RW Drive Face Plate (Bezel),Dell 05R304 DVD/Cd-RW Drive Face Plate (Bezel),https://www.vertexnetworking.co.uk/storage/product_images/67791536b630b_Optical-Drives-Gen.webp,$115.00,05R304,https://www.vertexnetworking.co.uk/product/05r304-dell-dvd-cd-rw-drive-face-plate-bezel-s.html
Vertex Networking,Dell 04R518 24X10X24X CD-RW Drive,Dell 04R518 24X10X24X CD-RW Drive,https://www.vertexnetworking.co.uk/storage/product_images/677915368c0d2_Optical-Drives-Gen.webp,$132.00,04R518,https://www.vertexnetworking.co.uk/product/04r518-dell-24x10x24x-cd-rw-drives.html
Vertex Networking,Dell 04R114 8X CDRW,Dell 04R114 8X CDRW,https://www.vertexnetworking.co.uk/storage/product_images/6779153643571_Optical-Drives-Gen.webp,$105.00,04R114,https://www.vertexnetworking.co.uk/product/04r114-dell-8x-cdrws.html
Vertex Networking,Dell 04R150 8X CD-RW/DVD Combo Drive for Latitude C Series,Dell 04R150 8X CD-RW/DVD Combo Drive for Latitude C Series,https://www.vertexnetworking.co.uk/storage/product_images/6779153670486_Optical-Drives-Gen.webp,$100.00,04R150,https://www.vertexnetworking.co.uk/product/04r150-dell-8x-cd-rw-dvd-combo-drive-for-latitude-c-seriess.html
Vertex Networking,HP - 775427-001 - Optional Universal Media Bay Cage for ProLiant DL360 Gen9,HP - 775427-001 - Optional Universal Media Bay Cage for ProLiant DL360 Gen9 Product Condition: Refurbished,https://www.vertexnetworking.co.uk/storage/product_images/6779153621853_Server-Accessories-Gen.webp,$80.15,775427-001,https://www.vertexnetworking.co.uk/product/775427-001-hp-optional-universal-media-bay-cage-for-proliant-dl360-g9.html
Vertex Networking,Dell 05K614 16X CD-RW/DVD ROM Combo Drive for Laptop,Dell 05K614 16X CD-RW/DVD ROM Combo Drive for Laptop,https://www.vertexnetworking.co.uk/storage/product_images/6779153699c04_Optical-Drives-Gen.webp,$98.00,05K614,https://www.vertexnetworking.co.uk/product/05k614-dell-16x-cd-rw-dvd-rom-combo-drive-for-laptops.html
Vertex Networking,Dell 04T616 24X CD-ROM Unit and CD-RW Unit Side Unit,Dell 04T616 24X CD-ROM Unit and CD-RW Unit Side Unit,https://www.vertexnetworking.co.uk/storage/product_images/67791536c6693_Optical-Drives-Gen.webp,Get a Quote for price,04T616,https://www.vertexnetworking.co.uk/product/04t616-dell-24x-cd-rom-unit-and-cd-rw-unit-side-units.html
Vertex Networking,Dell - YYCRW - Slim 9.5MM DVD/RW Optical Drive for OptiPlex 7040,Dell - YYCRW - Slim 9.5MM DVD/RW Optical Drive for OptiPlex 7040 Product Condition: Refurbished,https://www.vertexnetworking.co.uk/storage/product_images/67791535c576c_Optical-Drives-Gen.webp,$66.62,YYCRW,https://www.vertexnetworking.co.uk/product/yycrw-dell-slim-9-5mm-dvdrw-optical-drive-for-optiplex-7040.html
Vertex Networking,88145J - HP 4.80GB 8X 5.25-inch Magneto Optical Media,88145J - HP 4.80GB 8X 5.25-inch Magneto Optical Media Product Condition: New Miscellaneous,https://www.vertexnetworking.co.uk/storage/product_images/6779153651b3d_Optical-Drives-Gen.webp,$93.68,88145J,https://www.vertexnetworking.co.uk/product/88145j-hp-4-80gb-8x-5-25-inch-magneto-optical-media.html
Vertex Networking,Dell - H7531 - D Bay External Powered USB Media Drive D-Bay,Dell - H7531 - D Bay External Powered USB Media Drive D-Bay Product Condition: Refurbished,https://www.vertexnetworking.co.uk/storage/product_images/677915361266d_0H7531-o.webp,$80.15,H7531,https://www.vertexnetworking.co.uk/product/h7531-dell-d-bay-external-powered-usb-media-drive-bay-housing-ww.html
Vertex Networking,Dell 00FYJ3 8X SATA DVD+/-RW Drive,Dell 00FYJ3 8X SATA DVD+/-RW Drive,https://www.vertexnetworking.co.uk/storage/product_images/67791537377e6_Optical-Drives-Gen.webp,$90.00,00FYJ3,https://www.vertexnetworking.co.uk/product/00fyj3-dell-8x-sata-dvd-rw-drives.html
Vertex Networking,CA90002-C017 - Fujitsu 3.5 Magneto Optical Media - Rewritable - 1.3GB - 3.5,CA90002-C017 - Fujitsu 3.5 Magneto Optical Media - Rewritable - 1.3GB - 3.5 Product Condition: New,https://www.vertexnetworking.co.uk/storage/product_images/67791534da960_Optical-Drives-Gen.webp,$72.63,CA90002-C017,https://www.vertexnetworking.co.uk/product/ca90002-c017-fujitsu-3-5-magneto-optical-media-rewritable-1-3gb-3-5.html
Vertex Networking,Sony EDM4800 EDM4800 - Sony EDM4800 Magneto Optical Media - 4.80 GB - 5.25 - 8x,Sony EDM4800 EDM4800 - Sony EDM4800 Magneto Optical Media - 4.80 GB - 5.25 - 8x,https://www.vertexnetworking.co.uk/storage/product_images/67791534e8fde_Optical-Drives-Gen.webp,$120.00,EDM4800,https://www.vertexnetworking.co.uk/product/edm4800-sony-edm4800-magneto-optical-media-4-80-gb-5-25-8x.html
Vertex Networking,59H4791 - IBM 5.25 Magneto Optical Media - WORM - 5.2GB - 5.25 - 8x,59H4791 - IBM 5.25 Magneto Optical Media - WORM - 5.2GB - 5.25 - 8x Product Condition: New,https://www.vertexnetworking.co.uk/storage/product_images/67791535a933f_Optical-Drives-Gen.webp,$146.32,59H4791,https://www.vertexnetworking.co.uk/product/59h4791-ibm-5-25-magneto-optical-media-worm-5-2gb-5-25-8x.html
Vertex Networking,HP - C7986A - 8.6GB 5.25-Inch Magneto Optical Media Drive,HP - C7986A - 8.6GB 5.25-Inch Magneto Optical Media Drive Product Condition: Refurbished Miscellaneous,https://www.vertexnetworking.co.uk/storage/product_images/67791534cbfa1_Optical-Drives-Gen.webp,$119.25,C7986A,https://www.vertexnetworking.co.uk/product/c7986a-hp-8-6gb-5-25-inch-magneto-optical-media.html
Vertex Networking,100 Pack Storage Spindle.- 80 min.- 700MB 48X.,- 100 Pack Storage Spindle.- 80 min.- 700MB 48X.,https://www.vertexnetworking.co.uk/storage/product_images/6779153416e4d_Optical-Drives-Gen.webp,$145.00,100CDQ80RS,https://www.vertexnetworking.co.uk/product/100cdq80rs-sony-48x-cd-r-media-700mb-120mm-100-pack-spindle.html
Vertex Networking,Vertax Networking is a leading computer hardware store offering top-quality server and PC components. Shop online for the latest innovations in technology and exceptional customer service.,Vertax Networking is a leading computer hardware store offering top-quality server and PC components. Shop online for the latest innovations in technology and exceptional customer service.,https://www.vertexnetworking.co.uk/storage/product_images/6779153434aeb_Optical-Drives-Gen.webp,$62.00,0KVXM6,https://www.vertexnetworking.co.uk/product/dell-0kvxm6-8x-dvd-rom-sata-slimline-optical-drive-for-poweredge-r710.html
Vertex Networking,Sony CWO5200CWW CWO5200CWW - Sony 5.25 Magneto Optical Media - WORM - 5.2GB - 8x,Sony CWO5200CWW CWO5200CWW - Sony 5.25 Magneto Optical Media - WORM - 5.2GB - 8x,https://www.vertexnetworking.co.uk/storage/product_images/6779153484efb_Optical-Drives-Gen.webp,$115.00,CWO5200CWW,https://www.vertexnetworking.co.uk/product/cwo5200cww-sony-5-25-magneto-optical-media-worm-5-2gb-8x.html
Vertex Networking,Dell - DH10N - 16x/48x SATA Internal DVD-ROM Drive,Dell - DH10N - 16x/48x SATA Internal DVD-ROM Drive Product Condition: Refurbished,https://www.vertexnetworking.co.uk/storage/product_images/67791535b74b8_Optical-Drives-Gen.webp,$66.62,DH10N,https://www.vertexnetworking.co.uk/product/dh10n-dell-sata-dvd-rom-drives.html
Vertex Networking,Vertax Networking is a leading computer hardware store offering top-quality server and PC components. Shop online for the latest innovations in technology and exceptional customer service.,Vertax Networking is a leading computer hardware store offering top-quality server and PC components. Shop online for the latest innovations in technology and exceptional customer service.,https://www.vertexnetworking.co.uk/storage/product_images/677915347702c_Optical-Drives-Gen.webp,$85.00,0W637M,https://www.vertexnetworking.co.uk/product/dell-0w637m-slimline-dvd-rw-sata-for-poweredge-1950.html
Vertex Networking,"Outstanding storage solution for sophisticated multimedia and network applications (such as desktop publishing, medical diagnostics and financial records). - High-speed random access : suitable for large-scale libraries and jukeboxes. - Easy","- Outstanding storage solution for sophisticated multimedia and network applications (such as desktop publishing, medical diagnostics and financial records). - High-speed random access : suitable for large-scale libraries and jukeboxes. - Easy",https://www.vertexnetworking.co.uk/storage/product_images/67791534261fe_Optical-Drives-Gen.webp,$165.00,EDM2300,https://www.vertexnetworking.co.uk/product/edm2300-sony-2-3gb-rewritable-5-25-inch-magneto-optical-media-refurbished.html
Vertex Networking,Sony EDM4100 EDM4100 - Sony EDM4100 Magneto Optical Media - 4.10 GB - 5.25 - 8x,Sony EDM4100 EDM4100 - Sony EDM4100 Magneto Optical Media - 4.10 GB - 5.25 - 8x,https://www.vertexnetworking.co.uk/storage/product_images/67791534af0a7_Optical-Drives-Gen.webp,$115.00,EDM4100,https://www.vertexnetworking.co.uk/product/edm4100-sony-edm4100-magneto-optical-media-4-10-gb-5-25-8x.html
Vertex Networking,"Outstanding storage solution for sophisticated multimedia and network applications (such as desktop publishing, medical diagnostics and financial records). - High-speed random access : suitable for large-scale libraries and jukeboxes. - Easy","- Outstanding storage solution for sophisticated multimedia and network applications (such as desktop publishing, medical diagnostics and financial records). - High-speed random access : suitable for large-scale libraries and jukeboxes. - Easy",https://www.vertexnetworking.co.uk/storage/product_images/677915340951c_Optical-Drives-Gen.webp,$155.00,CWO5200C,https://www.vertexnetworking.co.uk/product/cwo5200c-sony-5-25-worm-5-2gb-magneto-optical-media.html
Vertex Networking,EDM-9100C - Sony 5.25 Magneto Optical Media - Rewritable - 9.1GB - 14x,EDM-9100C - Sony 5.25 Magneto Optical Media - Rewritable - 9.1GB - 14x Product Condition: Refurbished,https://www.vertexnetworking.co.uk/storage/product_images/677915359b460_Optical-Drives-Gen.webp,$149.32,EDM-9100C,https://www.vertexnetworking.co.uk/product/edm-9100c-sony-5-25-magneto-optical-media-rewritable-9-1gb-14x.html
Vertex Networking,Sony EDM5200 EDM5200 - Sony EDM5200 Magneto Optical Media - 5.20 GB - 5.25 - 8x,Sony EDM5200 EDM5200 - Sony EDM5200 Magneto Optical Media - 5.20 GB - 5.25 - 8x,https://www.vertexnetworking.co.uk/storage/product_images/677915351ae5c_Optical-Drives-Gen.webp,$115.00,EDM5200,https://www.vertexnetworking.co.uk/product/edm5200-sony-edm5200-magneto-optical-media-5-20-gb-5-25-8x.html
Vertex Networking,09G7344 - IBM 5.25 Magneto Optical Media - Rewritable - 1.3GB - 5.25 - 2x,09G7344 - IBM 5.25 Magneto Optical Media - Rewritable - 1.3GB - 5.25 - 2x Product Condition: New,https://www.vertexnetworking.co.uk/storage/product_images/677915357242e_Optical-Drives-Gen.webp,$72.63,09G7344,https://www.vertexnetworking.co.uk/product/09g7344-ibm-5-25-magneto-optical-media-rewritable-1-3gb-5-25-2x.html
Vertex Networking,92290T - HP 1.3GB 5.25-inch Magneto Optical Media,92290T - HP 1.3GB 5.25-inch Magneto Optical Media Product Condition: New Miscellaneous,https://www.vertexnetworking.co.uk/storage/product_images/67791534a0456_Optical-Drives-Gen.webp,$66.62,92290T,https://www.vertexnetworking.co.uk/product/92290t-hp-1-3gb-5-25-inch-magneto-optical-media.html
Vertex Networking,Sony EDM1200 EDM1200 - Sony EDM1200 Magneto Optical Media - 1.20 GB - 5.25,Sony EDM1200 EDM1200 - Sony EDM1200 Magneto Optical Media - 1.20 GB - 5.25,https://www.vertexnetworking.co.uk/storage/product_images/67791534928e8_Optical-Drives-Gen.webp,$95.00,EDM1200,https://www.vertexnetworking.co.uk/product/edm1200-sony-edm1200-magneto-optical-media-1-20-gb-5-25.html
Vertex Networking,"In order to maintain the broadest application spectrum possible and ensure that older data stored on previous generations of MO are easily accessible, the GIGAMO drive is designed to be able to read and write MO disks of all capacities, thereby providing a secure migration path to the future. Sony's original antistatic hard coat protects the disk against scratches and dust, and the shutter is made of a strong, lightweight and wear-resistant aluminum alloy which contains a high magnesium content to maximize smooth disk operation.","In order to maintain the broadest application spectrum possible and ensure that older data stored on previous generations of MO are easily accessible, the GIGAMO drive is designed to be able to read and write MO disks of all capacities, thereby providing a secure migration path to the future. Sony's original antistatic hard coat protects the disk against scratches and dust, and the shutter is made of a strong, lightweight and wear-resistant aluminum alloy which contains a high magnesium content to maximize smooth disk operation. Product Condition: New",https://www.vertexnetworking.co.uk/storage/product_images/6779153563994_Optical-Drives-Gen.webp,$95.19,EDMG23C,https://www.vertexnetworking.co.uk/product/edmg23c-sony-3-5-magneto-optical-media-rewritable-2-3gb.html
Vertex Networking,HP - C7983A - 9.1GB Rewritable 5.25-Inch Magneto Optical Drive,HP - C7983A - 9.1GB Rewritable 5.25-Inch Magneto Optical Drive Product Condition: Refurbished Miscellaneous,https://www.vertexnetworking.co.uk/storage/product_images/67791534bd6ad_Optical-Drives-Gen.webp,$146.32,C7983A,https://www.vertexnetworking.co.uk/product/c7983a-hp-9-1gb-mo-rewritable-optical-disk.html
Vertex Networking,"3.5'' Gigamo Magneto-Optical Disk. Ideal for multimedia back-up, data archiving and digital video editing. Features MSR technology which increases capacity up to 1.3 GB. Exist in Macintosh and PC formatted versions.-High reliability -High Capacity -Fast transfer rates up to 5.92 MB per second -Over 50 years archival life -Full backward compatibility.","3.5'' Gigamo Magneto-Optical Disk. Ideal for multimedia back-up, data archiving and digital video editing. Features MSR technology which increases capacity up to 1.3 GB. Exist in Macintosh and PC formatted versions.-High reliability -High Capacity -Fast transfer rates up to 5.92 MB per second -Over 50 years archival life -Full backward compatibility. Product Condition: New",https://www.vertexnetworking.co.uk/storage/product_images/677915350b713_Optical-Drives-Gen.webp,$74.14,EDMG13C,https://www.vertexnetworking.co.uk/product/edmg13c-sony-magneto-optical-media-1-24-gb-3-5-inch.html
Vertex Networking,"Record an outstanding 50GB of data. That's enough for up to 10 standard DVDs on one disc. Imagine 46 hours of standard definition television, tens of thousands of music recordings.Today's ever-complex world demands the highest possible media capacity to deliver higher definition picture and sound quality. With unbeatable storage capacity and recording flexibility for content-owners and consumers alike, Blu-ray Disc delivers.","Record an outstanding 50GB of data. That's enough for up to 10 standard DVDs on one disc. Imagine 46 hours of standard definition television, tens of thousands of music recordings.Today's ever-complex world demands the highest possible media capacity to deliver higher definition picture and sound quality. With unbeatable storage capacity and recording flexibility for content-owners and consumers alike, Blu-ray Disc delivers.",https://www.vertexnetworking.co.uk/storage/product_images/6779153205d61_Optical-Drives-Gen.webp,$52.00,BNE50RH,https://www.vertexnetworking.co.uk/product/bne50rh-sony-2x-bd-re-double-layer-media-50gb-120mm-standard-1-pack-jewel-case.html
Vertex Networking,Sony's optical media are 5.25-inch discs compatible with a wide range of optical drives.They're treated with Sony's advanced polycarbonate substrate for extra durability and shock resistance.,Sony's optical media are 5.25-inch discs compatible with a wide range of optical drives.They're treated with Sony's advanced polycarbonate substrate for extra durability and shock resistance.,https://www.vertexnetworking.co.uk/storage/product_images/67791532344d3_Optical-Drives-Gen.webp,$138.00,EDM2600CWW,https://www.vertexnetworking.co.uk/product/edm2600cww-sony-5-25-magneto-optical-media-rewritable-2-6gb-4x.html
Vertex Networking,Pack Size: 20 Color Pack Slim Jewel Case,- Pack Size: 20 Color Pack Slim Jewel Case,https://www.vertexnetworking.co.uk/storage/product_images/67791531d116a_Optical-Drives-Gen.webp,$55.00,20CDQ80RX,https://www.vertexnetworking.co.uk/product/20cdq80rx-sony-20cdq80rx-48-cd-r-media-700mb-120mm-standard-20-pack-slim-jewel-case.html
Vertex Networking,CWO5200 - Sony CWO5200 Magneto Optical Media - 5.20 GB - 5.25 - 8x,CWO5200 - Sony CWO5200 Magneto Optical Media - 5.20 GB - 5.25 - 8x,https://www.vertexnetworking.co.uk/storage/product_images/67791533e256e_Optical-Drives-Gen.webp,$155.00,CWO5200,https://www.vertexnetworking.co.uk/product/cwo5200-sony-cwo5200-magneto-optical-media-5-20-gb-5-25-8x.html
Vertex Networking,"Outstanding storage solution for sophisticated multimedia and network applications (such as desktop publishing, medical diagnostics and financial records)..High-speed random access : suitable for large-scale libraries and jukeboxes..Easy to handle and removable..Ultra reliability and durability : over 100,000 load/unload cycles per side without quality loss and 50-year archival life. Resistance to dust and scratches thanks to hard-coating and anti-static disc surface and strong shelter..Fully backward compatible..","Outstanding storage solution for sophisticated multimedia and network applications (such as desktop publishing, medical diagnostics and financial records)..High-speed random access : suitable for large-scale libraries and jukeboxes..Easy to handle and removable..Ultra reliability and durability : over 100,000 load/unload cycles per side without quality loss and 50-year archival life. Resistance to dust and scratches thanks to hard-coating and anti-static disc surface and strong shelter..Fully backward compatible..",https://www.vertexnetworking.co.uk/storage/product_images/677915335ed7b_Optical-Drives-Gen.webp,$52.00,EDM600,https://www.vertexnetworking.co.uk/product/edm600-sony-edm600-magneto-optical-media-600-mb.html
Vertex Networking,"Record an outstanding 25GB of data on a single-sided disc. That's enough for up to 5 standard DVDs on one disc. Imagine 23 hours of standard definition television, tens of thousands of music recordings. Today's ever-complex world demands the highest possible media capacity to deliver higher definition picture and sound quality. With unbeatable storage capacity and recording flexibility for content-owners and consumers alike, Blu-ray Disc delivers.","Record an outstanding 25GB of data on a single-sided disc. That's enough for up to 5 standard DVDs on one disc. Imagine 23 hours of standard definition television, tens of thousands of music recordings. Today's ever-complex world demands the highest possible media capacity to deliver higher definition picture and sound quality. With unbeatable storage capacity and recording flexibility for content-owners and consumers alike, Blu-ray Disc delivers.",https://www.vertexnetworking.co.uk/storage/product_images/677915336c84a_Optical-Drives-Gen.webp,$135.00,BNR25RH,https://www.vertexnetworking.co.uk/product/bnr25rh-sony-2x-bd-r-media-25gb-120mm-1-pack-jewel-case.html
Vertex Networking,CA90002-C016 - Fujitsu 3.5 Magneto Optical Media - Rewritable - 640MB - 3.5,CA90002-C016 - Fujitsu 3.5 Magneto Optical Media - Rewritable - 640MB - 3.5,https://www.vertexnetworking.co.uk/storage/product_images/67791533b61b7_Optical-Drives-Gen.webp,$172.00,CA90002-C016,https://www.vertexnetworking.co.uk/product/ca90002-c016-fujitsu-3-5-magneto-optical-media-rewritable-640mb-3-5.html
Vertex Networking,"Record an outstanding 25GB of data on a single-sided disc. That's enough for up to 5 standard DVDs on one disc. Imagine 23 hours of standard definition television, tens of thousands of music recordings. Today's ever-complex world demands the highest possible media capacity to deliver higher definition picture and sound quality. With unbeatable storage capacity and recording flexibility for content-owners and consumers alike, Blu-ray Disc","Record an outstanding 25GB of data on a single-sided disc. That's enough for up to 5 standard DVDs on one disc. Imagine 23 hours of standard definition television, tens of thousands of music recordings. Today's ever-complex world demands the highest possible media capacity to deliver higher definition picture and sound quality. With unbeatable storage capacity and recording flexibility for content-owners and consumers alike, Blu-ray Disc",https://www.vertexnetworking.co.uk/storage/product_images/67791531dddf7_Optical-Drives-Gen.webp,$55.00,BNE25RH/2,https://www.vertexnetworking.co.uk/product/bne25rh-2-sony-bne25rh-2-blu-ray-rewritable-media-bd-re-2x-25-gb-1-pack-jewel-case-120mm.html
Vertex Networking,Choose to store up to 700MB of permanent data or 80 minutes of digital audio recordings on a single CD-R disk.,Choose to store up to 700MB of permanent data or 80 minutes of digital audio recordings on a single CD-R disk.,https://www.vertexnetworking.co.uk/storage/product_images/67791531c3cfe_Optical-Drives-Gen.webp,$85.00,5CDQ80RH,https://www.vertexnetworking.co.uk/product/5cdq80rh-sony-5cdq80rh-cd-recordable-media-cd-r-48x-700-mb-5-pack-slim-jewel-case-120mm1-33-hour-maximum-recording-time.html
Vertex Networking,BNR50R2H - Sony BNR50R2H Blu-ray Recordable Media - BD-R DL - 4x - 50 GB - 120mm46 Hour Maximum Recording Time,BNR50R2H - Sony BNR50R2H Blu-ray Recordable Media - BD-R DL - 4x - 50 GB - 120mm46 Hour Maximum Recording Time,https://www.vertexnetworking.co.uk/storage/product_images/6779153388f16_Optical-Drives-Gen.webp,Get a Quote for price,BNR50R2H,https://www.vertexnetworking.co.uk/product/bnr50r2h-sony-bnr50r2h-blu-ray-recordable-media-bd-r-dl-4x-50-gb-120mm46-hour-maximum-recording-time.html
Vertex Networking,BNR25R2H - Sony 2x BD-R Media - 25GB - 120mm - 1 Pack Jewel Case,BNR25R2H - Sony 2x BD-R Media - 25GB - 120mm - 1 Pack Jewel Case,https://www.vertexnetworking.co.uk/storage/product_images/6779153226bea_Optical-Drives-Gen.webp,$55.00,BNR25R2H,https://www.vertexnetworking.co.uk/product/bnr25r2h-sony-2x-bd-r-media-25gb-120mm-1-pack-jewel-case.html
Vertex Networking,Dell - DJP6T - 16x SATA Internal Desktop Multi-Recorder DVD+/-RW Drive for Inspiron 660,Dell - DJP6T - 16x SATA Internal Desktop Multi-Recorder DVD+/-RW Drive for Inspiron 660,https://www.vertexnetworking.co.uk/storage/product_images/6779153396f2f_Optical-Drives-Gen.webp,$90.00,DJP6T,https://www.vertexnetworking.co.uk/product/djp6t-dell-inspiron-660-16x-sata-internal-desktop-multi-recorder-dvd-rw-drive.html
Vertex Networking,CWO4800CWW - Sony 5.25 Magneto Optical Media - WORM - 4.8GB - 8x,CWO4800CWW - Sony 5.25 Magneto Optical Media - WORM - 4.8GB - 8x,https://www.vertexnetworking.co.uk/storage/product_images/67791533c3b16_Optical-Drives-Gen.webp,$278.00,CWO4800CWW,https://www.vertexnetworking.co.uk/product/cwo4800cww-sony-5-25-magneto-optical-media-worm-4-8gb-8x.html
Vertex Networking,IBM 90P3697 CD / DVD Case with Interposer Card for BladeCenter T (Type 8720 / 30),IBM 90P3697 CD / DVD Case with Interposer Card for BladeCenter T (Type 8720 / 30) Product Condition: Refurbished,https://www.vertexnetworking.co.uk/storage/product_images/67791533d4f92_Miscellaneous-Gen.webp,$95.00,90P3697,https://www.vertexnetworking.co.uk/product/90p3697-ibm-cd-dvd-case-with-interposer-cards.html
Vertex Networking,EDM-2600 - Sony 5.25 Rewritable 2.6GB Magneto Optical Media,EDM-2600 - Sony 5.25 Rewritable 2.6GB Magneto Optical Media,https://www.vertexnetworking.co.uk/storage/product_images/6779153218ee6_Optical-Drives-Gen.webp,$110.00,EDM-2600,https://www.vertexnetworking.co.uk/product/edm-2600-sony-5-25-rewritable-2-6gb-magneto-optical-media.html
Vertex Networking,"Record an outstanding 25GB of data on a single-sided Blu-ray disc. That""s enough for up to 5 standard DVDs on one disc. Imagine 23 hours of standard definition television, tens of thousands of music recordings. Today's ever-complex world demands the highest possible media capacity to deliver higher definition picture and sound quality. With unbeatable storage capacity and recording flexibility for content-owners and consumers alike, Blu-ray Disc","Record an outstanding 25GB of data on a single-sided Blu-ray disc. That""s enough for up to 5 standard DVDs on one disc. Imagine 23 hours of standard definition television, tens of thousands of music recordings. Today's ever-complex world demands the highest possible media capacity to deliver higher definition picture and sound quality. With unbeatable storage capacity and recording flexibility for content-owners and consumers alike, Blu-ray Disc",https://www.vertexnetworking.co.uk/storage/product_images/6779153350217_Optical-Drives-Gen.webp,$55.00,BNR25R3H/2,https://www.vertexnetworking.co.uk/product/bnr25r3h-2-sony-bnr25r3h-2-blu-ray-recordable-media-bd-r-6x-25-gb-1-pack-jewel-case-120mm.html
Vertex Networking,EDM1200B - Sony 5.25 Magneto Optical Media - Rewritable - 1.2GB - 5.25 - 2x,EDM1200B - Sony 5.25 Magneto Optical Media - Rewritable - 1.2GB - 5.25 - 2x,https://www.vertexnetworking.co.uk/storage/product_images/67791531eb378_Optical-Drives-Gen.webp,$145.00,EDM1200B,https://www.vertexnetworking.co.uk/product/edm1200b-sony-5-25-magneto-optical-media-rewritable-1-2gb-5-25-2x.html
Vertex Networking,Blu-Ray Recordable Dual Layer Disk features a 50GB memory capacity and a recording speed of 72mbps.- High-precision disk structure made to prevent warping during severe changes in temperature and humidity.- Offers lower errors while recordin,- Blu-Ray Recordable Dual Layer Disk features a 50GB memory capacity and a recording speed of 72mbps.- High-precision disk structure made to prevent warping during severe changes in temperature and humidity.- Offers lower errors while recordin,https://www.vertexnetworking.co.uk/storage/product_images/67791533a5e4d_Optical-Drives-Gen.webp,$190.00,BNR50RH,https://www.vertexnetworking.co.uk/product/bnr50rh-sony-2x-bd-r-dual-layer-media-50gb-120mm-standard.html
Vertex Networking,HP - C4506A - 12x/8x/32x Speed 50-Pin SCSI CD-R/RW Optical Drive,HP - C4506A - 12x/8x/32x Speed 50-Pin SCSI CD-R/RW Optical Drive,https://www.vertexnetworking.co.uk/storage/product_images/677915337aa9d_Optical-Drives-Gen.webp,$228.00,C4506A,https://www.vertexnetworking.co.uk/product/c4506a-hp-12x-8x-32x-speed-50-pin-scsi-cd-r-rw-optical-drives.html
Vertex Networking,"Single Layer 25GB 50 Pack - Spindle, Recordable 6X & Ink-jet Printable","Single Layer 25GB 50 Pack - Spindle, Recordable 6X & Ink-jet Printable",https://www.vertexnetworking.co.uk/storage/product_images/67791530d0d97_Optical-Drives-Gen.webp,$105.00,50BNR25AP6,https://www.vertexnetworking.co.uk/product/50bnr25ap6-sony-bnr25a-6x-bd-r-media-25gb-120mm-standard-50-pack-jewel-case.html
Vertex Networking,3BNR25R3H - Sony BNR25R3H Blu-ray Recordable Media - BD-R - 6x - 25 GB - 3 Pack Jewel Case - 120mm,3BNR25R3H - Sony BNR25R3H Blu-ray Recordable Media - BD-R - 6x - 25 GB - 3 Pack Jewel Case - 120mm,https://www.vertexnetworking.co.uk/storage/product_images/67791530ae9af_Optical-Drives-Gen.webp,Get a Quote for price,3BNR25R3H,https://www.vertexnetworking.co.uk/product/3bnr25r3h-sony-bnr25r3h-blu-ray-recordable-media-bd-r-6x-25-gb-3-pack-jewel-case-120mm.html
Vertex Networking,Sony - 30CDQ80RSX - CDQ80 48x CD-R Media 700MB 120mm Standard 30 Pack Spindle,Sony - 30CDQ80RSX - CDQ80 48x CD-R Media 700MB 120mm Standard 30 Pack Spindle,https://www.vertexnetworking.co.uk/storage/product_images/6779153090268_Optical-Drives-Gen.webp,$192.00,30CDQ80RSX,https://www.vertexnetworking.co.uk/product/30cdq80rsx-sony-cdq80-48x-cd-r-media-700mb-120mm-standard-30-pack-spindle.html
Vertex Networking,80 min- 700MB- 48X,- 80 min- 700MB- 48X,https://www.vertexnetworking.co.uk/storage/product_images/677915312f38e_Optical-Drives-Gen.webp,$52.00,50CDQ80RS,https://www.vertexnetworking.co.uk/product/50cdq80rs-sony-48x-cd-r-media-700mb-120mm-50-pack-spindle.html
Vertex Networking,Pack Size: 50 Pack Storage Spindle,- Pack Size: 50 Pack Storage Spindle,https://www.vertexnetworking.co.uk/storage/product_images/67791530ed33d_Optical-Drives-Gen.webp,$55.00,50CDQ80PI3,https://www.vertexnetworking.co.uk/product/50cdq80pi3-sony-48x-cd-r-media-700mb-120mm-50-pack-spindle.html
Vertex Networking,Pack Size: 50 Pack,- Pack Size: 50 Pack,https://www.vertexnetworking.co.uk/storage/product_images/6779153181d5d_Optical-Drives-Gen.webp,$90.00,50CRM80RS,https://www.vertexnetworking.co.uk/product/50crm80rs-sony-cd-r-media-700mb-120mm-standard-50-pack-spindle.html
Vertex Networking,10BNR25RNS - Sony 10BNR25RNS Blu-ray Recordable Media - BD-R - 6x - 25 GB - 10 Pack Spindle - 120mm,10BNR25RNS - Sony 10BNR25RNS Blu-ray Recordable Media - BD-R - 6x - 25 GB - 10 Pack Spindle - 120mm,https://www.vertexnetworking.co.uk/storage/product_images/6779153120f89_Optical-Drives-Gen.webp,$55.00,10BNR25RNS,https://www.vertexnetworking.co.uk/product/10bnr25rns-sony-10bnr25rns-blu-ray-recordable-media-bd-r-6x-25-gb-10-pack-spindle-120mm.html
Vertex Networking,5BNR25R3H - Sony BNR25R3H Blu-ray Recordable Media - BD-R - 6x - 25 GB - 5 Pack Jewel Case - 120mm,5BNR25R3H - Sony BNR25R3H Blu-ray Recordable Media - BD-R - 6x - 25 GB - 5 Pack Jewel Case - 120mm,https://www.vertexnetworking.co.uk/storage/product_images/67791531a93c7_Optical-Drives-Gen.webp,$55.00,5BNR25R3H,https://www.vertexnetworking.co.uk/product/5bnr25r3h-sony-bnr25r3h-blu-ray-recordable-media-bd-r-6x-25-gb-5-pack-jewel-case-120mm.html
Vertex Networking,Choose to store up to 700MB of permanent data or 80 minutes of digital audio recordings on a single CD-R disk. Apply print or graphics or text to the disk's printable surface with a thermal printer.Fit up to 700MB of permanent data or 80 minutes of digital audio recordings on a single 50CDQ80PT3 CD-R disk. Know that strict quality controls and superior manufacturing processes have ensured that today's high-speed recording requirements have been met with ease. Use a thermal printer to customize the look of your disk by applying graphics or text to its printable surface.,Choose to store up to 700MB of permanent data or 80 minutes of digital audio recordings on a single CD-R disk. Apply print or graphics or text to the disk's printable surface with a thermal printer.Fit up to 700MB of permanent data or 80 minutes of digital audio recordings on a single 50CDQ80PT3 CD-R disk. Know that strict quality controls and superior manufacturing processes have ensured that today's high-speed recording requirements have been met with ease. Use a thermal printer to customize the look of your disk by applying graphics or text to its printable surface.,https://www.vertexnetworking.co.uk/storage/product_images/6779153113a32_Optical-Drives-Gen.webp,$85.00,50CDQ80PT3,https://www.vertexnetworking.co.uk/product/50cdq80pt3-sony-48x-cd-r-media-700mb-120mm-50-pack-spindle.html
Vertex Networking,Sun - 370-4439 16x DVD-Rom / 48x CD-ROM,Sun - 370-4439 16x DVD-Rom / 48x CD-ROM,https://www.vertexnetworking.co.uk/storage/product_images/677915308207c_DVD.webp,Get a Quote for price,370-4439,https://www.vertexnetworking.co.uk/product/370-4439-sun-16x-dvd-rom-48x-cd-rom.html
Vertex Networking,Dell 0R83XP 8x SATA Slimline DVD-ROM Optical Drive,Product Condition: Refurbished,https://www.vertexnetworking.co.uk/storage/product_images/6779152fca2c8_cd-rom-gen_ltzf3dcc0eaw2b8q.webp,$66.62,0R83XP,https://www.vertexnetworking.co.uk/product/dell-0r83xp-slimline-sata-8x-dvd-rom-disk-drive.html
Vertex Networking,IBM 39R8319 CD / DVD Case with Interposer Card for BladeCenter T (Type 8720 / 30),IBM 39R8319 CD / DVD Case with Interposer Card for BladeCenter T (Type 8720 / 30) Product Condition: Refurbished,https://www.vertexnetworking.co.uk/storage/product_images/67791530a0927_Miscellaneous-Gen.webp,$95.00,39R8319,https://www.vertexnetworking.co.uk/product/39r8319-ibm-cd-dvd-case-with-interposer-card-1s.html
Vertex Networking,Dell PNDVV 8x SATA DVD+/-RW Optical Drive with Bezel,Product Condition: Refurbished,https://www.vertexnetworking.co.uk/storage/product_images/67791530340fe_cd-rom-gen_vsp2h7jpiaxrbsnt.webp,$66.62,PNDVV,https://www.vertexnetworking.co.uk/product/dell-pndvv-9-5mm-8x-9-5t-plds-sata-dvd-rw-silver.html
Vertex Networking,59H5629 - IBM 5.25 UDO Media - Rewritable UDO - 60GB,59H5629 - IBM 5.25 UDO Media - Rewritable UDO - 60GB,https://www.vertexnetworking.co.uk/storage/product_images/67791530dfc32_Optical-Drives-Gen.webp,$178.00,59H5629,https://www.vertexnetworking.co.uk/product/59h5629-ibm-5-25-udo-media-rewritable-udo-60gb.html
Vertex Networking,IBM - 43W4605 - IDE CD-RW-DVD-ROM Combo Drive for x3250 M2,IBM - 43W4605 - IDE CD-RW-DVD-ROM Combo Drive for x3250 M2,https://www.vertexnetworking.co.uk/storage/product_images/67791530c2d7c_Optical-Drives-Gen.webp,$90.00,43W4605,https://www.vertexnetworking.co.uk/product/43w4605-ibm-ide-cd-rw-dvd-rom-combo-drives.html
Vertex Networking,Pack Size: 10 Pack,- Pack Size: 10 Pack,https://www.vertexnetworking.co.uk/storage/product_images/67791531b6bbb_Optical-Drives-Gen.webp,$130.00,10CRM80R,https://www.vertexnetworking.co.uk/product/10crm80r-sony-cd-r-media-700mb-120mm-standard-10-pack-slim-jewel-case.html
Vertex Networking,Sony - 30CDQ80R - 48x CD-R Media 700MB 120mm Standard 30 Pack Slim Jewel Case,Sony - 30CDQ80R - 48x CD-R Media 700MB 120mm Standard 30 Pack Slim Jewel Case,https://www.vertexnetworking.co.uk/storage/product_images/6779153041e40_Optical-Drives-Gen.webp,$150.00,30CDQ80R,https://www.vertexnetworking.co.uk/product/30cdq80r-sony-48x-cd-r-media-700mb-120mm-standard-30-pack-slim-jewel-case.html
Vertex Networking,10CDQ80L3//T - Sony 48x CD-R Media - 700MB - 10 Pack,10CDQ80L3//T - Sony 48x CD-R Media - 700MB - 10 Pack,https://www.vertexnetworking.co.uk/storage/product_images/6779153172f0e_Optical-Drives-Gen.webp,$52.00,10CDQ80L3//T,https://www.vertexnetworking.co.uk/product/10cdq80l3-t-sony-48x-cd-r-media-700mb-10-pack.html
Vertex Networking,Pack Size: 10 Pack Slim Jewel Case,- Pack Size: 10 Pack Slim Jewel Case,https://www.vertexnetworking.co.uk/storage/product_images/677915319190e_Optical-Drives-Gen.webp,Get a Quote for price,10CDQ80R,https://www.vertexnetworking.co.uk/product/10cdq80r-sony-48x-cd-r-media-700mb-120mm-10-pack-slim-jewel-case.html
Vertex Networking,Dell 23HW6 8x SATA DVD+/-RW Optical Drive for OptiPlex 9020,Product Condition: Refurbished,https://www.vertexnetworking.co.uk/storage/product_images/6779152ed90c7_cd-rom-gen_vsp2h7jpiaxrbsnt.webp,$74.14,23HW6,https://www.vertexnetworking.co.uk/product/dell-23hw6-8x-dvd-rw-internal-slimline-sata-disk-drive-for-optiplex-7010.html
Vertex Networking,UU009 - Dell SATA 5.25-inch Internal CD DVD DVD-RW Drive,UU009 - Dell SATA 5.25-inch Internal CD DVD DVD-RW Drive Product Condition: Refurbished,https://www.vertexnetworking.co.uk/storage/product_images/6779152f0b3cb_cd-rom-gen_yo6yltsz4lko6dq8.webp,$66.62,UU009,https://www.vertexnetworking.co.uk/product/uu009-dell-sata-5-25-inch-internal-cd-dvd-dvd-rw-drive.html
Vertex Networking,Dell J990M 8x SATA DVD+/-RW Burner Optical Drive,Product Condition: Refurbished,https://www.vertexnetworking.co.uk/storage/product_images/6779152fe8fa8_cd-rom-gen_ltzf3dcc0eaw2b8q.webp,$76.39,J990M,https://www.vertexnetworking.co.uk/product/dell-j990m-8x-dvd-rw-sata-burner-optical-drive-for-r5400.html
Vertex Networking,Dell J2GDK SATA DVD+/-RW Optical Drive with Bezel,Product Condition: Refurbished,https://www.vertexnetworking.co.uk/storage/product_images/6779152f16ffc_cd-rom-gen_vsp2h7jpiaxrbsnt.webp,$102.71,J2GDK,https://www.vertexnetworking.co.uk/product/dell-j2gdk-8x-dvd-rw-sata-optical-drive-for-optiplex-7010-usff.html
Vertex Networking,80 min- 700 MB,- 80 min- 700 MB,https://www.vertexnetworking.co.uk/storage/product_images/6779153028655_Optical-Drives-Gen.webp,$52.00,25CDQ80RSP,https://www.vertexnetworking.co.uk/product/25cdq80rsp-sony-48x-cd-r-media-700mb-120mm-standard-25-pack-spindle.html
Vertex Networking,Fujitsu S26361-F3266-L2 SATA DVD-ROM 1.6-Inch Optical Drive,Product Condition: Refurbished,https://www.vertexnetworking.co.uk/storage/product_images/6779152fabcc9_cd-rom-gen_tepcsvakhyym0tml.webp,$74.14,S26361-F3266-L2,https://www.vertexnetworking.co.uk/product/fujitsu-s26361-f3266-l2-1-6-inch-sata-dvd-rom-optical-drive.html
Vertex Networking,Sun - 541-3493 8x DVD-RW/24x CD-RW SATA Internal Optical Drive with Bezel for SunFire X4170 Server,Sun - 541-3493 8x DVD-RW/24x CD-RW SATA Internal Optical Drive with Bezel for SunFire X4170 Server Product Condition: Refurbished,https://www.vertexnetworking.co.uk/storage/product_images/6779152e5e23f_541-3493_yvormjl1tpkbwbca.webp,$102.71,541-3493,https://www.vertexnetworking.co.uk/product/541-3493-sun-8x-dvd-rw-24x-cd-rw-sata-internal-optical-drive-with-bezel-for-sunfire-x4170-server.html
Vertex Networking,Sun - 370-4412 Slimline DVD-ROM Drive,Sun - 370-4412 Slimline DVD-ROM Drive Product Condition: Refurbished,https://www.vertexnetworking.co.uk/storage/product_images/6779152ea8b21_370-4412_expsiaeraqjztq8c.webp,$66.62,370-4412,https://www.vertexnetworking.co.uk/product/370-4412-sun-slimline-dvd-rom-drive.html
Vertex Networking,Dell T1420 8X DVD+/-RW Optical Drive for Latitude D,Product Condition: Refurbished,https://www.vertexnetworking.co.uk/storage/product_images/6779152e1f5ee_cd-rom-gen_hjy8mlv1nbjq4ile.webp,$66.62,T1420,https://www.vertexnetworking.co.uk/product/dell-t1420-8-x-dvd-rw-drive-for-latitude-d-series.html
Vertex Networking,3N3MN - Dell 12.7 SATA Slimline DVD-RW Optical Drive for PowerEdge R630,3N3MN - Dell 12.7 SATA Slimline DVD-RW Optical Drive for PowerEdge R630 Product Condition: Refurbished,https://www.vertexnetworking.co.uk/storage/product_images/6779153001f4c_cd-rom-gen_yo6yltsz4lko6dq8.webp,$86.17,3N3MN,https://www.vertexnetworking.co.uk/product/3n3mn-dell-12-7-sata-slimline-dvd-rw-optical-drive-for-poweredge-r630.html
Vertex Networking,Dell 4TD13 8x SATA DVD+/-RW Optical Drive for OptiPlex 790 SFF,Product Condition: Refurbished,https://www.vertexnetworking.co.uk/storage/product_images/677915300d554_cd-rom-gen_vsp2h7jpiaxrbsnt.webp,$74.14,4TD13,https://www.vertexnetworking.co.uk/product/dell-4td13-8x-dvd-rw-sata-drive-for-optiplex-990-790-sff.html
Vertex Networking,Dell JGP9R SATA DVD Rewritable 5.25-Inch Optical Drive for PowerEdge T320,Dell JGP9R SATA DVD Rewritable 5.25-Inch Optical Drive for PowerEdge T320 Product Condition: Refurbished,https://www.vertexnetworking.co.uk/storage/product_images/6779152f74c67_cd-rom-gen_ylnfjfzwkmye7yw9.webp,$81.65,JGP9R,https://www.vertexnetworking.co.uk/product/dell-jgp9r-sata-dvd-rw-disk-drive-for-poweredge-t320.html
Vertex Networking,HCHD9 - Dell DVD-RW SATA Slimline Optical Drive for PowerEdge,HCHD9 - Dell DVD-RW SATA Slimline Optical Drive for PowerEdge Product Condition: Refurbished,https://www.vertexnetworking.co.uk/storage/product_images/6779152fb9377_cd-rom-gen_ylnfjfzwkmye7yw9.webp,$66.62,HCHD9,https://www.vertexnetworking.co.uk/product/hchd9-dell-dvd-rw-sata-slimline-optical-drive-for-poweredge.html
Vertex Networking,Dell FC5GR 8x DVD/RW SATA Dual Layer Internal Optical Drive for Latitude E6420 / E6520,Dell FC5GR 8x DVD/RW SATA Dual Layer Internal Optical Drive for Latitude E6420 / E6520 Product Condition: Refurbished,https://www.vertexnetworking.co.uk/storage/product_images/6779152ef1901_cd-rom-gen_hjy8mlv1nbjq4ile.webp,$66.62,FC5GR,https://www.vertexnetworking.co.uk/product/dell-fc5gr-8x-dvd-rw-drive-sata-multi-burner-drive-for-latitude-e6430.html
Vertex Networking,Dell DU90N 8x SATA Ultra Slim DVD-ROM Optical Drive for Latitude E Series,Dell DU90N 8x SATA Ultra Slim DVD-ROM Optical Drive for Latitude E Series Product Condition: Refurbished,https://www.vertexnetworking.co.uk/storage/product_images/677915301b153_cd-rom-gen_hjy8mlv1nbjq4ile.webp,$66.62,DU90N,https://www.vertexnetworking.co.uk/product/dell-du90n-dvd-rom-drive-for-latitude-e6440-e6540.html
Vertex Networking,Dell DDTH2 8x SATA DVD-RW Optical Drive with Bezel,Product Condition: Refurbished,https://www.vertexnetworking.co.uk/storage/product_images/6779152ee5b8a_cd-rom-gen_y8fruombmk5p4mod.webp,$66.62,DDTH2,https://www.vertexnetworking.co.uk/product/dell-ddth2-8x-dvd-rw-cdrw-sata-dual-layer-burner-drive-module-for-vostro-14-3446.html
Vertex Networking,Dell 96R30 SATA Slimline DVD Rewritable Optical Drive for PowerEdge Server,Dell 96R30 SATA Slimline DVD Rewritable Optical Drive for PowerEdge Server Product Condition: Refurbished,https://www.vertexnetworking.co.uk/storage/product_images/6779152eb5dbb_cd-rom-gen_ylnfjfzwkmye7yw9.webp,$66.62,96R30,https://www.vertexnetworking.co.uk/product/dell-96r30-dvd-rw-sata-optical-drive-for-poweredge-r720-servers.html
Vertex Networking,Dell 8P71R SATA Slimline DVD-ROM Rewritable Optical Drive for PowerEdge R720/R820,Dell 8P71R SATA Slimline DVD-ROM Rewritable Optical Drive for PowerEdge R720/R820 Product Condition: Refurbished,https://www.vertexnetworking.co.uk/storage/product_images/6779152e69eab_cd-rom-gen_yo6yltsz4lko6dq8.webp,$66.62,8P71R,https://www.vertexnetworking.co.uk/product/dell-8p71r-slimline-12-7-inch-dvd-rw-sata-optical-drive-for-poweredge.html
Vertex Networking,Dell 9M9FK 8x SATA DVD+/-RW Optical Drive with Bezel,Product Condition: Refurbished,https://www.vertexnetworking.co.uk/storage/product_images/6779152ecd3f0_cd-rom-gen_vsp2h7jpiaxrbsnt.webp,$66.62,9M9FK,https://www.vertexnetworking.co.uk/product/dell-9m9fk-8x-dvd-rw-sata-optical-disk-drive-for-inspiron-17-3721-3737.html
Vertex Networking,Sun - 390-0337 8x DVD+/-R/RW IDE Slimline Slot Load LighScribe Dual Layer Dual Format Optical Disc Drive,Sun - 390-0337 8x DVD+/-R/RW IDE Slimline Slot Load LighScribe Dual Layer Dual Format Optical Disc Drive Product Condition: Refurbished,https://www.vertexnetworking.co.uk/storage/product_images/6779152e1356d_390-0337_s2umxvmkntro4zmw.webp,$66.62,390-0337,https://www.vertexnetworking.co.uk/product/390-0337-sun-8x-dvd-r-rw-ide-slimline-slot-load-lighscribe-dual-layer-dual-format-optical-disc-drive.html
Vertex Networking,Dell 08P71R SATA Slimline DVD-ROM Rewritable Optical Drive for PowerEdge R720/R820,Dell 08P71R SATA Slimline DVD-ROM Rewritable Optical Drive for PowerEdge R720/R820 Product Condition: Refurbished,https://www.vertexnetworking.co.uk/storage/product_images/6779152b02136_cd-rom-gen_yo6yltsz4lko6dq8.webp,$66.62,08P71R,https://www.vertexnetworking.co.uk/product/dell-08p71r-dvd-cd-rw-drive-for-poweredge-r610-3a.html
Vertex Networking,Sun - 370-7970 8X DVD-Writer/24X CD-Writer for Sun Ultra 40 Workstation RoHS YL,Sun - 370-7970 8X DVD-Writer/24X CD-Writer for Sun Ultra 40 Workstation RoHS YL Product Condition: Refurbished,https://www.vertexnetworking.co.uk/storage/product_images/6779152c15549_370-7970_7q8rv8ji45stcbsx.webp,$113.98,370-7970,https://www.vertexnetworking.co.uk/product/370-7970-sun-8x-dvd-writer-24x-cd-writer-for-sun-ultra-40-workstation-rohs-yl.html
Vertex Networking,Sun - 370-6637 Slimline 24X CD-ROM/Floppy,Sun - 370-6637 Slimline 24X CD-ROM/Floppy Product Condition: Refurbished,https://www.vertexnetworking.co.uk/storage/product_images/6779152bb544b_370-6637_epxsxcgsy0ksroev.webp,$66.62,370-6637,https://www.vertexnetworking.co.uk/product/370-6637-sun-slimline-24x-cd-rom-floppy.html
Vertex Networking,Dell 4V7F1 4V7F1 PowerEdge R710 R610 Slimline 8X DVD-RW Optical Drive 32-3,Dell 4V7F1 4V7F1 PowerEdge R710 R610 Slimline 8X DVD-RW Optical Drive 32-3 Product Condition: Refurbished,https://www.vertexnetworking.co.uk/storage/product_images/6779152b5e33d_cd-rom-gen_y8fruombmk5p4mod.webp,$66.62,4V7F1,https://www.vertexnetworking.co.uk/product/dell-4v7f1-slim-8x-dvd-rw-optical-drive.html
Vertex Networking,Dell R83XP 8x SATA Slimline DVD-ROM Optical Drive,Product Condition: Refurbished,https://www.vertexnetworking.co.uk/storage/product_images/6779152a0b103_cd-rom-gen_vsp2h7jpiaxrbsnt.webp,$66.62,R83XP,https://www.vertexnetworking.co.uk/product/dell-r83xp-slimline-sata-8x-dvd-rom-disk-drive.html
Vertex Networking,Sun - 390-0161 16X DVD-ROM Drive,Sun - 390-0161 16X DVD-ROM Drive Product Condition: Refurbished,https://www.vertexnetworking.co.uk/storage/product_images/6779152d77769_390-0161_cixpzfroyxbqbjxa.webp,$102.71,390-0161,https://www.vertexnetworking.co.uk/product/390-0161-sun-16x-dvd-rom-drive.html
Vertex Networking,RY466 - Dell 24X IDE Internal Slimline CD-RW DVD Drive,RY466 - Dell 24X IDE Internal Slimline CD-RW DVD Drive Product Condition: Refurbished,https://www.vertexnetworking.co.uk/storage/product_images/6779152d2cb11_cd-rom-gen_jltdqta5odpswr59.webp,$66.62,RY466,https://www.vertexnetworking.co.uk/product/ry466-dell-24x-ide-internal-slimline-cd-rw-dvd-drive.html
Vertex Networking,Dell TWXR6 12x SATA Slimline DVD-ROM Optical Drive,Product Condition: Refurbished,https://www.vertexnetworking.co.uk/storage/product_images/6779152dcb4b6_cd-rom-gen_vsp2h7jpiaxrbsnt.webp,$66.62,TWXR6,https://www.vertexnetworking.co.uk/product/dell-twxr6-slimline-12x-sata-dvd-rom-optical-disc-drive.html
Vertex Networking,4TD8G - Dell 8X SATA Slimline DVD+-RW Drive for PowerEdge R620 Server,4TD8G - Dell 8X SATA Slimline DVD+-RW Drive for PowerEdge R620 Server Product Condition: Refurbished,https://www.vertexnetworking.co.uk/storage/product_images/6779152b4290f_cd-rom-gen_y8fruombmk5p4mod.webp,$66.62,4TD8G,https://www.vertexnetworking.co.uk/product/4td8g-dell-8x-sata-slimline-dvd-rw-drive-for-poweredge-r620-server.html
Vertex Networking,Dell T99YY 8x SATA CD-RW/DVD-ROM Combo Optical Drive,Product Condition: Refurbished,https://www.vertexnetworking.co.uk/storage/product_images/6779152d8606c_cd-rom-gen_vsp2h7jpiaxrbsnt.webp,$91.43,T99YY,https://www.vertexnetworking.co.uk/product/dell-t99yy-8x-dvd-rw-sata-slimline-optical-drive.html
Vertex Networking,Sun - 390-0320 8X DVD-RW 24X CD-RW Optical Drive,Sun - 390-0320 8X DVD-RW 24X CD-RW Optical Drive Product Condition: Refurbished,https://www.vertexnetworking.co.uk/storage/product_images/6779152dbce65_390-0320_k1afzjsje77blvbf.webp,$66.62,390-0320,https://www.vertexnetworking.co.uk/product/390-0320-sun-8x-dvd-rw-24x-cd-rw-optical-drive.html
Vertex Networking,Sun - 390-0251 Slim 8x DVD Rom 24x,Sun - 390-0251 Slim 8x DVD Rom 24x Product Condition: Refurbished,https://www.vertexnetworking.co.uk/storage/product_images/6779152c58df3_390-0251_hc5ukbvcwvjdb4qt.webp,$86.17,390-0251,https://www.vertexnetworking.co.uk/product/390-0251-sun-slim-8x-dvd-rom-24x.html
Vertex Networking,Sun - 371-1108 Internal 8X Slimline DVD-ROM/CD-ROM,Sun - 371-1108 Internal 8X Slimline DVD-ROM/CD-ROM Product Condition: Refurbished,https://www.vertexnetworking.co.uk/storage/product_images/6779152c92c84_371-1108_jydgiaysfnehgtt1.webp,$66.62,371-1108,https://www.vertexnetworking.co.uk/product/371-1108-sun-internal-8x-slimline-dvd-rom-cd-rom.html
Vertex Networking,HP TS-L633 8x DVD+/-RW SuperMulti Dual Layer LightScribe SATA Optical Disk Drive,HP TS-L633 8x DVD+/-RW SuperMulti Dual Layer LightScribe SATA Optical Disk Drive Product Condition: Refurbished,https://www.vertexnetworking.co.uk/storage/product_images/6779152c9f352_cd-rom-gen_vsp2h7jpiaxrbsnt.webp,$66.62,TS-L633,https://www.vertexnetworking.co.uk/product/dell-ts-l633-dvd-rw-burner-sata-optical-drive-for-inspiron-1545-1564.html
Vertex Networking,Sun - 540-5014 8x DVD-ROM Internal Slimline Optical Drive for Sun Netra,Sun - 540-5014 8x DVD-ROM Internal Slimline Optical Drive for Sun Netra Product Condition: Refurbished,https://www.vertexnetworking.co.uk/storage/product_images/6779152a4fb50_540-5014_7kzat9yps984swwa.webp,$89.00,540-5014,https://www.vertexnetworking.co.uk/product/540-5014-sun-8x-dvd-rom-internal-slimline-optical-drive-for-sun-netra.html
Vertex Networking,Sun - 370-4152 48x Eide Cd-rom,Sun - 370-4152 48x Eide Cd-rom Product Condition: Refurbished,https://www.vertexnetworking.co.uk/storage/product_images/6779152b7d120_370-4152_foprobfvd1uhnvh9.webp,$74.14,370-4152,https://www.vertexnetworking.co.uk/product/370-4152-sun-48x-eide-cd-rom.html
Vertex Networking,0K145G - Dell SATA Slimline DVD-ROM Drive for PowerEdge R610,0K145G - Dell SATA Slimline DVD-ROM Drive for PowerEdge R610 Product Condition: Refurbished,https://www.vertexnetworking.co.uk/storage/product_images/6779152b512be_cd-rom-gen_yo6yltsz4lko6dq8.webp,$66.62,0K145G,https://www.vertexnetworking.co.uk/product/0k145g-dell-sata-slimline-dvd-rom-drive-for-poweredge-r610.html
Vertex Networking,Sun - 390-0025 10X DVD-ROM Drive,Sun - 390-0025 10X DVD-ROM Drive Product Condition: Refurbished,https://www.vertexnetworking.co.uk/storage/product_images/6779152ce5b97_390-0025_hwuhc5eozmnfhvbo.webp,$80.15,390-0025,https://www.vertexnetworking.co.uk/product/390-0025-sun-10x-dvd-rom-drive.html
Vertex Networking,Dell DPPHF SATA DVD-RW Optical Drive for OptiPlex,Product Condition: Refurbished,https://www.vertexnetworking.co.uk/storage/product_images/67791528ef747_cd-rom-gen_vsp2h7jpiaxrbsnt.webp,$87.00,DPPHF,https://www.vertexnetworking.co.uk/product/dell-dpphf-8x-dvd-rw-sata-optical-disc-drive-for-optiplex-790-990-7010-7020.html
Vertex Networking,Pioneer - BDR-XD05B Slim Portable USB 3.0 BD/DVD/CD Burner,Pioneer - BDR-XD05B Slim Portable USB 3.0 BD/DVD/CD Burner Product Condition: Refurbished,https://www.vertexnetworking.co.uk/storage/product_images/677915289ee63_bdr-xd05b_miri1yyyfsyqwbfc.webp,$158.00,BDR-XD05B,https://www.vertexnetworking.co.uk/product/bdr-xd05b-pioneer-slim-portable-usb-3-0-bd-dvd-cd-burner.html
Vertex Networking,CD160 - Dell DVD-RW-0056dnNEC DVD Burner Drive With (gt Type) Caddy for Optiplex Gx150.gx240 Gx260 Gx270 Gx280,CD160 - Dell DVD-RW-0056dnNEC DVD Burner Drive With (gt Type) Caddy for Optiplex Gx150.gx240 Gx260 Gx270 Gx280-,https://www.vertexnetworking.co.uk/storage/product_images/67791527728bd_Optical-Drives-Gen.webp,$155.00,CD160,https://www.vertexnetworking.co.uk/product/cd160-dell-dvd-rw-0056dnnec-dvd-burner-drive-with-gt-type-caddy-for-optiplex-gx150-gx240-gx260-gx270-gx280.html
Vertex Networking,Sun - 541-0847 DVD Assembly for Sun SPARC M4000 RoHS Y,Sun - 541-0847 DVD Assembly for Sun SPARC M4000 RoHS Y Product Condition: Refurbished,https://www.vertexnetworking.co.uk/storage/product_images/67791529c3ea4_541-0847_p6xlnbpkxrcyr2hj.webp,$116.24,541-0847,https://www.vertexnetworking.co.uk/product/541-0847-sun-dvd-assembly-for-sun-sparc-m4000-rohs-y.html
Vertex Networking,IBM - 46M0902 8x24x16x CDDVD-R+-RW RAM SATA Plug-in Module Internal DVD-Writer Drive,IBM - 46M0902 8x24x16x CDDVD-R+-RW RAM SATA Plug-in Module Internal DVD-Writer Drive Product Condition: New,https://www.vertexnetworking.co.uk/storage/product_images/67791526a021c_cd-rom-gen_ltzf3dcc0eaw2b8q.webp,$66.62,46M0902,https://www.vertexnetworking.co.uk/product/46m0902-ibm-8x24x16x-cddvd-r-rw-ram-sata-plug-in-module-internal-dvd-writer-drive.html
Vertex Networking,Dell 8XKHY 8x SATA DVD-RW Optical Drive with Caddy,Product Condition: Refurbished,https://www.vertexnetworking.co.uk/storage/product_images/67791527298a3_cd-rom-gen_vsp2h7jpiaxrbsnt.webp,$90.00,8XKHY,https://www.vertexnetworking.co.uk/product/dell-8xkhy-8x-dvd-rw-sata-internal-slimline-opticle-drive.html
Vertex Networking,Sun - 7314403 Tray-Load DVD-ROM / CD-ROM Writer,Sun - 7314403 Tray-Load DVD-ROM / CD-ROM Writer Product Condition: Refurbished,https://www.vertexnetworking.co.uk/storage/product_images/6779152852442_7314403_s11yts8fvyhmsbj4.webp,$87.00,7314403,https://www.vertexnetworking.co.uk/product/7314403-sun-tray-load-dvd-rom-cd-rom-writer.html
Vertex Networking,9JTVT - Dell SATA Slimline DVD-RW Drive for PowerEdge R720 Server,9JTVT - Dell SATA Slimline DVD-RW Drive for PowerEdge R720 Server Product Condition: Refurbished,https://www.vertexnetworking.co.uk/storage/product_images/6779152a85e97_cd-rom-gen_ylnfjfzwkmye7yw9.webp,$66.62,9JTVT,https://www.vertexnetworking.co.uk/product/9jtvt-dell-sata-slimline-dvd-rw-drive-for-poweredge-r720-server.html
Vertex Networking,Sun - 390-0403 8x DVD-Writer / 24x CD-Writer for Sun Fire V215/V245/V445 RoHS Y,Sun - 390-0403 8x DVD-Writer / 24x CD-Writer for Sun Fire V215/V245/V445 RoHS Y Product Condition: Refurbished,https://www.vertexnetworking.co.uk/storage/product_images/6779152978054_390-0403_i2sas4shjwnwc3uf.webp,$168.00,390-0403,https://www.vertexnetworking.co.uk/product/390-0403-sun-8x-dvd-writer-24x-cd-writer-for-sun-fire-v215-v245-v445-rohs-y.html
Vertex Networking,Dell - 9F42J Optical Drive Multi Recorder RW DVD Rewritable Slimline,Dell - 9F42J Optical Drive Multi Recorder RW DVD Rewritable Slimline Product Condition: Refurbished,https://www.vertexnetworking.co.uk/storage/product_images/67791528e1087_9f42j_xz1pu4rtbyeogp8e.webp,$105.00,9F42J,https://www.vertexnetworking.co.uk/product/9f42j-dell-optical-drive-multi-recorder-rw-dvd-rewritable-slimline.html
Vertex Networking,Sun - 371-0914 8X DVD-ROM Slimline Writer Assembly for Sun Netra 240 RoHS-5 Compliant,Sun - 371-0914 8X DVD-ROM Slimline Writer Assembly for Sun Netra 240 RoHS-5 Compliant Product Condition: Refurbished,https://www.vertexnetworking.co.uk/storage/product_images/67791529f27f4_371-0914_cpriafwsm8cpjfzt.webp,$272.00,371-0914,https://www.vertexnetworking.co.uk/product/371-0914-sun-8x-dvd-rom-slimline-writer-assembly-for-sun-netra-240-rohs-5-compliant.html
Vertex Networking,IBM - 74Y7341 SATA Slimline DVD-RAM Drive,IBM - 74Y7341 SATA Slimline DVD-RAM Drive Product Condition: Refurbished,https://www.vertexnetworking.co.uk/storage/product_images/677915280686b_74y7341_b41vnbqcv5p1qm1y.webp,$132.00,74Y7341,https://www.vertexnetworking.co.uk/product/74y7341-ibm-sata-slimline-dvd-ram-drive.html
Vertex Networking,Sun - 390-0343 DVD-ROM for Sun SPARC Enterprise M8000/M9000 ROHS Y,Sun - 390-0343 DVD-ROM for Sun SPARC Enterprise M8000/M9000 ROHS Y Product Condition: Refurbished,https://www.vertexnetworking.co.uk/storage/product_images/6779152764810_390-0343_k9btxgjfarzmysog.webp,$105.00,390-0343,https://www.vertexnetworking.co.uk/product/390-0343-sun-dvd-rom-for-sun-sparc-enterprise-m8000-m9000-rohs-y.html
Vertex Networking,3J08C - Dell 16X Speed DVD-RW Optical Drive,3J08C - Dell 16X Speed DVD-RW Optical Drive Product Condition: Refurbished,https://www.vertexnetworking.co.uk/storage/product_images/6779152abcd0e_cd-rom-gen_hjy8mlv1nbjq4ile.webp,$79.00,3J08C,https://www.vertexnetworking.co.uk/product/3j08c-dell-16x-speed-dvd-rw-optical-drive.html
Vertex Networking,Dell 8P97P DVD+/-RW Optical Drive Assembly,Product Condition: Refurbished,https://www.vertexnetworking.co.uk/storage/product_images/6779152932a99_cd-rom-gen_hjy8mlv1nbjq4ile.webp,$85.00,8P97P,https://www.vertexnetworking.co.uk/product/dell-8p97p-8x-dvd-rw-sata-disk-drive-for-precision-t5600.html
Vertex Networking,Sun - 370-3415 32x CD-ROM ATA/IDE 5.25-inch Internal Optical Drive,Sun - 370-3415 32x CD-ROM ATA/IDE 5.25-inch Internal Optical Drive Product Condition: Refurbished,https://www.vertexnetworking.co.uk/storage/product_images/6779152aa2fad_370-3415_igbsezu7naemeifa.webp,$181.00,370-3415,https://www.vertexnetworking.co.uk/product/370-3415-sun-32x-cd-rom-ata-ide-5-25-inch-internal-optical-drive.html
Vertex Networking,"IBM - 44W3256 UltraSlim Enhanced SATA Internal Multi-Burner for x3530 M4, x3550 M2, x3650 M3M4, x3950 M2","IBM - 44W3256 UltraSlim Enhanced SATA Internal Multi-Burner for x3530 M4, x3550 M2, x3650 M3M4, x3950 M2 Product Condition: Refurbished",https://www.vertexnetworking.co.uk/storage/product_images/67791526ac1b1_cd-rom-gen_ltzf3dcc0eaw2b8q.webp,$66.62,44W3256,https://www.vertexnetworking.co.uk/product/44w3256-ibm-ultraslim-enhanced-sata-internal-multi-burner-for-x3530-m4-x3550-m2-x3650-m3m4-x3950-m2.html
Vertex Networking,Sun - 370-4353 48X CD-ROM,Sun - 370-4353 48X CD-ROM Product Condition: Refurbished,https://www.vertexnetworking.co.uk/storage/product_images/67791527ab379_370-4353_shhdylurzxdedru4.webp,$130.00,370-4353,https://www.vertexnetworking.co.uk/product/370-4353-sun-48x-cd-rom.html
Vertex Networking,Dell 0CD160 DVD-RW-0056dnNEC DVD Burner Drive With (gt Type) Caddy for Optiplex Gx150.gx240 Gx260 Gx270 Gx280,Dell 0CD160 DVD-RW-0056dnNEC DVD Burner Drive With (gt Type) Caddy for Optiplex Gx150.gx240 Gx260 Gx270 Gx280-,https://www.vertexnetworking.co.uk/storage/product_images/67791527b96cf_Optical-Drives-Gen.webp,$155.00,0CD160,https://www.vertexnetworking.co.uk/product/0cd160-dell-dvd-rw-0056dnnec-dvd-burner-drive-with-gt-type-caddy-for-optiplex-gx150-gx240-gx260-gx270-gx280-s.html
Vertex Networking,44V4220 - IBM Slimline CD-RWDVD-RW SATA Drive,44V4220 - IBM Slimline CD-RWDVD-RW SATA Drive Product Condition: Refurbished,https://www.vertexnetworking.co.uk/storage/product_images/6779152aafe47_cd-rom-gen_ltzf3dcc0eaw2b8q.webp,$66.62,44V4220,https://www.vertexnetworking.co.uk/product/44v4220-ibm-slimline-cd-rw-dvd-rw-sata-drive.html
Vertex Networking,IBM 81Y3662 8x24x Ultraslim CD-RWDVD SATA Combo Drive,IBM 81Y3662 8x24x Ultraslim CD-RWDVD SATA Combo Drive Product Condition: Refurbished,https://www.vertexnetworking.co.uk/storage/product_images/67791526577d6_dvddrives.webp,$38.46,81Y3662,https://www.vertexnetworking.co.uk/product/81y3662-ibm-8x24x-ultraslim-cd-rwdvd-sata-combo-drive.html
Vertex Networking,DS-8DBSH Dell Slimline DVD-ROM Optical Drive,DS-8DBSH Dell Slimline DVD-ROM Optical Drive Product Condition: Refurbished,https://www.vertexnetworking.co.uk/storage/product_images/6779152607d9b_dvddrives.webp,$71.66,DS-8DBSH,https://www.vertexnetworking.co.uk/product/dell-ds-8dbsh-slimline-dvd-rom-optical-drive.html
Vertex Networking,L633J Dell 12.7mm DVD-RW,Product Condition: Refurbished,https://www.vertexnetworking.co.uk/storage/product_images/677915243801e_cddvdburners.webp,$37.56,L633J,https://www.vertexnetworking.co.uk/product/l633j-dell-12-7mm-dvd-rw.html
Vertex Networking,42R5291 IBM 8X 24X 4.7GB IDE Slimline DVD-ROM Drive,Product Condition: Refurbished,https://www.vertexnetworking.co.uk/storage/product_images/6779152425f6c_dvddrives.webp,$54.39,42R5291,https://www.vertexnetworking.co.uk/product/42r5291-ibm-8x-24x-4-7gb-ide-slimline-dvd-rom-drive-for-rs-6000-pseries-server.html
Vertex Networking,DR972 Dell 16X 48X Internal SATA DVD-ROM Drive,Product Condition: Refurbished,https://www.vertexnetworking.co.uk/storage/product_images/677915244bb1a_dvddrives.webp,$40.15,DR972,https://www.vertexnetworking.co.uk/product/dr972-dell-16x-48x-internal-sata-dvd-rom-drive-for-precision-t7500-workstation.html
Vertex Networking,IBM 70XX-2640 IDE Slimline Dvd-room,IBM 70XX-2640 IDE Slimline Dvd-room Product Condition: Refurbished,https://www.vertexnetworking.co.uk/storage/product_images/6779152644864_dvddrives.webp,$54.39,70XX-2640,https://www.vertexnetworking.co.uk/product/70xx-2640-ibm-ide-slimline-dvd-room.html
Vertex Networking,26K5403 IBM 8x24x UltraSlim DVD-ROMCD-RW Optical Drive,Product Condition: Refurbished,https://www.vertexnetworking.co.uk/storage/product_images/67791524ba048_cddvdburners.webp,$38.46,26K5403,https://www.vertexnetworking.co.uk/product/26k5403-ibm-8x-24x-ultraslim-dvd-rom-cd-rw-optical-drive-for-xseries-336-8837.html
Vertex Networking,XG372 Dell 8X IDE Slimline DVD-ROM Drive,Product Condition: Refurbished,https://www.vertexnetworking.co.uk/storage/product_images/67791524816aa_dvddrives.webp,$28.49,XG372,https://www.vertexnetworking.co.uk/product/xg372-dell-8x-ide-slimline-dvd-rom-drive-954831.html
Vertex Networking,7212-1103 IBM DVD-RAM Internal Optical Drive,Product Condition: Refurbished,https://www.vertexnetworking.co.uk/storage/product_images/67791524cd15c_dvddrives.webp,$81.59,7212-1103,https://www.vertexnetworking.co.uk/product/7212-1103-ibm-dvd-ram-internal-optical-drive.html
Vertex Networking,358668-001 HP 8x DVD-RW Optical Drive,Product Condition: Refurbished,https://www.vertexnetworking.co.uk/storage/product_images/67791525d8435_cddvdburners.webp,$45.45,358668-001,https://www.vertexnetworking.co.uk/product/358668-001-hp-8x-dvd-rw-optical-drive.html
Vertex Networking,IBM 53P2646 4.7gb Dvd-Ram,IBM 53P2646 4.7gb Dvd-Ram Product Condition: Refurbished,https://www.vertexnetworking.co.uk/storage/product_images/677915262f919_dvddrives.webp,$81.59,53P2646,https://www.vertexnetworking.co.uk/product/53p2646-ibm-4-7gb-dvd-ram.html
Vertex Networking,IBM 2640-70XX SLIMLINE DVD-ROM DRIVE,IBM 2640-70XX SLIMLINE DVD-ROM DRIVE Product Condition: Refurbished,https://www.vertexnetworking.co.uk/storage/product_images/677915267c1d9_dvddrives.webp,$54.39,2640-70XX,https://www.vertexnetworking.co.uk/product/2640-70xx-ibm-slimline-dvd-rom-drive.html
Vertex Networking,7210-030 IBM DVD-RAM External Optical Drive,Product Condition: Refurbished,https://www.vertexnetworking.co.uk/storage/product_images/67791524a8509_dvddrives.webp,$230.43,7210-030,https://www.vertexnetworking.co.uk/product/7210-030-ibm-dvd-ram-external-optical-drive.html
Vertex Networking,HAS324 LiteOn 24X SATA DVD-Rewriteable Optical Drive,Product Condition: Refurbished,https://www.vertexnetworking.co.uk/storage/product_images/67791525b4206_cddvdburners.webp,$43.10,HAS324,https://www.vertexnetworking.co.uk/product/has324-liteon-24x-sata-dvd-rewriteable-optical-drive.html
Vertex Networking,00P4775 IBM 8X 24X 4.7GB IDE Slimline DVD-ROM Drive,Product Condition: Refurbished,https://www.vertexnetworking.co.uk/storage/product_images/67791525c7633_dvddrives.webp,$54.39,00P4775,https://www.vertexnetworking.co.uk/product/00p4775-ibm-8x-24x-4-7gb-ide-slimline-dvd-rom-drive.html
Vertex Networking,7210-025 IBM 4.7GB External DVD-RAM Drive,Product Condition: Refurbished,https://www.vertexnetworking.co.uk/storage/product_images/677915249483b_dvddrives.webp,$345.07,7210-025,https://www.vertexnetworking.co.uk/product/7210-025-ibm-4-7gb-external-dvd-ram-drive.html
Vertex Networking,HPE 16X Max Speed IDE DVD-ROM for Evo D300 Desktop,HPE 16X Max Speed IDE DVD-ROM for Evo D300 Desktop Product Condition: Refurbished,https://www.vertexnetworking.co.uk/storage/product_images/677915261c97a_dvddrives.webp,$150.00,RP000081016,https://www.vertexnetworking.co.uk/product/hpe-rp000081016-16x-max-speed-ide-dvd-rom-for-evo-d300-desktop.html
Vertex Networking,IBM 9131-1994 8X24X Max IDE Slimline DVD-ROM Drive,IBM 9131-1994 8X24X Max IDE Slimline DVD-ROM Drive Product Condition: Refurbished,https://www.vertexnetworking.co.uk/storage/product_images/677915266a05a_dvddrives.webp,$54.39,9131-1994,https://www.vertexnetworking.co.uk/product/9131-1994-ibm-8x24x-max-ide-slimline-dvd-rom-drive.html
Vertex Networking,Dell 0G4GTD 12x SATA DVD-ROM Optical Drive,Product Condition: Refurbished,https://www.vertexnetworking.co.uk/storage/product_images/67791526e3ee0_cd-rom-gen_ylnfjfzwkmye7yw9.webp,$69.00,0G4GTD,https://www.vertexnetworking.co.uk/product/dell-0g4gtd-12-x-sata-slimline-dvd-rom-drive.html
Vertex Networking,CDD7352-67 PHILIPS ISE CD-RW Optical Drive,Product Condition: Refurbished,https://www.vertexnetworking.co.uk/storage/product_images/67791525e96af_cddvdburners.webp,$45.45,CDD7352-67,https://www.vertexnetworking.co.uk/product/cdd7352-67-philips-ise-cd-rw-optical-drive.html
Vertex Networking,208DB Samsung 8x Slim SATA DVD Write,Product Condition: Refurbished,https://www.vertexnetworking.co.uk/storage/product_images/67791523e8f87_cddvdburners.webp,$45.45,208DB,https://www.vertexnetworking.co.uk/product/208db-samsung-8x-slim-sata-dvd-write.html
Vertex Networking,WR696 Dell 8X IDE Slimline DVD-ROM Drive,Product Condition: Refurbished,https://www.vertexnetworking.co.uk/storage/product_images/677915245e78e_dvddrives.webp,$28.49,WR696,https://www.vertexnetworking.co.uk/product/wr696-dell-8x-ide-slimline-dvd-rom-drive.html
Vertex Networking,Dell DVD-RW 8x SATA Optical Drive,Dell DVD-RW 8x SATA Optical Drive Product Condition: Refurbished,https://www.vertexnetworking.co.uk/storage/product_images/6779152364ee8_dvddrives.webp,$90.14,R494H,https://www.vertexnetworking.co.uk/product/dell-r494h-dvd-rw-8x-sata-optical-drive.html
Vertex Networking,39J5773 IBM 8X 24X 4.7GB IDE Slimline DVD-ROM Drive,Product Condition: Refurbished,https://www.vertexnetworking.co.uk/storage/product_images/677915231e019_dvddrives.webp,$54.39,39J5773,https://www.vertexnetworking.co.uk/product/39j5773-ibm-8x-24x-4-7gb-ide-slimline-dvd-rom-drive.html
Vertex Networking,44V4223 IBM 4.7GB SATA Slimline DVD-ROM Drive,Product Condition: Refurbished,https://www.vertexnetworking.co.uk/storage/product_images/67791523a0d2d_dvddrives.webp,$110.08,44V4223,https://www.vertexnetworking.co.uk/product/44v4223-ibm-4-7gb-sata-slimline-dvd-rom-drive.html
Vertex Networking,97P5623 IBM IDE Slimeline DVD-ROM Drive,Product Condition: Refurbished,https://www.vertexnetworking.co.uk/storage/product_images/67791524127c6_dvddrives.webp,$54.39,97P5623,https://www.vertexnetworking.co.uk/product/97p5623-ibm-ide-slimeline-dvd-rom-drive.html
Vertex Networking,03N3522 IBM IDE Slimline DVD-ROM Drive,Product Condition: Refurbished,https://www.vertexnetworking.co.uk/storage/product_images/67791522b2994_dvddrives.webp,$54.39,03N3522,https://www.vertexnetworking.co.uk/product/03n3522-ibm-ide-slimline-dvd-rom-drive-954784.html
Vertex Networking,7779-4156 IBM Ultraslim Enhanced DVD-RW Rom Drive,Product Condition: Refurbished,https://www.vertexnetworking.co.uk/storage/product_images/677915238dac8_cddvdburners.webp,$37.56,7779-4156,https://www.vertexnetworking.co.uk/product/7779-4156-ibm-ultraslim-enhanced-dvd-rw-rom-drive.html
Vertex Networking,0FY190 Dell Slimline SATA DVD-Rom Drive,0FY190 Dell Slimline SATA DVD-Rom Drive Product Condition: Refurbished,https://www.vertexnetworking.co.uk/storage/product_images/677915225faf1_dvddrives.webp,$62.50,0FY190,https://www.vertexnetworking.co.uk/product/dell-0fy190-slimline-sata-dvd-rom-drive.html
Vertex Networking,G423R Dell 16X SATA Internal Dual Layer DVD+ RW Drive,Product Condition: Refurbished,https://www.vertexnetworking.co.uk/storage/product_images/677915246f333_cddvdburners.webp,$49.21,G423R,https://www.vertexnetworking.co.uk/product/g423r-dell-16x-sata-internal-dual-layer-dvd-rw-drive-954670.html
Vertex Networking,Dell DVD / CD Rewritable Slimline ROM for PowerEdge 1950,Dell DVD / CD Rewritable Slimline ROM for PowerEdge 1950 Product Condition: Refurbished,https://www.vertexnetworking.co.uk/storage/product_images/67791522da679_dvddrives.webp,$85.13,DS-8A3S16C,https://www.vertexnetworking.co.uk/product/dell-ds-8a3s16c-dvd-cd-rewritable-slimline-rom-for-poweredge-1950.html
Vertex Networking,SuperMicro 8x Teac Slim DVD ROM SATA Drive RoHS Black DVD Reader,SuperMicro 8x Teac Slim DVD ROM SATA Drive RoHS Black DVD Reader Product Condition: Refurbished,https://www.vertexnetworking.co.uk/storage/product_images/677915224d330_dvddrives.webp,$120.58,DVM-TEAC-DVD-SBT2,https://www.vertexnetworking.co.uk/product/supermicro-dvm-teac-dvd-sbt2-8x-teac-slim-dvd-rom-sata-drive-rohs-black-dvd-reader.html
Vertex Networking,Dell Dell DVD-RW 8X 9.5-Inch SATA Tray TSST Brenner,Dell Dell DVD-RW 8X 9.5-Inch SATA Tray TSST Brenner Product Condition: Refurbished,https://www.vertexnetworking.co.uk/storage/product_images/6779152309e7e_cddvdburners.webp,$88.57,G9VN6,https://www.vertexnetworking.co.uk/product/dell-g9vn6-dell-dvd-rw-8x-9-5-inch-sata-tray-tsst-brenner.html
Vertex Networking,ASUS ZenDrive V1M Slimline USB Type-C DVD-RW Optical Drive Black,ASUS ZenDrive V1M Slimline USB Type-C DVD-RW Optical Drive Black Product Condition: Refurbished,https://www.vertexnetworking.co.uk/storage/product_images/6779152271c70_dvddrives.webp,$120.19,90DD02L0-M29000,https://www.vertexnetworking.co.uk/product/asus-90dd02l0-m29000-zendrive-v1m-slimline-usb-type-c-dvd-rw-optical-drive-black.html
Vertex Networking,Dell DVD+/-RW 8x 9.5-Inch SATA Tray Brenner,Dell DVD+/-RW 8x 9.5-Inch SATA Tray Brenner Product Condition: Refurbished,https://www.vertexnetworking.co.uk/storage/product_images/67791523373d6_cddvdburners.webp,$85.71,JGHW1,https://www.vertexnetworking.co.uk/product/dell-jghw1-dvd-rw-8x-9-5-inch-sata-tray-brenner.html
Vertex Networking,DEL-DV16TIK19 Hypertec Dell 16x IDE DVD-ROM Optical Drive,Product Condition: Refurbished,https://www.vertexnetworking.co.uk/storage/product_images/67791523c1b79_dvddrives.webp,$43.10,DEL-DV16TI/K19,https://www.vertexnetworking.co.uk/product/del-dv16ti-k19-hypertec-dell-16x-ide-dvd-rom-optical-drive.html
Vertex Networking,42R5290 IBM 8X 24X 4.7GB IDE Slimline DVD-ROM Drive,Product Condition: Refurbished,https://www.vertexnetworking.co.uk/storage/product_images/6779152349901_dvddrives.webp,$54.39,42R5290,https://www.vertexnetworking.co.uk/product/42r5290-ibm-8x-24x-4-7gb-ide-slimline-dvd-rom-drive.html
Vertex Networking,51P1834 IBM IDE Slimline DVD-ROM Drive,Product Condition: Refurbished,https://www.vertexnetworking.co.uk/storage/product_images/67791523d7491_dvddrives.webp,$54.39,51P1834,https://www.vertexnetworking.co.uk/product/51p1834-ibm-ide-slimline-dvd-rom-drive.html
Vertex Networking,42R7970 IBM IDE Slimline DVD-RAM Drive,Product Condition: Refurbished,https://www.vertexnetworking.co.uk/storage/product_images/67791523776c0_dvddrives.webp,$123.73,42R7970,https://www.vertexnetworking.co.uk/product/42r7970-ibm-ide-slimline-dvd-ram-drive.html
Vertex Networking,39J1365 IBM 8X 24X 4.7GB IDE Slimline DVD-ROM Drive,Product Condition: Refurbished,https://www.vertexnetworking.co.uk/storage/product_images/67791522ecd3d_dvddrives.webp,$54.39,39J1365,https://www.vertexnetworking.co.uk/product/39j1365-ibm-8x-24x-4-7gb-ide-slimline-dvd-rom-drive.html
Vertex Networking,Dell 8x DVD-RW Disk Drive for Inspiron 1410/1427,Dell 8x DVD-RW Disk Drive for Inspiron 1410/1427 Product Condition: Refurbished,https://www.vertexnetworking.co.uk/storage/product_images/6779152283d51_dvddrives.webp,$90.14,0R494H,https://www.vertexnetworking.co.uk/product/dell-0r494h-8x-dvd-rw-disk-drive-for-inspiron-1410-1427.html
Vertex Networking,6VMHH Dell DVD+/-RW SATA DVD Burner For Precision R5400,6VMHH Dell DVD+/-RW SATA DVD Burner For Precision R5400 Product Condition: Refurbished,https://www.vertexnetworking.co.uk/storage/product_images/6779152215fce_cddvdburners.webp,$84.38,6VMHH,https://www.vertexnetworking.co.uk/product/dell-6vmhh-dvd-rw-sata-dvd-burner-for-precision-r5400.html
Vertex Networking,390816-001 - HP 16x / 48x DVD / CD IDE DVD-ROM Drive Miscellaneous,390816-001 - HP 16x / 48x DVD / CD IDE DVD-ROM Drive Miscellaneous,https://www.vertexnetworking.co.uk/storage/product_images/6779152223ff4_Optical-Drives-Gen.webp,$48.00,390816-001,https://www.vertexnetworking.co.uk/product/390816-001-hp-16x-48x-dvd-cd-ide-dvd-rom-drive.html
Vertex Networking,ASUS ZenDrive U9M Ultra-Slim DVD-Writer Portable Optical Drive,ASUS ZenDrive U9M Ultra-Slim DVD-Writer Portable Optical Drive Product Condition: Refurbished,https://www.vertexnetworking.co.uk/storage/product_images/6779152296be9_dvddrives.webp,$117.78,SDRW-08U9M-U/GOLD/G/AS/P2G,https://www.vertexnetworking.co.uk/product/asus-sdrw-08u9m-u-gold-g-as-p2g-zendrive-u9m-ultra-slim-dvd-writer-portable-optical-drive.html
Vertex Networking,Dell 5.25-Inches CD-RW/DVD-ROM Drive IDE for PowerEdge 1800,Dell 5.25-Inches CD-RW/DVD-ROM Drive IDE for PowerEdge 1800 Product Condition: Refurbished,https://www.vertexnetworking.co.uk/storage/product_images/677915218766f_dvddrives.webp,$71.66,TS-H492,https://www.vertexnetworking.co.uk/product/dell-ts-h492-5-25-inches-cd-rw-dvd-rom-drive-ide-for-poweredge-1800.html
Vertex Networking,HPE - AB290A - 2 x Ports 10/100Base-TX + 2 x Ports Ultra-320 SCSI 1000Base-T PCI Express Gigabit LAN Adapter,HPE - AB290A - 2 x Ports 10/100Base-TX + 2 x Ports Ultra-320 SCSI 1000Base-T PCI Express Gigabit LAN Adapter Product Condition: Refurbished,https://www.vertexnetworking.co.uk/storage/product_images/67791520abea9_hostbusadapter.webp,$64.82,AB290A,https://www.vertexnetworking.co.uk/product/ab290a-hp-pci-x-2-port-ultra-320-scsi-1000base-t-gigabit-lan-host-bus-adapter.html
Vertex Networking,Asus BW-16D1X-U/BLK/G/AS BW-16D1X-U BDXL drive SuperSpeed USB 3.0,Product Condition: New,https://www.vertexnetworking.co.uk/storage/product_images/6779152174f61_cddvdburners.webp,$161.35,BW-16D1X-U/BLK/G/AS,https://www.vertexnetworking.co.uk/product/bw-16d1x-ublkgas-1698462.html
Vertex Networking,SH-216 Dell 16x SATA DVD-RW Internal Drive with Black Bezel,SH-216 Dell 16x SATA DVD-RW Internal Drive with Black Bezel Product Condition: Refurbished,https://www.vertexnetworking.co.uk/storage/product_images/6779152115892_dvddrives.webp,$90.14,SH-216,https://www.vertexnetworking.co.uk/product/dell-sh-216-16x-sata-dvd-rw-internal-drive-with-black-bezel.html
Vertex Networking,WFMC7 Dell 8X DVD+/-RW SATA Internal Optical Drive For Latitude E5540,WFMC7 Dell 8X DVD+/-RW SATA Internal Optical Drive For Latitude E5540 Product Condition: Refurbished,https://www.vertexnetworking.co.uk/storage/product_images/677915223a7fc_cddvdburners.webp,$91.43,WFMC7,https://www.vertexnetworking.co.uk/product/dell-wfmc7-8x-dvd-rw-sata-internal-optical-drive-for-latitude-e5540.html
Vertex Networking,726537-B21 - HP 8x DVD-RW SATA Slimline Optical Drive,726537-B21 - HP 8x DVD-RW SATA Slimline Optical Drive Product Condition: New Miscellaneous Product Compatibility HPE ProLiant ML30 G10  ML350 G9  ML110 G11   DL180 G10  DL325 10 Plus   DL20 G11  DL345 G11  DL385 G6  DL360 G11  DL380 G11  DL560 G11,https://www.vertexnetworking.co.uk/storage/product_images/6779152151c8c_726537-B21.webp,$138.80,726537-B21,https://www.vertexnetworking.co.uk/product/726537-b21-hp-8x-dvd-rw-sata-slimline-optical-drive.html
Vertex Networking,Dell 0T80X9 QLOGIC QLE2690L-DEL Single Port 16GB PCI-E 3.0 X8 Fibre Channel FC HOST BUS Adapter HBA LOW PROFILE for PowerEdge R730 G13,Dell 0T80X9 QLOGIC QLE2690L-DEL Single Port 16GB PCI-E 3.0 X8 Fibre Channel FC HOST BUS Adapter HBA LOW PROFILE for PowerEdge R730 G13 Product Condition: Refurbished,https://www.vertexnetworking.co.uk/storage/product_images/67791520d2ed3_hostbusadapter.webp,$140.06,0T80X9,https://www.vertexnetworking.co.uk/product/dell-0t80x9-qlogic-qle2690l-16gb-sfp-pci-express-high-profile-fibre-channel-host-bus-adapter.html
Vertex Networking,IBM 00P4774 4.7GB 8x24x IDE Slimline DVD-ROM Drive,IBM 00P4774 4.7GB 8x24x IDE Slimline DVD-ROM Drive Product Condition: Refurbished,https://www.vertexnetworking.co.uk/storage/product_images/6779152098772_dvddrives.webp,$54.39,00P4774,https://www.vertexnetworking.co.uk/product/00p4774-ibm-4-7gb-8x24x-ide-slimline-dvd-rom-drive.html
Vertex Networking,IBM 03N4712 4.7GB 8x24x IDE DVD-ROM Drive,IBM 03N4712 4.7GB 8x24x IDE DVD-ROM Drive Product Condition: Refurbished,https://www.vertexnetworking.co.uk/storage/product_images/67791520bfd2c_dvddrives.webp,$54.39,03N4712,https://www.vertexnetworking.co.uk/product/03n4712-ibm-4-7gb-8x24x-ide-dvd-rom-drive.html
Vertex Networking,IBM 06P5263 24X CD ROM Drive,IBM 06P5263 24X CD ROM Drive Product Condition: Refurbished,https://www.vertexnetworking.co.uk/storage/product_images/67791520e49dc_cddvdburners.webp,$37.56,06P5263,https://www.vertexnetworking.co.uk/product/06p5263-ibm-24x-cd-rom-drive.html
Vertex Networking,407094-MD2 - HP 8x Slimline Optical DVD+RW Drive,407094-MD2 - HP 8x Slimline Optical DVD+RW Drive Product Condition: Refurbished,https://www.vertexnetworking.co.uk/storage/product_images/67791520f2d19_Optical-Drives-Gen.webp,$66.62,407094-MD2,https://www.vertexnetworking.co.uk/product/407094-md2-hp-8x-slimline-optical-dvd-rw-drive.html
Vertex Networking,MCP-220-81502-0N Supermicro MCP-220-81502-0N Slim SATA DVD kit For SC815/ 816/ 213/ 825/ 828/ 836,MCP-220-81502-0N Supermicro MCP-220-81502-0N Slim SATA DVD kit For SC815/ 816/ 213/ 825/ 828/ 836 Product Condition: New Miscellaneous,https://www.vertexnetworking.co.uk/storage/product_images/67791522022cc_MCP-220-81502-0N.png,$65.11,MCP-220-81502-0N,https://www.vertexnetworking.co.uk/product/mcp-220-81502-0n-supermicro-mcp-220-81502-0n-slim-sata-dvd-kit-for-sc815-816-213-825-828-836.html
Vertex Networking,PET110-I3-530 Dell 2x 160G DVD-RW Optical Drive for PowerEdge T110,PET110-I3-530 Dell 2x 160G DVD-RW Optical Drive for PowerEdge T110 Product Condition: Refurbished,https://www.vertexnetworking.co.uk/storage/product_images/6779152163e56_dvddrives.webp,$235.52,PET110-I3-530,https://www.vertexnetworking.co.uk/product/dell-pet110-i3-530-2x-160g-dvd-rw-optical-drive-for-poweredge-t110.html
Vertex Networking,Cisco - UCSC-PCIE-Q2672 - QLogic QLE2672 2 x Ports Fibre Channel 16Gb/s PCI Express 2.0 x8 Low-profile Host Bus Adapter,Cisco - UCSC-PCIE-Q2672 - QLogic QLE2672 2 x Ports Fibre Channel 16Gb/s PCI Express 2.0 x8 Low-profile Host Bus Adapter Product Condition: New General Information Product Type Host Bus Adapter Technical Information Maximum Data Transfer Rate 16 Gb/s Host Interface PCI Express 2.0 x8 Technology Standard Fibre Channel Interfaces/Ports Quantity of Fixed Ports/Expansion Slots 2 Physical Characteristics Card Height Low-profile Miscellaneous Assembly Required Yes Eco Friendly Yes,https://www.vertexnetworking.co.uk/storage/product_images/677915205e708_UCSC-PCIE-Q2672.webp,"$2,369.38",UCSC-PCIE-Q2672,https://www.vertexnetworking.co.uk/product/ucsc-pcie-q2672-cisco-sanblade-2-port-16gb-fiber-channel-pci-express-host-bus-adapter.html
Vertex Networking,Cisco UCSC-PCIE-QD16GF QLogic QLE2692 2-Ports 16Gb/s FC Network,Product Condition: Refurbished,https://www.vertexnetworking.co.uk/storage/product_images/6779151fb9dde_hostbusadapter.webp,$758.00,UCSC-PCIE-QD16GF,https://www.vertexnetworking.co.uk/product/cisco-ucsc-pcie-qd16gf-qlogic-qle2692-2-ports-16gb-s-fc-network-adapter.html
Vertex Networking,Dell Latitude E5400 E5500 8x SATA DVD+RW CD-RW Dual Layer Burner Drive Module,Dell Latitude E5400 E5500 8x SATA DVD+RW CD-RW Dual Layer Burner Drive Module Product Condition: Refurbished,https://www.vertexnetworking.co.uk/storage/product_images/6779152021832_cddvdburners.webp,$49.00,0XXDH4,https://www.vertexnetworking.co.uk/product/0xxdh4-dell-latitude-e5400-e5500-8x-sata-dvd-rw-cd-rw-dual-layer-burner-drive-module.html
Vertex Networking,Dell 540-BDGX QLogic 2690 Single Port 16GbE Fibre Channel HBA PCIe Full Height V2,Dell 540-BDGX QLogic 2690 Single Port 16GbE Fibre Channel HBA PCIe Full Height V2 Product Condition: Refurbished,https://www.vertexnetworking.co.uk/storage/product_images/6779151e3d71f_hostbusadapter.webp,$303.22,540-BDGX,https://www.vertexnetworking.co.uk/product/dell-540-bdgx-qlogic-2690-single-port-16gbe-fibre-channel-hba-pcie-full-height-v2.html
Vertex Networking,Dell USB Slim DVD +- RW Drive External Optical Drive,Dell USB Slim DVD +- RW Drive External Optical Drive Product Condition: New,https://www.vertexnetworking.co.uk/storage/product_images/6779151fa32a4_dvddrives.webp,$83.33,DW316,https://www.vertexnetworking.co.uk/product/dw316-dell-usb-slim-dvd-rw-drive-external-optical-drive.html
Vertex Networking,7067091 - Sun Oracle Storage 6GB 16-Port SAS 6Gbs PCI Express Host Bus Adapter,7067091 - Sun Oracle Storage 6GB 16-Port SAS 6Gbs PCI Express Host Bus Adapter Product Condition: Refurbished General Information Product Type Host Bus Adapter Technical Information Maximum Data Transfer Rate 6 Gb/s Host Interface PCI Express Technology Standard SAS Miscellaneous Assembly Required Yes Eco Friendly Yes,https://www.vertexnetworking.co.uk/storage/product_images/6779151df37b7_Hot-Bus-Adapter-Gen.webp,$83.67,7067091,https://www.vertexnetworking.co.uk/product/7067091-sun-network-adapter.html
Vertex Networking,HPE 869989-002 Edgeline NVMe HHHL M.2 Enablement Kit,HPE 869989-002 Edgeline NVMe HHHL M.2 Enablement Kit Product Condition: New,https://www.vertexnetworking.co.uk/storage/product_images/6779151e5c79e_hostbusadapter.webp,$132.54,869989-002,https://www.vertexnetworking.co.uk/product/hpe-869989-002-edgeline-nvme-hhhl-m2-enablement-kit.html
Vertex Networking,FC2410401-21 - QLogic 4GB PCI-X Fibre Channel Host Bus Network Adapter,FC2410401-21 - QLogic 4GB PCI-X Fibre Channel Host Bus Network Adapter Product Condition: Refurbished General Information Miscellaneous Assembly Required Yes Eco Friendly Yes,https://www.vertexnetworking.co.uk/storage/product_images/6779151d9f492_Network-Cards-%26-Adapters-Gen.webp,$76.15,FC2410401-21,https://www.vertexnetworking.co.uk/product/fc2410401-21-qlogic-4gb-pci-x-fibre-channel-host-bus-network-adapter-new.html
Vertex Networking,7085207 - Sun / Oracle 8-Port 12GB SAS 3Gb/s PCI Express Host Bus Adapter,7085207 - Sun / Oracle 8-Port 12GB SAS 3Gb/s PCI Express Host Bus Adapter Product Condition: Refurbished General Information Model 7085207 Product Type Host Bus Adapter Technical Information Maximum Data Transfer Rate 12 Gb/s Host Interface PCI Express Technology Standard SAS Interfaces/Ports Quantity of Fixed Ports/Expansion Slots 8 Miscellaneous Compliance Standards WEEE Assembly Required Yes Eco Friendly Yes,https://www.vertexnetworking.co.uk/storage/product_images/6779151e1dd82_Hot-Bus-Adapter-Gen.webp,$121.26,7085207,https://www.vertexnetworking.co.uk/product/7085207-sun-network-adapter.html
Vertex Networking,Cisco UCSC-PCIE-E16002 16Gb/s Fibre Channel 2-Ports PCI Express,Product Condition: Refurbished General Information Product Type Host Bus Adapter Technical Information Maximum Data Transfer Rate 16 Gb/s Host Interface PCI Express Technology Standard Fibre Channel Interfaces/Ports Quantity of Fixed Ports/Expansion Slots 2 Miscellaneous Assembly Required Yes Eco Friendly Yes,https://www.vertexnetworking.co.uk/storage/product_images/6779151f90014_hostbusadapter.webp,$495.00,UCSC-PCIE-E16002,https://www.vertexnetworking.co.uk/product/cisco-ucsc-pcie-e16002-16gb-s-fibre-channel-2-ports-pci-express-host-bus-adapter.html
Vertex Networking,Dell 40P1P QLogic 2770 Single Port Fibre 32Gb Channel Host Bus PCIe Full Height,Dell 40P1P QLogic 2770 Single Port Fibre 32Gb Channel Host Bus PCIe Full Height Product Condition: Refurbished,https://www.vertexnetworking.co.uk/storage/product_images/6779151dca009_hostbusadapter.webp,$561.11,40P1P,https://www.vertexnetworking.co.uk/product/dell-40p1p-qlogic-2770-single-port-fibre-32gb-channel-host-bus-pcie-full-height.html
Vertex Networking,Cisco N2XX-AEPCI05-RF Emulex LPe 12002 2 x Ports 8Gb/s Fibre Channel PCI Express 2.0 x8 Host Bus Adapter General Information Product Type Host Bus Adapter Technical Information Maximum Data Transfer Rate 8 Gb/s Host Interface PCI Express 2.0 x8 Technology Standard Fibre Channel Interfaces/Ports Quantity of Fixed Ports/Expansion Slots 2 Miscellaneous Assembly Required Yes Eco Friendly Yes,Cisco N2XX-AEPCI05-RF Emulex LPe 12002 2 x Ports 8Gb/s Fibre Channel PCI Express 2.0 x8 Host Bus Adapter General Information Product Type Host Bus Adapter Technical Information Maximum Data Transfer Rate 8 Gb/s Host Interface PCI Express 2.0 x8 Technology Standard Fibre Channel Interfaces/Ports Quantity of Fixed Ports/Expansion Slots 2 Miscellaneous Assembly Required Yes Eco Friendly Yes,https://www.vertexnetworking.co.uk/storage/product_images/67791520838f3_hostbusadapter.webp,Get a Quote for price,N2XX-AEPCI05-RF,https://www.vertexnetworking.co.uk/product/n2xx-aepci05-rf-1606974.html
Vertex Networking,Dell - 045GPC - 4-Ports Fibre Channel 8Gb/s PCI Express SFP+ Host Bus Adapter,Dell - 045GPC - 4-Ports Fibre Channel 8Gb/s PCI Express SFP+ Host Bus Adapter Product Condition: Refurbished,https://www.vertexnetworking.co.uk/storage/product_images/6779151e48f15_Hot-Bus-Adapter-Gen.webp,$62.62,045GPC,https://www.vertexnetworking.co.uk/product/045gpc-dell-8gb-s-pci-express-fibre-channel-quad-port-host-bus-adapter.html
Vertex Networking,ASUS FX Gaming AURA Sync RGB 2.5-Inch 1TB USB 3.1 External Hard Drive,ASUS FX Gaming AURA Sync RGB 2.5-Inch 1TB USB 3.1 External Hard Drive Product Condition: Refurbished,https://www.vertexnetworking.co.uk/storage/product_images/6779151ec3ff1_externalcddvdbluraydrives.webp,$178.89,90DD02F0-B89000,https://www.vertexnetworking.co.uk/product/asus-90dd02f0-b89000-fx-gaming-aura-sync-rgb-2-5-inch-1tb-usb-3-1-external-hard-drive.html
Vertex Networking,7085208 - Sun Oracle 8-Port 12Gbs SAS PCI Express Host Bus Adapter for X5-2 Server,7085208 - Sun Oracle 8-Port 12Gbs SAS PCI Express Host Bus Adapter for X5-2 Server Product Condition: Refurbished General Information Model 7085208 Product Type Host Bus Adapter Technical Information Maximum Data Transfer Rate 12 Gb/s Host Interface PCI Express Technology Standard SAS Interfaces/Ports Quantity of Fixed Ports/Expansion Slots 8 Miscellaneous Compliance Standards WEEE Assembly Required Yes Eco Friendly Yes,https://www.vertexnetworking.co.uk/storage/product_images/6779151e2a525_Hot-Bus-Adapter-Gen.webp,$98.71,7085208,https://www.vertexnetworking.co.uk/product/7085208-sun-oracle-8-port-12gb-s-sas-pci-express-host-bus-adapter-for-x5-2-server.html
Vertex Networking,Dell VPDGC QLogic 2770 Single Port Fibre 32Gb Channel Host Bus PCIe Full Height,Dell VPDGC QLogic 2770 Single Port Fibre 32Gb Channel Host Bus PCIe Full Height Product Condition: Refurbished,https://www.vertexnetworking.co.uk/storage/product_images/6779151e120c2_hostbusadapter.webp,$561.11,VPDGC,https://www.vertexnetworking.co.uk/product/dell-vpdgc-qlogic-2770-single-port-fibre-32gb-channel-host-bus-pcie-full-height.html
Vertex Networking,General Information Product Type Host Bus Adapter Technical Information Maximum Data Transfer Rate 4 Gb/s Technology Standard Fibre Channel Interfaces/Ports Quantity of Fixed Ports/Expansion Slots 2 Miscellaneous Assembly Required Yes Eco Friendly Yes,General Information Product Type Host Bus Adapter Technical Information Maximum Data Transfer Rate 4 Gb/s Technology Standard Fibre Channel Interfaces/Ports Quantity of Fixed Ports/Expansion Slots 2 Miscellaneous Assembly Required Yes Eco Friendly Yes,https://www.vertexnetworking.co.uk/storage/product_images/6779151ed7622_hostbusadapter.webp,Get a Quote for price,N2XX-AEPCI03,https://www.vertexnetworking.co.uk/product/cisco-n2xx-aepci03-emulex-11002-2-ports-4gb-s-fibre-channel-host-bus-adapter-for-c460-ucs-m2-server.html
Vertex Networking,Cisco N2XX-AQPCI03 QLogic 2-Port PCI Expres 4Gb Network Adapter Card,Product Condition: Refurbished,https://www.vertexnetworking.co.uk/storage/product_images/6779151f69175_hostbusadapter.webp,$85.00,N2XX-AQPCI03,https://www.vertexnetworking.co.uk/product/cisco-n2xx-aqpci03-qlogic-2-port-pci-expres-4gb-network-adapter-card.html
Vertex Networking,Fujitsu Ultra Slim 5.25-Inch SATA DVD-RW Optical Drive,Fujitsu Ultra Slim 5.25-Inch SATA DVD-RW Optical Drive Product Condition: Refurbished,https://www.vertexnetworking.co.uk/storage/product_images/6779151f56c81_dvddrives.webp,$107.03,S26361-F3927-L100,https://www.vertexnetworking.co.uk/product/fujitsu-s26361-f3927-l100-ultra-slim-5-25-inch-sata-dvd-rw-optical-drive.html
Vertex Networking,Dell DVD-RW Drive for Inspiron 1428 1440 1464 1545,Dell DVD-RW Drive for Inspiron 1428 1440 1464 1545 Product Condition: Refurbished,https://www.vertexnetworking.co.uk/storage/product_images/6779152070bbe_cddvdburners.webp,$93.41,0GTA0N,https://www.vertexnetworking.co.uk/product/0gta0n-dell-dvd-rw-drive-for-inspiron-1428-1440-1464-1545.html
Vertex Networking,Fujitsu 2.5-Inch 2.3GHz SAS DVD-RW Optical Drive for Primergy RX300 S7,Fujitsu 2.5-Inch 2.3GHz SAS DVD-RW Optical Drive for Primergy RX300 S7 Product Condition: Refurbished,https://www.vertexnetworking.co.uk/storage/product_images/6779151f7db45_dvddrives.webp,"$1,253.33",R3007SC020IN-102,https://www.vertexnetworking.co.uk/product/fujitsu-r3007sc020in-102-2-5-inch-2-3ghz-sas-dvd-rw-optical-drive-for-primergy-rx300-s7.html
Vertex Networking,Dell - 406-BBDY - Emulex LPE-12002 2 x Ports Fibre Channel 8Gb/s PCI Express 2.0 Low-profile Host Bus Adapter for PowerEdge T30 Mini Tower Server,Dell - 406-BBDY - Emulex LPE-12002 2 x Ports Fibre Channel 8Gb/s PCI Express 2.0 Low-profile Host Bus Adapter for PowerEdge T30 Mini Tower Server Product Condition: Refurbished General Information Product Type Host Bus Adapter Technical Information Maximum Data Transfer Rate 8 Gb/s Host Interface PCI Express 2.0 Technology Standard Fibre Channel Interfaces/Ports Quantity of Fixed Ports/Expansion Slots 2 Physical Characteristics Card Height Low-profile Miscellaneous Assembly Required Yes Eco Friendly Yes,https://www.vertexnetworking.co.uk/storage/product_images/6779151cb13c0_Hot-Bus-Adapter-Gen.webp,$77.65,406-BBDY,https://www.vertexnetworking.co.uk/product/406-bbdy-dell-lightpulse-8gb-dual-channel-pci-express-fibre-channel-host-bus-adapter-with-long-bracket-card-only.html
Vertex Networking,7023303 - Sun Oracle Qlogic Dual 16Gbs Fibre Channel 10Gbs FCoE Host Adapter,7023303 - Sun Oracle Qlogic Dual 16Gbs Fibre Channel 10Gbs FCoE Host Adapter Product Condition: Refurbished General Information Product Type Host Bus Adapter Technical Information Maximum Data Transfer Rate 16 Gb/s Host Interface PCI Express Technology Standard Fibre Channel Miscellaneous Assembly Required Yes Eco Friendly Yes,https://www.vertexnetworking.co.uk/storage/product_images/6779151c94b2f_Hot-Bus-Adapter-Gen.webp,$217.50,7023303,https://www.vertexnetworking.co.uk/product/7023303-sun-oracle-qlogic-dual-16gb-s-fibre-channel-10gb-s-fcoe-host-adapter.html
Vertex Networking,10N7249 - IBM FC5733 4GB Single -Port PCI Express Fibre Channel Host Bus Adapter with Standard Bracket Card,10N7249 - IBM FC5733 4GB Single -Port PCI Express Fibre Channel Host Bus Adapter with Standard Bracket Card Product Condition: Refurbished General Information Model 10N7249 Product Type Host Bus Adapter Technical Information Host Interface PCI Express Technology Standard Fibre Channel Interfaces/Ports Quantity of Fixed Ports/Expansion Slots 1 Miscellaneous Compliance Standards WEEE Assembly Required Yes Eco Friendly Yes,https://www.vertexnetworking.co.uk/storage/product_images/6779151cca5a7_Single-port-adapter-Gen.webp,$77.65,10N7249,https://www.vertexnetworking.co.uk/product/10n7249-ibm-fc5733-4gb-single-port-pci-express-fibre-channel-host-bus-adapter-with-standard-bracket-card.html
Vertex Networking,46C7006 - IBM 8GB PCI-Express Fiber Channel Host Bus Adapter,46C7006 - IBM 8GB PCI-Express Fiber Channel Host Bus Adapter Product Condition: Refurbished General Information Model 46C7006 Product Type Host Bus Adapter Technical Information Host Interface PCI Express Technology Standard Fibre Channel Miscellaneous Compliance Standards WEEE Assembly Required Yes Eco Friendly Yes,https://www.vertexnetworking.co.uk/storage/product_images/6779151cf18b3_Hot-Bus-Adapter-Gen.webp,$83.67,46C7006,https://www.vertexnetworking.co.uk/product/46c7006-ibm-8gb-pci-express-fiber-channel-host-bus-adapter.html
Vertex Networking,7085209 - Sun Oracle 8-Port 12Gbs SAS3 Internal RAID Host Bus Adapter for X5-2 Server,7085209 - Sun Oracle 8-Port 12Gbs SAS3 Internal RAID Host Bus Adapter for X5-2 Server Product Condition: Refurbished General Information Model 7085209 Product Type Host Bus Adapter Technical Information Host Interface PCI Express Technology Standard SAS Interfaces/Ports Quantity of Fixed Ports/Expansion Slots 8 Miscellaneous Compliance Standards WEEE Assembly Required Yes Eco Friendly Yes,https://www.vertexnetworking.co.uk/storage/product_images/6779151cbc8a7_Hot-Bus-Adapter-Gen.webp,$145.32,7085209,https://www.vertexnetworking.co.uk/product/7085209-sun-oracle-8-port-12gb-s-sas3-internal-raid-host-bus-adapter-for-x5-2-server.html
Vertex Networking,00P4295 - IBM FC5704 2GB Single -Port PCI-X Fibre Channel Host Bus Adapter with Standard Bracket,00P4295 - IBM FC5704 2GB Single -Port PCI-X Fibre Channel Host Bus Adapter with Standard Bracket Product Condition: Refurbished General Information Model 00P4295 Product Type Host Bus Adapter Technical Information Host Interface PCI-X Technology Standard Fibre Channel Interfaces/Ports Quantity of Fixed Ports/Expansion Slots 1 Miscellaneous Compliance Standards WEEE Assembly Required Yes Eco Friendly Yes,https://www.vertexnetworking.co.uk/storage/product_images/6779151ca2a35_Single-port-adapter-Gen.webp,$157.35,00P4295,https://www.vertexnetworking.co.uk/product/00p4295-ibm-fc5704-2gb-single-port-pci-x-fibre-channel-host-bus-adapter-with-standard-bracket.html
Vertex Networking,46M0913 - IBM 6GB Solid State Drive Host Bus Adapter,46M0913 - IBM 6GB Solid State Drive Host Bus Adapter Product Condition: Refurbished General Information Product Type Host Bus Adapter Technical Information Maximum Data Transfer Rate 6 Gb/s Host Interface PCI Express 2.0 x8 Technology Standard SAS Miscellaneous Assembly Required Yes Eco Friendly Yes,https://www.vertexnetworking.co.uk/storage/product_images/6779151d91d11_46M0913.webp,$217.00,46M0913,https://www.vertexnetworking.co.uk/product/46m0913-ibm-6gb-solid-state-drive-host-bus-adapter.html
Vertex Networking,PX2510401-55 - QLogic 4GB Dual Port PCI-Express Fibre Channel Host Bus Adapter,PX2510401-55 - QLogic 4GB Dual Port PCI-Express Fibre Channel Host Bus Adapter Product Condition: Refurbished General Information Model PX2510401-55 Product Type Host Bus Adapter Technical Information Host Interface PCI Express Technology Standard Fibre Channel Interfaces/Ports Quantity of Fixed Ports/Expansion Slots 2 Miscellaneous Compliance Standards WEEE Assembly Required Yes Eco Friendly Yes,https://www.vertexnetworking.co.uk/storage/product_images/6779151d3bbe1_Hot-Bus-Adapter-Gen.webp,$62.62,PX2510401-55,https://www.vertexnetworking.co.uk/product/px2510401-55-qlogic-4gb-dual-port-pci-express-fibre-channel-host-bus-adapter.html
Vertex Networking,371-4324 - Sun PCI-Express Single Port 8GB/s Fibre Channel Host Bus Adapter,371-4324 - Sun PCI-Express Single Port 8GB/s Fibre Channel Host Bus Adapter Product Condition: Refurbished General Information Model 371-4324 Product Type Host Bus Adapter Technical Information Maximum Data Transfer Rate 8 Gb/s Host Interface PCI Express Technology Standard Fibre Channel Interfaces/Ports Quantity of Fixed Ports/Expansion Slots 1 Miscellaneous Compliance Standards WEEE Assembly Required Yes Eco Friendly Yes,https://www.vertexnetworking.co.uk/storage/product_images/6779151d16a00_Single-port-adapter-Gen.webp,$179.91,371-4324,https://www.vertexnetworking.co.uk/product/sun-371-4324-8gbps-1-port-fibre-channel-pci-express-x8-host-bus-adapter-for-fire-t2000-v245.html
Vertex Networking,Dell 540-BDKL QLogic 2770 Single Port Fibre 32Gb Channel Host Bus PCIe Full Height,Dell 540-BDKL QLogic 2770 Single Port Fibre 32Gb Channel Host Bus PCIe Full Height Product Condition: Refurbished,https://www.vertexnetworking.co.uk/storage/product_images/6779151de89f7_hostbusadapter.webp,$561.11,540-BDKL,https://www.vertexnetworking.co.uk/product/dell-540-bdkl-qlogic-2770-single-port-fibre-32gb-channel-host-bus-pcie-full-height.html
Vertex Networking,SGX-SAS6-INT-Z - Sun 8 Port 6Gbps SAS 2-PCI Express Host Bus Adapter,SGX-SAS6-INT-Z - Sun 8 Port 6Gbps SAS 2-PCI Express Host Bus Adapter Product Condition: Refurbished General Information Model SGX-SAS6-INT-Z Product Type Host Bus Adapter Technical Information Host Interface PCI Express Technology Standard SAS Interfaces/Ports Quantity of Fixed Ports/Expansion Slots 8 Miscellaneous Compliance Standards WEEE Assembly Required Yes Eco Friendly Yes,https://www.vertexnetworking.co.uk/storage/product_images/6779151cd5b30_Hot-Bus-Adapter-Gen.webp,$145.32,SGX-SAS6-INT-Z,https://www.vertexnetworking.co.uk/product/sgx-sas6-int-z-sun-8-port-6gbps-sas-2-pci-express-host-bus-adapter.html
Vertex Networking,375-3355 - Sun 4Gb PCI Express Single Port FC Host Adapter (RoHS),375-3355 - Sun 4Gb PCI Express Single Port FC Host Adapter (RoHS) Product Condition: Refurbished General Information Model 375-3355 Product Type Host Bus Adapter Technical Information Maximum Data Transfer Rate 4 Gb/s Host Interface PCI Express Technology Standard Fibre Channel Interfaces/Ports Quantity of Fixed Ports/Expansion Slots 1 Miscellaneous Compliance Standards WEEE Assembly Required Yes Eco Friendly Yes,https://www.vertexnetworking.co.uk/storage/product_images/6779151c7b88d_Hot-Bus-Adapter-Gen.webp,$77.65,375-3355,https://www.vertexnetworking.co.uk/product/sun-375-3355-4gbps-single-fibre-channel-pci-express-host-bus-adapter.html
Vertex Networking,7086345 - Sun Oracle 13.5V 6.4F Super Capacitor for X5-2 Server,7086345 - Sun Oracle 13.5V 6.4F Super Capacitor for X5-2 Server Product Condition: Refurbished General Information Model 7086345 Product Type Host Bus Adapter Technical Information Maximum Data Transfer Rate 12 Gb/s Host Interface PCI Express Technology Standard SAS Miscellaneous Compliance Standards WEEE Assembly Required Yes Eco Friendly Yes,https://www.vertexnetworking.co.uk/storage/product_images/6779151c6edd8_Hot-Bus-Adapter-Gen.webp,$147.58,7086345,https://www.vertexnetworking.co.uk/product/7086345-sun-oracle-13-5v-6-4f-super-capacitor-for-x5-2-server.html
Vertex Networking,03DDJT - Dell SAS 2008 6GBs Dp Host Bus Adapter (HBA),03DDJT - Dell SAS 2008 6GBs Dp Host Bus Adapter (HBA) Product Condition: Refurbished General Information Model 03DDJT Product Type Host Bus Adapter Technical Information Maximum Data Transfer Rate 6 Gb/s Host Interface PCI Express x8 Technology Standard SAS Interfaces/Ports Quantity of Fixed Ports/Expansion Slots 2 Miscellaneous Compliance Standards WEEE Assembly Required Yes Eco Friendly Yes,https://www.vertexnetworking.co.uk/storage/product_images/6779151d2ddd4_Hot-Bus-Adapter-Gen.webp,$67.13,03DDJT,https://www.vertexnetworking.co.uk/product/03ddjt-dell-sas-2008-6gbs-dp-host-bus-adapter-hba.html
Vertex Networking,39R6526 - IBM QLOGIC 4GB/s Single -Port Low Profile PCI Express Fibre Channel Host Bus Adapter with Standard Bracket Card,39R6526 - IBM QLOGIC 4GB/s Single -Port Low Profile PCI Express Fibre Channel Host Bus Adapter with Standard Bracket Card Product Condition: Refurbished General Information Model 39R6526 Product Type Host Bus Adapter Technical Information Maximum Data Transfer Rate 4 Gb/s Host Interface PCI Express Technology Standard Fibre Channel Interfaces/Ports Quantity of Fixed Ports/Expansion Slots 1 Miscellaneous Compliance Standards WEEE Assembly Required Yes Eco Friendly Yes,https://www.vertexnetworking.co.uk/storage/product_images/6779151c87e91_Hot-Bus-Adapter-Gen.webp,$127.28,39R6526,https://www.vertexnetworking.co.uk/product/39r6526-ibm-qlogic-4gb-s-single-port-low-profile-pci-express-fibre-channel-host-bus-adapter-with-standard-bracket-card.html
Vertex Networking,632487-001 - HP Firewire PCI-Express IEEE Dual Interface Desktop Card,632487-001 - HP Firewire PCI-Express IEEE Dual Interface Desktop Card Product Condition: Refurbished General Information Product Type Host Bus Adapter Technical Information Host Interface PCI Express Interfaces/Ports Quantity of Fixed Ports/Expansion Slots 2 Miscellaneous Assembly Required Yes Eco Friendly Yes,https://www.vertexnetworking.co.uk/storage/product_images/6779151d55c78_All-Computer-Accessories-Gen.webp,$72.69,632487-001,https://www.vertexnetworking.co.uk/product/632487-001-hp-firewire-pci-express-ieee-dual-interface-desktop-card.html
Vertex Networking,FC0310406 - QLogic PCI Fibre Channel Host Bus Adapter NO Cable (FC0310406)WITH STA,FC0310406 - QLogic PCI Fibre Channel Host Bus Adapter NO Cable (FC0310406)WITH STA Product Condition: Refurbished General Information Model FC0310406 Product Type Host Bus Adapter Technical Information Host Interface PCI Express Technology Standard Fibre Channel Miscellaneous Compliance Standards WEEE Assembly Required Yes Eco Friendly Yes,https://www.vertexnetworking.co.uk/storage/product_images/6779151d08b60_Hot-Bus-Adapter-Gen.webp,$70.14,FC0310406,https://www.vertexnetworking.co.uk/product/fc0310406-qlogic-pci-fibre-channel-host-bus-adapter-no-cable-fc0310406-with-sta.html
Vertex Networking,Cisco - PX2810403 - QLogic QLE2562 2 x Ports Fibre Channel 8Gb/s PCI Express Full-Height Host Bus Adapter,Cisco - PX2810403 - QLogic QLE2562 2 x Ports Fibre Channel 8Gb/s PCI Express Full-Height Host Bus Adapter Product Condition: Refurbished General Information Product Type Host Bus Adapter Technical Information Maximum Data Transfer Rate 8 Gb/s Host Interface PCI Express Technology Standard Fibre Channel Interfaces/Ports Quantity of Fixed Ports/Expansion Slots 2 Physical Characteristics Card Height Full-height Miscellaneous Assembly Required Yes Eco Friendly Yes,https://www.vertexnetworking.co.uk/storage/product_images/6779151d46e0f_Hot-Bus-Adapter-Gen.webp,$322.77,PX2810403,https://www.vertexnetworking.co.uk/product/px2810403-cisco-sanblade-2-port-8gb-s-pci-express-fiber-channel-host-bus-adapter.html
Vertex Networking,03N5005 - IBM 4GB Fiber Channel Single Port PCI-x 2.0 Host Bus Adapter,03N5005 - IBM 4GB Fiber Channel Single Port PCI-x 2.0 Host Bus Adapter Product Condition: Refurbished General Information Model 03N5005 Product Type Host Bus Adapter Technical Information Host Interface PCI-X Technology Standard Fibre Channel Interfaces/Ports Quantity of Fixed Ports/Expansion Slots 1 Miscellaneous Compliance Standards WEEE Assembly Required Yes Eco Friendly Yes,https://www.vertexnetworking.co.uk/storage/product_images/6779151ce3d52_Single-port-adapter-Gen.webp,$127.28,03N5005,https://www.vertexnetworking.co.uk/product/03n5005-ibm-4gb-fiber-channel-single-port-pci-x-2-0-host-bus-adapter.html
Vertex Networking,QLE2694L - QLogic Quad Port Fiber Channel 16Gb/s PCI Express 3.0 x 16 Host Bus Adapter,QLE2694L - QLogic Quad Port Fiber Channel 16Gb/s PCI Express 3.0 x 16 Host Bus Adapter Product Condition: Refurbished General Information Model QLE2694L Product Type Host Bus Adapter Technical Information Maximum Data Transfer Rate 6 Gb/s Host Interface PCI Express Technology Standard Fibre Channel Interfaces/Ports Quantity of Fixed Ports/Expansion Slots 4 Miscellaneous Compliance Standards WEEE Assembly Required Yes Eco Friendly Yes,https://www.vertexnetworking.co.uk/storage/product_images/6779151d22597_Hot-Bus-Adapter-Gen.webp,$211.49,QLE2694L,https://www.vertexnetworking.co.uk/product/qle2694l-qlogic-network-adapter.html
Vertex Networking,Dell - 0WGCX4 - SAS9208-8i 8-Ports SAS/SATA 6Gb/s PCI Express 3.0 x8 Host Bus Adapter,Dell - 0WGCX4 - SAS9208-8i 8-Ports SAS/SATA 6Gb/s PCI Express 3.0 x8 Host Bus Adapter Product Condition: Refurbished General Information Technical Information Host Interface PCI Express Form Factor Plug-in Card Raid Supported Yes Miscellaneous Compliance Standards WEEE Assembly Required Yes Eco Friendly Yes OS Platform PC,https://www.vertexnetworking.co.uk/storage/product_images/6779151b30eaf_Controller-Card-Gen.webp,$162.62,0WGCX4,https://www.vertexnetworking.co.uk/product/0wgcx4-dell-sas-controller-card.html
Vertex Networking,Cisco - UCSW-SAS9207-8I - 8 x Ports SAS 6Gb/s PCI Express Host Bus Adapter for UCS Invicta,Cisco - UCSW-SAS9207-8I - 8 x Ports SAS 6Gb/s PCI Express Host Bus Adapter for UCS Invicta Product Condition: New,https://www.vertexnetworking.co.uk/storage/product_images/6779151b4cb36_Hot-Bus-Adapter-Gen.webp,$303.22,UCSW-SAS9207-8I,https://www.vertexnetworking.co.uk/product/ucsw-sas9207-8i-cisco-network-adapter.html
Vertex Networking,Dell - 0KKYWJ - Brocade 825 2-Ports Fiber Channel 8Gb/s PCI Express 2.0 x8 Hot Bus Adapter Controller Card for System x,Dell - 0KKYWJ - Brocade 825 2-Ports Fiber Channel 8Gb/s PCI Express 2.0 x8 Hot Bus Adapter Controller Card for System x Product Condition: Refurbished General Information Product Type Host Bus Adapter Technical Information Maximum Data Transfer Rate 8 Gb/s Host Interface PCI Express 2.0 x8 Technology Standard Fibre Channel Interfaces/Ports Quantity of Fixed Ports/Expansion Slots 2 Physical Characteristics Card Height Low-profile Miscellaneous Assembly Required Yes Eco Friendly Yes,https://www.vertexnetworking.co.uk/storage/product_images/6779151c4888a_Hot-Bus-Adapter-Gen.webp,$100.21,0KKYWJ,https://www.vertexnetworking.co.uk/product/0kkywj-dell-brocade-825-8gb-dual-port-fibre-channel-host-bus-adapter.html
Vertex Networking,69Y1940 - IBM Flex System FC3172 2-Port Fibre Channel 8Gbs PCI Express 2.0 Network Adapter,69Y1940 - IBM Flex System FC3172 2-Port Fibre Channel 8Gbs PCI Express 2.0 Network Adapter Product Condition: Refurbished General Information Model 69Y1940 Product Type Host Bus Adapter Technical Information Maximum Data Transfer Rate 8 Gb/s Host Interface PCI Express Technology Standard Fibre Channel Interfaces/Ports Quantity of Fixed Ports/Expansion Slots 2 Miscellaneous Compliance Standards WEEE Assembly Required Yes Eco Friendly Yes,https://www.vertexnetworking.co.uk/storage/product_images/6779151c3bd59_Hot-Bus-Adapter-Gen.webp,$83.67,69Y1940,https://www.vertexnetworking.co.uk/product/69y1940-ibm-network-adapter.html
Vertex Networking,IBM 49Y3702 BROCADE 8GB Single-Port PCI Express Fibre Channel Host Bus Adapter with Standard Bracket for System-X,IBM 49Y3702 BROCADE 8GB Single-Port PCI Express Fibre Channel Host Bus Adapter with Standard Bracket for System-X Product Condition: Refurbished,https://www.vertexnetworking.co.uk/storage/product_images/6779151af2ba1_Single-port-adapter-Gen.webp,$133.00,49Y3702,https://www.vertexnetworking.co.uk/product/49y3702-ibm-brocade-8gb-single-port-pci-express-fibre-channel-host-bus-adapter-with-standard-bracket-card-for-ibm-system-x.html
Vertex Networking,Dell - 011H8D - 1 x Port Fibre Channel 16Gb/s PCI Express 2.0 x8 Low-profile Host Bus Adapter for PowerEdge R210 Rack Server,Dell - 011H8D - 1 x Port Fibre Channel 16Gb/s PCI Express 2.0 x8 Low-profile Host Bus Adapter for PowerEdge R210 Rack Server Product Condition: Refurbished General Information Product Type Host Bus Adapter Technical Information Maximum Data Transfer Rate 16 Gb/s Host Interface PCI Express 2.0 x8 Technology Standard Fibre Channel Interfaces/Ports Quantity of Fixed Ports/Expansion Slots 1 Physical Characteristics Card Height Low-profile Miscellaneous Assembly Required Yes Eco Friendly Yes,https://www.vertexnetworking.co.uk/storage/product_images/6779151b416d4_Single-port-adapter-Gen.webp,$77.65,011H8D,https://www.vertexnetworking.co.uk/product/011h8d-dell-16gb-single-port-pci-express-3-0-fibre-channel-host-bus-adapter-with-standard-bracket-card-only.html
Vertex Networking,S26361-F3961-L201 - Fujitsu Emulex LightPulse LPe1250 Fiber Channel Host Bus Adapter - 1 x LC - PCI Express 2.0 - 8.5Gbps,S26361-F3961-L201 - Fujitsu Emulex LightPulse LPe1250 Fiber Channel Host Bus Adapter - 1 x LC - PCI Express 2.0 - 8.5Gbps Product Condition: Refurbished General Information Product Type Host Bus Adapter Technical Information Maximum Data Transfer Rate 8.5 Gb/s Host Interface PCI Express 2.0 Technology Standard Fibre Channel Miscellaneous Assembly Required Yes Eco Friendly Yes,https://www.vertexnetworking.co.uk/storage/product_images/6779151c20b7a_Hot-Bus-Adapter-Gen.webp,$89.68,S26361-F3961-L201,https://www.vertexnetworking.co.uk/product/fujitsu-emulex-lightpulse-lpe1250-fiber-channel-host-bus-adapter-1-x-lc-pci-express-2-0-8-5gbps.html
Vertex Networking,Dell - 09GPYF - Emulex LPE-12000 1 x Port Fibre Channel 8Gb/s PCI Express 2.0 x8 Low-profile Host Bus Adapter for PowerEdge R220/T320 Server,Dell - 09GPYF - Emulex LPE-12000 1 x Port Fibre Channel 8Gb/s PCI Express 2.0 x8 Low-profile Host Bus Adapter for PowerEdge R220/T320 Server Product Condition: Refurbished General Information Product Type Host Bus Adapter Technical Information Maximum Data Transfer Rate 8 Gb/s Host Interface PCI Express 2.0 x8 Technology Standard Fibre Channel Interfaces/Ports Quantity of Fixed Ports/Expansion Slots 1 Physical Characteristics Card Height Low-profile Miscellaneous Assembly Required Yes Eco Friendly Yes,https://www.vertexnetworking.co.uk/storage/product_images/6779151aadee5_Single-port-adapter-Gen.webp,$98.68,09GPYF,https://www.vertexnetworking.co.uk/product/09gpyf-dell-fibre-channel-host-bus-adapter-for-poweredge-r620-r720-r720xd-r820.html
Vertex Networking,80P4544 - IBM 2GB Single -Port PCI-X Fibre Channel Host Bus Adapter with Standard Bracket Card,80P4544 - IBM 2GB Single -Port PCI-X Fibre Channel Host Bus Adapter with Standard Bracket Card Product Condition: Refurbished General Information Model 80P4544 Product Type Host Bus Adapter Technical Information Host Interface PCI-X Technology Standard Fibre Channel Interfaces/Ports Quantity of Fixed Ports/Expansion Slots 1 Miscellaneous Compliance Standards WEEE Assembly Required Yes Eco Friendly Yes,https://www.vertexnetworking.co.uk/storage/product_images/6779151c15164_80P4544.webp,$77.65,80P4544,https://www.vertexnetworking.co.uk/product/80p4544-ibm-2gb-single-port-pci-x-fibre-channel-host-bus-adapter-with-standard-bracket-card.html
Vertex Networking,375-3609 - Sun 8-Port SAS-2 6Gb/s RAID Rohs y Host Bus Adapter,375-3609 - Sun 8-Port SAS-2 6Gb/s RAID Rohs y Host Bus Adapter Product Condition: Refurbished General Information Model 375-3609 Product Type Host Bus Adapter Technical Information Maximum Data Transfer Rate 6 Gb/s Technology Standard SAS Interfaces/Ports Quantity of Fixed Ports/Expansion Slots 8 Miscellaneous Compliance Standards WEEE Assembly Required Yes Eco Friendly Yes,https://www.vertexnetworking.co.uk/storage/product_images/6779151bd244b_Hot-Bus-Adapter-Gen.webp,$100.21,375-3609,https://www.vertexnetworking.co.uk/product/375-3609-sun-network-adapter.html
Vertex Networking,Dell - 0DC774 - QLogic QLE2460 1 x Port Fibre Channel 4Gb/s PCI Express x8 Low-profile Host Bus Adapter,Dell - 0DC774 - QLogic QLE2460 1 x Port Fibre Channel 4Gb/s PCI Express x8 Low-profile Host Bus Adapter Product Condition: Refurbished General Information Product Type Host Bus Adapter Technical Information Maximum Data Transfer Rate 4 Gb/s Host Interface PCI Express x8 Technology Standard Fibre Channel Interfaces/Ports Quantity of Fixed Ports/Expansion Slots 1 Physical Characteristics Card Height Low-profile Miscellaneous Assembly Required Yes Eco Friendly Yes,https://www.vertexnetworking.co.uk/storage/product_images/6779151bc614a_Hot-Bus-Adapter-Gen.webp,$77.65,0DC774,https://www.vertexnetworking.co.uk/product/0dc774-dell-4gb-single-channel-pci-express-x4-fibre-channel-host-bus-adapter-with-standard-bracket-card.html
Vertex Networking,Cisco - QLE2672-CSC - QLogic QLE2672 2 x Ports Fibre Channel 16Gb/s PCI Express 2.0 x8 Low-profile Host Bus Adapter,Cisco - QLE2672-CSC - QLogic QLE2672 2 x Ports Fibre Channel 16Gb/s PCI Express 2.0 x8 Low-profile Host Bus Adapter Product Condition: Refurbished,https://www.vertexnetworking.co.uk/storage/product_images/6779151bba3df_QLE2672-CSC.webp,$262.62,QLE2672-CSC,https://www.vertexnetworking.co.uk/product/qle2672-csc-cisco-sanblade-2-port-16gb-fiber-channel-pci-express-host-bus-adapter.html
Vertex Networking,Dell - 00KT10 - 2-Ports Fibre Channel 4Gb/s PCI Express Host Bus Adapter,Dell - 00KT10 - 2-Ports Fibre Channel 4Gb/s PCI Express Host Bus Adapter Product Condition: Refurbished General Information Product Type Host Bus Adapter Technical Information Maximum Data Transfer Rate 4 Gb/s Host Interface PCI Express Technology Standard Fibre Channel Interfaces/Ports Quantity of Fixed Ports/Expansion Slots 2 Miscellaneous Assembly Required Yes Eco Friendly Yes,https://www.vertexnetworking.co.uk/storage/product_images/6779151b60e07_Hot-Bus-Adapter-Gen.webp,$77.65,00KT10,https://www.vertexnetworking.co.uk/product/00kt10-dell-4gb-dual-channel-pci-express-fibre-channel-host-bus-adapter-with-standard-bracket-card-only.html
Vertex Networking,SG-XPCIE1FC-QF4 - Sun StorageTek Enterprise Fiber Channel Host Bus Adapter - 1 x LC - PCI Express x4 - 4 Gbps 139,SG-XPCIE1FC-QF4 - Sun StorageTek Enterprise Fiber Channel Host Bus Adapter - 1 x LC - PCI Express x4 - 4 Gbps 139 Product Condition: Refurbished General Information Product Type Host Bus Adapter Technical Information Maximum Data Transfer Rate 4 Gb/s Host Interface PCI Express x4 Technology Standard Fibre Channel Miscellaneous Assembly Required Yes Eco Friendly Yes,https://www.vertexnetworking.co.uk/storage/product_images/6779151c5581e_Hot-Bus-Adapter-Gen.webp,$83.67,SG-XPCIE1FC-QF4,https://www.vertexnetworking.co.uk/product/sun-sg-xpcie1fc-qf4-4gbps-single-fibre-channel-pci-express-host-bus-adapter.html
Vertex Networking,"Fujitsu S26361-F3483-L202 Sanblade QLE2462 Fibre Channel Host Bus Adapter 2 x LC PCI-Express 4.25GB/s , 2.12GB/s , 1.06GB/s","Fujitsu S26361-F3483-L202 Sanblade QLE2462 Fibre Channel Host Bus Adapter 2 x LC PCI-Express 4.25GB/s , 2.12GB/s , 1.06GB/s Product Condition: Refurbished General Information Product Type Host Bus Adapter Technical Information Maximum Data Transfer Rate 4.25 Gb/s Host Interface PCI Express Technology Standard Fibre Channel Interfaces/Ports Quantity of Fixed Ports/Expansion Slots 2 Miscellaneous Assembly Required Yes Eco Friendly Yes",https://www.vertexnetworking.co.uk/storage/product_images/6779151b17cbd_Hot-Bus-Adapter-Gen.webp,$209.00,S26361-F3483-L202,https://www.vertexnetworking.co.uk/product/s26361-f3483-l202-fujitsu-sanblade-qle2462-fiber-channel-host-bus-adapter-2-x-lc-pci-express-4-25gb-s-2-12gb-s-1-06gb-s.html
Vertex Networking,Dell - 0G417C - Qle2560 1 x Port Fibre Channel 8Gb/s PCI Express x8 Low-profile Host Bus Adapter With Standard Bracket,Dell - 0G417C - Qle2560 1 x Port Fibre Channel 8Gb/s PCI Express x8 Low-profile Host Bus Adapter With Standard Bracket Product Condition: Refurbished General Information Model Qle2560 Product Type Host Bus Adapter Technical Information Maximum Data Transfer Rate 8 Gb/s Host Interface PCI Express x8 Technology Standard Fibre Channel Interfaces/Ports Quantity of Fixed Ports/Expansion Slots 1 Physical Characteristics Card Height Low-profile Miscellaneous Package Content Standard Bracket Assembly Required Yes Eco Friendly Yes,https://www.vertexnetworking.co.uk/storage/product_images/6779151b25527_Single-port-adapter-Gen.webp,$77.65,0G417C,https://www.vertexnetworking.co.uk/product/0g417c-dell-sanbalde-qle2560-8gb-single-port-pci-express-fibre-channel-host-bus-adapter-with-standard-bracket-card.html
Vertex Networking,7076907 - Sun Oracle SANBlade 2-Port 8GB Fiber Channel PCI Express Host Bus Adapter,7076907 - Sun Oracle SANBlade 2-Port 8GB Fiber Channel PCI Express Host Bus Adapter Product Condition: Refurbished General Information Model 7076907 Product Type Host Bus Adapter Technical Information Maximum Data Transfer Rate 8 Gb/s Host Interface PCI Express Technology Standard Fibre Channel Interfaces/Ports Quantity of Fixed Ports/Expansion Slots 2 Miscellaneous Compliance Standards WEEE Assembly Required Yes Eco Friendly Yes,https://www.vertexnetworking.co.uk/storage/product_images/6779151c61d76_Hot-Bus-Adapter-Gen.webp,$145.32,7076907,https://www.vertexnetworking.co.uk/product/7076907-sun-oracle-sanblade-2-port-8gb-fiber-channel-pci-express-host-bus-adapter.html
Vertex Networking,Dell - 0400M7 - Qlogic QLE2564 4 x Ports Fibre Channel 8Gb/s PCI Express x8 Low-profile Host Bus Adapter for PowerEdge T110/T30 Server,Dell - 0400M7 - Qlogic QLE2564 4 x Ports Fibre Channel 8Gb/s PCI Express x8 Low-profile Host Bus Adapter for PowerEdge T110/T30 Server Product Condition: Refurbished General Information Product Type Host Bus Adapter Technical Information Maximum Data Transfer Rate 8 Gb/s Host Interface PCI Express x8 Technology Standard Fibre Channel Interfaces/Ports Quantity of Fixed Ports/Expansion Slots 4 Physical Characteristics Card Height Low-profile Miscellaneous Assembly Required Yes Eco Friendly Yes,https://www.vertexnetworking.co.uk/storage/product_images/6779151c2fc95_Hot-Bus-Adapter-Gen.webp,$100.21,0400M7,https://www.vertexnetworking.co.uk/product/0400m7-dell-sanblade-8gb-4-port-pci-express-2-0-x8-fibre-channel-host-bus-adapter.html
Vertex Networking,Dell - 07T5GY - Brocade 825 2 x Ports Fibre Channel 8Gb/s PCI Express 2.0 Low-profile Host Bus Adapter with Standard Bracket,Dell - 07T5GY - Brocade 825 2 x Ports Fibre Channel 8Gb/s PCI Express 2.0 Low-profile Host Bus Adapter with Standard Bracket Product Condition: Refurbished General Information Product Type Host Bus Adapter Technical Information Maximum Data Transfer Rate 8 Gb/s Host Interface PCI Express 2.0 Technology Standard Fibre Channel Interfaces/Ports Quantity of Fixed Ports/Expansion Slots 2 Physical Characteristics Card Height Low-profile Miscellaneous Package Content Standard Bracket Assembly Required Yes Eco Friendly Yes,https://www.vertexnetworking.co.uk/storage/product_images/6779151b0acd4_Hot-Bus-Adapter-Gen.webp,$77.65,07T5GY,https://www.vertexnetworking.co.uk/product/07t5gy-dell-brocade-825-dual-port-8gb-s-fiber-channel-host-bus-adapter.html
Vertex Networking,Dell - 02H47D - QLogic QME2572 2 x Ports Fibre Channel 8Gb/s PCI Express 2.0 Host Bus Adapter for PowerEdge M600 Server,Dell - 02H47D - QLogic QME2572 2 x Ports Fibre Channel 8Gb/s PCI Express 2.0 Host Bus Adapter for PowerEdge M600 Server Product Condition: Refurbished General Information Product Type Host Bus Adapter Technical Information Maximum Data Transfer Rate 8 Gb/s Host Interface PCI Express 2.0 Technology Standard Fibre Channel Interfaces/Ports Quantity of Fixed Ports/Expansion Slots 2 Miscellaneous Assembly Required Yes Eco Friendly Yes,https://www.vertexnetworking.co.uk/storage/product_images/6779151b6c5e2_Hot-Bus-Adapter-Gen.webp,$77.65,02H47D,https://www.vertexnetworking.co.uk/product/02h47d-dell-qme2572-8gb-s-dual-port-pci-express-fiber-channel-mezzanine-host-bus-adapter-for-m-series-blade-server.html
Vertex Networking,375-3640 - Sun 8-Port 6Gb/s SAS-2 Host Bus Adapter,375-3640 - Sun 8-Port 6Gb/s SAS-2 Host Bus Adapter Product Condition: Refurbished General Information Model 375-3640 Product Type Host Bus Adapter Technical Information Maximum Data Transfer Rate 6 Gb/s Technology Standard SAS Interfaces/Ports Quantity of Fixed Ports/Expansion Slots 8 Miscellaneous Compliance Standards WEEE Assembly Required Yes Eco Friendly Yes,https://www.vertexnetworking.co.uk/storage/product_images/67791519eedfe_Hot-Bus-Adapter-Gen.webp,$134.80,375-3640,https://www.vertexnetworking.co.uk/product/375-3640-sun-8-port-6gbps-sas-2-pci-express-host-bus-adapter.html
Vertex Networking,375-3356 - Sun 4GB FC 2P PCI Express HBA,375-3356 - Sun 4GB FC 2P PCI Express HBA Product Condition: Refurbished General Information Model 375-3356 Product Type Host Bus Adapter Technical Information Maximum Data Transfer Rate 4 Gb/s Host Interface PCI Express Technology Standard Fibre Channel Interfaces/Ports Quantity of Fixed Ports/Expansion Slots 2 Miscellaneous Compliance Standards WEEE Assembly Required Yes Eco Friendly Yes,https://www.vertexnetworking.co.uk/storage/product_images/6779151a1e4b5_Hot-Bus-Adapter-Gen.webp,$77.65,375-3356,https://www.vertexnetworking.co.uk/product/375-3356-sun-4gb-fc-2p-pci-express-hba.html
Vertex Networking,HP - A5838A - 4-Ports 2 x Ultra2 SCSI 2 x RJ-45 10Base-T/100Base-TX LAN (LVD/SE) Host Bus Adapter Card,HP - A5838A - 4-Ports 2 x Ultra2 SCSI 2 x RJ-45 10Base-T/100Base-TX LAN (LVD/SE) Host Bus Adapter Card,https://www.vertexnetworking.co.uk/storage/product_images/67791518daac7_hostbusadapter.webp,$115.00,A5838A,https://www.vertexnetworking.co.uk/product/a5838a-hp-2-port-ultra-2-scsi-10base-t-100base-tx-lan-single-ended-combo-adapter.html
Vertex Networking,445009-002 - HP StorageWorks Dual Channel Ultra320E PCI-Express SCSI LVD Host Bus Adapter for MSL Libraries,445009-002 - HP StorageWorks Dual Channel Ultra320E PCI-Express SCSI LVD Host Bus Adapter for MSL Libraries Product Condition: Refurbished General Information Product Type Host Bus Adapter Technical Information Maximum Data Transfer Rate 320 MB/s Host Interface PCI Express Technology Standard Ultra320 SCSI Interfaces/Ports Quantity of Fixed Ports/Expansion Slots 2 Miscellaneous Assembly Required Yes Eco Friendly Yes,https://www.vertexnetworking.co.uk/storage/product_images/677915196b2dc_Hot-Bus-Adapter-Gen.webp,$182.00,445009-002,https://www.vertexnetworking.co.uk/product/445009-002-hp-storageworks-dual-channel-ultra320e-pci-express-scsi-lvd-host-bus-adapter-for-msl-libraries.html
Vertex Networking,Dell - P23M2 - QLogic QLE2462 2 x Ports Fibre Channel 4Gb/s PCI Express x4 Host Bus Adapter with Standard Bracket for PowerEdge R320 Rack Server,Dell - P23M2 - QLogic QLE2462 2 x Ports Fibre Channel 4Gb/s PCI Express x4 Host Bus Adapter with Standard Bracket for PowerEdge R320 Rack Server Product Condition: Refurbished General Information Model P23M2 Product Type Host Bus Adapter Technical Information Maximum Data Transfer Rate 4 Gb/s Host Interface PCI Express Technology Standard Fibre Channel Interfaces/Ports Quantity of Fixed Ports/Expansion Slots 2 Miscellaneous Compliance Standards WEEE Assembly Required Yes Eco Friendly Yes,https://www.vertexnetworking.co.uk/storage/product_images/6779151a69d1d_P23M2.webp,$77.65,P23M2,https://www.vertexnetworking.co.uk/product/p23m2-dell-qlogic-fc1243-2-port-4gb-s-fibre-channel-pci-express-host-bus-adapter.html
Vertex Networking,Dell - 0F709C - QLogic QLE2562 2 x Ports Fibre Channel 8Gb/s PCI Express Full-Height Host Bus Adapter,Dell - 0F709C - QLogic QLE2562 2 x Ports Fibre Channel 8Gb/s PCI Express Full-Height Host Bus Adapter Product Condition: Refurbished General Information Product Type Host Bus Adapter Technical Information Maximum Data Transfer Rate 8 Gb/s Host Interface PCI Express Technology Standard Fibre Channel Interfaces/Ports Quantity of Fixed Ports/Expansion Slots 2 Physical Characteristics Card Height Full-height Miscellaneous Assembly Required Yes Eco Friendly Yes,https://www.vertexnetworking.co.uk/storage/product_images/677915195f7a5_Hot-Bus-Adapter-Gen.webp,$112.24,0F709C,https://www.vertexnetworking.co.uk/product/0f709c-dell-8gb-dual-port-fiber-channel-pci-express-host-bus-adapter.html
Vertex Networking,S26361-F3961-E2 - Fujitsu Emulex LightPulse LPe12002-FSC Fiber Channel 8.5Gb/s PCI Express 2.0 Host Bus Adapter,S26361-F3961-E2 - Fujitsu Emulex LightPulse LPe12002-FSC Fiber Channel 8.5Gb/s PCI Express 2.0 Host Bus Adapter Product Condition: Refurbished General Information Model S26361-F3961-E2 Product Type Host Bus Adapter Technical Information Maximum Data Transfer Rate 8.5 Gb/s Host Interface PCI Express Technology Standard Fibre Channel Miscellaneous Compliance Standards WEEE Assembly Required Yes Eco Friendly Yes,https://www.vertexnetworking.co.uk/storage/product_images/6779151a785f5_Hot-Bus-Adapter-Gen.webp,$735.00,S26361-F3961-E2,https://www.vertexnetworking.co.uk/product/s26361-f3961-e2-fujitsu-network-adapter.html
Vertex Networking,Fujitsu S26361-F3483-L2 Sanblade QLE2462 Dual-Port Fibre Channel 4.25Gb/s PCI Express Host Bus Adapter,Fujitsu S26361-F3483-L2 Sanblade QLE2462 Dual-Port Fibre Channel 4.25Gb/s PCI Express Host Bus Adapter Product Condition: Refurbished General Information Product Type Host Bus Adapter Technical Information Maximum Data Transfer Rate 4.25 Gb/s Host Interface PCI Express Technology Standard Fibre Channel Interfaces/Ports Quantity of Fixed Ports/Expansion Slots 2 Miscellaneous Assembly Required Yes Eco Friendly Yes,https://www.vertexnetworking.co.uk/storage/product_images/6779151ac61ec_Hot-Bus-Adapter-Gen.webp,$988.00,S26361-F3483-L2,https://www.vertexnetworking.co.uk/product/fujitsu-sanblade-qle2462-fibre-channel-host-bus-adapter-2-x-lc-pci-express-4-25gbps-2-12gbps-1-06gbps.html
Vertex Networking,Cisco - 74-7179-01 - QLogic QLE2562 2 x Ports Fibre Channel 8Gb/s PCI Express Full-Height Host Bus Adapter General Information Product Type Host Bus Adapter Technical Information Maximum Data Transfer Rate 8 Gb/s Host Interface PCI Express Technology Standard Fibre Channel Interfaces/Ports Quantity of Fixed Ports/Expansion Slots 2 Physical Characteristics Card Height Full-height Miscellaneous Assembly Required Yes Eco Friendly Yes,Cisco - 74-7179-01 - QLogic QLE2562 2 x Ports Fibre Channel 8Gb/s PCI Express Full-Height Host Bus Adapter General Information Product Type Host Bus Adapter Technical Information Maximum Data Transfer Rate 8 Gb/s Host Interface PCI Express Technology Standard Fibre Channel Interfaces/Ports Quantity of Fixed Ports/Expansion Slots 2 Physical Characteristics Card Height Full-height Miscellaneous Assembly Required Yes Eco Friendly Yes,https://www.vertexnetworking.co.uk/storage/product_images/6779151a2bd59_Hot-Bus-Adapter-Gen.webp,Get a Quote for price,74-7179-01,https://www.vertexnetworking.co.uk/product/74-7179-01-cisco-sanblade-2-port-8gb-s-pci-express-fiber-channel-host-bus-adapter.html
Vertex Networking,Dell - 066HV0 - Qle2560 1 x Port Fibre Channel 8Gb/s PCI Express x8 Low-profile Host Bus Adapter With Standard Bracket,Dell - 066HV0 - Qle2560 1 x Port Fibre Channel 8Gb/s PCI Express x8 Low-profile Host Bus Adapter With Standard Bracket Product Condition: Refurbished General Information Model Qle2560 Product Type Host Bus Adapter Technical Information Maximum Data Transfer Rate 8 Gb/s Host Interface PCI Express x8 Technology Standard Fibre Channel Interfaces/Ports Quantity of Fixed Ports/Expansion Slots 1 Physical Characteristics Card Height Low-profile Miscellaneous Package Content Standard Bracket Assembly Required Yes Eco Friendly Yes,https://www.vertexnetworking.co.uk/storage/product_images/6779151a065ef_Hot-Bus-Adapter-Gen.webp,$83.67,066HV0,https://www.vertexnetworking.co.uk/product/066hv0-dell-qle2560-8gb-fibre-channel-host-bus-adapter.html
Vertex Networking,QLE4062C-CK - QLogic 1GB Dual Port PCI Express X4 COPPER Low Profile ISCSI Host Bus Adapter,QLE4062C-CK - QLogic 1GB Dual Port PCI Express X4 COPPER Low Profile ISCSI Host Bus Adapter Product Condition: Refurbished General Information Model QLE4062C-CK Product Type Host Bus Adapter Technical Information Host Interface PCI Express x4 Technology Standard iSCSI Interfaces/Ports Quantity of Fixed Ports/Expansion Slots 2 Physical Characteristics Card Height Low-profile Miscellaneous Compliance Standards WEEE Assembly Required Yes Eco Friendly Yes,https://www.vertexnetworking.co.uk/storage/product_images/67791518c83e9_Hot-Bus-Adapter-Gen.webp,$117.00,QLE4062C-CK,https://www.vertexnetworking.co.uk/product/qle4062c-ck-qlogic-1gb-dual-port-pci-express-x4-copper-low-profile-iscsi-host-bus-adapter.html
Vertex Networking,25R8060 - IBM 3GB Single-Port PCI Express SAS RAID Host Bus Adapter,25R8060 - IBM 3GB Single-Port PCI Express SAS RAID Host Bus Adapter Product Condition: New General Information Model 25R8060 Product Type Host Bus Adapter Technical Information Host Interface PCI Express Technology Standard SAS Interfaces/Ports Quantity of Fixed Ports/Expansion Slots 1 Miscellaneous Compliance Standards WEEE Assembly Required Yes Eco Friendly Yes,https://www.vertexnetworking.co.uk/storage/product_images/677915198700f_Single-port-adapter-Gen.webp,$156.16,25R8060,https://www.vertexnetworking.co.uk/product/25r8060-ibm-3gb-single-port-pci-express-sas-raid-host-bus-adapter.html
Vertex Networking,Dell - 7T5GY - Brocade 825 2 x Ports Fibre Channel 8Gb/s PCI Express 2.0 Low-profile Host Bus Adapter with Standard Bracket,Dell - 7T5GY - Brocade 825 2 x Ports Fibre Channel 8Gb/s PCI Express 2.0 Low-profile Host Bus Adapter with Standard Bracket Product Condition: Refurbished,https://www.vertexnetworking.co.uk/storage/product_images/6779151a9fe4f_7T5GY.webp,$77.65,7T5GY,https://www.vertexnetworking.co.uk/product/7t5gy-dell-brocade-825-dual-port-8gb-s-fiber-channel-host-bus-adapter.html
Vertex Networking,375-3701 - Sun 8-Port 6Gb/s SAS 2 RAID PCI Express Host Bus Adapter,375-3701 - Sun 8-Port 6Gb/s SAS 2 RAID PCI Express Host Bus Adapter Product Condition: Refurbished General Information Model 375-3701 Product Type Host Bus Adapter Technical Information Maximum Data Transfer Rate 6 Gb/s Host Interface PCI Express Technology Standard SAS Interfaces/Ports Quantity of Fixed Ports/Expansion Slots 8 Miscellaneous Compliance Standards WEEE Assembly Required Yes Eco Friendly Yes,https://www.vertexnetworking.co.uk/storage/product_images/67791519d6b43_Hot-Bus-Adapter-Gen.webp,$134.80,375-3701,https://www.vertexnetworking.co.uk/product/375-3701-sun-8-port-6gb-s-sas-2-raid-pci-express-host-bus-adapter.html
Vertex Networking,375-3536 - Sun 8-Port SAS RAID Host Bus Adapter,375-3536 - Sun 8-Port SAS RAID Host Bus Adapter Product Condition: Refurbished General Information Model 375-3536 Product Type Host Bus Adapter Technical Information Technology Standard SAS Interfaces/Ports Quantity of Fixed Ports/Expansion Slots 8 Miscellaneous Compliance Standards WEEE Assembly Required Yes Eco Friendly Yes,https://www.vertexnetworking.co.uk/storage/product_images/6779151abb09a_Hot-Bus-Adapter-Gen.webp,$77.65,375-3536,https://www.vertexnetworking.co.uk/product/375-3536-sun-8-port-sas-raid-host-bus-adapter.html
Vertex Networking,Dell - 406-BBEB - Qle2560 1 x Port Fibre Channel 8Gb/s PCI Express x8 Low-profile Host Bus Adapter With Standard Bracket,Dell - 406-BBEB - Qle2560 1 x Port Fibre Channel 8Gb/s PCI Express x8 Low-profile Host Bus Adapter With Standard Bracket Product Condition: Refurbished,https://www.vertexnetworking.co.uk/storage/product_images/67791519cb2ca_406-BBEB.webp,$83.67,406-BBEB,https://www.vertexnetworking.co.uk/product/406-bbeb-dell-sanblade-8gb-single-channel-pci-express-fibre-channel-host-bus-adapter-with-standard-bracket-card-only.html
Vertex Networking,QLE2460-CK - QLogic 4GB Single Channel PCI Express X4 Low Profile Fibre Channel Host Bus Adapter,QLE2460-CK - QLogic 4GB Single Channel PCI Express X4 Low Profile Fibre Channel Host Bus Adapter Product Condition: Refurbished General Information Model QLE2460-CK Product Type Host Bus Adapter Technical Information Maximum Data Transfer Rate 4 Gb/s Host Interface PCI Express x4 Technology Standard Fibre Channel Interfaces/Ports Quantity of Fixed Ports/Expansion Slots 1 Physical Characteristics Card Height Low-profile Miscellaneous Compliance Standards WEEE Assembly Required Yes Eco Friendly Yes,https://www.vertexnetworking.co.uk/storage/product_images/6779151a1200d_Hot-Bus-Adapter-Gen.webp,$98.71,QLE2460-CK,https://www.vertexnetworking.co.uk/product/qle2460-ck-qlogic-4gb-single-channel-pci-express-x4-low-profile-fibre-channel-host-bus-adapter.html
Vertex Networking,Dell - 0KV00H - QLogic QLE2562 2 x Ports Fibre Channel 8Gb/s PCI Express Full-Height Host Bus Adapter,Dell - 0KV00H - QLogic QLE2562 2 x Ports Fibre Channel 8Gb/s PCI Express Full-Height Host Bus Adapter Product Condition: Refurbished General Information Product Type Host Bus Adapter Technical Information Maximum Data Transfer Rate 8 Gb/s Host Interface PCI Express Technology Standard Fibre Channel Interfaces/Ports Quantity of Fixed Ports/Expansion Slots 2 Physical Characteristics Card Height Full-height Miscellaneous Assembly Required Yes Eco Friendly Yes,https://www.vertexnetworking.co.uk/storage/product_images/6779151976e3f_Hot-Bus-Adapter-Gen.webp,$89.68,0KV00H,https://www.vertexnetworking.co.uk/product/0kv00h-dell-sanblade-8gb-dual-port-fibre-pci-express-host-bus-adapter.html
Vertex Networking,"Dell - 0FF340 - 2-Ports Fibre Channel 4Gb/s PCI Express 2,0 x8 Host Bus Adapter","Dell - 0FF340 - 2-Ports Fibre Channel 4Gb/s PCI Express 2,0 x8 Host Bus Adapter Product Condition: Refurbished General Information Product Type Host Bus Adapter Technical Information Maximum Data Transfer Rate 4 Gb/s Host Interface PCI Express 2.0 x8 Technology Standard Fibre Channel Interfaces/Ports Quantity of Fixed Ports/Expansion Slots 2 Miscellaneous Assembly Required Yes Eco Friendly Yes",https://www.vertexnetworking.co.uk/storage/product_images/6779151ad5619_Hot-Bus-Adapter-Gen.webp,$77.65,0FF340,https://www.vertexnetworking.co.uk/product/0ff340-dell-2-port-4gb-s-fibre-channel-pci-express-x-4-host-bus-adapter.html
Vertex Networking,Dell - 0X5D4R - Qle2560 1 x Port Fibre Channel 8Gb/s PCI Express x8 Low-profile Host Bus Adapter With Standard Bracket,Dell - 0X5D4R - Qle2560 1 x Port Fibre Channel 8Gb/s PCI Express x8 Low-profile Host Bus Adapter With Standard Bracket Product Condition: Refurbished General Information Product Type Host Bus Adapter Technical Information Maximum Data Transfer Rate 8 Gb/s Technology Standard Fibre Channel Interfaces/Ports Quantity of Fixed Ports/Expansion Slots 2 Miscellaneous Assembly Required Yes Eco Friendly Yes,https://www.vertexnetworking.co.uk/storage/product_images/67791519e3154_Hot-Bus-Adapter-Gen.webp,$83.67,0X5D4R,https://www.vertexnetworking.co.uk/product/0x5d4r-dell-8gb-dual-port-fibre-channel-host-bus-adapter-for-poweredge-r720.html
Vertex Networking,HP - QLE2560-HP 8GB 1 Port PCIe Fibre Channel Host Bus Adapter & SFP,HP - QLE2560-HP 8GB 1 Port PCIe Fibre Channel Host Bus Adapter & SFP Product Condition: Refurbished,https://www.vertexnetworking.co.uk/storage/product_images/677915184bd89_hostbusadapter.webp,$64.82,QLE2560-HP,https://www.vertexnetworking.co.uk/product/qle2560-hp-hp-8gb-1-port-pcie-fibre-channel-host-bus-adapter-sfp.html
Vertex Networking,110-1159-40 - Chelsio Dual-Port 10GB Fibre Channel PCI Express Host Bus Adapter,110-1159-40 - Chelsio Dual-Port 10GB Fibre Channel PCI Express Host Bus Adapter Product Condition: Refurbished,https://www.vertexnetworking.co.uk/storage/product_images/67791517cf42a_hostbusadapter.webp,$105.00,110-1159-40,https://www.vertexnetworking.co.uk/product/110-1159-40-chelsio-dual-port-10gb-fibre-channel-pci-express-host-bus-adapter.html
Vertex Networking,375-3382 - Sun Dual-Ports 4x PCI Express Infiniband Host Channel Adapter (Low Profile) for Sun Fire X4200 M2 Server,375-3382 - Sun Dual-Ports 4x PCI Express Infiniband Host Channel Adapter (Low Profile) for Sun Fire X4200 M2 Server Product Condition: Refurbished,https://www.vertexnetworking.co.uk/storage/product_images/6779151706af1_hostchanneladapter.webp,$533.00,375-3382,https://www.vertexnetworking.co.uk/product/375-3382-sun-dual-ports-4x-pci-express-infiniband-host-channel-adapter-low-profile-for-sun-fire-x4200-m2-server.html
Vertex Networking,LSI00153 - LSI Logic LSI22320SE Dual Channel Ultra320 SCSI Host Bus Adapter - PCI Express x4 - Up to 320MBps - 2 x 68-pin VHDCI Ultra320 SCSI - SCSI Ex,LSI00153 - LSI Logic LSI22320SE Dual Channel Ultra320 SCSI Host Bus Adapter - PCI Express x4 - Up to 320MBps - 2 x 68-pin VHDCI Ultra320 SCSI - SCSI Ex Product Condition: Refurbished General Information Model LSI00153 Product Type Host Bus Adapter Technical Information Host Interface PCI Express x4 Technology Standard Ultra320 SCSI Interfaces/Ports Quantity of Fixed Ports/Expansion Slots 2 Miscellaneous Compliance Standards WEEE Assembly Required Yes Eco Friendly Yes,https://www.vertexnetworking.co.uk/storage/product_images/677915185709d_Hot-Bus-Adapter-Gen.webp,$309.00,LSI00153,https://www.vertexnetworking.co.uk/product/lsi-logic-lsi22320se-dual-channel-ultra320-scsi-host-bus-adapter-pci-express-x4-up-to-320mbps-2-x-68-pin-vhdci-ultra320-scsi-scsi-ex.html
Vertex Networking,1975000 - Adaptec 7211F iSCSI Host Bus Adapter Card - 1 x LC - PCI,1975000 - Adaptec 7211F iSCSI Host Bus Adapter Card - 1 x LC - PCI Product Condition: Refurbished General Information Model 1975000 Product Type Host Bus Adapter Technical Information Host Interface PCI Express Technology Standard iSCSI Miscellaneous Compliance Standards WEEE Assembly Required Yes Eco Friendly Yes,https://www.vertexnetworking.co.uk/storage/product_images/677915187fac9_Hot-Bus-Adapter-Gen.webp,$134.00,1975000,https://www.vertexnetworking.co.uk/product/adaptec-7211f-iscsi-host-bus-adapter-card-1-x-lc-pci.html
Vertex Networking,Fujitsu - XAEFC401AU - 1-Port Fibre Channel 4Gb/s PCI Express Low Profile Host Bus Adapter,Fujitsu - XAEFC401AU - 1-Port Fibre Channel 4Gb/s PCI Express Low Profile Host Bus Adapter,https://www.vertexnetworking.co.uk/storage/product_images/6779151804863_hostbusadapter.webp,Get a Quote for price,XAEFC401AU,https://www.vertexnetworking.co.uk/product/xaefc401au-fujitsu-pci-e-enterprise-4gb-fc-host-bus-adapter-single-port-emulex-with-brackets-rohs-6-compliant.html
Vertex Networking,Dell - 4V0JT - LightPulse 2-Ports Fibre Channel 16GB/s PCI Express Host Bus Adapter,Dell - 4V0JT - LightPulse 2-Ports Fibre Channel 16GB/s PCI Express Host Bus Adapter Product Condition: Refurbished General Information Product Type Host Bus Adapter Technical Information Maximum Data Transfer Rate 16 Gb/s Host Interface PCI Express Technology Standard Fibre Channel Interfaces/Ports Quantity of Fixed Ports/Expansion Slots 2 Miscellaneous Assembly Required Yes Eco Friendly Yes,https://www.vertexnetworking.co.uk/storage/product_images/67791516e79fd_4V0JT.webp,$303.22,4V0JT,https://www.vertexnetworking.co.uk/product/4v0jt-dell-emulex-lpe16002-dual-port-16gb-16gb-s-fibre-channel-hba-adapter.html
Vertex Networking,Dell PX2810403-82-LP 8GB Dual Port PCI-e SFP 8Gbp/s Fibre Channel,Product Condition: Refurbished,https://www.vertexnetworking.co.uk/storage/product_images/6779151871756_hostbusadapter.webp,$108.00,PX2810403-82-LP,https://www.vertexnetworking.co.uk/product/dell-px2810403-82-lp-8gb-dual-port-pci-e-sfp-8gbp-s-fibre-channel-host-bus-adapter-llow-profile-bracket-for-dell-qlogic-qle2562l.html
Vertex Networking,52G4894 - IBM 128-Port Asynchronous Adapter for RS6000 Server,52G4894 - IBM 128-Port Asynchronous Adapter for RS6000 Server Product Condition: Refurbished,https://www.vertexnetworking.co.uk/storage/product_images/67791517bab72_hostchanneladapter.webp,$210.00,52G4894,https://www.vertexnetworking.co.uk/product/52g4894-ibm-128-port-asynchronous-adapter-for-rs-6000-server.html
Vertex Networking,HP - A5838-69101 - 4-Ports 2 x Ultra2 SCSI 2 x RJ-45 10Base-T/100Base-TX LAN (LVD/SE) Host Bus Adapter Card,HP - A5838-69101 - 4-Ports 2 x Ultra2 SCSI 2 x RJ-45 10Base-T/100Base-TX LAN (LVD/SE) Host Bus Adapter Card Product Condition: Refurbished General Information Product Type Gigabit Ethernet Card Technical Information Host Interface PCI Express x4 Card Height Low-profile Technology Standard 100Base-TX Interfaces/Ports Quantity of Total Networks Ports 2 Type of Expansion Slots SFP+ Media Standard Optical Fiber Physical Characteristics Form Factor Plug-in Card Height 3 Inches Width 9 Inches Depth 6.5 Inches Length 12 Inches Miscellaneous Assembly Required Yes Eco Friendly Yes,https://www.vertexnetworking.co.uk/storage/product_images/677915175308d_A5838-69101.webp,$72.69,A5838-69101,https://www.vertexnetworking.co.uk/product/a5838-69101-hp-network-adapter.html
Vertex Networking,Sun QLE2460-SUN 1 x Port 4Gb/s Fibre Channel PCI-Express Host Bus Adapter,Sun QLE2460-SUN 1 x Port 4Gb/s Fibre Channel PCI-Express Host Bus Adapter Product Condition: Refurbished,https://www.vertexnetworking.co.uk/storage/product_images/6779151828a7d_hostbusadapter.webp,$72.00,QLE2460-SUN,https://www.vertexnetworking.co.uk/product/sun-qle2460-sun-4gbps-1-port-fibre-channel-pci-express-host-bus-adapter-with-low-profile-bracket.html
Vertex Networking,LSI21320RB - LSI Logic LSI21320-R Dual-Channel Ultra320 SCSI RAID Host Bus Adapter - 320MBps Per Channel - 2 x 68-pin HD Ultra320 SCSI - SCSI Internal 1,LSI21320RB - LSI Logic LSI21320-R Dual-Channel Ultra320 SCSI RAID Host Bus Adapter - 320MBps Per Channel - 2 x 68-pin HD Ultra320 SCSI - SCSI Internal 1 Product Condition: Refurbished General Information Model LSI21320RB Product Type Host Bus Adapter Technical Information Technology Standard Ultra320 SCSI Interfaces/Ports Quantity of Fixed Ports/Expansion Slots 2 Miscellaneous Compliance Standards WEEE Assembly Required Yes Eco Friendly Yes,https://www.vertexnetworking.co.uk/storage/product_images/6779151838a71_Hot-Bus-Adapter-Gen.webp,Get a Quote for price,LSI21320RB,https://www.vertexnetworking.co.uk/product/lsi-logic-lsi21320-r-dual-channel-ultra320-scsi-raid-host-bus-adapter-320mbps-per-channel-2-x-68-pin-hd-ultra320-scsi-scsi-internal-1.html
